urn,fz3,fz2
100000,False,False
100005,False,False
100006,False,False
100007,False,False
100008,False,False
100009,False,False
100010,False,False
100011,False,False
100013,False,False
100014,False,False
100015,False,False
100018,False,False
100019,False,False
100020,False,False
100021,False,False
100022,False,False
100023,False,False
100025,False,False
100026,False,False
100027,False,False
100028,False,False
100029,False,False
100030,False,False
100031,False,False
100032,False,False
100033,False,False
100034,False,False
100035,False,False
100036,False,False
100040,False,False
100041,False,False
100042,False,False
100043,False,False
100045,False,False
100046,False,False
100047,False,False
100048,False,False
100049,False,False
100050,False,False
100051,False,False
100052,False,False
100053,False,False
100054,False,False
100055,False,False
100056,False,False
100059,False,False
100060,False,False
100091,False,False
100092,False,False
100094,False,False
100096,False,False
100097,False,True
100098,False,False
100099,False,False
100102,True,False
100103,False,False
100114,False,False
100115,False,False
100120,False,False
100125,False,False
100126,False,False
100127,False,False
100129,False,False
100131,False,False
100134,False,False
100137,True,False
100140,False,False
100141,False,False
100142,False,False
100146,False,False
100149,False,False
100152,True,False
100155,False,False
100158,True,False
100159,True,False
100162,False,False
100163,False,False
100164,False,False
100165,True,False
100166,False,False
100167,False,False
100168,False,False
100169,True,False
100170,False,False
100171,False,False
100173,False,False
100174,True,False
100175,False,False
100176,False,False
100177,True,False
100180,True,False
100181,True,False
100182,False,False
100183,False,False
100190,False,False
100193,False,False
100204,False,False
100212,False,False
100213,False,False
100218,False,False
100223,False,False
100225,True,False
100229,False,False
100230,False,False
100231,False,False
100232,False,False
100234,False,False
100235,False,False
100239,False,False
100240,False,False
100241,False,False
100242,False,False
100243,False,False
100244,False,False
100245,False,False
100248,False,False
100250,False,False
100251,False,False
100252,False,False
100253,False,False
100254,False,False
100256,False,False
100257,False,False
100258,False,False
100259,False,False
100260,False,False
100261,False,True
100263,False,False
100264,False,False
100266,False,False
100267,False,False
100269,False,False
100270,False,False
100271,False,False
100274,False,False
100275,False,False
100279,False,False
100282,False,False
100284,False,False
100307,False,False
100311,False,False
100312,False,False
100315,False,False
100316,True,False
100317,True,False
100318,True,False
100321,True,False
100322,True,False
100324,True,False
100326,False,True
100328,True,False
100331,False,False
100334,True,False
100335,False,False
100338,False,True
100340,True,False
100341,False,False
100344,True,False
100345,True,False
100346,True,False
100349,True,False
100350,True,False
100351,True,False
100352,True,False
100353,False,False
100354,True,False
100357,False,True
100379,False,False
100381,False,False
100382,False,False
100384,False,False
100385,False,False
100386,False,False
100388,False,False
100391,False,False
100397,False,False
100402,False,False
100403,False,False
100405,False,False
100406,False,False
100407,False,False
100408,False,False
100411,False,False
100415,False,False
100418,False,False
100422,False,False
100425,False,False
100426,False,False
100428,False,False
100429,False,False
100430,False,False
100431,False,False
100432,False,False
100434,False,False
100437,False,False
100438,False,False
100439,False,False
100440,False,False
100441,False,False
100442,False,False
100443,False,False
100444,False,False
100446,False,False
100447,False,False
100448,False,False
100449,False,False
100450,False,False
100453,False,False
100455,False,False
100457,False,False
100458,False,False
100459,False,False
100467,False,False
100469,False,False
100472,False,False
100473,False,False
100474,False,False
100477,False,False
100478,False,False
100479,False,False
100480,False,False
100481,False,False
100482,False,False
100483,False,False
100485,False,False
100486,False,False
100487,False,False
100488,False,False
100489,True,False
100490,False,False
100491,False,False
100492,False,False
100493,False,False
100494,False,False
100495,False,False
100497,False,False
100498,False,False
100499,False,False
100500,False,False
100503,False,False
100505,False,False
100549,False,False
100550,False,False
100551,False,False
100552,True,False
100553,False,False
100554,False,False
100556,True,False
100560,False,False
100564,False,True
100566,True,False
100567,False,False
100572,False,False
100574,False,False
100576,False,False
100577,False,False
100578,False,False
100582,False,False
100584,False,False
100585,False,False
100586,False,False
100588,True,False
100589,True,False
100590,False,True
100591,True,False
100593,False,False
100595,False,False
100597,False,False
100598,False,False
100601,False,False
100602,False,False
100604,False,False
100609,True,False
100610,False,False
100612,False,False
100613,False,False
100614,True,False
100615,False,False
100616,False,False
100619,True,False
100620,False,False
100621,True,False
100622,False,False
100623,False,False
100624,False,False
100625,True,False
100627,False,False
100628,False,False
100629,True,False
100631,False,False
100632,False,False
100633,False,False
100634,False,False
100636,False,False
100637,False,False
100638,False,False
100643,False,False
100654,False,False
100659,False,False
100667,True,False
100668,False,False
100671,False,False
100672,False,False
100673,False,False
100674,False,False
100676,False,False
100677,False,False
100678,True,False
100679,False,False
100680,False,False
100681,False,False
100683,False,False
100684,False,False
100685,True,False
100686,False,False
100687,False,False
100688,False,True
100689,False,False
100690,False,False
100691,False,False
100692,False,False
100693,False,True
100695,False,False
100696,False,False
100699,False,False
100700,False,False
100701,False,False
100703,False,False
100704,False,False
100705,False,False
100708,False,False
100709,False,False
100710,False,False
100711,False,False
100712,True,False
100713,False,False
100714,False,False
100715,False,False
100716,False,False
100717,False,False
100718,False,False
100719,False,False
100722,False,False
100723,False,False
100724,False,False
100725,False,False
100726,False,False
100728,False,False
100729,False,False
100730,False,False
100733,False,False
100737,False,False
100739,False,False
100740,False,False
100741,False,False
100745,False,False
100748,False,False
100749,False,True
100760,False,False
100763,False,False
100765,False,False
100766,False,False
100767,True,False
100769,False,False
100770,False,False
100771,True,False
100774,True,False
100775,False,False
100780,True,False
100784,True,False
100785,False,False
100790,False,False
100791,True,False
100793,False,False
100794,False,False
100795,True,False
100796,False,False
100798,True,False
100800,False,True
100801,False,False
100803,True,False
100808,True,False
100809,False,True
100811,True,False
100812,True,False
100813,True,False
100815,True,False
100816,True,False
100817,True,False
100818,True,False
100819,False,False
100821,False,False
100822,True,False
100823,False,False
100824,True,False
100825,False,False
100826,False,True
100827,True,False
100829,True,False
100830,False,False
100834,True,False
100835,True,False
100836,False,False
100837,True,False
100839,True,False
100840,True,False
100841,False,False
100849,True,False
100853,False,True
100854,False,True
100855,True,False
100857,False,False
100872,False,True
100875,True,False
100876,False,False
100878,False,False
100879,True,False
100880,True,False
100881,False,False
100882,False,False
100884,False,False
100886,False,False
100887,False,False
100889,False,False
100890,False,False
100891,False,False
100892,False,False
100894,False,False
100895,False,False
100896,False,False
100898,True,False
100902,False,False
100903,False,False
100904,True,False
100906,False,False
100907,False,False
100908,False,False
100911,False,False
100912,False,False
100913,True,False
100914,False,False
100915,False,False
100916,False,False
100917,False,False
100920,False,False
100923,False,False
100927,False,False
100928,True,False
100930,False,False
100931,True,False
100934,False,False
100937,False,False
100938,False,False
100939,False,False
100940,False,False
100943,False,False
100944,False,False
100946,False,False
100949,False,False
100951,True,False
100953,False,False
100954,True,False
100958,False,False
100959,False,False
100960,True,False
100961,False,True
100962,False,False
100965,False,False
100966,False,False
100967,False,False
100972,False,False
100973,False,False
100974,True,False
100975,False,False
100977,False,False
100986,False,False
100987,False,False
100989,False,False
100990,False,False
100991,False,False
100992,True,False
100994,False,False
100995,False,False
100996,False,False
100997,False,False
101001,False,False
101005,False,False
101006,True,False
101009,False,False
101011,False,False
101012,False,False
101013,False,False
101014,True,False
101016,False,False
101018,False,False
101019,False,False
101020,True,False
101021,False,False
101022,False,False
101024,False,False
101026,False,False
101027,False,False
101028,False,False
101029,False,False
101031,False,False
101032,False,False
101034,False,False
101036,False,False
101037,False,False
101038,False,False
101041,False,False
101042,False,False
101043,False,False
101044,True,False
101045,False,False
101046,False,False
101047,False,False
101048,True,False
101049,False,False
101050,False,False
101051,False,False
101052,False,False
101057,False,False
101094,False,False
101095,False,False
101099,False,False
101102,False,False
101103,False,False
101104,True,False
101105,False,False
101106,False,False
101107,False,False
101110,False,False
101111,False,False
101115,False,False
101116,False,False
101117,False,False
101120,False,False
101121,False,False
101122,True,False
101123,False,False
101124,False,False
101125,False,False
101126,False,False
101127,False,False
101128,False,False
101129,True,False
101130,False,False
101131,False,False
101132,False,False
101134,False,False
101135,False,False
101136,False,False
101137,False,False
101138,True,False
101139,False,False
101140,False,False
101141,False,False
101143,False,False
101144,True,False
101147,False,False
101154,False,False
101182,False,False
101184,False,False
101188,False,False
101192,False,False
101193,False,False
101196,False,False
101198,False,False
101202,True,False
101203,False,False
101206,False,False
101211,False,False
101212,False,False
101216,False,False
101219,False,False
101220,False,False
101222,False,False
101223,False,False
101224,False,False
101226,False,False
101227,False,False
101228,False,False
101229,False,False
101230,False,False
101231,False,False
101232,False,False
101234,False,False
101237,False,True
101241,False,False
101243,False,False
101244,False,False
101245,False,False
101247,False,False
101251,False,False
101252,False,False
101253,False,False
101254,False,False
101255,False,False
101258,False,False
101262,False,False
101263,False,False
101264,False,False
101266,False,False
101269,False,False
101270,False,False
101271,False,False
101272,False,False
101274,False,False
101277,False,False
101278,False,False
101279,False,False
101280,False,False
101281,False,False
101282,False,False
101283,False,False
101285,False,False
101286,False,False
101289,False,False
101290,False,False
101293,False,False
101294,False,False
101295,False,False
101296,False,False
101298,False,False
101299,False,False
101301,False,False
101304,False,False
101309,False,False
101311,False,False
101312,False,False
101313,False,False
101314,False,False
101315,False,False
101316,False,False
101317,False,False
101318,False,False
101319,False,False
101321,False,False
101323,False,False
101324,False,False
101325,False,False
101326,False,False
101327,False,False
101328,False,False
101329,False,False
101330,False,False
101331,False,False
101332,False,False
101333,False,False
101334,False,False
101335,False,False
101337,False,False
101338,False,False
101339,False,False
101340,False,True
101341,False,False
101342,False,False
101345,False,False
101361,False,False
101362,False,False
101364,False,False
101376,False,False
101395,False,False
101396,False,False
101397,False,False
101402,False,False
101403,False,False
101413,False,False
101426,False,False
101429,False,False
101434,False,False
101437,True,False
101451,False,False
101455,False,False
101456,False,False
101457,False,False
101458,False,False
101460,True,False
101487,False,False
101489,False,False
101490,False,False
101491,False,False
101492,False,False
101493,False,False
101494,False,False
101495,False,False
101496,False,False
101498,False,False
101499,False,False
101500,False,False
101501,False,False
101502,False,True
101503,False,False
101504,False,False
101506,False,False
101507,False,False
101508,False,False
101509,False,False
101510,False,False
101511,False,False
101512,False,False
101515,False,False
101518,False,False
101519,False,False
101520,False,False
101521,False,False
101522,False,False
101524,False,False
101526,False,False
101527,False,False
101528,False,False
101530,False,False
101531,False,False
101533,False,False
101534,False,False
101535,False,False
101537,False,False
101539,False,False
101542,False,False
101543,False,False
101544,False,False
101545,False,False
101546,False,False
101549,False,False
101554,False,False
101555,False,False
101556,False,False
101564,False,False
101574,False,False
101581,False,False
101635,False,False
101641,False,False
101676,False,False
101702,False,False
101704,False,False
101705,False,False
101712,False,False
101720,False,False
101721,False,False
101725,False,False
101733,False,False
101745,False,False
101746,False,False
101756,False,False
101758,False,False
101759,False,False
101760,False,False
101773,False,False
101776,False,False
101778,False,False
101779,False,False
101781,False,False
101783,False,False
101785,False,False
101787,False,False
101788,False,False
101792,False,False
101793,False,False
101795,False,False
101797,False,False
101803,False,False
101811,False,False
101814,False,False
101815,False,False
101821,False,False
101849,False,False
101851,True,False
101852,False,False
101854,False,False
101855,False,False
101856,False,False
101858,False,False
101860,False,False
101861,False,False
101862,False,False
101867,False,False
101868,False,False
101869,True,False
101870,False,False
101873,False,False
101874,False,False
101875,False,False
101876,False,False
101877,False,True
101878,False,False
101879,False,False
101880,False,False
101881,False,False
101884,False,False
101885,False,False
101886,False,False
101887,False,False
101888,False,False
101889,False,False
101890,True,False
101891,False,False
101892,False,False
101893,False,False
101894,False,False
101895,False,False
101896,False,False
101897,False,False
101898,False,False
101899,False,False
101900,False,False
101901,False,False
101902,False,False
101903,False,False
101904,False,False
101905,False,False
101906,False,False
101907,False,False
101908,False,False
101909,False,False
101910,False,False
101911,False,False
101912,False,False
101913,False,False
101916,False,False
101919,False,False
101920,False,False
101921,False,False
101922,False,False
101923,False,False
101924,False,False
101925,False,False
101926,False,False
101927,False,False
101928,False,False
101934,False,False
101939,False,False
101940,False,False
101941,False,False
101943,False,False
101965,False,False
101966,False,False
101968,False,False
101969,False,False
101970,False,False
101971,False,False
101972,False,False
101981,False,False
101983,False,False
101984,False,False
101989,False,False
101992,False,False
101993,False,False
101994,False,False
101996,False,False
101997,False,False
101998,False,False
102002,False,True
102003,False,False
102004,False,False
102005,False,False
102006,False,False
102014,False,False
102024,False,False
102026,False,False
102027,False,False
102028,False,False
102029,False,False
102030,False,False
102031,False,False
102032,False,False
102033,False,False
102034,False,False
102035,False,False
102036,False,False
102037,False,False
102038,False,False
102039,False,False
102040,False,False
102041,False,False
102045,False,False
102048,False,False
102049,False,False
102052,False,False
102053,False,False
102054,False,False
102055,False,False
102056,False,True
102058,False,False
102066,False,False
102067,False,False
102069,False,False
102070,False,False
102071,False,False
102072,False,False
102073,False,False
102078,False,False
102079,False,False
102080,False,False
102081,False,False
102084,False,False
102085,False,False
102087,False,False
102091,False,False
102092,False,False
102094,False,False
102097,False,False
102098,False,False
102106,False,False
102107,False,False
102110,False,False
102111,False,False
102115,False,False
102120,False,False
102121,False,False
102124,False,False
102125,False,False
102127,False,True
102128,False,False
102129,False,False
102130,False,False
102131,False,False
102132,False,False
102135,False,False
102136,False,False
102139,False,False
102142,False,False
102143,False,False
102144,False,False
102145,False,False
102146,False,False
102147,False,False
102148,False,False
102149,False,False
102150,False,False
102151,False,False
102152,False,False
102153,False,False
102154,False,False
102156,False,False
102157,False,False
102175,False,False
102176,False,False
102177,False,False
102178,False,False
102180,False,False
102181,False,False
102185,False,False
102186,False,False
102187,False,False
102188,False,False
102189,False,False
102193,False,False
102199,False,False
102202,False,False
102204,False,False
102207,False,False
102209,False,False
102211,False,False
102212,False,False
102213,False,False
102214,True,False
102215,False,False
102216,False,False
102222,False,False
102223,False,False
102224,False,False
102230,False,False
102231,False,False
102239,False,False
102260,False,False
102268,False,False
102269,False,False
102272,False,False
102276,False,False
102278,False,False
102280,False,False
102283,False,False
102285,False,False
102291,False,False
102294,False,False
102295,False,False
102299,False,False
102303,False,False
102304,False,False
102308,False,False
102309,False,False
102312,False,False
102313,False,False
102314,False,False
102316,False,False
102317,False,False
102319,True,False
102321,False,False
102322,False,False
102324,False,False
102325,False,False
102328,False,False
102329,False,False
102330,False,False
102331,False,False
102332,False,False
102334,False,False
102335,False,False
102336,False,False
102362,False,False
102365,False,False
102368,False,False
102369,False,False
102373,False,False
102375,True,False
102377,False,False
102379,False,False
102380,False,False
102381,False,False
102382,False,False
102383,False,False
102384,False,False
102385,False,False
102388,False,False
102391,False,False
102392,False,False
102393,False,False
102394,False,False
102399,False,False
102400,False,False
102403,False,False
102404,False,False
102407,False,False
102408,False,False
102409,False,False
102411,False,False
102413,True,False
102414,False,False
102416,False,False
102417,False,False
102418,False,False
102420,False,False
102421,False,False
102422,False,False
102423,False,False
102424,False,False
102425,False,False
102426,False,False
102430,False,False
102432,False,False
102433,False,False
102434,False,False
102435,False,False
102438,False,False
102439,False,False
102449,False,False
102451,False,False
102462,False,False
102464,False,False
102465,False,False
102470,True,False
102471,False,False
102472,True,False
102484,False,False
102485,True,False
102486,False,False
102491,False,False
102492,False,False
102493,False,False
102494,False,False
102496,False,False
102500,False,False
102503,True,False
102504,True,False
102505,False,False
102506,False,False
102512,False,False
102514,False,False
102515,False,False
102519,False,False
102520,False,False
102523,False,False
102524,False,False
102526,False,False
102527,False,False
102528,False,False
102529,False,True
102531,False,False
102539,False,False
102545,False,False
102554,False,False
102555,False,False
102556,False,False
102558,False,False
102560,False,False
102562,False,False
102564,False,False
102565,False,False
102567,False,False
102568,False,False
102574,False,False
102575,False,False
102576,False,False
102577,False,False
102578,False,False
102579,True,False
102580,False,False
102581,False,False
102582,False,False
102583,False,False
102585,False,False
102586,False,False
102587,False,False
102588,False,False
102589,False,True
102590,False,False
102591,False,False
102592,False,False
102593,False,False
102594,False,False
102604,False,False
102626,False,False
102628,False,False
102629,False,False
102632,False,True
102633,False,False
102634,False,False
102635,False,False
102636,False,False
102638,False,True
102639,False,False
102640,False,False
102642,False,False
102643,False,False
102644,False,False
102645,False,False
102646,False,False
102647,False,False
102648,False,False
102649,False,False
102652,False,False
102653,False,False
102654,False,True
102655,False,False
102656,False,False
102661,False,False
102662,False,False
102663,False,False
102664,False,False
102665,False,False
102666,False,False
102667,False,False
102668,False,True
102669,False,False
102670,False,False
102672,False,False
102673,False,False
102674,True,False
102679,False,False
102681,False,False
102697,False,False
102698,False,False
102699,False,False
102700,False,False
102701,False,False
102702,False,False
102703,False,False
102704,False,False
102705,False,False
102706,True,False
102708,False,False
102709,False,False
102710,False,False
102711,False,False
102712,True,False
102716,False,False
102721,False,False
102722,False,False
102723,True,False
102725,True,False
102728,False,False
102729,True,False
102730,False,False
102735,False,False
102736,False,False
102740,False,False
102742,False,False
102745,False,False
102746,True,False
102748,False,False
102751,True,False
102752,False,False
102755,False,False
102758,False,True
102759,True,False
102763,False,False
102764,False,False
102765,False,False
102766,True,False
102776,False,False
102782,False,False
102786,False,False
102787,False,False
102794,False,False
102795,False,False
102798,False,False
102802,False,False
102805,False,False
102806,False,False
102807,False,False
102808,False,False
102811,False,False
102812,False,False
102819,False,False
102820,False,False
102823,False,False
102830,False,False
102831,False,False
102832,False,False
102833,False,False
102834,False,False
102835,False,False
102836,False,False
102837,False,False
102838,False,False
102839,False,False
102840,False,False
102841,False,False
102842,False,False
102844,False,False
102845,False,False
102847,False,False
102849,False,False
102850,False,False
102851,False,False
102852,False,False
102854,False,False
102856,False,False
102857,False,False
102858,False,False
102860,False,False
102861,False,False
102878,False,False
102879,False,False
102881,False,False
102882,False,False
102883,False,False
102884,False,False
102885,False,False
102886,False,False
102887,False,False
102888,False,False
102889,False,False
102890,False,False
102891,False,False
102892,True,False
102893,False,True
102895,False,False
102896,False,True
102897,False,False
102898,False,False
102900,False,False
102901,False,False
102902,False,True
102903,False,False
102904,False,False
102905,False,True
102906,False,False
102907,False,True
102908,False,False
102909,True,False
102911,False,False
102912,False,False
102913,False,False
102914,False,False
102915,False,False
102916,False,False
102917,False,False
102918,False,False
102920,False,False
102921,True,False
102929,False,False
102955,False,True
102956,False,False
102969,False,False
102971,False,False
102975,False,False
102981,False,False
102982,False,False
102983,False,False
102984,False,False
102985,False,False
102986,False,False
102990,False,False
102991,False,False
102992,False,False
102993,False,False
102994,False,False
102995,False,False
103005,False,False
103009,False,False
103013,False,False
103025,False,False
103027,False,False
103028,False,False
103030,False,False
103032,False,False
103036,False,False
103044,False,False
103048,False,False
103052,False,False
103053,False,False
103054,False,False
103059,False,False
103060,False,False
103061,False,False
103069,False,False
103070,False,False
103072,False,False
103073,False,False
103074,False,False
103075,False,False
103077,False,False
103078,False,False
103079,False,False
103080,False,False
103081,False,False
103082,False,False
103084,False,False
103085,False,False
103086,False,False
103088,False,False
103090,True,False
103094,False,False
103097,False,False
103100,False,False
103101,False,False
103103,False,False
103105,False,False
103106,False,False
103119,False,False
103120,False,False
103121,False,False
103122,False,False
103123,False,False
103124,False,False
103125,False,False
103126,False,False
103127,False,False
103128,False,False
103129,True,False
103130,False,False
103131,False,False
103132,False,False
103133,False,False
103134,False,False
103135,False,False
103136,False,False
103137,False,False
103138,False,False
103139,False,False
103140,False,False
103141,False,False
103142,False,False
103144,True,False
103145,False,False
103146,False,False
103150,False,False
103157,False,False
103159,False,False
103162,False,False
103163,False,False
103164,False,False
103172,False,False
103178,False,False
103188,False,False
103189,False,False
103190,False,False
103192,False,False
103193,False,False
103200,False,False
103201,False,False
103205,False,False
103208,False,False
103209,False,False
103210,False,False
103214,False,False
103217,False,False
103221,False,False
103227,False,False
103228,False,False
103229,False,False
103233,False,False
103237,False,False
103241,False,False
103243,False,False
103246,False,False
103247,False,False
103248,False,False
103249,False,False
103252,False,False
103255,False,False
103256,False,False
103257,False,False
103261,False,False
103262,False,False
103263,False,False
103265,False,False
103266,False,False
103268,False,False
103279,False,False
103281,False,False
103284,False,False
103289,False,False
103291,False,False
103295,False,False
103298,False,False
103300,False,False
103310,False,False
103315,False,False
103317,False,False
103318,False,False
103320,False,False
103324,False,False
103326,False,False
103328,False,False
103332,False,False
103334,False,False
103337,False,False
103339,False,False
103341,False,False
103342,False,False
103345,False,False
103349,False,False
103351,False,False
103353,False,False
103356,False,False
103368,False,False
103372,False,False
103381,False,False
103383,False,False
103384,False,False
103388,False,False
103390,False,False
103391,False,False
103392,False,False
103395,False,False
103397,False,False
103398,False,False
103401,False,False
103404,False,False
103406,False,False
103410,False,False
103416,False,False
103417,False,False
103421,False,False
103423,False,False
103424,False,False
103425,False,False
103427,False,False
103430,False,False
103431,False,False
103433,False,False
103434,False,False
103437,False,False
103438,False,False
103439,False,False
103443,False,False
103444,False,False
103445,False,False
103447,False,False
103453,False,False
103455,False,False
103456,False,False
103458,False,False
103459,False,False
103460,False,False
103462,False,False
103463,False,False
103465,False,False
103466,False,False
103467,False,False
103470,False,True
103476,False,False
103478,False,False
103479,False,False
103483,False,False
103486,False,False
103493,False,False
103497,False,False
103498,False,False
103501,False,False
103503,False,False
103509,False,False
103519,False,False
103531,False,False
103534,False,False
103539,False,False
103543,False,False
103544,False,False
103560,False,False
103563,False,False
103598,False,False
103600,False,False
103601,False,False
103603,False,False
103605,False,False
103606,False,False
103611,False,False
103613,False,False
103614,False,False
103615,False,False
103622,False,False
103623,False,False
103625,False,False
103626,False,False
103627,False,False
103628,False,False
103630,False,False
103632,False,False
103633,False,False
103639,False,False
103641,False,False
103642,False,False
103643,False,False
103648,False,False
103652,False,False
103655,False,False
103656,False,False
103658,False,False
103662,False,False
103663,False,False
103664,False,False
103665,False,False
103666,False,False
103667,False,False
103671,False,False
103672,False,False
103673,False,False
103674,False,False
103676,False,False
103679,False,False
103680,False,False
103681,False,False
103682,False,False
103684,False,False
103685,False,False
103686,False,False
103690,False,False
103691,False,False
103692,False,False
103696,False,False
103697,False,False
103698,False,False
103702,False,False
103703,False,False
103711,False,False
103712,False,False
103719,False,False
103724,False,False
103726,False,False
103760,False,False
103763,False,False
103766,False,False
103776,False,False
103777,False,False
103778,False,False
103779,False,False
103780,False,False
103781,False,False
103784,False,False
103790,False,False
103791,False,False
103792,False,False
103799,False,False
103800,False,False
103801,False,False
103805,False,False
103806,False,False
103807,False,False
103810,False,False
103813,False,False
103814,False,False
103818,False,False
103819,False,False
103821,False,False
103823,False,False
103827,False,False
103828,False,False
103829,False,False
103830,False,False
103832,False,False
103834,False,False
103836,False,False
103839,False,False
103840,False,False
103846,False,False
103847,False,False
103850,False,False
103851,False,False
103854,False,False
103855,False,False
103869,False,False
103870,False,False
103877,False,False
103880,False,False
103881,False,False
103882,False,False
103883,False,False
103887,False,False
103895,False,False
103905,False,False
103906,False,False
103908,False,False
103909,False,False
103910,False,False
103913,False,False
103914,False,False
103915,False,False
103919,False,False
103922,False,False
103923,False,False
103925,False,False
103929,False,False
103930,False,False
103932,False,False
103933,False,False
103934,False,False
103936,False,False
103937,False,False
103941,False,False
103945,False,False
103946,False,False
103950,False,False
103952,False,False
103953,False,False
103954,False,False
103957,False,False
103960,False,False
103968,False,False
103969,False,False
103970,False,False
103972,False,False
103974,False,False
103976,False,False
103977,False,False
103978,False,False
103979,False,False
103981,False,False
103982,False,False
103983,False,True
103984,False,False
103986,False,False
103987,False,False
103989,False,False
103990,False,False
103995,False,False
103996,False,False
103997,False,False
104000,False,False
104018,False,False
104019,False,False
104038,False,False
104039,False,False
104040,False,False
104042,False,False
104049,False,False
104050,False,False
104053,False,False
104054,False,False
104057,False,False
104060,False,False
104065,False,False
104074,False,False
104076,False,False
104079,False,False
104084,False,False
104087,False,False
104090,False,False
104092,False,False
104093,False,False
104094,False,False
104097,False,False
104105,False,False
104130,False,False
104131,False,False
104132,False,False
104133,False,False
104134,False,False
104135,False,False
104136,False,False
104137,False,False
104138,False,False
104139,False,False
104140,False,False
104141,False,False
104142,False,False
104143,False,False
104144,False,False
104145,False,False
104147,False,False
104153,False,False
104157,False,False
104160,False,False
104162,False,False
104168,False,False
104169,False,False
104175,False,False
104176,False,False
104178,False,False
104179,False,False
104187,False,False
104188,False,False
104189,False,False
104191,False,False
104198,False,False
104202,False,False
104203,False,False
104204,False,False
104207,False,False
104210,False,False
104212,False,False
104214,False,False
104217,False,False
104222,False,False
104223,False,False
104224,False,False
104225,False,False
104226,False,False
104227,False,False
104228,False,False
104230,False,False
104231,False,False
104232,False,False
104233,False,False
104234,False,False
104235,False,False
104236,False,False
104239,False,False
104240,False,False
104241,False,False
104255,False,False
104259,False,False
104269,False,False
104271,False,False
104274,False,False
104278,False,False
104279,False,False
104280,False,False
104281,False,False
104283,False,False
104285,False,False
104290,False,False
104294,False,False
104297,False,False
104302,False,False
104304,False,False
104310,False,False
104311,False,False
104312,False,False
104315,False,False
104317,False,False
104320,False,False
104322,False,False
104323,False,False
104325,False,False
104327,False,False
104332,False,False
104334,False,False
104342,False,False
104345,False,False
104350,False,False
104362,False,False
104366,False,False
104372,False,False
104378,False,False
104382,False,False
104387,False,False
104395,False,False
104412,False,False
104415,False,False
104418,False,False
104420,False,False
104423,False,False
104427,False,False
104429,False,False
104431,False,False
104432,False,False
104444,False,False
104446,False,False
104447,False,False
104448,False,False
104453,False,False
104454,False,False
104459,False,False
104460,False,False
104461,False,False
104463,False,False
104464,False,False
104466,False,False
104467,False,False
104468,False,False
104469,False,False
104470,False,False
104472,False,False
104474,False,False
104475,False,False
104476,False,False
104477,False,False
104479,False,False
104480,False,False
104481,False,False
104482,False,False
104495,False,False
104498,False,False
104500,False,False
104503,False,False
104504,False,False
104505,False,False
104506,False,False
104507,False,False
104516,False,False
104517,False,False
104519,False,False
104521,False,False
104522,False,False
104530,False,False
104545,False,False
104549,False,False
104554,False,False
104555,False,False
104557,False,False
104564,False,False
104569,False,False
104570,False,False
104571,False,False
104589,False,False
104591,False,False
104593,False,False
104600,False,False
104610,False,False
104611,False,False
104616,False,False
104622,False,False
104624,False,False
104625,False,False
104629,False,False
104632,False,False
104633,False,False
104634,False,False
104635,False,False
104636,False,False
104638,False,False
104640,False,False
104641,False,False
104642,False,False
104643,False,False
104648,False,False
104649,False,False
104650,False,False
104651,False,False
104652,False,False
104656,False,False
104660,False,False
104661,False,False
104664,False,False
104667,False,False
104670,False,False
104673,False,False
104676,False,False
104678,False,False
104679,False,False
104681,False,False
104682,False,False
104688,False,False
104698,False,False
104703,False,False
104705,False,False
104712,False,False
104713,False,False
104714,False,False
104715,False,False
104717,False,False
104721,False,False
104734,False,False
104735,False,False
104736,False,False
104739,False,False
104742,False,False
104748,False,False
104749,False,False
104750,False,False
104751,False,False
104757,False,False
104758,False,False
104761,False,False
104762,False,False
104763,False,False
104764,False,False
104769,False,False
104770,False,False
104771,False,False
104773,False,False
104774,False,False
104775,False,False
104776,False,False
104777,False,False
104778,False,False
104781,False,False
104782,False,False
104783,False,False
104784,False,False
104787,False,False
104788,False,False
104791,False,False
104797,False,False
104798,False,False
104801,False,False
104802,False,False
104804,False,False
104805,False,False
104806,False,False
104807,False,False
104809,False,False
104810,False,False
104812,False,False
104813,False,False
104814,False,False
104815,False,False
104818,False,False
104819,False,False
104823,False,False
104829,False,False
104835,False,True
104843,False,False
104845,True,False
104847,False,False
104848,False,False
104850,False,False
104853,False,False
104856,False,False
104860,False,False
104862,False,False
104863,False,False
104865,False,False
104866,True,False
104868,False,False
104869,False,False
104878,False,False
104879,False,False
104881,False,False
104882,False,False
104883,False,False
104884,False,False
104885,False,False
104886,False,False
104887,True,False
104889,False,False
104891,False,False
104893,False,False
104894,False,False
104897,False,False
104898,False,False
104900,False,False
104902,False,False
104905,False,False
104906,False,False
104915,False,False
104918,False,True
104920,False,False
104921,False,False
104922,False,False
104925,False,False
104926,False,False
104929,False,False
104930,False,False
104931,False,False
104932,False,False
104934,False,False
104935,False,False
104936,False,False
104937,False,False
104938,False,False
104939,False,False
104940,False,False
104941,False,False
104942,False,False
104960,False,True
104962,False,False
104964,False,False
104977,True,False
104979,False,False
104980,False,False
104982,False,False
104984,False,False
104985,True,False
104986,False,False
104988,False,False
104990,False,False
104991,False,False
104992,False,False
104993,False,False
104994,False,False
104995,False,False
104996,False,False
104997,False,False
104999,False,False
105000,False,False
105001,False,False
105002,True,False
105004,False,False
105005,False,False
105009,False,False
105011,False,False
105015,False,False
105018,False,False
105020,False,False
105021,False,False
105022,False,False
105023,False,False
105027,False,False
105030,False,False
105039,False,False
105042,False,False
105043,False,False
105048,True,False
105055,True,False
105062,False,False
105063,False,False
105064,False,False
105068,False,False
105069,False,False
105070,False,False
105073,False,False
105074,False,False
105077,False,False
105079,False,False
105080,False,False
105081,False,False
105082,False,False
105084,False,False
105085,False,False
105086,False,False
105087,False,False
105088,False,False
105090,False,False
105091,False,False
105097,False,False
105101,False,False
105103,False,False
105128,False,False
105129,True,False
105130,False,False
105131,False,False
105132,False,False
105133,False,False
105134,False,False
105135,True,False
105137,False,False
105138,False,False
105139,False,False
105140,False,False
105144,False,False
105145,False,False
105148,False,False
105149,False,False
105150,False,False
105152,False,False
105153,False,False
105154,False,False
105155,False,False
105156,False,False
105157,False,False
105159,False,False
105160,False,False
105161,False,False
105162,False,False
105163,False,False
105168,False,False
105169,False,False
105171,False,False
105172,False,False
105173,False,False
105175,False,False
105176,False,False
105182,False,False
105186,False,False
105187,False,False
105189,False,False
105190,False,False
105191,False,False
105192,False,False
105195,False,False
105196,False,False
105198,False,True
105202,False,False
105203,False,False
105205,False,False
105209,False,False
105211,False,False
105214,False,False
105217,False,False
105218,False,False
105219,False,False
105220,False,False
105221,False,False
105223,False,False
105226,False,False
105230,False,False
105232,False,False
105233,False,False
105234,False,False
105236,False,False
105237,False,False
105238,False,False
105239,False,False
105240,False,False
105242,False,False
105243,False,False
105245,False,False
105246,False,False
105248,False,False
105249,False,False
105250,False,False
105252,False,False
105253,False,False
105262,False,False
105264,False,False
105276,False,False
105277,False,False
105280,False,False
105281,False,False
105283,False,False
105287,False,False
105291,False,False
105295,False,False
105299,False,False
105311,False,False
105313,False,False
105314,False,False
105321,False,True
105323,False,False
105324,False,False
105325,False,False
105326,False,False
105334,False,False
105335,False,False
105337,False,False
105338,False,False
105340,False,False
105342,False,False
105344,False,False
105345,False,False
105350,False,False
105351,False,False
105352,False,False
105354,False,False
105355,False,False
105358,False,False
105376,False,False
105377,False,False
105384,False,True
105385,False,False
105387,False,False
105389,False,False
105397,False,False
105401,False,False
105403,False,False
105404,False,False
105405,False,False
105408,False,False
105413,False,False
105422,False,False
105426,False,False
105427,False,False
105428,False,False
105432,False,False
105434,False,False
105443,False,False
105448,False,False
105449,False,False
105452,True,False
105459,False,False
105461,False,False
105465,False,False
105467,False,True
105469,False,False
105470,False,False
105471,False,False
105472,False,False
105480,False,False
105485,False,False
105486,False,False
105487,False,False
105488,False,False
105490,False,False
105491,False,False
105493,False,False
105495,False,False
105496,False,False
105498,False,False
105500,False,False
105501,False,False
105502,False,False
105503,False,False
105504,False,False
105505,False,False
105507,False,False
105508,False,False
105509,False,False
105514,False,False
105516,False,False
105520,False,False
105521,False,False
105523,False,False
105524,False,False
105530,False,False
105532,False,False
105534,False,False
105536,False,False
105537,False,False
105539,False,False
105540,False,False
105541,False,False
105543,False,False
105544,False,False
105545,False,False
105546,False,False
105547,False,False
105548,False,False
105550,False,False
105553,False,False
105554,False,False
105574,False,False
105576,False,False
105581,False,False
105602,False,False
105608,False,False
105613,False,False
105616,False,False
105627,False,False
105638,False,False
105645,False,False
105648,False,False
105649,False,False
105656,False,False
105658,False,False
105659,True,False
105663,False,False
105665,False,False
105666,False,True
105667,False,False
105668,False,False
105669,False,True
105670,False,False
105671,False,False
105679,False,False
105680,False,False
105686,False,False
105688,False,False
105691,False,False
105693,False,False
105695,False,False
105700,False,False
105702,False,False
105703,False,False
105705,False,False
105707,False,False
105708,False,False
105710,False,False
105711,False,False
105714,False,False
105715,False,False
105718,False,False
105719,False,False
105721,False,False
105723,False,False
105725,False,False
105757,False,False
105760,False,False
105764,False,False
105765,False,False
105766,False,False
105768,False,False
105770,False,False
105773,False,False
105777,False,False
105778,False,False
105780,False,False
105781,False,False
105783,False,False
105785,False,False
105786,False,False
105787,False,False
105789,False,False
105791,False,False
105792,False,False
105796,False,False
105798,False,False
105799,False,False
105800,False,False
105802,False,False
105803,False,False
105805,False,False
105808,False,False
105810,False,False
105811,False,False
105813,False,False
105814,False,False
105815,False,False
105817,False,False
105818,False,False
105820,False,False
105821,False,False
105822,False,False
105823,False,False
105825,False,False
105826,False,False
105829,False,False
105844,False,False
105846,False,False
105847,False,False
105849,False,False
105850,False,False
105861,False,False
105884,False,False
105886,True,False
105889,False,False
105894,False,False
105896,False,True
105902,False,False
105903,False,False
105904,False,False
105905,False,False
105906,False,False
105907,False,False
105910,False,False
105912,False,False
105913,False,False
105914,False,False
105922,False,False
105925,False,False
105928,False,False
105929,False,False
105932,False,False
105933,False,False
105934,False,False
105935,False,False
105936,False,False
105937,False,False
105938,False,False
105939,False,False
105940,False,False
105941,False,False
105942,False,False
105944,False,False
105945,False,False
105946,False,False
105948,False,False
105949,False,False
105950,False,False
105952,False,False
105953,False,False
105954,False,False
105955,False,False
105956,False,False
105957,False,False
105961,False,False
105962,False,True
105963,False,True
105964,False,False
105965,False,False
105966,False,False
105968,False,False
105970,False,False
105986,False,False
105989,False,False
106015,False,False
106016,False,False
106018,False,False
106021,False,False
106022,False,False
106023,False,False
106024,False,False
106027,False,False
106028,False,False
106032,False,False
106034,False,False
106036,False,False
106038,False,False
106045,False,False
106046,False,False
106048,False,False
106049,False,False
106050,False,False
106051,False,False
106052,False,False
106054,False,False
106055,False,False
106056,False,False
106057,False,False
106059,False,False
106062,False,False
106063,False,False
106065,False,False
106071,False,False
106072,False,False
106073,False,False
106074,False,False
106076,False,False
106079,False,False
106080,False,False
106081,False,False
106082,False,False
106083,False,False
106084,False,False
106089,False,False
106090,False,False
106091,False,False
106093,False,False
106094,False,False
106097,False,False
106098,False,False
106100,False,False
106102,False,False
106103,False,False
106105,False,False
106106,False,False
106108,False,False
106109,False,False
106111,False,False
106112,False,False
106113,False,False
106114,False,False
106115,False,False
106116,False,False
106117,False,False
106125,False,False
106126,False,False
106127,False,False
106128,False,False
106135,False,False
106139,False,False
106142,False,False
106143,False,False
106166,False,False
106167,False,False
106168,False,False
106172,False,False
106173,False,False
106188,False,False
106189,False,False
106190,False,False
106193,False,False
106201,False,False
106203,False,False
106206,False,False
106207,False,False
106210,False,False
106213,False,False
106222,False,False
106226,False,False
106227,False,False
106228,False,False
106229,False,False
106234,False,False
106235,False,False
106237,False,False
106239,False,False
106242,False,False
106244,False,False
106245,False,False
106246,False,False
106247,False,False
106249,False,False
106252,False,False
106254,False,False
106270,False,False
106271,False,False
106283,False,False
106284,False,False
106285,False,False
106288,False,False
106289,False,False
106290,False,False
106293,False,False
106294,False,False
106295,False,False
106298,False,False
106299,False,False
106300,False,False
106301,False,True
106303,False,False
106304,False,False
106308,False,False
106312,False,False
106313,False,False
106315,False,False
106316,False,False
106318,False,False
106321,False,False
106322,False,False
106323,False,False
106325,False,False
106327,False,False
106328,False,False
106329,False,False
106332,False,False
106334,False,False
106337,False,False
106338,False,False
106340,False,False
106341,False,False
106343,False,False
106344,False,False
106345,False,False
106347,False,False
106349,False,False
106350,False,False
106353,False,False
106355,False,False
106356,False,False
106359,False,False
106360,False,False
106365,False,False
106368,False,False
106370,False,False
106375,False,False
106376,False,False
106391,False,False
106394,False,False
106397,False,False
106398,False,False
106399,False,False
106402,False,False
106403,False,False
106404,False,False
106405,False,False
106407,False,False
106412,False,False
106415,False,False
106417,False,False
106418,False,False
106421,False,False
106422,False,False
106424,False,False
106425,False,False
106427,False,False
106428,False,False
106429,False,False
106430,False,False
106431,False,False
106433,False,False
106436,False,False
106438,False,False
106441,False,False
106443,False,False
106447,False,False
106448,False,False
106449,False,False
106451,False,False
106459,False,False
106460,False,False
106461,False,False
106463,False,False
106464,False,False
106465,False,False
106468,False,False
106470,False,False
106471,False,False
106472,False,False
106476,False,False
106478,False,False
106481,False,False
106482,False,False
106484,False,False
106485,False,False
106486,False,False
106487,False,False
106488,False,False
106490,False,False
106491,False,False
106492,False,False
106493,False,False
106494,False,False
106497,False,False
106498,False,False
106499,False,False
106501,False,False
106502,False,True
106503,False,False
106504,False,False
106505,False,False
106506,False,False
106507,False,False
106508,False,False
106509,False,False
106510,False,False
106512,False,False
106515,False,False
106516,False,False
106517,False,False
106518,False,False
106521,False,False
106523,False,False
106525,False,False
106529,False,False
106534,False,False
106535,False,False
106537,False,False
106538,False,False
106540,False,False
106543,False,False
106557,False,False
106564,False,False
106579,False,False
106582,False,False
106584,False,False
106586,False,False
106587,False,False
106588,False,False
106589,False,False
106591,False,False
106602,False,False
106603,False,False
106611,False,False
106620,False,False
106621,False,False
106626,False,False
106627,False,False
106629,False,False
106632,False,False
106637,False,False
106638,False,False
106640,False,False
106641,False,True
106643,False,False
106653,False,False
106666,False,False
106676,False,True
106677,True,False
106703,False,False
106707,False,False
106715,False,False
106718,True,False
106722,False,False
106725,False,False
106726,False,False
106728,False,False
106737,False,False
106746,False,False
106747,False,False
106750,True,False
106751,True,False
106756,False,False
106762,False,False
106767,False,False
106769,False,False
106770,True,False
106773,False,False
106777,False,False
106818,False,False
106826,False,False
106827,False,False
106828,False,False
106833,False,False
106834,False,False
106835,False,False
106845,False,False
106849,False,False
106851,False,False
106858,False,False
106859,False,False
106875,False,False
106876,False,False
106883,False,False
106895,False,False
106907,False,False
106910,False,False
106942,False,False
106944,False,False
106962,False,False
106973,False,False
106975,False,False
106987,False,True
106988,False,False
106994,False,False
106995,False,False
106996,False,False
106997,False,True
106998,False,False
106999,False,False
107000,False,False
107001,False,False
107002,False,False
107004,False,False
107006,False,False
107025,False,False
107026,False,False
107029,False,False
107033,False,False
107035,False,False
107036,False,False
107038,False,False
107039,False,False
107040,False,False
107043,False,False
107046,False,False
107047,False,False
107052,False,False
107057,False,False
107060,False,False
107064,False,False
107069,False,False
107073,False,False
107077,False,False
107081,False,False
107083,False,False
107085,False,False
107087,False,False
107090,False,False
107092,False,False
107093,False,False
107094,False,False
107095,False,False
107098,False,False
107102,False,False
107106,False,False
107107,False,False
107117,False,False
107140,False,False
107154,False,False
107158,False,False
107169,False,False
107171,False,False
107177,False,False
107178,False,False
107180,False,False
107182,False,False
107185,False,False
107186,False,False
107187,False,False
107188,False,False
107189,False,False
107190,False,False
107204,False,False
107218,False,False
107219,False,False
107220,False,False
107221,False,False
107224,False,False
107230,False,False
107233,False,False
107237,False,False
107238,False,False
107241,False,False
107246,False,False
107247,False,False
107248,False,False
107249,False,False
107250,False,False
107253,False,False
107255,False,False
107262,False,False
107265,False,False
107268,False,False
107270,False,False
107272,False,False
107273,False,False
107275,False,False
107281,False,False
107283,False,False
107286,False,False
107287,False,False
107293,False,False
107305,False,False
107307,False,False
107309,False,False
107313,False,False
107319,False,False
107320,False,False
107321,False,False
107323,False,False
107339,False,False
107340,False,False
107395,False,False
107431,False,False
107432,False,False
107433,False,False
107434,False,False
107437,False,False
107438,False,False
107439,False,False
107478,False,False
107480,False,False
107482,False,False
107486,False,False
107487,False,False
107490,False,False
107495,False,False
107497,False,False
107499,False,False
107500,False,False
107501,False,False
107502,False,False
107505,False,False
107507,True,False
107510,False,False
107512,False,False
107513,False,False
107514,False,False
107518,False,False
107519,False,False
107520,False,False
107521,False,False
107522,True,False
107525,False,False
107528,False,False
107529,True,False
107533,False,False
107534,False,False
107535,False,False
107537,False,False
107538,False,False
107540,False,False
107547,False,False
107548,False,False
107550,False,False
107552,False,False
107554,False,False
107556,True,False
107569,False,False
107570,False,False
107588,False,False
107589,False,False
107590,False,False
107591,False,False
107592,False,False
107600,False,False
107601,False,False
107608,False,False
107613,False,False
107615,False,False
107617,False,False
107620,False,False
107621,False,False
107622,False,False
107623,False,False
107626,False,False
107628,False,False
107639,False,False
107640,False,False
107642,False,False
107643,False,False
107644,False,False
107645,False,False
107647,False,False
107648,False,False
107651,False,False
107655,False,False
107656,False,False
107657,False,False
107658,False,False
107659,False,False
107660,False,False
107663,False,False
107664,False,False
107665,False,False
107666,False,False
107667,False,False
107669,False,False
107670,False,False
107671,False,False
107674,False,False
107677,False,False
107678,False,False
107680,False,False
107684,False,False
107685,False,False
107688,False,False
107690,False,False
107691,False,False
107696,False,False
107697,False,False
107699,False,True
107700,False,False
107701,False,False
107702,False,False
107705,False,False
107706,False,False
107707,False,False
107709,False,False
107710,False,False
107711,False,False
107713,False,False
107714,False,False
107717,False,False
107718,False,False
107719,False,False
107721,False,False
107722,False,False
107723,False,False
107725,False,False
107727,False,False
107728,False,False
107730,False,False
107734,False,False
107737,False,False
107739,False,False
107740,False,False
107742,False,False
107745,False,False
107747,False,False
107756,False,False
107769,False,False
107775,False,False
107778,False,False
107782,False,False
107796,False,False
107797,False,False
107799,False,False
107801,False,False
107802,False,False
107809,False,False
107810,False,False
107813,False,False
107817,False,False
107824,False,False
107827,False,False
107828,False,False
107830,False,False
107831,False,False
107832,False,False
107834,False,False
107840,False,False
107842,False,False
107844,False,False
107845,False,False
107846,False,False
107847,False,False
107848,False,False
107849,False,False
107851,False,False
107854,False,False
107855,False,False
107858,False,False
107859,False,False
107860,False,False
107861,False,False
107862,False,False
107863,False,False
107869,False,False
107870,False,False
107873,False,False
107874,False,False
107876,False,False
107879,False,False
107881,False,False
107883,False,False
107884,False,False
107885,False,False
107886,False,False
107887,False,False
107889,False,False
107891,False,False
107892,False,False
107893,False,False
107894,False,False
107896,False,False
107897,False,False
107901,False,False
107903,False,False
107904,False,False
107908,False,False
107909,False,False
107910,False,False
107912,False,False
107914,False,False
107915,False,False
107916,False,False
107917,False,False
107920,False,False
107923,False,False
107924,False,False
107925,False,False
107926,False,False
107928,False,False
107932,False,False
107933,False,False
107934,False,False
107938,False,False
107940,False,False
107943,False,False
107944,False,False
107945,False,False
107946,False,False
107947,False,False
107949,False,False
107950,False,False
107951,False,False
107954,False,False
107957,False,False
107958,False,False
107959,False,False
107962,False,False
107963,False,False
107964,False,False
107966,False,False
107967,False,False
107968,False,False
107969,False,False
107970,False,False
107972,False,False
107973,False,False
107975,False,False
107979,False,False
107981,False,False
107982,False,False
107984,False,False
107986,False,False
107989,False,False
107990,False,False
107995,False,False
107996,False,False
107997,False,False
108000,False,False
108001,False,False
108002,False,False
108003,False,False
108005,False,False
108008,False,False
108009,False,False
108010,False,False
108011,False,True
108012,False,False
108016,False,False
108018,False,False
108020,False,False
108021,False,False
108024,False,False
108026,False,False
108028,False,False
108029,False,True
108030,False,False
108033,False,False
108036,False,False
108039,False,False
108041,False,False
108042,False,False
108043,False,False
108046,False,False
108048,False,False
108051,False,False
108052,False,False
108054,False,False
108055,False,False
108057,False,False
108058,False,False
108059,False,False
108075,False,False
108076,False,False
108079,False,False
108085,False,False
108088,False,False
108095,False,False
108097,False,False
108100,False,False
108119,False,False
108120,False,False
108123,False,False
108133,False,False
108134,False,False
108137,False,False
108141,False,False
108148,False,False
108152,False,False
108158,False,False
108164,False,False
108167,False,False
108171,False,False
108195,False,False
108200,False,False
108206,False,False
108208,False,False
108210,False,False
108211,False,False
108212,False,False
108215,False,False
108216,False,False
108218,False,False
108236,False,True
108246,False,False
108247,False,False
108249,False,False
108252,False,True
108253,False,False
108255,False,False
108259,False,False
108260,False,False
108269,False,False
108270,False,False
108271,False,False
108311,False,False
108320,False,False
108321,False,False
108323,False,False
108326,False,False
108327,False,False
108330,False,False
108333,False,False
108336,False,False
108337,False,False
108338,False,False
108339,False,False
108340,False,False
108342,False,False
108346,False,False
108348,False,False
108349,False,False
108350,False,False
108351,False,False
108352,False,False
108355,False,False
108356,False,False
108357,False,False
108358,False,False
108359,False,False
108360,False,False
108361,False,False
108362,False,False
108363,False,False
108366,False,False
108368,False,False
108369,False,False
108371,False,False
108372,False,False
108373,False,False
108374,False,False
108376,False,False
108378,False,False
108379,False,False
108380,False,False
108381,False,False
108391,False,False
108410,False,False
108420,False,False
108426,False,False
108427,False,False
108430,False,False
108431,False,False
108437,False,False
108438,False,False
108439,False,False
108440,False,False
108442,False,False
108443,False,False
108444,False,False
108456,False,False
108458,False,False
108459,False,False
108460,False,False
108461,False,False
108463,False,False
108465,False,False
108466,False,False
108468,False,False
108475,False,False
108476,False,False
108487,False,False
108491,False,False
108492,False,False
108493,False,False
108495,False,False
108502,False,False
108519,False,False
108521,False,False
108551,False,False
108563,False,False
108565,False,False
108569,False,False
108571,False,False
108572,False,False
108573,False,False
108575,False,False
108576,False,False
108578,False,False
108579,False,False
108580,False,False
108581,False,False
108582,False,False
108583,False,False
108584,False,False
108585,False,False
108586,False,False
108587,False,False
108588,False,False
108589,False,False
108590,False,False
108591,False,False
108592,False,False
108594,False,False
108596,False,False
108599,False,False
108600,False,False
108602,False,False
108603,False,False
108604,False,False
108605,False,False
108606,False,False
108607,False,False
108609,False,False
108610,False,False
108611,False,False
108612,False,False
108614,False,False
108615,False,False
108627,False,False
108628,False,False
108635,False,False
108636,False,False
108637,False,False
108638,False,False
108639,False,False
108640,False,False
108641,False,False
108642,False,False
108645,False,False
108649,False,False
108652,False,False
108653,False,False
108655,False,False
108657,False,False
108661,False,False
108663,False,False
108665,False,False
108666,False,False
108668,False,False
108672,False,False
108673,False,False
108676,False,False
108678,False,False
108682,False,False
108686,False,False
108687,False,False
108688,False,False
108692,False,False
108693,False,False
108694,False,False
108698,False,False
108699,False,False
108700,False,False
108701,False,False
108704,False,False
108711,False,False
108727,False,False
108730,False,False
108731,False,False
108738,False,False
108741,False,False
108746,False,False
108748,False,False
108749,False,False
108750,False,False
108751,False,False
108752,False,False
108753,False,False
108755,False,False
108757,False,False
108758,False,False
108763,False,False
108765,False,False
108766,False,False
108769,False,False
108772,False,False
108783,False,False
108784,False,False
108786,False,False
108787,False,False
108792,False,False
108794,False,False
108795,False,False
108799,False,False
108803,False,False
108816,False,False
108817,False,False
108818,False,False
108819,False,False
108822,False,False
108826,False,False
108828,False,False
108830,False,False
108832,False,False
108833,False,False
108835,False,False
108836,False,False
108837,False,False
108843,False,False
108882,False,False
108892,False,False
108893,True,False
108894,False,False
108895,False,False
108896,False,False
108898,False,False
108900,False,False
108901,False,False
108902,False,False
108904,False,True
108905,False,False
108906,False,False
108910,False,False
108911,False,False
108919,False,False
108920,False,False
108921,False,False
108931,False,False
108956,False,False
108960,False,False
108961,False,False
108964,False,False
108966,False,False
108970,False,False
108975,False,False
108980,False,False
108983,False,False
109007,False,False
109014,False,False
109023,False,False
109024,False,False
109025,False,False
109028,False,False
109029,False,False
109030,False,False
109040,False,False
109046,False,False
109047,False,False
109049,False,False
109054,False,False
109089,False,False
109092,False,False
109110,False,False
109113,False,False
109116,False,False
109117,False,False
109118,False,False
109130,False,False
109132,False,False
109133,False,False
109140,True,False
109146,False,False
109157,False,False
109158,False,False
109159,False,False
109160,False,False
109161,False,False
109162,False,False
109163,False,False
109165,False,False
109166,False,False
109168,False,False
109169,False,False
109170,False,False
109171,False,False
109175,False,False
109176,False,False
109177,False,False
109178,False,False
109179,False,False
109181,False,False
109182,False,False
109228,False,False
109229,False,False
109243,False,False
109244,False,True
109245,False,False
109247,False,False
109249,False,False
109251,False,False
109254,False,False
109262,False,False
109263,False,False
109264,False,False
109265,False,False
109266,False,False
109267,False,False
109268,False,False
109269,False,False
109319,False,False
109327,False,False
109329,False,False
109331,False,False
109385,False,False
109386,False,False
109391,False,False
109393,False,False
109403,False,False
109406,True,False
109407,False,False
109409,True,False
109410,False,False
109413,False,False
109415,False,False
109417,False,False
109418,False,False
109419,False,False
109420,False,False
109421,False,False
109422,False,False
109423,False,False
109428,False,False
109429,False,False
109432,False,False
109433,False,False
109436,False,False
109440,False,False
109442,False,False
109443,False,False
109446,False,False
109451,False,False
109452,False,False
109456,False,False
109457,False,False
109458,False,False
109459,False,False
109460,False,False
109462,False,False
109463,False,False
109464,False,False
109466,False,False
109468,False,False
109469,False,False
109471,False,False
109472,False,False
109473,False,False
109475,False,False
109476,False,False
109479,False,False
109480,False,False
109481,False,False
109482,False,False
109483,False,False
109484,False,False
109486,False,False
109487,False,False
109489,False,False
109492,False,False
109493,False,False
109495,False,False
109502,False,False
109503,False,False
109504,False,False
109506,False,False
109507,False,False
109508,False,False
109509,False,False
109512,False,False
109513,False,False
109515,False,False
109521,False,False
109522,False,False
109523,False,False
109527,False,False
109534,False,False
109546,False,False
109548,False,False
109552,False,False
109553,False,False
109556,False,False
109558,False,False
109560,False,False
109562,False,False
109564,False,False
109567,False,False
109571,False,False
109572,False,False
109574,False,False
109575,False,False
109578,False,False
109579,False,False
109581,False,False
109583,False,False
109584,False,False
109585,False,False
109588,False,False
109590,False,False
109591,False,False
109594,False,False
109595,False,False
109599,False,False
109603,False,False
109604,False,False
109605,False,False
109609,False,False
109610,False,False
109611,False,False
109613,False,False
109615,False,False
109617,False,False
109618,False,False
109619,False,False
109622,False,False
109624,False,False
109626,False,False
109627,False,False
109628,False,False
109635,False,False
109664,False,False
109666,False,False
109669,False,False
109686,False,False
109689,False,False
109690,False,False
109694,False,False
109702,False,False
109703,False,False
109707,False,False
109739,False,False
109742,False,False
109743,False,False
109744,False,False
109745,False,False
109746,False,False
109748,False,False
109749,False,False
109750,False,True
109751,False,False
109752,True,False
109754,False,False
109755,False,False
109756,False,False
109757,True,False
109758,False,False
109759,False,False
109760,False,False
109761,False,False
109762,False,False
109763,False,True
109765,True,False
109776,False,False
109778,False,False
109779,False,False
109780,False,True
109781,False,False
109782,False,False
109786,False,False
109787,False,False
109788,False,False
109789,False,False
109790,False,False
109793,False,False
109794,False,False
109795,False,False
109796,False,False
109799,False,False
109800,False,True
109802,False,False
109805,False,False
109807,False,True
109810,False,False
109811,False,False
109813,False,False
109815,False,False
109816,False,False
109817,False,False
109818,False,False
109819,False,False
109820,False,False
109821,False,False
109825,False,False
109826,False,False
109827,False,True
109828,False,False
109829,False,False
109830,False,False
109832,False,False
109833,False,False
109835,False,False
109836,False,False
109842,False,False
109843,False,False
109844,False,False
109845,False,False
109846,False,False
109850,False,False
109853,False,False
109856,False,False
109858,False,False
109861,False,False
109864,False,False
109866,False,False
109867,False,False
109869,False,False
109871,False,False
109873,False,False
109875,False,False
109876,False,False
109877,False,False
109878,False,False
109883,False,False
109884,False,False
109887,False,False
109888,False,True
109896,False,False
109898,False,False
109907,False,True
109920,False,False
109923,False,False
109924,False,False
109925,False,False
109926,False,False
109927,False,False
109931,False,False
109932,False,False
109937,False,False
109938,False,False
109940,False,False
109941,False,False
109943,False,False
109944,False,False
109945,False,False
109947,False,False
109949,False,False
109950,False,False
109952,False,False
109954,False,False
109955,False,False
109956,False,False
109957,False,False
109958,False,False
109959,True,False
109960,False,False
109961,False,True
109962,False,False
109963,False,False
109964,False,False
109967,False,False
109969,False,False
109971,False,False
109974,False,False
109975,True,False
109976,False,False
109977,False,False
109978,False,False
109979,False,False
109980,False,False
109982,False,False
109984,False,False
109987,False,False
109988,False,False
109989,False,False
109993,False,False
109994,False,False
109995,False,False
109996,False,True
109997,False,False
109999,False,False
110003,True,False
110004,False,False
110005,False,False
110006,False,False
110007,False,False
110008,False,False
110010,False,False
110011,False,False
110012,False,False
110013,False,False
110014,False,False
110015,False,False
110017,False,False
110018,False,False
110019,False,False
110020,False,False
110021,False,False
110023,False,True
110025,False,False
110026,False,False
110027,False,False
110031,False,True
110035,False,False
110037,False,False
110038,False,False
110041,False,False
110048,False,False
110063,False,False
110069,False,False
110078,False,False
110084,False,False
110086,False,True
110089,False,False
110093,False,False
110094,False,True
110095,False,False
110102,False,False
110107,False,False
110180,False,False
110181,False,False
110182,False,False
110193,False,False
110195,False,False
110197,False,False
110199,False,False
110206,False,False
110209,False,False
110213,False,False
110214,False,False
110215,False,False
110217,False,False
110219,False,False
110222,False,False
110223,False,False
110227,False,False
110228,False,False
110229,False,False
110230,False,False
110231,False,False
110234,False,False
110237,False,False
110239,False,False
110240,False,False
110241,False,False
110243,False,False
110244,False,False
110248,False,False
110249,False,False
110252,False,False
110253,False,False
110255,False,False
110256,False,False
110257,False,False
110260,False,False
110261,False,False
110265,False,False
110268,False,False
110269,False,False
110270,False,False
110274,False,False
110276,False,False
110277,False,False
110279,False,False
110282,False,False
110283,False,False
110284,False,False
110287,False,False
110289,False,False
110291,False,False
110293,False,False
110294,False,False
110297,False,False
110298,False,False
110299,False,False
110300,False,False
110303,False,False
110313,False,False
110314,False,False
110320,False,False
110326,False,False
110327,False,False
110329,False,False
110330,False,False
110332,False,False
110333,False,False
110335,False,False
110336,False,False
110338,False,False
110342,False,False
110343,False,False
110344,False,False
110345,False,False
110347,False,False
110351,False,False
110353,False,False
110355,False,False
110358,False,False
110359,False,False
110360,False,False
110363,False,False
110365,False,False
110366,False,False
110367,False,False
110368,False,False
110369,False,False
110372,False,False
110375,False,False
110376,False,False
110379,False,False
110380,False,False
110381,False,False
110382,False,False
110385,False,False
110391,False,False
110393,False,False
110394,False,False
110395,False,False
110398,False,False
110399,False,False
110400,False,False
110401,False,False
110403,False,False
110404,False,False
110405,False,False
110406,False,False
110407,False,False
110408,False,False
110410,False,False
110411,False,False
110412,False,False
110414,False,False
110415,False,False
110417,False,False
110419,False,False
110420,False,False
110421,False,False
110422,False,False
110423,False,False
110424,False,False
110426,False,False
110428,False,False
110433,False,False
110434,False,False
110435,False,False
110437,False,False
110438,False,False
110440,False,False
110443,False,False
110444,False,False
110445,False,False
110446,False,False
110447,False,False
110448,False,False
110449,False,False
110450,False,False
110451,False,False
110452,False,False
110454,False,False
110455,False,False
110457,False,False
110459,False,False
110460,False,False
110461,False,False
110462,False,False
110463,False,False
110464,False,False
110466,False,False
110467,False,False
110468,False,False
110469,False,False
110471,False,False
110476,False,False
110481,False,False
110482,False,False
110483,False,False
110484,False,False
110488,False,False
110500,False,False
110517,False,False
110518,False,False
110519,False,False
110522,False,False
110523,False,False
110524,False,False
110532,False,False
110533,False,False
110575,False,False
110576,False,True
110578,False,False
110579,False,False
110580,False,False
110581,False,False
110582,False,False
110584,False,False
110585,False,False
110587,False,False
110588,False,False
110592,False,False
110593,False,False
110594,False,False
110595,False,False
110596,False,False
110597,False,False
110598,False,False
110599,False,False
110602,False,False
110603,False,False
110604,False,False
110606,False,False
110607,False,False
110608,False,False
110611,False,False
110614,False,False
110615,False,False
110616,False,False
110617,False,False
110620,False,False
110621,False,False
110622,False,False
110626,False,False
110627,True,False
110630,False,False
110631,False,False
110632,False,False
110633,False,False
110635,False,False
110637,False,False
110638,False,False
110643,False,False
110644,False,False
110645,False,False
110649,False,True
110657,False,False
110658,False,False
110663,False,False
110664,False,False
110665,False,False
110666,False,False
110668,False,False
110673,False,False
110676,False,False
110679,False,True
110680,True,False
110683,False,False
110685,True,False
110687,False,True
110691,False,False
110698,False,True
110702,False,False
110703,False,False
110705,False,False
110707,True,False
110710,False,False
110713,False,False
110714,False,False
110717,False,False
110722,False,False
110723,False,False
110733,False,False
110734,False,False
110743,False,False
110746,False,False
110747,False,False
110748,False,False
110750,False,False
110754,False,False
110756,False,False
110758,False,False
110759,False,False
110760,False,False
110762,True,False
110763,False,False
110765,False,False
110766,False,False
110771,False,False
110772,False,False
110773,False,False
110775,False,False
110778,False,False
110781,False,False
110784,False,False
110785,False,False
110786,False,False
110787,False,False
110788,False,False
110791,False,False
110793,False,False
110795,False,False
110796,False,False
110798,False,False
110801,False,False
110802,False,False
110804,False,False
110807,False,False
110809,False,False
110812,False,False
110814,False,False
110815,False,False
110817,False,False
110820,False,False
110823,False,False
110824,False,False
110825,False,False
110827,False,False
110829,False,False
110830,False,False
110831,False,False
110832,False,True
110834,False,False
110836,False,False
110837,False,True
110839,False,False
110840,False,False
110847,False,False
110850,False,False
110852,False,False
110853,False,False
110856,False,False
110888,False,False
110907,False,False
110943,False,False
110948,False,False
110951,False,False
110953,False,False
110956,False,False
110957,False,False
110958,False,False
110959,False,False
110971,False,False
110976,False,False
110983,False,False
110987,False,False
110990,False,False
110992,False,False
110993,False,False
110995,False,False
110996,False,False
111000,False,True
111001,False,False
111003,False,False
111004,False,False
111008,False,False
111009,False,False
111031,False,False
111033,False,False
111039,False,False
111044,False,False
111052,False,False
111053,False,False
111054,False,False
111055,False,False
111057,False,False
111061,False,False
111074,False,False
111078,False,False
111080,True,False
111082,False,False
111084,False,False
111087,False,False
111093,False,False
111096,False,False
111100,False,False
111103,False,False
111106,False,False
111107,False,False
111108,False,False
111109,False,False
111112,False,False
111114,False,False
111116,False,False
111124,False,False
111125,False,False
111126,False,False
111129,False,False
111133,False,False
111141,False,False
111143,False,False
111144,False,False
111147,False,False
111149,False,False
111150,False,False
111159,False,False
111160,False,False
111167,False,False
111169,False,False
111170,False,False
111171,False,False
111174,False,False
111175,False,False
111176,False,False
111177,False,False
111188,False,False
111189,False,False
111195,False,False
111197,False,False
111199,False,False
111203,False,False
111209,False,False
111211,False,False
111212,False,False
111216,False,False
111217,False,False
111218,False,False
111219,False,False
111225,False,False
111227,False,False
111234,False,False
111236,False,False
111240,False,False
111244,False,False
111245,False,False
111246,False,False
111247,False,False
111248,False,False
111252,False,False
111254,False,False
111255,False,False
111256,False,False
111260,False,False
111262,False,False
111263,False,False
111268,False,False
111270,False,False
111271,False,False
111273,False,False
111277,False,False
111281,False,False
111282,False,False
111283,False,False
111284,False,False
111285,False,False
111287,False,False
111289,False,False
111294,False,False
111296,False,False
111298,True,False
111299,False,False
111301,False,False
111304,False,False
111306,False,False
111307,False,False
111308,False,False
111309,False,False
111310,False,False
111311,False,False
111312,False,False
111313,False,False
111314,False,False
111315,False,False
111317,False,False
111319,False,False
111320,False,False
111321,False,False
111322,False,False
111324,False,False
111325,False,False
111326,False,False
111329,False,False
111331,False,False
111336,False,False
111337,False,False
111338,False,False
111339,False,False
111341,False,False
111342,False,False
111343,False,False
111347,False,False
111349,False,False
111350,False,False
111351,False,False
111357,False,False
111358,False,False
111360,False,False
111363,False,False
111365,False,False
111366,False,False
111367,False,False
111368,False,False
111369,False,False
111370,False,False
111371,False,False
111372,False,False
111373,False,False
111376,False,False
111377,False,False
111378,False,False
111379,False,False
111380,False,False
111381,False,False
111383,False,False
111384,False,False
111385,False,False
111387,False,False
111388,False,False
111389,True,False
111390,False,False
111391,True,False
111392,False,False
111393,False,False
111394,False,False
111396,False,False
111417,False,False
111419,False,False
111422,False,False
111424,False,False
111429,False,False
111430,False,False
111440,False,False
111443,False,False
111450,False,False
111454,False,False
111456,False,False
111457,False,False
111459,False,False
111461,False,False
111462,False,False
111494,False,False
111495,False,False
111496,False,False
111498,False,False
111499,False,False
111501,False,False
111503,False,False
111504,False,False
111507,False,False
111508,False,False
111510,False,False
111511,False,False
111513,False,False
111514,False,False
111515,False,False
111517,False,True
111524,False,False
111533,False,False
111539,False,False
111540,False,False
111550,False,False
111562,False,False
111577,False,False
111580,False,False
111600,False,False
111601,False,False
111612,False,False
111618,False,False
111626,False,False
111632,False,False
111638,False,False
111640,False,False
111660,False,False
111662,False,False
111668,False,False
111720,False,False
111731,False,False
111748,False,False
111773,False,False
111775,False,False
111777,False,False
111789,False,False
111790,False,False
111791,False,False
111794,False,False
111800,False,False
111803,False,False
111813,False,False
111818,False,False
111826,False,False
111840,False,False
111841,False,False
111846,False,False
111849,False,False
111851,False,False
111861,False,False
111863,False,False
111871,False,False
111872,False,False
111875,False,False
111882,False,False
111901,False,False
111914,False,False
111929,False,False
111930,False,False
111933,False,False
111941,False,False
111947,False,False
111948,False,False
111951,False,False
111960,False,False
111963,False,False
111964,False,False
111966,False,False
111967,False,False
111968,False,False
111969,False,False
111972,False,False
111975,False,False
111978,False,False
111983,False,False
111988,False,False
111990,False,False
111996,False,False
111998,False,False
112002,False,False
112034,False,False
112041,False,False
112045,False,False
112054,False,False
112055,False,False
112067,False,False
112088,False,False
112089,False,False
112090,False,False
112091,False,False
112093,False,False
112095,False,False
112096,False,False
112098,False,False
112100,False,False
112101,False,False
112102,False,False
112103,False,False
112104,False,False
112106,False,False
112107,False,False
112108,False,False
112110,False,False
112111,False,False
112112,False,False
112113,False,False
112114,False,False
112116,False,False
112117,False,False
112118,False,False
112119,False,False
112120,False,False
112121,False,False
112122,False,False
112123,False,False
112125,False,False
112126,False,False
112127,False,False
112129,False,False
112132,False,False
112136,False,False
112137,False,False
112138,False,False
112143,False,False
112144,False,False
112145,False,False
112146,False,False
112147,False,False
112155,False,False
112156,False,False
112157,True,False
112158,False,False
112159,False,False
112160,False,False
112161,False,False
112162,False,False
112163,False,False
112166,False,False
112167,False,False
112169,False,False
112170,False,False
112175,False,False
112176,False,False
112177,False,False
112178,False,False
112179,False,False
112180,False,False
112182,False,False
112183,False,False
112184,False,False
112190,False,False
112191,False,False
112192,False,False
112195,False,False
112197,False,False
112198,False,False
112199,False,False
112206,False,False
112207,False,False
112208,False,False
112210,False,False
112212,False,False
112213,False,False
112216,False,False
112217,False,False
112219,False,False
112224,False,False
112226,False,False
112228,False,False
112229,False,False
112230,False,False
112231,False,False
112232,False,False
112233,False,False
112234,False,False
112235,False,False
112236,False,False
112238,False,False
112239,False,False
112242,False,True
112243,False,False
112245,False,False
112246,False,False
112248,False,False
112249,False,False
112250,False,False
112251,False,False
112252,False,False
112253,False,False
112254,False,False
112255,False,False
112256,False,False
112257,False,False
112258,False,True
112259,False,False
112262,False,False
112263,False,False
112264,False,False
112265,False,False
112266,False,False
112267,False,False
112269,False,False
112270,False,False
112271,False,False
112272,False,False
112273,False,False
112274,False,False
112275,False,False
112277,False,False
112279,False,True
112280,False,False
112281,False,False
112282,False,False
112283,False,False
112284,False,False
112286,False,False
112287,False,False
112289,False,False
112290,False,False
112293,False,True
112294,False,False
112296,True,False
112297,False,False
112298,False,False
112299,False,False
112300,False,False
112301,False,False
112302,False,False
112303,False,False
112306,False,False
112307,False,False
112308,False,False
112309,False,False
112313,False,False
112314,False,True
112315,False,True
112316,False,False
112317,False,False
112318,False,False
112319,True,False
112320,False,False
112321,False,False
112322,False,False
112323,False,False
112324,False,False
112325,False,False
112326,False,True
112327,False,False
112328,False,False
112331,False,False
112332,False,False
112333,False,False
112338,False,False
112340,False,False
112342,False,False
112343,False,False
112345,False,False
112348,False,False
112349,True,False
112350,False,False
112351,False,True
112352,False,False
112353,False,False
112354,False,False
112355,False,False
112356,False,False
112361,False,False
112362,False,False
112364,False,False
112366,False,False
112369,False,False
112372,False,False
112375,False,False
112377,False,False
112378,False,False
112379,False,True
112382,False,False
112383,False,False
112384,False,True
112385,False,False
112388,False,False
112393,False,False
112397,False,True
112398,False,False
112399,False,False
112402,False,False
112403,False,False
112404,False,True
112405,False,False
112406,False,False
112408,False,False
112409,False,False
112410,False,False
112412,False,False
112414,False,False
112415,False,False
112417,False,False
112419,False,False
112420,False,False
112423,False,False
112464,False,False
112465,False,False
112466,False,False
112469,False,False
112470,False,False
112471,False,False
112472,False,False
112474,False,False
112475,False,False
112476,False,False
112477,False,False
112478,False,False
112479,False,False
112480,False,False
112481,False,False
112483,False,False
112484,False,False
112485,False,False
112492,False,False
112493,False,False
112494,False,False
112496,False,False
112500,False,False
112501,False,False
112502,False,False
112503,False,False
112504,False,False
112505,False,False
112506,False,False
112507,False,False
112508,False,False
112509,False,False
112510,False,False
112511,False,False
112513,False,False
112514,False,False
112515,False,False
112516,False,False
112519,False,False
112520,False,False
112521,False,False
112522,False,False
112523,False,False
112525,False,False
112526,False,False
112527,False,False
112530,True,False
112532,False,False
112533,False,False
112534,False,False
112535,False,False
112536,False,False
112537,False,False
112539,False,False
112540,False,False
112541,False,False
112543,False,False
112544,False,False
112545,False,False
112546,False,False
112547,False,True
112548,False,False
112549,False,False
112550,False,False
112551,False,False
112552,False,False
112553,False,False
112554,False,False
112561,False,False
112562,False,False
112563,False,False
112565,False,False
112566,False,False
112569,False,False
112570,False,False
112571,False,False
112572,False,False
112575,False,False
112577,False,False
112578,False,False
112579,False,False
112580,False,True
112582,False,False
112583,False,False
112584,False,True
112585,False,False
112591,False,False
112592,False,False
112593,False,False
112594,False,False
112597,False,False
112599,False,False
112600,False,False
112603,False,False
112604,False,False
112605,False,False
112606,False,False
112610,False,False
112611,False,False
112612,False,False
112614,False,False
112619,False,False
112625,False,False
112627,False,False
112629,False,False
112631,False,False
112632,False,False
112636,False,False
112637,True,False
112639,False,False
112640,False,False
112642,False,False
112643,False,False
112646,False,False
112647,False,False
112648,False,False
112649,False,False
112651,False,False
112652,False,False
112654,False,False
112656,False,False
112659,False,False
112660,False,False
112661,False,False
112663,False,False
112664,False,False
112667,False,False
112670,False,False
112672,False,False
112673,False,False
112675,False,False
112677,False,False
112679,True,False
112680,False,False
112682,False,False
112685,False,False
112687,False,False
112688,False,False
112690,False,True
112691,False,False
112692,False,False
112696,False,False
112698,False,False
112699,False,False
112701,False,False
112705,False,False
112706,False,False
112708,False,False
112710,False,False
112717,False,False
112720,False,False
112728,False,False
112733,False,False
112739,False,False
112740,False,False
112744,False,False
112745,False,False
112749,True,False
112752,False,False
112756,False,False
112757,False,False
112758,False,False
112759,False,False
112765,False,False
112767,False,False
112770,False,False
112773,False,False
112781,False,False
112785,False,False
112786,False,False
112787,False,False
112788,False,False
112789,False,False
112790,False,False
112796,False,False
112798,False,False
112800,False,False
112803,True,False
112805,False,False
112806,False,False
112807,False,False
112809,False,False
112811,False,False
112812,False,False
112813,False,False
112814,False,False
112815,False,False
112816,False,False
112817,False,False
112818,False,False
112819,False,False
112820,False,True
112821,False,False
112822,False,False
112823,False,False
112824,False,False
112826,False,False
112827,False,False
112829,False,False
112830,False,False
112832,False,False
112833,False,False
112834,False,False
112836,False,False
112840,False,False
112841,False,False
112842,False,False
112843,False,False
112844,False,False
112847,False,False
112848,False,False
112849,False,False
112850,False,False
112851,False,False
112854,False,False
112856,False,False
112858,False,False
112859,False,False
112862,False,False
112863,False,False
112864,False,False
112866,False,False
112867,False,False
112868,False,False
112869,False,False
112871,False,False
112872,False,False
112875,False,False
112876,False,False
112877,False,False
112878,False,False
112880,False,False
112881,False,False
112882,False,False
112883,False,False
112884,True,False
112885,False,False
112886,False,False
112887,False,False
112888,False,False
112890,False,False
112891,False,False
112892,False,False
112896,False,False
112898,False,False
112913,False,False
112915,False,False
112923,False,False
112924,False,False
112932,False,False
112936,False,False
112949,False,False
112951,False,False
112956,False,False
112958,False,False
112969,False,False
112974,False,False
112976,False,False
112978,False,False
112981,False,False
112982,False,False
112983,False,False
112989,False,False
112991,False,False
112996,False,False
113031,False,False
113033,False,False
113040,False,False
113044,False,False
113050,False,False
113051,False,False
113052,False,False
113060,False,False
113064,False,False
113065,False,False
113066,False,False
113068,False,False
113069,False,False
113071,False,False
113082,True,False
113086,False,False
113087,False,False
113095,True,False
113098,False,False
113100,True,False
113103,False,False
113104,False,False
113105,False,False
113106,False,False
113107,False,False
113108,False,False
113109,False,False
113112,False,False
113113,False,False
113114,False,False
113117,False,False
113120,False,False
113124,False,False
113125,False,False
113126,False,False
113130,False,False
113132,False,False
113133,False,False
113134,True,False
113138,True,False
113139,False,False
113141,False,False
113146,False,False
113148,False,False
113151,False,False
113152,False,False
113155,False,False
113156,False,False
113157,False,False
113158,False,False
113160,False,False
113162,False,False
113164,False,False
113165,False,False
113166,False,False
113174,False,False
113176,False,False
113179,False,False
113183,False,False
113185,False,False
113197,False,False
113198,False,False
113201,False,False
113203,False,False
113207,False,False
113209,False,False
113210,False,False
113216,False,False
113222,False,False
113223,False,False
113224,False,False
113231,False,False
113233,False,False
113234,False,False
113240,False,False
113241,False,False
113245,False,False
113251,False,False
113253,False,False
113254,False,False
113262,False,False
113264,False,False
113265,False,False
113276,False,False
113278,False,False
113297,False,False
113298,False,False
113328,False,False
113335,False,False
113338,False,False
113340,False,False
113341,False,False
113343,True,False
113347,False,False
113355,False,False
113357,False,False
113358,False,False
113359,False,False
113360,False,False
113361,False,False
113365,False,False
113367,True,False
113368,False,False
113369,False,False
113376,False,False
113377,False,False
113379,False,False
113381,False,False
113382,False,False
113392,False,False
113398,False,False
113399,False,False
113407,False,False
113409,False,False
113416,False,False
113417,False,False
113422,False,False
113425,False,False
113430,False,False
113433,False,False
113438,False,False
113440,False,False
113445,False,False
113451,False,False
113455,False,False
113463,False,False
113465,False,False
113478,False,False
113493,False,False
113495,False,False
113512,False,False
113526,False,False
113533,False,False
113548,True,False
113551,False,False
113553,False,False
113633,False,False
113634,False,False
113636,False,False
113637,False,False
113638,True,False
113641,False,False
113643,False,False
113644,False,False
113645,False,False
113648,False,False
113650,False,False
113651,False,False
113654,False,False
113659,False,False
113661,False,False
113663,False,False
113669,False,False
113674,False,False
113675,False,False
113676,False,False
113684,False,False
113713,False,False
113716,False,False
113717,False,False
113719,False,False
113736,False,False
113738,False,False
113740,False,False
113747,False,False
113759,False,False
113762,False,False
113777,False,False
113787,False,False
113789,False,False
113799,False,False
113804,False,False
113807,False,False
113809,False,False
113812,False,False
113815,False,False
113818,False,False
113820,True,False
113841,False,False
113845,False,False
113847,True,False
113848,False,False
113850,False,False
113853,False,False
113854,False,False
113861,False,False
113863,False,False
113882,False,False
113884,False,False
113888,False,False
113893,False,False
113898,False,False
113899,False,False
113901,False,False
113942,False,False
113954,False,False
113955,False,False
113956,False,False
113957,False,False
113960,False,False
113961,False,False
113965,False,False
113970,False,False
113971,False,False
113972,False,False
113975,False,False
113976,False,False
113977,False,False
113982,False,False
113983,False,False
113985,False,False
113986,False,False
113989,False,False
113991,False,False
113992,False,False
113993,False,False
113998,False,False
114002,False,False
114003,False,False
114004,False,False
114005,False,False
114008,False,False
114012,False,False
114018,False,False
114020,False,False
114033,False,False
114035,False,False
114038,False,False
114039,False,False
114045,False,False
114046,False,False
114047,False,False
114051,False,False
114052,False,False
114053,False,False
114055,False,False
114056,False,False
114059,False,False
114060,False,False
114062,True,False
114064,False,False
114065,False,False
114066,False,False
114068,False,False
114069,False,False
114070,False,False
114074,False,False
114075,False,False
114078,False,False
114079,False,False
114080,False,False
114086,False,False
114087,False,False
114091,False,False
114096,False,False
114097,False,False
114099,False,False
114102,False,False
114103,False,False
114106,False,False
114107,False,False
114108,False,False
114110,False,False
114111,False,False
114113,False,False
114114,False,False
114115,False,False
114120,False,False
114122,False,False
114125,False,False
114126,False,False
114127,False,False
114128,False,False
114129,False,False
114130,False,False
114134,False,False
114139,False,False
114140,False,False
114143,False,False
114147,False,False
114149,False,False
114150,False,False
114152,False,False
114154,False,False
114159,False,False
114183,False,False
114189,False,False
114190,False,False
114197,False,False
114198,False,False
114201,False,False
114207,False,False
114208,False,False
114209,False,False
114210,False,False
114211,False,False
114213,False,False
114214,False,False
114216,False,False
114220,False,False
114226,False,False
114227,False,False
114228,False,False
114229,False,False
114230,False,False
114232,False,False
114237,False,False
114267,False,False
114274,False,False
114276,False,False
114281,False,False
114285,False,False
114308,False,False
114312,False,False
114337,False,False
114340,False,False
114341,False,False
114345,False,False
114349,False,False
114350,False,False
114351,False,False
114365,False,False
114366,False,False
114367,False,False
114368,False,False
114369,False,False
114372,False,False
114373,False,False
114374,False,False
114376,False,False
114377,False,False
114380,False,False
114381,False,False
114382,False,False
114384,False,False
114385,False,False
114389,False,False
114391,False,False
114392,False,False
114393,False,False
114394,False,False
114395,False,False
114396,False,False
114398,False,False
114403,False,False
114404,False,False
114405,False,False
114406,False,False
114407,False,False
114408,False,False
114410,False,False
114413,False,False
114414,False,False
114416,False,False
114419,False,False
114421,False,False
114422,False,False
114423,False,False
114424,False,False
114428,False,False
114430,False,False
114433,False,False
114434,False,False
114435,False,False
114437,False,False
114441,False,False
114443,False,False
114446,False,False
114447,False,False
114460,False,False
114461,False,False
114466,False,True
114471,False,False
114473,False,False
114475,False,False
114477,False,False
114478,False,False
114479,False,False
114480,False,False
114482,False,False
114484,False,False
114485,False,False
114486,False,False
114487,False,False
114488,False,False
114489,False,False
114490,False,False
114491,False,False
114492,False,False
114493,False,False
114494,False,False
114495,False,False
114496,False,False
114497,False,False
114498,False,False
114499,False,False
114501,False,False
114502,False,False
114503,False,False
114504,False,False
114505,False,False
114506,False,False
114507,False,False
114509,False,False
114510,False,False
114511,False,False
114512,False,False
114514,False,False
114517,False,False
114518,False,False
114519,False,False
114520,False,False
114521,False,False
114523,False,False
114524,False,False
114525,False,False
114526,False,False
114527,False,False
114529,False,False
114530,False,False
114531,False,False
114532,False,False
114537,False,False
114539,False,False
114540,False,False
114541,False,False
114542,False,False
114543,False,False
114544,False,False
114545,False,False
114546,False,False
114547,False,False
114549,False,False
114550,False,False
114551,False,False
114552,False,False
114553,False,False
114554,False,False
114555,False,False
114556,False,False
114557,False,False
114558,False,False
114559,False,False
114560,False,False
114563,False,False
114564,False,False
114565,False,False
114566,False,False
114567,False,False
114569,False,False
114570,False,False
114575,False,False
114579,False,False
114580,False,False
114581,False,False
114584,False,False
114587,False,False
114590,False,False
114592,False,False
114594,False,False
114598,False,False
114606,False,False
114607,False,False
114608,False,False
114611,False,False
114612,False,False
114619,False,False
114680,False,False
114682,False,False
114687,False,False
114698,False,False
114699,False,False
114704,False,False
114706,False,False
114707,False,False
114708,False,False
114709,False,False
114710,False,False
114711,False,False
114717,False,False
114718,False,False
114719,False,False
114720,False,False
114722,False,False
114732,False,False
114734,False,False
114735,False,False
114738,False,False
114739,False,False
114742,False,False
114743,False,False
114744,False,False
114745,False,False
114746,False,False
114747,False,False
114750,False,False
114751,False,False
114755,False,False
114756,False,False
114759,False,False
114760,False,False
114761,False,False
114764,False,False
114767,False,False
114769,False,False
114774,False,False
114780,False,False
114801,False,False
114805,False,False
114811,False,False
114813,False,False
114817,False,False
114818,False,False
114821,False,False
114822,True,False
114823,False,False
114827,False,False
114834,False,False
114835,False,False
114841,False,False
114843,False,False
114852,False,False
114869,False,False
114875,False,False
114879,False,False
114884,False,False
114887,False,False
114888,False,False
114898,False,False
114902,False,False
114904,False,False
114910,False,False
114912,False,False
114913,False,False
114914,False,False
114921,False,False
114925,False,False
114929,False,False
114932,False,False
114933,False,False
114936,False,False
114937,False,False
114946,False,False
114951,False,False
114964,False,False
114967,False,False
114969,False,False
114970,False,False
114972,False,False
114974,False,False
114975,False,False
114978,False,False
114979,False,True
114980,True,False
114984,False,False
114985,False,False
114988,False,False
114989,False,False
114992,False,False
114996,False,False
114999,False,False
115000,False,False
115012,False,False
115027,False,False
115039,False,False
115041,False,False
115042,False,False
115064,False,False
115065,False,False
115066,False,False
115067,False,False
115068,False,False
115070,False,False
115071,False,False
115072,False,False
115074,False,False
115076,False,False
115077,False,False
115079,False,False
115080,False,False
115082,False,False
115083,False,False
115085,False,False
115088,False,False
115095,False,False
115099,False,False
115102,False,False
115103,False,False
115108,False,False
115110,False,False
115111,False,False
115112,False,False
115114,False,False
115119,False,False
115120,False,False
115125,False,False
115126,False,False
115127,False,False
115129,False,False
115130,False,False
115137,True,False
115138,False,False
115139,False,False
115141,False,False
115144,False,False
115145,False,False
115154,False,False
115155,False,False
115156,False,False
115157,False,False
115159,False,False
115164,False,False
115166,False,False
115170,False,False
115175,False,False
115177,False,False
115178,False,False
115179,False,False
115182,False,False
115183,False,False
115188,False,False
115189,False,False
115191,True,False
115194,False,False
115195,False,False
115197,False,False
115198,False,False
115200,True,False
115201,True,False
115203,False,False
115204,False,False
115237,False,False
115238,False,False
115239,False,False
115240,False,False
115244,False,False
115256,False,False
115261,False,False
115264,True,False
115266,False,False
115268,False,False
115269,False,False
115281,False,False
115282,False,False
115288,False,False
115289,False,True
115292,False,False
115297,False,False
115298,False,False
115299,False,False
115300,True,False
115301,False,False
115305,False,False
115307,False,False
115309,False,False
115310,False,False
115311,False,False
115312,False,False
115313,False,False
115314,False,False
115322,False,False
115382,False,False
115457,False,False
115464,False,False
115466,False,False
115469,False,False
115471,False,False
115482,False,False
115483,False,False
115487,False,False
115491,False,False
115492,False,False
115494,False,False
115495,False,False
115496,False,False
115498,False,False
115499,False,False
115500,False,False
115502,False,False
115504,False,False
115505,False,False
115509,False,False
115510,False,False
115511,False,False
115512,False,False
115515,False,False
115519,False,False
115520,False,False
115521,False,False
115522,False,True
115523,False,False
115525,False,False
115526,False,False
115529,False,False
115531,False,False
115533,False,False
115534,False,False
115535,False,False
115536,False,False
115539,False,False
115540,False,False
115541,False,False
115543,False,False
115544,False,False
115547,False,False
115548,False,False
115549,False,False
115550,False,False
115551,False,False
115552,False,False
115553,False,False
115554,False,False
115555,False,False
115559,False,False
115561,False,False
115562,False,False
115564,False,False
115565,False,False
115568,False,False
115569,False,False
115572,False,False
115573,False,False
115574,False,False
115576,False,False
115577,False,False
115578,False,False
115580,False,False
115581,False,False
115582,False,False
115585,False,False
115586,False,False
115590,False,False
115594,False,False
115598,False,False
115600,False,False
115601,False,False
115603,False,False
115605,False,True
115607,False,True
115608,False,False
115612,False,False
115615,False,False
115617,False,False
115619,False,False
115622,False,False
115626,False,False
115628,False,False
115629,False,False
115631,False,False
115636,False,False
115637,False,False
115638,False,False
115639,False,False
115641,False,False
115642,False,False
115643,False,False
115645,False,False
115647,False,False
115649,False,False
115650,False,False
115651,False,False
115653,False,False
115654,False,False
115655,False,False
115657,False,False
115658,False,False
115660,False,False
115661,False,False
115663,False,False
115666,False,False
115667,False,False
115669,False,False
115673,False,False
115674,False,False
115676,False,False
115678,False,False
115679,False,False
115681,True,False
115682,False,False
115685,False,False
115686,False,False
115688,False,False
115690,False,False
115692,False,False
115693,False,False
115695,False,False
115696,False,False
115697,False,False
115698,False,False
115701,False,False
115703,False,False
115704,False,False
115711,False,False
115712,False,False
115714,False,False
115716,False,False
115723,False,False
115733,False,False
115734,False,False
115735,False,False
115738,False,False
115739,False,False
115740,False,False
115741,False,False
115744,False,False
115749,False,False
115758,False,False
115772,False,False
115775,False,False
115813,False,False
115821,False,False
115823,False,False
115825,False,False
115830,False,False
115831,False,False
115836,False,False
115837,False,False
115838,False,False
115847,False,False
115850,False,False
115851,False,False
115852,False,False
115853,False,False
115854,False,False
115855,False,False
115857,False,False
115858,False,False
115859,False,False
115860,False,False
115861,False,False
115862,True,False
115863,False,False
115866,False,False
115867,False,False
115868,False,False
115869,False,False
115870,False,False
115871,False,False
115872,False,False
115873,True,False
115874,True,False
115875,False,False
115876,False,False
115877,False,False
115879,False,False
115880,False,False
115881,False,False
115882,False,False
115883,False,False
115884,False,False
115885,False,False
115886,False,False
115887,False,False
115888,False,False
115889,False,False
115890,False,False
115891,False,False
115892,False,False
115893,False,False
115897,False,False
115898,False,False
115899,False,False
115900,False,False
115901,False,False
115902,False,False
115903,False,False
115904,False,False
115908,False,False
115909,False,False
115911,False,False
115912,False,False
115913,False,False
115914,True,False
115915,False,False
115916,False,False
115918,False,False
115919,True,False
115920,False,False
115922,False,False
115924,False,False
115925,False,False
115926,False,False
115928,False,False
115929,False,False
115931,False,False
115933,False,False
115934,False,False
115935,False,False
115936,False,False
115937,False,False
115938,False,False
115939,False,False
115940,False,False
115943,False,False
115944,False,False
115945,False,False
115946,False,False
115947,False,False
115948,False,False
115949,False,False
115952,False,False
115953,False,False
115954,False,False
115955,False,False
115956,False,False
115957,False,False
115960,False,False
115962,False,False
115963,False,False
115964,False,False
115965,False,False
115966,False,False
115967,False,False
115968,False,False
115970,False,False
115971,False,False
115972,False,False
115973,False,False
115974,False,False
115975,False,False
115976,False,False
115977,False,False
115980,False,False
115981,False,False
115982,False,False
115983,False,False
115984,False,False
115985,False,False
115986,False,False
115988,False,False
115989,False,False
115990,False,False
115991,False,False
115992,False,False
115994,False,False
115997,False,False
115998,False,False
115999,False,False
116000,False,False
116001,False,False
116002,False,False
116003,False,False
116004,False,False
116005,False,False
116006,False,False
116007,False,False
116009,False,False
116010,False,False
116012,False,False
116013,False,False
116014,False,False
116015,False,False
116016,False,False
116019,False,False
116020,False,False
116021,False,False
116022,False,False
116023,False,False
116024,False,False
116025,False,False
116026,False,False
116027,False,False
116028,False,False
116030,False,False
116031,False,False
116033,False,False
116034,False,False
116035,False,False
116036,False,False
116037,False,False
116038,False,False
116039,False,False
116040,False,False
116041,False,False
116042,False,False
116043,False,False
116044,False,False
116045,False,False
116046,False,False
116047,False,False
116048,False,False
116049,False,False
116051,False,False
116052,False,False
116053,False,False
116054,False,False
116055,False,False
116056,False,False
116057,False,False
116058,False,False
116059,False,False
116060,False,False
116061,False,False
116063,False,False
116065,False,False
116067,False,False
116068,False,False
116069,False,False
116070,False,False
116071,False,False
116072,False,False
116073,False,False
116074,False,False
116075,False,False
116076,False,False
116078,False,False
116079,False,False
116080,False,False
116082,False,False
116083,False,False
116084,False,False
116088,False,False
116089,False,False
116090,False,False
116092,False,False
116093,False,False
116102,False,False
116103,False,False
116109,False,False
116116,False,False
116117,False,False
116123,False,False
116127,False,False
116134,False,False
116137,False,False
116138,False,False
116140,False,False
116141,False,False
116142,False,False
116143,False,False
116144,False,False
116145,False,False
116146,False,True
116147,False,True
116149,False,False
116150,False,True
116151,False,False
116154,False,False
116155,False,False
116157,False,False
116158,False,False
116162,False,False
116163,False,False
116164,False,False
116165,False,False
116168,False,False
116169,False,False
116170,False,False
116171,False,False
116172,False,False
116174,False,False
116175,False,False
116176,False,False
116177,False,False
116180,False,False
116182,False,False
116187,False,False
116192,False,False
116195,False,False
116200,False,False
116221,False,False
116223,False,False
116224,False,False
116225,False,False
116226,False,False
116228,False,False
116231,False,False
116232,False,False
116233,False,False
116234,False,False
116237,False,False
116241,False,False
116242,False,False
116243,False,False
116244,False,False
116246,False,False
116247,False,False
116248,False,False
116249,False,False
116251,False,False
116253,False,False
116255,False,False
116256,False,False
116258,False,False
116260,False,False
116262,False,False
116263,False,False
116265,False,False
116266,False,False
116267,False,False
116269,False,False
116270,False,False
116271,False,False
116273,False,False
116275,False,False
116276,False,False
116277,False,False
116278,False,False
116279,False,False
116280,False,False
116281,False,False
116282,False,False
116283,False,False
116284,False,False
116285,False,False
116286,False,False
116288,False,False
116289,False,False
116290,False,False
116292,False,False
116293,False,False
116294,False,False
116295,False,False
116296,False,True
116297,False,False
116298,False,False
116299,False,False
116300,False,False
116301,False,False
116302,False,False
116303,False,False
116304,False,False
116305,False,False
116306,False,False
116307,False,False
116308,False,False
116309,False,False
116310,False,False
116311,False,False
116312,False,False
116313,False,False
116314,False,False
116315,False,False
116316,False,False
116317,False,False
116318,False,False
116319,False,False
116320,False,False
116321,True,False
116322,False,False
116323,False,False
116324,False,False
116325,False,False
116326,False,False
116327,False,False
116328,False,False
116329,False,False
116330,False,False
116331,False,False
116332,False,False
116333,False,False
116334,False,False
116335,False,False
116336,False,False
116337,False,False
116338,False,False
116339,False,False
116342,False,False
116343,False,False
116344,False,False
116345,False,False
116346,False,False
116348,False,False
116349,False,False
116350,False,False
116351,False,False
116352,False,False
116353,False,False
116354,False,False
116355,False,False
116356,False,False
116357,False,False
116358,False,False
116360,False,False
116361,False,False
116362,True,False
116363,False,False
116364,False,False
116365,False,False
116366,False,False
116368,False,False
116369,False,False
116370,False,False
116371,False,False
116372,False,False
116373,False,False
116374,False,False
116375,False,False
116376,False,False
116377,False,False
116378,False,False
116380,False,False
116381,False,False
116382,False,False
116383,False,False
116385,False,False
116386,False,False
116387,True,False
116388,False,False
116389,False,False
116390,False,False
116391,False,False
116392,False,False
116393,False,False
116394,False,False
116395,False,False
116397,False,False
116398,False,False
116399,False,False
116400,False,False
116402,False,False
116403,False,False
116405,False,False
116407,False,False
116411,False,False
116412,False,False
116413,False,False
116418,False,False
116419,False,False
116422,False,False
116423,False,False
116424,False,False
116428,False,False
116430,False,False
116431,False,False
116432,False,False
116433,False,False
116436,False,False
116437,False,False
116438,False,False
116440,False,False
116445,False,False
116446,False,False
116448,False,False
116450,False,False
116453,False,False
116458,False,False
116465,False,False
116466,False,False
116468,False,False
116469,False,False
116473,True,False
116475,False,False
116478,False,False
116482,False,False
116483,False,False
116486,False,False
116487,False,False
116488,False,False
116489,False,False
116490,True,False
116502,False,False
116504,False,False
116505,False,False
116506,False,False
116507,False,False
116511,False,False
116600,False,False
116603,False,False
116604,False,False
116605,False,False
116607,False,False
116609,False,False
116611,False,False
116614,False,False
116617,False,False
116618,False,False
116620,False,False
116622,False,False
116624,False,False
116625,False,False
116633,False,False
116634,False,False
116635,False,False
116636,False,False
116637,False,False
116639,False,True
116640,False,False
116641,False,False
116642,False,False
116645,False,False
116646,False,False
116650,False,False
116652,False,False
116656,False,False
116660,False,False
116661,False,False
116662,False,False
116663,False,False
116668,False,False
116669,False,False
116670,False,False
116671,False,False
116672,False,False
116673,False,False
116674,False,True
116675,False,False
116676,False,False
116677,False,False
116678,False,False
116679,False,False
116680,False,False
116686,False,False
116701,False,False
116702,False,False
116705,False,False
116707,False,False
116708,False,False
116714,False,False
116715,False,False
116716,False,False
116718,False,False
116721,False,False
116729,False,False
116730,False,False
116731,False,False
116734,False,False
116735,False,False
116743,False,False
116746,False,False
116748,False,False
116763,False,False
116765,False,False
116768,False,False
116769,False,False
116773,False,False
116774,False,False
116778,False,False
116780,False,False
116781,False,False
116782,False,False
116784,False,False
116785,True,False
116793,False,False
116794,False,False
116795,False,False
116796,False,False
116797,False,False
116799,False,False
116800,False,False
116802,False,False
116804,False,False
116806,False,False
116807,False,False
116808,False,False
116810,False,False
116811,False,False
116814,False,False
116815,False,False
116816,False,False
116819,False,False
116821,False,False
116822,False,False
116828,False,False
116830,False,False
116833,False,False
116836,True,False
116837,False,False
116838,False,False
116846,False,False
116848,False,False
116851,False,False
116853,False,False
116854,False,False
116856,False,False
116858,False,False
116859,False,False
116864,False,False
116865,False,False
116867,False,False
116868,False,False
116869,False,False
116870,False,False
116874,False,False
116879,False,False
116880,False,False
116882,False,False
116883,False,False
116884,False,False
116890,False,False
116891,False,False
116892,False,False
116893,False,False
116894,True,False
116895,False,False
116901,False,False
116902,False,False
116903,False,False
116905,False,False
116906,False,False
116907,False,False
116908,False,False
116911,False,False
116913,False,False
116916,False,False
116917,False,False
116918,False,False
116919,True,False
116923,False,False
116936,False,False
116941,False,False
116952,False,False
116957,False,False
116959,False,False
116960,False,False
116984,False,False
116991,False,False
116992,False,False
116999,False,False
117049,False,False
117055,False,False
117062,False,False
117064,False,False
117065,False,False
117066,False,False
117067,False,False
117068,False,False
117069,False,False
117070,False,False
117071,False,False
117072,False,False
117076,False,False
117077,False,False
117078,False,False
117079,False,False
117080,False,False
117083,False,False
117084,False,False
117087,False,False
117088,False,False
117089,False,False
117090,False,False
117091,False,True
117092,False,False
117093,False,False
117096,False,False
117097,False,False
117098,False,False
117099,False,False
117100,False,False
117101,False,False
117102,False,False
117103,False,False
117105,False,False
117106,False,False
117107,False,False
117108,False,False
117109,False,False
117110,False,False
117111,False,False
117113,False,False
117114,False,False
117115,False,False
117117,False,False
117118,False,False
117119,False,False
117120,False,False
117123,False,False
117125,False,False
117126,False,False
117127,False,False
117128,False,False
117129,False,False
117130,False,False
117131,False,False
117132,False,False
117133,False,False
117134,False,False
117135,False,False
117136,False,False
117140,False,False
117141,False,False
117143,False,False
117144,False,False
117145,False,False
117146,False,False
117147,False,False
117148,False,False
117149,False,False
117150,False,False
117151,False,False
117153,False,False
117154,False,False
117156,False,False
117157,False,False
117158,False,False
117159,False,False
117160,False,False
117161,False,False
117162,False,False
117163,False,False
117166,False,False
117167,False,False
117168,False,False
117171,False,False
117174,False,False
117175,False,False
117176,False,False
117177,False,False
117178,False,False
117180,False,False
117181,False,False
117182,False,False
117183,False,False
117186,False,False
117187,False,False
117188,False,False
117189,False,False
117193,False,False
117194,False,False
117195,False,False
117197,False,False
117200,False,False
117206,False,False
117211,False,False
117214,False,False
117217,False,False
117218,False,False
117219,False,False
117220,False,False
117221,False,False
117222,False,False
117223,False,False
117224,False,False
117227,False,False
117230,False,False
117231,False,False
117233,False,False
117234,False,False
117235,False,False
117236,False,False
117242,False,False
117243,False,False
117245,False,False
117249,False,False
117250,False,False
117252,False,False
117253,False,False
117254,False,False
117255,False,True
117256,False,False
117258,False,False
117259,True,False
117260,False,False
117261,False,False
117263,False,False
117266,False,False
117269,False,False
117270,False,False
117271,False,False
117272,False,False
117274,False,False
117276,False,False
117277,False,False
117278,False,False
117279,False,False
117280,False,False
117281,False,False
117283,False,False
117289,False,False
117290,False,False
117292,False,False
117293,False,False
117294,False,False
117296,False,False
117297,False,True
117298,False,False
117303,False,False
117304,False,False
117305,False,False
117306,False,False
117309,False,False
117310,False,False
117311,False,False
117313,False,False
117314,False,False
117315,False,False
117316,False,False
117317,False,False
117319,False,False
117322,False,False
117323,False,False
117324,False,False
117326,False,False
117327,False,False
117328,False,False
117329,False,False
117330,False,False
117331,False,False
117333,False,False
117334,False,False
117335,False,False
117336,False,False
117337,False,False
117340,False,False
117342,False,False
117345,False,False
117349,False,False
117353,False,False
117358,False,False
117361,False,False
117363,False,False
117364,False,False
117365,False,False
117366,False,False
117367,False,False
117368,False,False
117369,False,False
117370,False,False
117371,False,False
117374,False,False
117376,False,False
117377,False,False
117378,False,False
117379,False,False
117382,False,False
117384,False,False
117385,False,False
117386,False,False
117387,False,False
117389,False,False
117390,False,False
117391,False,False
117392,False,False
117393,False,False
117394,False,False
117395,False,False
117396,False,False
117397,False,False
117398,False,False
117400,False,False
117401,False,False
117402,False,False
117403,False,False
117405,False,False
117406,False,False
117407,False,False
117408,False,False
117409,False,False
117410,False,False
117413,False,False
117414,False,False
117415,False,False
117416,False,False
117417,False,False
117418,False,False
117419,False,False
117420,False,False
117421,False,False
117422,False,False
117423,False,False
117424,False,False
117426,False,False
117428,False,False
117430,False,False
117431,False,False
117432,False,False
117433,False,False
117434,False,False
117435,False,False
117437,False,False
117439,False,False
117440,False,False
117441,False,False
117442,False,False
117443,False,False
117444,False,False
117445,False,False
117446,False,False
117448,False,False
117449,False,False
117451,False,False
117452,False,False
117453,False,False
117455,False,True
117456,False,False
117457,False,False
117458,False,False
117459,False,False
117460,False,False
117461,False,False
117462,False,False
117463,False,False
117464,False,False
117465,False,False
117466,False,False
117467,False,False
117469,False,False
117470,False,False
117472,False,False
117473,False,False
117474,False,False
117488,False,False
117490,False,False
117491,False,False
117495,False,False
117496,False,False
117497,False,False
117499,False,False
117504,False,False
117518,False,False
117530,False,False
117534,False,False
117541,False,False
117552,False,False
117554,False,False
117555,False,False
117559,False,False
117562,False,False
117563,False,False
117564,False,False
117565,False,False
117567,False,False
117569,False,False
117570,False,False
117577,False,False
117578,False,False
117665,False,False
117667,False,False
117669,False,False
117670,False,False
117671,False,False
117672,False,False
117674,False,False
117676,False,False
117679,False,False
117680,False,False
117681,False,False
117682,False,False
117683,False,False
117684,False,False
117685,False,False
117686,False,False
117690,False,False
117691,False,False
117692,True,False
117695,False,False
117697,False,False
117698,False,True
117699,False,False
117700,False,False
117726,True,False
117727,False,False
117728,True,False
117733,True,False
117736,False,False
117737,False,False
117740,True,False
117741,False,False
117743,False,False
117747,False,False
117748,False,False
117752,False,False
117753,False,False
117756,False,False
117768,False,False
117771,False,False
117780,False,False
117781,False,False
117787,False,False
117811,False,False
117812,False,False
117823,False,False
117824,False,False
117825,False,False
117830,False,False
117831,False,False
117832,False,False
117833,False,False
117838,False,False
117839,False,False
117840,False,False
117841,False,False
117842,False,False
117852,False,False
117853,False,False
117855,False,False
117858,False,False
117859,False,False
117860,True,False
117861,False,False
117862,True,False
117864,False,False
117866,False,False
117867,False,False
117868,False,False
117872,False,False
117875,True,False
117878,False,False
117881,False,False
117882,False,False
117883,False,False
117885,False,False
117888,True,False
117889,False,False
117891,False,False
117892,True,False
117893,True,False
117894,False,False
117909,False,False
117911,True,False
117912,False,False
117916,False,False
117926,False,False
117934,False,False
117935,True,False
117936,True,False
117937,True,False
117939,True,False
117941,True,False
117942,True,False
117967,True,False
117969,False,False
117970,False,False
117972,False,False
117973,False,False
117974,False,False
117976,False,False
117977,False,False
117980,False,False
117981,False,True
117982,False,False
117983,False,False
117985,False,False
117987,False,False
117989,False,False
117990,False,False
117992,False,False
117993,False,False
117995,True,False
117996,False,False
117997,False,False
117999,False,False
118000,False,False
118001,False,False
118002,False,False
118003,True,False
118004,False,False
118005,False,False
118006,True,False
118007,False,False
118010,True,False
118014,False,False
118016,False,False
118017,True,False
118020,False,False
118022,False,False
118023,True,False
118025,False,False
118026,False,False
118028,False,False
118030,True,False
118034,False,False
118038,False,False
118043,True,False
118044,False,False
118051,True,False
118072,False,False
118073,False,False
118075,False,False
118076,False,False
118082,False,False
118085,False,False
118097,False,False
118109,False,False
118111,False,False
118112,False,False
118120,False,False
118122,False,False
118138,True,False
118140,True,False
118144,False,False
118145,False,False
118146,False,False
118147,False,False
118148,True,False
118156,False,False
118158,False,False
118159,False,False
118160,False,False
118161,False,False
118162,False,False
118163,False,False
118164,False,False
118165,False,False
118167,False,False
118168,False,False
118169,False,False
118172,False,False
118173,False,False
118175,False,False
118176,False,False
118177,False,False
118178,False,False
118179,False,False
118180,False,False
118181,False,False
118182,False,False
118183,False,False
118188,False,False
118192,False,False
118193,False,False
118194,True,False
118195,False,False
118196,False,False
118198,False,False
118199,False,False
118200,False,False
118226,False,False
118227,False,False
118228,False,False
118229,False,False
118254,False,False
118255,False,False
118257,False,False
118258,False,False
118262,False,False
118264,False,False
118266,False,False
118271,True,False
118272,False,False
118273,False,False
118277,False,False
118278,False,False
118279,False,False
118280,False,False
118282,False,False
118283,False,False
118285,False,True
118286,False,False
118288,False,False
118289,False,False
118290,False,False
118291,False,True
118292,False,False
118294,False,False
118295,False,False
118297,False,False
118301,False,False
118302,False,False
118307,False,False
118308,False,False
118309,False,False
118310,False,True
118311,False,False
118313,False,False
118314,False,False
118317,False,False
118320,False,False
118329,False,False
118330,False,False
118336,False,False
118337,False,False
118338,False,False
118341,False,False
118346,False,False
118348,True,False
118354,False,False
118356,False,False
118359,False,False
118361,False,False
118363,True,False
118364,False,False
118365,False,False
118369,False,False
118370,False,False
118371,False,False
118372,False,False
118373,False,False
118374,False,False
118375,False,False
118377,False,False
118381,False,False
118385,False,False
118387,False,False
118393,False,False
118398,False,False
118399,False,False
118400,False,False
118401,False,False
118403,False,False
118405,False,False
118406,False,False
118411,False,False
118414,False,False
118416,False,False
118423,False,False
118436,False,False
118438,True,False
118442,False,False
118449,False,False
118453,False,False
118456,False,False
118459,False,False
118461,False,False
118465,False,False
118468,False,False
118477,False,False
118479,False,False
118480,False,False
118484,False,False
118487,False,False
118488,False,False
118490,True,False
118491,False,False
118493,False,False
118495,False,False
118501,False,True
118505,False,False
118509,False,False
118511,False,False
118515,False,False
118516,False,False
118523,False,False
118524,False,False
118526,False,False
118534,False,False
118536,False,False
118541,False,False
118548,False,False
118551,False,False
118555,False,False
118558,False,False
118566,False,False
118568,False,False
118575,False,False
118576,False,False
118585,False,False
118590,False,False
118592,False,False
118597,False,False
118598,False,False
118600,False,False
118601,False,False
118602,False,False
118603,False,False
118604,False,False
118606,False,False
118607,False,False
118608,False,False
118611,False,False
118613,False,False
118614,False,False
118615,False,False
118616,False,False
118617,False,False
118619,False,False
118620,False,False
118622,False,False
118623,False,False
118625,False,False
118626,False,False
118629,False,False
118630,False,False
118631,False,False
118632,False,True
118634,False,False
118635,False,False
118636,True,False
118637,True,False
118638,False,False
118641,False,False
118643,False,False
118646,True,False
118647,False,False
118649,False,False
118651,False,False
118653,False,False
118654,False,False
118655,False,False
118657,False,False
118659,False,True
118660,True,False
118663,False,False
118664,False,False
118665,False,False
118666,False,False
118672,False,False
118673,False,False
118675,False,False
118676,False,False
118678,False,False
118679,False,False
118680,False,False
118681,False,False
118682,False,False
118683,False,False
118685,False,False
118686,False,False
118687,False,False
118688,False,False
118691,False,False
118693,False,False
118694,False,False
118695,False,False
118696,False,False
118697,False,False
118698,False,False
118701,False,False
118702,False,False
118704,False,False
118705,False,False
118706,False,False
118707,True,False
118709,False,False
118710,False,False
118711,False,False
118712,False,False
118713,False,False
118715,False,False
118716,False,False
118717,False,False
118718,False,False
118720,False,False
118721,False,False
118722,False,False
118724,False,False
118725,False,False
118726,False,False
118728,False,False
118730,False,False
118734,False,False
118735,False,False
118736,False,False
118737,False,True
118738,False,False
118740,False,False
118741,False,False
118744,False,False
118745,False,False
118748,False,False
118750,False,False
118751,False,False
118754,False,False
118764,False,False
118765,False,False
118768,False,False
118769,False,False
118775,False,False
118777,False,False
118779,False,False
118782,False,False
118785,False,False
118788,False,False
118789,False,False
118790,False,False
118806,False,False
118835,False,False
118836,False,False
118840,False,False
118843,False,False
118846,False,False
118847,False,False
118849,False,False
118852,False,False
118853,False,False
118858,False,False
118859,False,False
118864,False,False
118867,False,False
118869,False,False
118871,True,False
118879,False,False
118884,False,False
118897,False,False
118898,False,False
118908,False,False
118919,False,False
118928,False,False
118931,False,False
118933,False,False
119026,False,False
119027,False,False
119029,False,False
119032,False,False
119036,False,False
119037,False,False
119040,False,False
119041,False,False
119042,False,False
119044,False,False
119045,False,False
119046,False,False
119050,False,False
119051,False,False
119052,False,False
119055,False,False
119056,False,False
119058,False,False
119059,False,False
119062,False,False
119064,False,False
119065,False,False
119066,False,False
119067,False,False
119070,False,False
119071,False,False
119074,False,False
119078,False,True
119079,False,False
119080,False,False
119083,False,False
119084,False,False
119086,False,False
119088,False,False
119089,False,False
119090,False,False
119091,False,False
119092,False,False
119093,False,False
119095,False,False
119096,False,False
119097,False,False
119099,False,False
119100,False,False
119101,False,False
119103,False,False
119106,False,False
119112,False,False
119115,False,False
119116,False,False
119118,False,False
119119,False,False
119120,False,False
119121,False,False
119122,False,False
119123,False,False
119124,False,False
119125,False,False
119126,False,False
119127,False,False
119128,False,False
119129,False,False
119130,False,False
119132,False,False
119134,False,False
119135,False,False
119136,False,False
119137,False,False
119138,False,False
119139,False,False
119140,False,False
119141,False,False
119145,False,False
119146,False,False
119147,False,False
119148,True,False
119149,True,False
119151,False,False
119152,False,False
119153,False,False
119154,False,False
119155,False,False
119156,False,False
119157,False,False
119158,False,False
119159,False,False
119160,False,False
119161,False,False
119162,False,False
119163,False,False
119164,False,False
119165,True,False
119166,False,False
119168,False,False
119172,False,False
119173,False,False
119174,False,False
119175,False,False
119176,False,False
119177,False,False
119178,False,False
119179,False,False
119180,False,False
119181,False,False
119183,False,False
119184,False,False
119185,False,False
119186,False,False
119187,False,False
119189,False,False
119190,False,False
119191,False,False
119192,False,False
119193,False,False
119194,False,False
119195,False,False
119196,False,False
119198,False,False
119199,False,False
119200,False,False
119201,False,False
119202,False,False
119205,False,False
119206,False,False
119208,False,False
119215,False,False
119217,False,False
119220,False,False
119221,False,False
119222,False,False
119224,False,False
119225,False,False
119226,False,False
119228,False,False
119229,False,False
119230,False,False
119231,False,False
119232,False,False
119233,False,False
119234,False,False
119235,False,False
119236,False,False
119237,False,False
119238,False,False
119239,False,False
119246,False,False
119250,False,False
119251,False,False
119257,False,False
119258,False,False
119260,False,False
119261,False,False
119262,False,False
119264,False,False
119265,False,False
119267,False,False
119270,False,False
119271,False,False
119272,False,False
119273,False,False
119275,False,False
119276,False,False
119277,False,True
119278,False,False
119279,False,False
119280,False,False
119282,False,False
119283,False,False
119284,False,False
119285,False,False
119286,False,False
119287,False,False
119290,False,True
119291,False,False
119292,False,True
119293,False,False
119294,False,False
119296,False,False
119297,False,False
119298,False,False
119299,False,True
119300,False,False
119301,True,False
119304,False,False
119305,False,False
119306,False,False
119307,False,False
119309,False,False
119310,False,False
119311,False,True
119313,False,False
119314,False,False
119315,False,False
119316,False,False
119318,False,False
119319,False,False
119320,False,False
119321,False,True
119322,False,False
119323,False,False
119325,False,False
119326,False,False
119328,False,False
119329,False,False
119330,False,False
119331,False,False
119332,False,False
119333,False,False
119334,False,False
119335,False,False
119336,False,False
119337,False,False
119338,False,False
119339,False,False
119341,False,False
119342,True,False
119343,True,False
119344,False,False
119346,False,False
119347,False,False
119350,False,False
119351,False,False
119352,False,False
119354,False,False
119355,False,False
119356,False,False
119357,False,False
119358,True,False
119360,False,False
119361,False,True
119362,False,False
119363,False,False
119364,False,True
119366,False,False
119367,False,False
119368,False,False
119369,False,False
119370,False,False
119371,False,False
119372,False,False
119374,False,False
119375,False,False
119376,False,False
119377,False,False
119378,False,False
119379,False,False
119380,False,False
119381,False,False
119382,False,False
119383,False,False
119384,False,False
119385,False,False
119386,False,False
119387,False,False
119388,False,False
119389,False,False
119390,False,False
119391,True,False
119392,True,False
119393,False,False
119395,False,False
119396,False,False
119397,False,False
119398,False,False
119402,False,False
119403,False,False
119404,False,False
119405,True,False
119406,False,False
119407,False,False
119408,False,False
119409,False,False
119410,False,False
119411,False,False
119413,False,False
119414,False,False
119415,False,False
119416,False,False
119417,False,False
119418,False,False
119419,True,False
119420,False,False
119421,False,False
119423,False,False
119424,False,False
119425,False,False
119427,False,False
119428,False,False
119429,False,False
119431,False,False
119432,False,False
119433,False,False
119434,False,False
119437,False,False
119438,False,False
119439,False,False
119440,False,False
119442,False,False
119445,False,False
119446,False,False
119447,False,False
119451,False,False
119452,False,False
119453,False,False
119454,False,False
119455,False,False
119458,False,False
119459,False,False
119461,False,False
119462,False,False
119463,False,False
119464,False,False
119465,False,False
119466,False,False
119467,False,False
119468,False,False
119469,False,False
119470,False,False
119472,False,False
119473,False,False
119474,False,False
119475,False,False
119476,False,False
119477,False,False
119478,False,False
119479,False,False
119480,False,False
119481,False,False
119482,False,False
119483,False,False
119484,False,True
119485,False,False
119486,False,False
119487,False,False
119492,False,False
119493,False,False
119495,False,False
119496,False,False
119499,False,False
119501,False,False
119502,False,False
119503,False,False
119505,False,False
119509,False,False
119510,False,False
119511,False,False
119512,False,False
119513,False,False
119514,False,False
119516,False,False
119517,False,False
119518,False,False
119519,True,False
119521,False,False
119522,False,False
119523,False,False
119524,False,False
119525,False,False
119526,False,False
119527,False,False
119528,False,False
119529,False,False
119530,False,False
119531,False,False
119532,False,False
119533,False,False
119534,False,False
119535,False,False
119536,False,False
119537,False,False
119538,False,False
119539,False,False
119540,False,False
119541,False,False
119542,False,False
119543,True,False
119544,True,False
119545,False,False
119546,False,False
119548,False,False
119549,False,False
119550,False,False
119551,False,False
119552,False,False
119553,False,False
119555,True,False
119556,False,False
119557,False,False
119558,False,False
119559,False,False
119560,False,False
119561,False,False
119562,False,False
119563,False,False
119564,False,False
119565,False,False
119567,False,False
119568,False,False
119569,False,False
119570,False,False
119571,False,False
119572,False,False
119573,False,False
119574,False,False
119575,False,True
119576,False,False
119577,False,False
119578,True,False
119583,False,False
119584,False,False
119585,False,False
119586,False,False
119588,False,False
119589,False,False
119592,False,False
119594,False,False
119595,False,False
119602,False,False
119605,False,False
119608,False,False
119609,False,False
119611,False,False
119612,False,False
119613,False,False
119614,False,False
119615,False,False
119619,False,False
119621,False,False
119622,False,False
119627,False,False
119628,False,False
119631,False,False
119633,False,False
119634,False,False
119636,False,False
119637,False,False
119638,True,False
119639,False,False
119640,True,False
119641,False,False
119642,False,False
119643,False,False
119644,False,False
119645,False,False
119646,False,False
119647,False,False
119648,False,False
119649,False,False
119650,False,False
119651,False,False
119654,False,False
119657,False,False
119658,False,False
119659,False,False
119660,False,False
119661,False,False
119663,False,False
119664,False,False
119665,False,False
119667,False,False
119668,False,False
119669,False,False
119670,False,False
119671,False,False
119672,False,False
119673,False,False
119674,False,False
119675,False,False
119676,False,False
119677,False,False
119678,False,False
119679,False,False
119680,False,False
119681,False,False
119682,False,False
119683,False,False
119684,False,False
119686,False,False
119687,False,False
119688,False,False
119689,False,False
119693,False,False
119694,False,False
119695,False,False
119696,False,False
119697,False,False
119698,False,False
119699,False,False
119701,False,False
119704,True,False
119705,False,False
119706,False,False
119707,False,False
119714,True,False
119716,False,False
119722,False,False
119753,False,False
119759,False,False
119765,False,False
119767,False,False
119771,True,False
119773,False,False
119774,False,False
119775,False,False
119779,False,False
119780,False,False
119782,False,False
119784,False,False
119785,False,False
119788,False,False
119789,False,False
119792,False,False
119793,False,False
119794,False,False
119798,False,True
119799,False,True
119800,False,False
119802,False,False
119803,False,False
119804,False,False
119805,False,False
119806,False,False
119807,False,False
119813,False,False
119814,False,False
119816,False,False
119861,False,False
119866,False,False
119871,False,False
119876,False,False
119877,False,False
119878,True,False
119879,False,False
119880,False,False
119883,False,False
119887,False,False
119889,False,False
119892,False,False
119893,False,False
119894,False,False
119895,True,False
119897,True,False
119898,False,False
119903,False,False
119906,False,False
119912,False,False
119913,False,False
119914,False,False
119915,False,False
119916,False,False
119917,False,False
119918,False,False
119925,False,False
119926,False,False
119928,False,False
119929,False,False
119930,False,False
119931,False,False
119932,False,False
119934,False,False
119936,True,False
119942,False,False
119949,False,False
119952,False,False
119953,False,False
119954,False,False
119956,False,False
119957,False,False
119958,False,False
119959,False,False
119961,False,False
119964,False,False
119981,False,False
119986,False,False
119993,False,False
120002,True,False
120003,True,False
120005,False,False
120006,False,False
120009,False,False
120014,False,False
120016,False,False
120017,False,True
120018,False,False
120023,False,True
120026,False,False
120028,False,False
120029,False,False
120034,False,False
120038,False,False
120039,False,False
120047,False,True
120050,False,False
120065,False,False
120068,False,False
120069,False,False
120070,False,False
120071,False,False
120073,False,False
120077,False,False
120079,False,False
120081,False,False
120084,False,False
120086,False,False
120087,False,False
120088,False,False
120095,False,False
120096,False,False
120100,False,False
120101,True,False
120107,False,False
120108,False,False
120114,False,False
120115,False,False
120119,False,False
120120,False,False
120121,False,False
120122,False,False
120123,False,False
120124,False,False
120127,False,False
120129,False,False
120131,False,False
120132,False,False
120134,False,False
120135,False,False
120138,False,False
120141,False,False
120142,False,False
120149,False,False
120151,False,False
120153,False,False
120158,False,False
120159,False,False
120163,False,False
120171,False,False
120172,False,False
120174,True,False
120175,False,False
120176,False,False
120187,False,False
120190,False,False
120192,False,False
120195,False,False
120201,False,False
120229,False,False
120230,False,False
120277,False,False
120281,False,False
120292,False,False
120298,False,False
120348,False,False
120352,False,False
120363,False,True
120364,False,True
120365,False,False
120374,False,False
120375,False,False
120376,False,False
120381,False,False
120382,False,False
120383,False,False
120385,True,False
120387,False,False
120388,False,False
120391,False,False
120392,False,False
120393,False,False
120396,False,False
120398,False,False
120400,False,False
120401,False,False
120406,False,False
120407,True,False
120408,True,False
120410,True,False
120412,False,True
120415,True,False
120417,False,True
120418,False,False
120420,True,False
120422,False,False
120424,True,False
120427,True,False
120429,False,False
120436,False,False
120440,False,False
120443,False,False
120444,False,False
120445,False,False
120450,True,False
120451,False,False
120453,False,False
120454,False,False
120457,False,False
120461,True,False
120463,False,False
120464,True,False
120465,False,False
120466,True,False
120468,False,False
120469,False,False
120471,False,False
120472,False,False
120473,False,False
120478,False,False
120479,True,False
120480,False,False
120481,False,False
120482,False,False
120483,False,False
120485,True,False
120487,False,False
120488,False,False
120491,False,False
120492,False,False
120493,False,False
120496,False,False
120497,False,False
120502,True,False
120506,False,False
120508,False,False
120509,False,False
120511,False,False
120512,False,False
120513,False,False
120514,False,False
120515,False,False
120517,False,False
120518,False,False
120519,False,False
120520,False,False
120522,False,False
120524,False,False
120525,False,False
120526,False,False
120528,False,False
120530,False,False
120532,False,False
120533,False,False
120534,False,False
120536,False,False
120537,False,False
120539,False,False
120540,False,False
120541,False,False
120542,False,False
120544,False,False
120548,False,True
120549,True,False
120551,False,False
120552,False,False
120554,True,False
120556,False,False
120560,False,False
120561,False,False
120562,False,False
120563,False,False
120565,False,False
120566,False,False
120568,False,False
120569,False,True
120570,False,False
120571,False,False
120572,False,False
120573,False,False
120574,False,False
120576,False,False
120577,False,False
120578,False,True
120579,True,False
120580,False,False
120581,False,False
120583,False,False
120584,False,False
120585,False,False
120587,False,False
120588,False,False
120589,False,False
120590,False,False
120594,False,False
120596,True,False
120597,False,False
120601,False,False
120602,False,False
120605,False,False
120606,False,False
120607,False,False
120611,False,True
120613,True,False
120614,True,False
120619,False,False
120623,False,False
120625,False,False
120626,False,False
120627,False,False
120628,False,False
120629,False,False
120630,False,False
120642,True,False
120655,False,False
120674,False,False
120683,True,False
120684,False,False
120686,False,False
120689,False,False
120692,True,False
120695,False,False
120753,False,False
120754,False,False
120755,False,False
120765,False,False
120766,False,True
120767,False,False
120777,False,False
120781,False,False
120783,False,False
120784,False,False
120788,False,False
120789,False,False
120794,False,False
120795,False,False
120796,False,False
120797,False,False
120798,False,False
120808,False,False
120809,False,False
120812,False,False
120815,False,False
120816,False,False
120817,False,False
120818,False,False
120821,False,False
120822,False,False
120825,False,False
120827,False,False
120830,False,True
120835,False,False
120836,False,False
120840,False,False
120841,False,False
120843,False,False
120847,False,False
120848,False,False
120851,False,False
120852,False,False
120853,False,False
120856,False,False
120859,False,False
120862,False,False
120863,False,False
120866,False,False
120867,False,False
120883,True,False
120884,True,False
120887,False,False
120888,False,False
120890,True,False
120896,False,False
120899,False,False
120903,False,False
120904,False,False
120905,False,False
120906,False,False
120908,False,False
120909,False,False
120910,False,False
120911,False,False
120912,False,False
120913,False,False
120914,False,False
120917,False,False
120918,False,False
120920,False,False
120922,False,False
120928,False,False
120932,False,False
120954,False,False
120958,False,False
120972,False,False
120973,False,False
120982,False,False
120987,False,False
120988,False,False
120990,False,False
120995,False,False
120999,False,False
121000,False,False
121011,False,False
121013,False,False
121017,False,False
121018,False,False
121019,False,False
121022,True,False
121026,False,False
121027,False,False
121035,False,False
121036,False,False
121037,False,False
121040,False,False
121041,False,False
121042,False,False
121050,False,False
121053,False,False
121054,False,False
121059,False,False
121061,False,False
121062,False,False
121063,False,False
121066,False,False
121067,False,False
121069,False,False
121081,False,False
121082,False,False
121083,False,False
121086,False,False
121087,False,False
121090,False,False
121092,False,False
121093,False,False
121095,False,False
121096,False,False
121097,False,False
121108,False,False
121110,False,False
121113,False,False
121117,False,False
121123,False,False
121128,False,False
121134,False,False
121135,False,False
121146,False,False
121147,False,False
121149,False,False
121150,False,False
121164,False,False
121190,False,False
121192,False,False
121197,False,False
121199,False,False
121202,False,False
121203,False,False
121205,False,False
121206,False,False
121254,False,False
121256,False,False
121257,False,False
121258,False,False
121260,False,False
121261,False,False
121262,False,False
121264,False,False
121265,False,False
121266,False,False
121267,False,False
121268,False,False
121269,False,True
121270,False,False
121273,False,False
121276,False,False
121277,False,False
121283,False,False
121293,False,False
121296,False,False
121299,False,False
121301,False,False
121302,False,False
121306,False,False
121308,False,False
121309,False,False
121311,False,False
121312,False,False
121313,False,False
121314,False,False
121319,False,False
121321,False,False
121322,False,False
121323,False,False
121324,False,False
121331,False,False
121332,False,False
121333,False,False
121334,False,False
121336,False,False
121337,False,False
121338,False,False
121342,False,False
121344,False,False
121349,False,False
121356,False,False
121357,False,False
121358,False,False
121360,False,False
121361,False,False
121362,False,False
121363,False,False
121365,False,False
121366,False,False
121367,False,False
121368,False,False
121370,False,False
121371,False,False
121372,False,True
121373,False,True
121377,False,False
121380,False,False
121382,False,False
121388,False,False
121391,False,False
121392,False,True
121393,False,False
121395,False,False
121402,False,False
121403,False,False
121404,False,False
121406,False,False
121411,False,False
121413,False,False
121415,False,False
121417,False,False
121419,False,False
121420,False,False
121421,False,False
121423,False,False
121427,False,False
121436,False,False
121444,True,False
121445,False,False
121447,False,False
121448,True,False
121449,False,False
121450,False,False
121451,False,False
121452,False,False
121453,False,False
121455,False,False
121456,False,False
121457,False,False
121459,False,False
121460,False,True
121461,False,False
121472,False,False
121473,True,False
121474,False,False
121477,False,False
121479,False,False
121480,False,False
121481,False,False
121482,False,False
121483,False,False
121484,False,False
121486,False,False
121487,False,False
121491,False,False
121492,False,False
121493,False,False
121495,False,True
121496,False,False
121498,False,False
121499,False,False
121501,False,False
121503,False,False
121504,False,False
121507,False,False
121510,False,False
121513,False,False
121515,False,False
121517,False,False
121518,False,False
121521,False,False
121523,False,False
121524,False,False
121525,False,True
121528,False,False
121531,False,False
121534,False,False
121535,False,False
121536,False,False
121538,False,False
121541,False,False
121542,False,False
121543,False,False
121544,False,False
121547,False,False
121549,False,False
121550,False,False
121551,False,False
121552,False,False
121555,False,False
121558,False,False
121559,False,False
121560,False,False
121562,False,False
121563,False,False
121564,False,False
121566,False,False
121569,False,False
121570,False,False
121572,False,False
121573,False,False
121575,False,False
121576,True,False
121580,False,False
121581,False,False
121586,False,True
121587,False,False
121588,False,False
121592,False,False
121596,False,False
121599,False,False
121600,False,False
121602,False,True
121604,False,False
121606,False,False
121608,False,False
121609,True,False
121610,False,False
121611,False,False
121613,False,False
121614,False,False
121615,False,False
121616,False,False
121619,False,False
121620,False,False
121621,False,False
121622,False,False
121625,False,True
121629,False,False
121631,False,False
121663,False,False
121666,False,False
121667,False,False
121670,False,False
121673,False,False
121679,False,False
121687,False,False
121689,False,False
121690,False,False
121694,False,False
121699,False,False
121702,True,False
121711,False,False
121716,False,False
121721,False,True
121765,False,False
121766,False,False
121771,False,False
121772,False,False
121776,False,False
121778,False,False
121782,False,False
121783,False,False
121784,False,False
121785,False,False
121786,False,False
121787,False,False
121788,False,False
121791,False,False
121792,False,False
121794,False,False
121798,False,False
121799,False,False
121800,False,False
121803,False,False
121808,False,False
121811,False,False
121812,False,False
121814,False,False
121821,False,False
121822,False,False
121826,False,False
121827,False,False
121843,False,False
121844,False,False
121845,False,False
121847,False,False
121849,False,False
121850,False,False
121851,False,False
121854,False,False
121857,False,False
121861,False,False
121864,False,False
121865,False,False
121871,False,False
121876,False,False
121877,False,False
121891,False,False
121901,False,False
121912,False,False
121920,False,False
121922,False,False
121924,False,False
121926,False,False
121927,False,False
121931,False,False
121939,False,False
121942,False,False
121943,False,False
121945,False,False
121951,False,False
121952,False,False
121957,False,False
121961,False,False
121964,False,False
121967,False,False
121969,False,False
121970,False,False
121971,False,False
121972,False,False
121975,False,False
121976,False,False
121985,False,False
121992,False,False
121993,False,False
121994,False,False
121998,False,False
122002,False,False
122003,False,False
122007,False,False
122011,False,False
122012,False,False
122013,False,False
122017,False,False
122025,False,False
122027,False,False
122031,False,False
122040,False,False
122045,False,False
122048,False,False
122066,False,False
122069,False,False
122076,False,False
122086,False,False
122096,False,False
122102,False,False
122108,False,False
122109,False,False
122112,False,False
122160,False,False
122170,False,False
122171,False,False
122173,False,False
122174,False,False
122176,False,False
122177,False,False
122178,False,False
122179,False,False
122180,False,False
122181,False,False
122183,False,False
122185,False,False
122186,False,False
122187,False,False
122191,False,False
122193,False,False
122194,False,False
122195,False,False
122196,False,False
122197,False,False
122198,False,False
122199,False,False
122202,False,False
122203,False,False
122210,False,False
122214,False,False
122215,False,False
122216,False,False
122221,False,False
122222,False,False
122223,False,False
122224,False,False
122225,False,False
122226,False,False
122227,False,False
122228,False,False
122232,False,False
122233,False,False
122234,False,False
122236,False,False
122239,False,False
122240,False,False
122242,False,False
122243,False,False
122244,False,False
122247,False,False
122248,False,False
122254,False,False
122258,False,False
122261,False,False
122264,False,False
122266,False,False
122268,False,False
122269,False,False
122271,False,False
122272,False,False
122273,False,False
122279,False,False
122281,False,False
122282,False,False
122283,False,False
122285,False,False
122287,False,False
122291,False,False
122293,False,False
122294,False,False
122295,False,False
122299,False,False
122302,False,False
122326,False,False
122328,False,False
122334,False,False
122335,False,False
122348,False,False
122350,False,False
122352,False,False
122354,False,False
122363,False,False
122374,False,False
122382,False,False
122383,False,False
122384,False,False
122385,False,False
122388,False,False
122389,False,False
122404,False,False
122414,False,False
122416,True,False
122426,False,False
122427,False,False
122440,False,False
122441,False,False
122442,False,False
122452,False,False
122453,False,False
122456,False,False
122463,False,False
122465,False,True
122468,False,False
122474,False,False
122476,False,False
122480,False,True
122481,False,False
122486,False,False
122488,False,False
122490,False,False
122493,False,False
122496,False,False
122497,False,False
122498,False,False
122501,False,False
122511,False,False
122516,False,False
122520,False,False
122525,False,False
122530,False,False
122531,False,False
122532,False,False
122535,False,False
122536,False,False
122540,True,False
122541,True,False
122545,False,False
122546,False,False
122547,False,False
122551,False,False
122555,False,False
122556,False,False
122561,False,False
122566,False,False
122571,False,False
122575,False,False
122578,False,False
122579,False,False
122580,False,False
122581,False,False
122584,False,False
122585,False,False
122586,False,False
122587,False,False
122589,False,False
122596,True,False
122597,False,False
122598,True,False
122600,False,False
122603,False,False
122612,False,False
122615,False,False
122621,False,False
122625,False,False
122627,False,False
122628,False,False
122631,False,False
122636,False,False
122638,False,False
122639,False,False
122640,False,False
122641,False,False
122644,False,False
122645,False,False
122650,False,False
122654,False,False
122655,False,False
122656,False,True
122657,False,False
122658,False,False
122659,False,False
122662,False,False
122663,False,True
122668,False,False
122669,False,False
122670,False,False
122671,False,False
122675,False,False
122678,False,True
122680,False,False
122681,False,False
122702,False,False
122703,False,False
122717,False,False
122722,False,False
122727,False,False
122729,False,False
122730,False,False
122731,False,False
122732,False,False
122733,False,False
122734,False,False
122741,False,False
122742,False,False
122743,False,False
122744,False,False
122746,False,False
122749,False,False
122751,False,False
122752,False,False
122753,True,False
122756,False,False
122757,False,False
122758,False,False
122762,False,False
122764,False,False
122766,False,False
122767,False,False
122770,False,False
122771,False,False
122772,False,False
122788,False,False
122792,False,False
122793,False,False
122794,False,False
122796,False,False
122799,False,False
122802,False,False
122806,False,False
122808,False,False
122809,False,False
122810,False,False
122854,False,True
122953,False,False
122955,False,False
122956,False,False
122957,False,False
122964,False,False
122967,False,False
122968,False,False
122969,True,False
122970,False,False
122972,False,False
122974,False,False
122983,False,False
122994,False,False
122996,False,False
122997,False,False
123001,False,False
123002,False,False
123003,False,False
123006,False,False
123007,False,False
123008,False,False
123009,True,False
123011,False,False
123016,False,False
123021,False,False
123022,False,False
123023,False,False
123025,False,False
123028,False,False
123031,False,False
123034,False,False
123036,False,False
123037,False,False
123038,False,False
123039,False,True
123040,False,False
123041,False,False
123046,False,False
123047,False,False
123050,True,False
123057,False,False
123059,False,False
123062,False,False
123063,False,False
123072,False,False
123073,False,False
123074,False,False
123076,False,False
123080,False,False
123085,False,False
123087,False,False
123096,False,False
123097,False,False
123098,False,False
123100,False,False
123101,False,False
123102,False,False
123103,False,False
123105,False,False
123106,False,False
123107,False,False
123108,False,False
123110,False,False
123115,False,False
123116,False,False
123118,False,False
123119,False,False
123124,False,False
123126,False,False
123127,False,False
123128,False,False
123129,False,False
123130,False,False
123131,False,False
123133,False,False
123135,False,False
123136,False,False
123139,False,False
123140,False,False
123142,True,False
123143,False,False
123146,False,False
123151,False,False
123154,False,False
123155,False,False
123157,False,False
123159,False,False
123161,False,False
123166,False,False
123170,False,False
123173,False,False
123176,False,False
123177,False,False
123178,False,False
123179,False,False
123183,False,False
123187,False,False
123188,False,False
123197,False,False
123198,False,False
123200,False,False
123201,False,False
123203,False,False
123204,False,False
123211,False,False
123212,False,True
123213,False,True
123214,False,False
123216,False,False
123218,False,False
123219,False,False
123222,False,False
123223,False,False
123224,False,False
123225,False,False
123227,False,False
123236,False,False
123273,False,False
123329,False,False
123330,False,False
123331,False,False
123332,False,False
123333,False,False
123337,False,False
123347,False,False
123348,False,False
123349,False,False
123350,False,False
123358,False,False
123359,False,False
123364,False,False
123366,False,False
123370,False,False
123371,False,False
123377,False,False
123378,False,False
123383,False,False
123384,False,False
123385,False,False
123396,False,False
123397,False,False
123399,False,False
123403,False,False
123404,False,False
123406,False,False
123410,False,False
123424,False,False
123429,False,False
123433,False,False
123435,False,False
123437,False,False
123438,False,False
123441,False,False
123443,False,False
123445,False,False
123447,False,False
123451,False,False
123452,False,False
123453,False,False
123456,False,False
123457,False,False
123458,False,False
123463,False,False
123467,False,False
123468,False,False
123473,False,False
123474,False,False
123475,False,False
123477,False,False
123478,False,False
123480,False,False
123481,False,False
123482,False,False
123484,False,False
123485,False,False
123487,False,True
123488,False,False
123489,False,False
123490,False,False
123491,False,False
123493,False,False
123496,False,False
123497,False,False
123500,False,False
123502,False,False
123503,False,False
123505,False,False
123507,False,False
123508,False,False
123510,False,False
123512,False,False
123513,False,False
123517,False,False
123518,False,False
123519,False,False
123520,False,False
123523,False,False
123525,False,False
123526,False,False
123527,False,False
123528,False,False
123529,False,False
123532,False,False
123534,False,False
123537,False,True
123539,False,False
123541,False,False
123542,True,False
123546,False,False
123549,False,False
123556,False,False
123557,False,False
123559,False,False
123564,False,False
123627,False,False
123629,False,False
123631,False,False
123635,False,False
123641,False,False
123642,False,False
123643,False,False
123644,False,False
123650,False,False
123651,False,False
123653,False,False
123658,False,False
123660,False,False
123664,False,False
123667,False,False
123669,False,False
123672,False,False
123678,False,False
123679,True,False
123681,False,False
123683,False,False
123689,False,False
123695,True,False
123697,True,False
123701,False,False
123703,False,False
123705,False,False
123706,False,False
123710,False,False
123711,False,False
123713,False,False
123714,False,False
123718,False,False
123719,False,False
123720,False,False
123724,False,False
123726,False,False
123730,False,False
123738,False,False
123739,False,False
123743,False,False
123745,False,False
123746,False,False
123747,False,False
123751,False,False
123752,False,False
123754,False,False
123756,False,False
123759,False,False
123761,False,False
123762,False,False
123764,False,False
123774,False,False
123776,False,False
123779,False,False
123780,False,False
123782,False,False
123783,False,False
123784,False,False
123786,False,True
123789,False,False
123793,False,False
123795,False,False
123796,False,False
123800,False,False
123815,False,False
123821,False,False
123823,False,False
123827,False,False
123828,False,False
123830,False,False
123831,False,False
123833,False,False
123835,False,False
123836,False,False
123837,False,False
123841,False,False
123843,False,False
123849,False,False
123850,False,False
123851,False,False
123852,False,False
123854,False,False
123855,False,False
123856,False,False
123860,False,False
123871,False,False
123878,False,False
123893,False,False
123899,False,False
123900,False,False
123938,True,False
123940,False,False
123944,False,False
123945,False,False
123962,False,False
123967,False,False
123970,False,False
123999,False,False
124003,False,False
124020,False,False
124024,False,False
124030,False,False
124040,False,False
124054,False,False
124056,False,False
124057,False,False
124061,False,False
124062,False,False
124067,False,False
124068,False,False
124070,False,False
124072,False,False
124076,False,False
124084,False,False
124085,False,False
124087,False,False
124104,False,False
124110,False,False
124115,False,False
124130,False,False
124141,False,False
124146,False,False
124147,False,False
124150,False,False
124151,False,False
124155,False,False
124162,False,False
124163,False,False
124164,False,False
124165,False,False
124166,False,False
124168,False,False
124171,False,False
124174,False,False
124175,False,False
124176,False,False
124177,False,False
124183,False,False
124190,False,False
124192,False,False
124193,False,False
124195,False,False
124199,False,False
124202,False,False
124205,False,False
124207,False,False
124209,False,False
124227,False,False
124232,False,False
124233,False,False
124234,False,False
124235,False,False
124238,False,False
124240,False,False
124257,False,False
124265,False,False
124267,False,False
124268,False,False
124269,False,False
124274,False,False
124275,False,False
124278,False,False
124279,False,False
124289,False,False
124290,False,False
124291,False,False
124294,True,False
124299,False,False
124309,False,False
124326,False,False
124337,False,False
124343,False,False
124344,False,False
124345,False,False
124349,False,False
124351,False,False
124354,False,False
124357,False,False
124360,False,False
124369,False,False
124372,False,False
124373,False,False
124375,False,False
124376,False,False
124381,False,False
124392,True,False
124395,False,False
124400,False,False
124408,False,False
124426,False,False
124437,False,False
124449,False,False
124453,False,False
124464,False,False
124467,False,False
124496,False,False
124508,False,False
124518,False,False
124525,False,False
124531,False,False
124534,False,False
124536,False,False
124537,False,False
124538,False,False
124539,False,False
124540,False,False
124543,False,False
124547,False,False
124550,False,False
124552,False,False
124559,False,False
124565,False,False
124572,False,False
124574,False,False
124577,False,False
124578,False,False
124582,False,False
124584,False,False
124588,False,False
124593,False,False
124595,False,False
124597,False,False
124602,False,False
124609,False,False
124613,False,False
124614,False,False
124618,False,False
124619,False,False
124624,False,False
124625,False,False
124627,False,False
124628,False,False
124645,False,False
124654,False,False
124675,False,False
124676,False,False
124680,False,False
124681,False,False
124682,False,False
124685,False,False
124686,False,False
124688,False,False
124689,False,False
124690,False,False
124691,False,False
124692,False,False
124698,False,False
124699,False,False
124702,False,False
124703,False,False
124706,False,False
124709,False,False
124710,False,False
124712,False,False
124717,False,False
124718,False,False
124723,False,False
124727,False,False
124729,False,False
124732,False,False
124735,False,False
124744,False,False
124748,False,False
124749,False,False
124750,False,False
124751,False,False
124754,False,False
124757,False,False
124758,False,False
124763,False,False
124764,False,False
124770,False,False
124772,False,False
124774,False,False
124775,False,False
124781,False,False
124782,False,False
124786,False,False
124802,False,False
124840,False,False
124856,False,False
124903,False,False
124911,False,False
124912,False,False
124913,False,False
124939,False,False
124946,False,False
124952,False,False
124953,False,True
124964,False,False
124966,False,False
124968,False,False
124979,False,False
124980,False,False
124982,False,False
124983,False,False
124986,False,False
124987,False,False
124994,False,False
124996,False,False
125003,False,False
125004,False,False
125008,False,False
125009,False,False
125012,False,False
125014,False,False
125017,False,False
125019,False,False
125021,False,False
125023,False,False
125025,False,False
125028,False,False
125029,False,False
125037,False,False
125042,False,False
125044,False,False
125049,False,False
125051,False,False
125055,False,True
125056,False,False
125058,False,False
125060,False,False
125065,False,False
125066,False,False
125067,False,False
125068,False,False
125070,False,False
125072,True,False
125073,False,False
125075,False,False
125077,False,False
125081,False,False
125083,False,False
125088,False,False
125094,False,False
125096,False,True
125104,False,True
125107,False,True
125108,False,False
125113,False,False
125116,False,False
125122,False,False
125124,False,False
125125,False,False
125126,False,False
125137,False,False
125143,False,False
125145,False,False
125148,False,False
125149,False,False
125150,False,True
125153,False,False
125159,False,False
125160,False,False
125163,False,False
125164,False,False
125165,False,False
125167,False,False
125168,False,False
125170,False,False
125173,False,False
125174,False,False
125176,False,False
125178,False,False
125179,False,False
125180,False,False
125181,False,False
125182,False,False
125183,False,False
125184,False,False
125186,False,False
125189,False,False
125190,False,False
125191,False,False
125192,False,False
125193,False,False
125194,False,False
125196,False,False
125197,False,False
125198,False,False
125199,False,False
125200,False,False
125201,False,False
125202,False,False
125204,False,False
125205,False,False
125211,False,False
125212,False,True
125218,False,False
125219,False,False
125228,False,True
125229,False,True
125230,False,False
125231,True,False
125238,False,False
125242,False,False
125245,False,False
125246,False,False
125271,False,False
125273,False,True
125278,False,False
125279,False,False
125284,False,False
125288,False,False
125293,False,False
125296,False,False
125298,False,False
125314,False,False
125452,False,False
125453,False,False
125454,False,False
125456,False,False
125458,False,False
125459,False,False
125468,False,False
125469,False,False
125473,False,False
125474,False,False
125477,False,False
125478,False,False
125481,False,False
125484,False,False
125486,False,False
125487,False,False
125488,False,False
125490,True,False
125491,False,False
125500,False,False
125507,False,False
125510,False,False
125511,False,False
125512,False,False
125513,False,False
125515,False,False
125519,False,False
125521,False,True
125525,False,False
125526,False,False
125528,False,False
125530,False,False
125537,False,False
125539,False,False
125545,False,False
125550,False,False
125551,False,False
125552,False,False
125554,False,False
125559,False,False
125560,False,False
125561,False,False
125562,False,False
125563,False,False
125565,False,False
125566,False,False
125570,False,False
125573,False,False
125575,False,False
125576,False,False
125579,False,False
125580,False,False
125581,False,False
125584,False,False
125585,False,False
125591,False,False
125595,False,False
125598,False,False
125603,False,False
125605,False,False
125607,False,False
125609,False,False
125610,False,False
125616,False,False
125618,False,False
125620,False,False
125623,False,False
125625,False,False
125631,False,False
125635,False,False
125637,False,False
125639,False,False
125640,False,False
125646,False,False
125653,False,False
125654,False,False
125656,False,False
125657,False,False
125660,False,False
125662,False,False
125665,False,False
125666,False,False
125667,False,False
125670,False,False
125676,False,False
125677,False,False
125681,False,True
125682,False,False
125684,False,False
125689,False,False
125701,False,False
125714,False,False
125716,False,False
125717,True,False
125719,False,False
125721,True,False
125729,False,False
125760,False,False
125761,False,False
125762,False,False
125764,False,False
125794,False,False
125805,False,False
125807,False,False
125808,False,False
125809,False,False
125810,False,False
125816,False,False
125819,False,False
125820,False,False
125821,False,False
125825,False,False
125826,False,False
125829,False,False
125830,False,False
125832,False,False
125835,False,False
125836,False,False
125837,False,False
125838,False,False
125841,False,False
125845,False,False
125846,False,False
125847,False,False
125848,False,False
125849,False,False
125853,False,False
125854,False,False
125856,False,False
125857,False,False
125858,True,False
125859,False,False
125860,False,False
125862,False,False
125863,False,False
125865,False,False
125868,False,False
125873,False,False
125874,False,False
125875,False,False
125878,False,False
125880,False,False
125883,False,False
125885,False,False
125887,False,False
125901,False,False
125905,False,False
125914,True,False
125918,False,False
125919,False,False
125921,False,False
125922,False,False
125927,False,False
125928,False,False
125929,False,False
125931,False,False
125932,False,False
125933,False,False
125939,False,False
125940,False,False
125941,False,False
125943,False,False
125944,False,False
125945,False,False
125949,False,False
125952,False,False
125954,False,False
125955,False,False
125958,False,False
125959,False,False
125961,False,False
125962,False,False
125964,False,False
125965,False,False
125967,False,False
125968,False,False
125970,False,False
125971,False,False
125972,False,False
125973,False,False
125974,False,False
125976,False,False
125978,False,False
125979,False,False
125980,False,False
125981,False,True
125982,False,False
125984,False,False
125985,False,False
125987,False,False
125988,False,False
125989,False,False
125990,False,False
125991,False,False
125992,False,False
125993,False,True
125994,False,False
125995,False,False
125996,False,False
125997,False,False
125998,False,False
125999,False,False
126000,False,True
126001,False,False
126002,False,False
126003,False,False
126005,False,False
126007,False,False
126009,False,False
126010,False,False
126011,False,False
126012,False,False
126013,False,False
126015,False,False
126016,False,False
126017,False,False
126018,False,False
126019,False,False
126020,False,False
126021,False,False
126022,False,False
126024,False,False
126025,False,False
126027,False,False
126029,False,False
126030,False,False
126033,False,False
126036,False,False
126037,False,False
126038,False,False
126039,False,False
126045,False,False
126046,False,False
126047,False,True
126048,False,False
126050,False,False
126051,False,False
126052,False,False
126057,False,False
126060,False,False
126064,False,False
126065,False,False
126066,False,False
126068,False,False
126069,False,False
126080,False,False
126081,False,False
126085,False,False
126087,False,False
126088,False,False
126089,False,False
126093,False,False
126094,False,False
126095,False,False
126096,False,False
126098,False,False
126154,False,False
126155,False,False
126157,False,False
126159,False,False
126160,False,False
126161,False,False
126162,False,False
126163,False,False
126169,False,False
126170,False,False
126171,False,False
126178,False,False
126182,False,False
126183,False,False
126188,False,False
126198,False,False
126199,False,False
126200,False,False
126204,False,False
126205,False,False
126206,False,False
126210,False,False
126228,False,False
126233,False,False
126235,False,False
126240,False,False
126248,False,False
126252,False,False
126253,False,False
126254,False,False
126260,False,False
126262,False,False
126263,False,False
126264,False,False
126265,False,False
126269,False,False
126289,False,False
126291,False,False
126293,False,False
126297,False,False
126300,False,False
126303,False,False
126305,False,False
126306,False,False
126313,False,False
126316,False,False
126317,False,False
126318,False,False
126319,True,False
126320,False,False
126324,False,False
126327,False,False
126328,False,False
126329,False,False
126330,False,False
126332,False,False
126333,False,False
126334,False,False
126335,False,False
126343,False,True
126345,False,False
126349,False,False
126350,False,False
126351,False,False
126356,False,False
126360,False,False
126361,False,False
126362,False,False
126366,False,False
126368,False,False
126369,False,False
126374,False,False
126379,False,False
126382,False,False
126388,False,False
126390,False,False
126392,False,False
126394,False,False
126397,False,False
126400,False,False
126411,True,False
126419,False,False
126424,False,False
126425,False,True
126429,False,False
126430,False,False
126431,False,False
126438,True,False
126439,False,False
126440,False,False
126443,False,False
126444,False,False
126446,False,False
126458,False,False
126473,False,False
126475,False,True
126479,False,False
126481,False,False
126483,False,False
126489,False,False
126492,False,False
126493,False,False
126510,False,False
126549,False,False
126550,False,False
126562,False,False
126563,True,False
126564,True,False
126565,False,False
126911,False,False
127046,False,False
127133,False,False
127715,False,False
127802,False,False
128077,False,False
128088,False,False
129342,False,False
129466,False,False
129645,False,False
129650,False,False
129823,False,False
130095,False,False
130256,False,False
130259,False,False
130261,False,False
130262,False,False
130270,False,False
130296,False,False
130302,False,False
130303,False,False
130305,False,False
130312,False,False
130316,False,False
130324,False,False
130325,False,False
130328,False,False
130336,True,False
130340,False,False
130342,False,False
130343,False,False
130344,False,False
130349,False,False
130352,True,False
130353,False,False
130357,False,False
130358,False,False
130359,False,False
130362,False,False
130371,False,False
130372,False,False
130375,False,False
130379,False,False
130380,False,False
130381,False,False
130382,False,False
130384,False,False
130395,False,False
130396,False,False
130856,False,False
130861,False,False
130862,False,False
130863,False,False
130864,False,False
130866,False,False
130868,False,False
130870,False,False
130877,False,False
130878,False,False
130881,True,False
130883,False,False
130884,False,False
130885,False,False
130886,False,False
130887,False,False
130889,False,False
130893,False,False
130894,False,False
130895,False,False
130896,False,False
130897,False,False
130898,False,False
130908,False,False
130909,False,False
130910,False,False
130912,False,False
130915,False,False
130918,False,False
130919,False,False
130921,False,False
130925,False,False
130927,False,True
130931,False,False
130932,False,False
130934,False,False
130938,False,False
130940,False,False
130942,False,False
130946,False,False
130948,False,False
130949,False,False
130951,False,False
130952,False,False
130954,False,False
130955,False,False
130958,False,False
130961,False,False
130962,False,False
130964,False,False
130972,False,False
130977,False,False
130978,False,False
130984,False,False
130987,False,False
130991,False,False
130995,False,False
130996,False,False
130998,False,False
131002,False,False
131005,False,False
131006,False,False
131007,False,False
131013,False,False
131017,False,False
131019,False,False
131020,False,False
131021,False,False
131022,False,False
131023,False,False
131030,False,False
131036,False,False
131038,False,False
131057,False,False
131062,False,False
131065,False,False
131066,False,False
131068,False,False
131072,False,False
131073,False,False
131077,False,False
131079,False,False
131081,False,False
131082,False,False
131083,False,False
131089,False,False
131096,False,False
131099,False,False
131100,False,False
131102,False,False
131103,False,False
131105,False,False
131106,False,False
131107,False,False
131108,False,False
131109,True,False
131111,False,False
131116,False,False
131117,False,False
131125,False,True
131130,False,False
131134,False,False
131141,False,False
131144,False,False
131145,False,False
131151,False,False
131153,False,False
131156,False,False
131157,False,False
131168,False,False
131175,False,False
131177,False,False
131178,False,False
131182,False,False
131184,False,False
131189,False,False
131192,False,False
131197,False,True
131200,False,False
131201,False,False
131203,False,False
131209,False,False
131212,False,False
131213,False,False
131216,False,False
131217,False,False
131219,False,False
131221,False,False
131223,False,False
131225,False,False
131228,False,False
131231,False,False
131232,False,False
131233,False,False
131238,False,False
131239,False,False
131241,False,False
131246,False,False
131247,False,False
131249,False,False
131250,False,False
131251,False,False
131258,False,False
131259,False,False
131262,False,False
131271,False,False
131272,False,False
131277,False,True
131281,False,False
131285,False,False
131287,False,False
131294,False,False
131295,False,False
131304,False,False
131306,False,False
131309,False,True
131310,False,False
131316,False,False
131319,False,False
131322,False,False
131325,False,False
131331,False,False
131332,False,False
131340,False,False
131341,False,False
131348,False,False
131349,False,False
131357,False,False
131359,False,False
131367,False,False
131397,False,False
131401,False,False
131407,False,False
131410,False,False
131414,False,False
131416,False,False
131420,False,False
131421,False,False
131425,False,False
131426,False,False
131433,False,False
131442,False,False
131443,False,False
131447,False,False
131450,False,False
131456,False,False
131457,False,False
131459,False,False
131465,False,False
131466,False,False
131478,False,False
131479,False,False
131480,False,False
131490,False,False
131505,False,False
131512,False,False
131513,False,False
131516,False,False
131520,True,False
131522,False,False
131523,False,False
131526,False,False
131527,False,False
131530,False,False
131534,False,False
131535,False,False
131544,False,False
131545,False,False
131552,False,False
131554,False,False
131559,False,False
131570,False,False
131574,False,False
131577,False,False
131579,False,False
131580,False,False
131581,False,False
131584,False,False
131590,False,False
131591,False,False
131595,False,False
131596,True,False
131597,False,False
131602,False,False
131603,False,False
131609,False,False
131617,False,False
131619,False,False
131625,False,False
131629,False,False
131638,False,False
131642,False,False
131652,False,False
131657,False,False
131672,False,False
131673,False,False
131682,False,False
131685,False,False
131690,False,False
131693,False,False
131697,False,False
131698,False,False
131699,False,False
131706,False,False
131717,False,False
131718,False,False
131720,False,False
131722,False,False
131723,False,False
131724,False,False
131726,False,False
131727,False,False
131731,False,False
131734,True,False
131737,False,False
131740,False,False
131747,True,False
131748,False,False
131749,False,False
131752,False,False
131753,False,False
131757,False,False
131772,False,False
131773,False,False
131775,False,False
131782,False,False
131783,False,False
131784,False,False
131789,False,False
131799,False,False
131800,False,False
131806,False,False
131814,False,False
131815,False,False
131818,False,False
131824,False,False
131827,False,False
131836,False,False
131837,False,False
131838,False,False
131839,False,False
131841,False,False
131842,False,False
131843,True,False
131844,False,False
131845,False,False
131847,False,False
131849,False,False
131850,False,False
131851,False,False
131852,False,False
131871,False,False
131874,True,False
131879,False,False
131880,False,False
131884,False,False
131885,False,False
131889,False,False
131895,False,False
131896,False,False
131897,False,False
131907,False,False
131916,False,False
131920,False,False
131930,False,False
131931,False,False
131933,False,False
131936,False,False
131938,False,False
131956,False,False
131962,False,False
131969,False,False
131970,False,False
131986,False,False
131987,False,False
131996,False,False
132007,False,False
132014,False,False
132018,False,False
132025,False,False
132027,False,False
132031,False,False
132033,False,False
132047,False,False
132051,False,False
132056,True,False
132057,False,False
132058,False,True
132073,False,False
132074,False,False
132076,False,False
132077,False,False
132086,False,False
132089,False,False
132091,False,False
132093,False,False
132104,False,False
132105,False,False
132121,False,False
132128,False,False
132130,False,False
132133,False,False
132137,False,False
132140,False,False
132142,False,False
132147,False,False
132148,False,False
132151,False,False
132152,False,False
132155,False,False
132164,False,False
132169,False,False
132170,False,False
132172,False,False
132176,False,False
132179,False,True
132185,False,False
132188,False,False
132194,False,False
132195,False,False
132196,False,False
132197,False,False
132199,False,False
132203,False,False
132208,False,False
132209,False,False
132211,False,False
132212,False,False
132215,False,False
132225,False,False
132226,False,False
132228,False,False
132229,False,True
132231,False,False
132232,False,False
132233,False,False
132236,False,False
132241,False,False
132242,False,False
132243,False,False
132245,False,False
132246,False,False
132247,False,True
132250,False,False
132251,False,False
132253,False,False
132256,False,False
132260,False,False
132261,False,False
132263,False,False
132264,False,False
132266,False,False
132349,False,False
132711,False,False
132727,False,False
132731,False,False
132741,False,False
132763,False,False
132764,False,False
132766,False,False
132768,False,False
132770,False,False
132771,False,False
132786,False,False
132787,False,False
132789,False,False
132793,False,False
132795,False,False
132796,False,False
132799,False,False
132800,False,False
132801,False,False
132802,False,False
132808,False,False
132812,False,False
132815,False,False
132816,False,False
132824,False,False
132827,False,False
132832,False,False
132835,False,False
132905,False,False
132927,True,False
133060,False,False
133114,True,False
133164,False,False
133177,False,False
133233,False,False
133255,False,False
133261,False,False
133264,False,False
133269,False,False
133270,False,False
133272,False,False
133273,False,False
133278,False,False
133284,False,False
133286,False,False
133288,False,False
133292,False,False
133300,False,False
133303,False,False
133311,False,False
133312,False,False
133315,False,False
133316,False,False
133317,False,False
133318,False,False
133320,False,False
133321,False,False
133322,False,False
133323,False,False
133326,False,False
133329,False,False
133330,False,False
133331,False,False
133332,False,False
133333,False,False
133334,False,False
133335,False,False
133336,False,False
133337,False,False
133338,False,False
133343,False,False
133364,False,False
133365,False,False
133372,False,False
133374,False,False
133384,False,False
133386,False,False
133390,False,False
133397,False,False
133398,False,False
133401,False,False
133405,False,False
133409,False,False
133421,False,False
133432,False,False
133437,False,False
133440,False,False
133441,False,False
133446,False,False
133474,False,False
133476,False,False
133481,False,True
133486,False,False
133488,False,False
133516,False,False
133519,False,False
133532,False,False
133538,False,False
133545,True,False
133546,False,False
133552,False,False
133555,False,False
133556,False,False
133560,False,False
133561,False,False
133574,True,False
133580,False,True
133581,False,False
133583,False,False
133599,False,False
133600,False,False
133605,False,False
133615,False,False
133622,False,False
133627,False,False
133637,True,False
133645,False,False
133653,False,False
133660,False,False
133661,False,False
133662,False,False
133668,False,False
133669,False,False
133675,False,False
133676,False,False
133680,False,False
133688,False,False
133689,False,False
133691,False,False
133697,False,False
133700,False,False
133701,False,False
133702,False,False
133704,False,False
133707,False,False
133712,False,False
133718,False,False
133719,False,False
133720,False,False
133721,False,False
133724,False,False
133725,False,False
133727,False,False
133728,False,False
133731,False,False
133732,False,False
133740,False,False
133744,False,False
133748,True,False
133749,True,False
133754,False,False
133756,False,False
133758,False,False
133759,False,False
133768,False,False
133770,False,False
133773,False,False
133774,False,False
133778,False,False
133779,False,False
133893,False,False
133925,False,False
133926,False,False
133929,False,False
133930,False,False
133931,False,False
133932,False,False
133934,False,False
133935,False,False
133936,False,False
133938,False,False
133939,False,False
133943,False,False
133944,False,False
133945,False,False
133961,False,False
133967,False,False
133973,False,False
133975,False,False
133980,False,False
133987,False,False
133994,False,False
133996,False,False
134003,False,False
134009,True,False
134028,False,False
134041,False,False
134042,False,False
134043,False,False
134057,False,False
134064,False,False
134065,False,False
134072,False,False
134073,False,False
134076,False,False
134080,False,False
134094,False,False
134098,False,False
134099,False,False
134102,False,False
134108,False,False
134109,False,False
134127,False,False
134130,False,False
134151,False,False
134155,False,False
134159,False,False
134160,False,False
134185,False,False
134187,False,False
134190,False,False
134195,False,False
134210,False,False
134211,False,False
134214,False,False
134217,False,False
134220,False,False
134222,True,False
134223,False,False
134224,False,False
134225,False,False
134226,False,False
134229,False,False
134230,False,False
134237,False,False
134241,False,False
134245,False,False
134248,False,False
134249,False,False
134250,False,False
134253,False,False
134260,False,False
134273,False,True
134274,False,False
134279,False,False
134283,False,False
134297,False,False
134302,False,False
134305,False,False
134307,False,False
134311,False,True
134314,False,False
134317,False,False
134318,False,False
134321,False,False
134336,False,False
134343,False,False
134353,False,False
134366,False,False
134367,False,False
134369,False,False
134371,False,False
134373,False,False
134374,False,False
134376,False,False
134390,False,False
134407,False,False
134423,False,False
134426,False,False
134471,False,False
134473,False,False
134476,False,False
134479,False,False
134507,False,False
134513,False,False
134515,False,False
134525,False,False
134532,False,False
134597,False,False
134598,False,False
134599,False,False
134603,False,False
134621,False,False
134623,False,False
134625,False,False
134635,False,False
134640,False,False
134646,False,False
134652,False,False
134657,False,False
134658,False,False
134659,False,False
134661,False,False
134662,False,False
134663,False,False
134666,False,False
134674,False,False
134677,False,False
134680,False,False
134681,False,False
134687,False,False
134693,False,False
134694,False,True
134697,False,False
134699,False,False
134701,False,False
134705,False,False
134727,False,False
134732,False,False
134734,False,False
134739,False,False
134740,False,False
134742,False,False
134745,False,False
134751,False,False
134758,True,False
134759,False,False
134765,False,False
134766,False,False
134768,False,False
134773,False,False
134774,False,False
134776,False,False
134779,False,False
134780,False,False
134783,False,False
134784,False,False
134789,False,False
134791,False,False
134798,False,False
134813,False,False
134814,False,False
134815,False,False
134840,False,False
134841,False,False
134842,False,False
134844,False,False
134846,False,False
134852,False,False
134857,False,False
134859,False,False
134860,False,False
134865,False,False
134867,False,False
134870,False,False
134872,False,False
134880,False,False
134883,False,False
134884,False,False
134888,False,False
134889,False,False
134894,False,False
134896,False,False
134897,False,False
134902,False,False
134903,False,False
134904,False,False
134913,False,False
134917,False,False
134919,True,False
134924,False,False
134929,False,False
134937,False,False
134945,False,False
134958,False,False
134960,False,False
134964,False,False
134965,False,False
134970,False,False
134971,False,False
134972,False,False
134977,False,False
134979,False,False
134987,False,False
134989,False,False
134991,False,False
134993,False,False
134994,False,False
134996,False,False
134999,False,False
135003,False,False
135004,False,False
135007,True,False
135009,False,False
135010,False,False
135012,False,False
135013,False,False
135014,False,False
135015,False,False
135016,False,False
135017,False,False
135021,False,False
135029,False,False
135030,False,False
135031,False,False
135035,False,False
135036,False,False
135046,False,False
135047,False,False
135048,False,False
135050,False,False
135051,False,False
135052,False,False
135057,False,False
135061,False,False
135063,False,False
135064,False,False
135070,False,False
135071,False,False
135073,False,False
135076,False,False
135077,True,False
135078,False,False
135079,False,False
135080,False,False
135081,False,False
135083,False,False
135084,False,False
135085,False,False
135086,False,False
135088,False,False
135099,False,True
135106,False,False
135108,False,False
135115,False,False
135118,False,False
135120,True,False
135125,False,False
135130,False,False
135131,False,False
135132,False,False
135136,False,False
135148,False,False
135149,False,False
135170,False,False
135174,False,False
135175,False,True
135176,True,False
135177,False,False
135193,False,False
135197,False,False
135199,False,False
135200,False,False
135201,False,False
135202,False,False
135203,False,False
135209,False,False
135210,False,False
135211,False,False
135212,False,False
135213,False,False
135215,False,False
135221,False,False
135222,False,False
135223,False,False
135224,False,False
135226,False,False
135228,False,False
135232,False,False
135234,False,False
135237,False,False
135242,False,False
135244,False,False
135246,False,False
135249,False,False
135253,False,False
135254,False,False
135258,False,False
135260,True,False
135261,False,False
135262,False,False
135263,False,False
135264,False,False
135265,False,False
135266,False,False
135267,False,False
135270,False,False
135271,False,False
135283,False,False
135286,False,False
135287,False,False
135288,False,False
135290,False,True
135294,True,False
135295,False,False
135296,False,False
135297,False,False
135300,False,False
135305,False,False
135306,False,False
135307,False,False
135311,False,False
135313,False,False
135314,False,False
135315,True,False
135316,False,False
135317,False,False
135327,False,False
135328,False,False
135330,False,False
135335,False,False
135337,False,False
135338,False,False
135341,False,False
135345,False,False
135346,False,False
135347,False,False
135348,False,False
135353,False,False
135364,False,False
135365,False,False
135367,False,False
135371,False,False
135372,False,False
135389,False,False
135423,False,False
135432,False,False
135433,False,False
135437,False,False
135449,False,False
135457,False,False
135461,False,False
135462,False,False
135465,False,False
135466,False,False
135479,False,False
135482,False,False
135496,False,False
135497,False,False
135498,False,False
135502,False,False
135504,False,False
135505,False,False
135507,False,False
135508,False,False
135528,False,False
135529,False,False
135531,False,False
135534,False,False
135547,False,False
135552,False,False
135558,False,False
135562,False,False
135563,False,False
135564,False,False
135565,False,False
135568,False,False
135569,False,False
135573,False,False
135575,False,False
135580,False,False
135582,False,False
135583,False,False
135584,True,False
135585,False,False
135587,False,False
135588,False,False
135598,True,False
135599,False,False
135600,False,False
135612,False,False
135614,False,False
135619,False,False
135620,False,False
135621,True,False
135628,False,False
135629,False,False
135630,False,False
135631,False,False
135632,False,False
135634,False,False
135635,False,False
135640,False,False
135648,False,False
135649,False,False
135650,False,False
135651,False,False
135652,False,False
135653,False,False
135654,False,False
135656,False,False
135661,False,False
135662,False,False
135663,False,False
135665,False,False
135671,False,False
135672,False,False
135674,False,False
135676,True,False
135677,False,False
135700,False,False
135720,False,False
135727,False,False
135736,False,False
135744,False,False
135745,False,False
135746,False,False
135747,False,False
135760,False,False
135761,False,False
135762,True,False
135769,False,False
135770,False,False
135778,False,False
135779,False,False
135790,False,False
135791,False,False
135796,False,False
135804,False,False
135807,False,False
135812,False,False
135814,False,False
135815,True,False
135816,False,False
135818,False,False
135823,False,False
135827,False,False
135830,True,False
135831,False,False
135832,False,False
135835,False,False
135838,False,False
135841,False,False
135842,False,False
135850,False,False
135851,False,False
135857,False,False
135860,False,False
135862,True,False
135864,False,False
135866,False,False
135867,False,False
135872,False,False
135874,False,False
135876,False,False
135877,False,False
135878,False,False
135879,False,False
135880,False,False
135881,False,False
135885,False,False
135886,False,False
135887,False,False
135888,False,False
135890,False,False
135891,False,False
135894,False,False
135895,False,False
135897,False,False
135903,False,False
135904,False,False
135907,False,False
135911,False,False
135913,False,False
135934,False,False
135935,False,False
135936,False,False
135940,False,False
135942,False,False
135945,True,False
135946,False,False
135951,False,False
135955,False,False
135956,False,False
135957,False,False
135958,False,False
135959,False,False
135960,False,False
135961,False,False
135962,False,False
135963,False,False
135964,False,False
135965,False,False
135966,False,False
135967,False,False
135968,False,False
135970,False,False
135971,False,False
135973,False,False
135979,False,False
135980,False,False
135985,False,True
135996,False,False
136005,False,False
136008,False,False
136013,False,False
136016,False,False
136027,False,False
136028,False,False
136032,False,False
136035,False,False
136042,False,False
136044,False,False
136056,False,False
136058,False,False
136061,False,False
136062,False,False
136066,False,False
136068,False,False
136071,False,False
136074,False,False
136076,False,True
136078,False,False
136079,False,False
136080,False,False
136085,False,False
136087,False,False
136090,False,False
136091,False,True
136094,False,False
136102,False,False
136105,False,False
136106,False,False
136107,False,False
136108,False,False
136114,False,False
136115,False,False
136118,False,False
136119,False,False
136120,False,False
136124,False,False
136125,False,False
136126,False,False
136127,False,False
136128,False,False
136135,False,False
136136,False,False
136137,False,False
136141,False,False
136142,False,False
136145,False,False
136146,False,False
136147,False,False
136152,False,False
136156,False,False
136161,False,False
136163,False,False
136164,False,False
136172,True,False
136174,False,False
136177,False,False
136178,False,False
136183,False,False
136184,False,False
136185,False,False
136186,False,False
136187,False,False
136191,False,False
136192,False,False
136193,False,False
136194,False,False
136195,False,False
136197,False,False
136198,False,False
136200,False,False
136201,False,False
136202,True,False
136203,False,False
136204,False,False
136205,False,False
136206,False,False
136208,False,False
136213,False,False
136217,True,False
136222,False,False
136223,False,False
136232,False,True
136241,False,False
136251,False,False
136252,False,False
136261,False,False
136266,False,False
136267,False,False
136268,False,False
136269,False,False
136270,False,False
136271,False,False
136272,False,False
136273,False,False
136274,False,False
136275,False,False
136276,False,False
136277,False,False
136278,False,False
136279,False,False
136280,False,False
136281,False,False
136283,False,False
136285,False,False
136286,False,False
136287,False,False
136289,False,False
136290,False,False
136291,False,False
136292,False,False
136293,False,False
136295,False,False
136296,False,False
136297,False,False
136298,False,False
136299,False,False
136301,False,False
136302,False,False
136303,False,False
136304,False,False
136305,False,False
136306,False,False
136307,False,False
136308,False,False
136309,False,False
136310,False,False
136311,False,False
136312,False,False
136313,False,False
136315,False,False
136316,False,False
136317,False,False
136318,False,False
136319,False,False
136320,False,False
136321,False,False
136322,False,False
136323,False,False
136324,False,False
136325,False,False
136326,False,False
136327,False,False
136328,False,False
136329,False,False
136331,False,False
136332,False,False
136333,False,False
136334,False,False
136335,False,False
136336,False,False
136337,False,False
136338,False,False
136339,False,False
136340,False,False
136341,False,False
136342,True,False
136343,False,False
136344,False,False
136345,False,False
136347,False,False
136348,False,False
136349,False,False
136350,False,False
136351,False,False
136352,False,False
136353,False,False
136354,False,False
136355,False,False
136356,False,False
136357,False,False
136358,False,False
136359,False,False
136361,False,False
136362,False,False
136364,False,False
136365,False,False
136366,False,False
136367,False,False
136368,False,False
136369,False,False
136374,False,False
136375,False,False
136376,False,False
136377,False,False
136378,False,False
136379,False,False
136380,False,False
136381,False,False
136382,False,False
136383,False,False
136384,False,False
136386,False,False
136388,False,False
136389,False,False
136390,False,False
136391,False,False
136392,False,False
136393,False,False
136394,False,False
136395,False,False
136396,False,False
136398,False,False
136399,False,False
136400,False,False
136401,False,False
136402,False,False
136405,False,False
136406,False,False
136407,False,False
136411,False,False
136412,False,False
136413,False,False
136414,False,False
136415,False,False
136416,False,False
136417,False,False
136418,False,False
136419,False,False
136420,False,False
136421,False,False
136423,False,False
136431,True,False
136439,False,False
136440,False,False
136441,False,False
136442,False,False
136443,False,False
136444,False,False
136445,False,False
136447,False,False
136448,False,False
136449,False,False
136450,False,False
136451,False,False
136453,False,False
136454,False,False
136455,False,False
136456,False,False
136457,False,False
136458,False,False
136459,False,False
136460,False,False
136462,False,False
136463,False,False
136464,False,False
136465,False,False
136466,False,False
136467,False,False
136468,False,False
136469,False,False
136470,False,False
136471,False,False
136474,False,False
136479,False,False
136480,False,False
136481,False,False
136482,False,False
136483,False,False
136484,False,False
136486,False,False
136487,False,False
136488,False,False
136489,False,False
136490,False,False
136491,False,False
136492,False,False
136493,False,False
136494,False,False
136495,False,False
136496,False,False
136497,False,False
136498,False,False
136499,False,False
136500,False,False
136501,False,False
136502,False,False
136505,False,False
136506,False,False
136511,False,False
136512,False,False
136515,False,False
136516,False,False
136517,False,False
136518,False,False
136519,False,False
136521,False,False
136522,False,False
136523,False,False
136524,False,False
136525,False,False
136526,False,False
136527,False,False
136528,False,False
136529,False,False
136530,False,False
136531,False,False
136532,False,False
136533,False,False
136534,False,False
136536,False,False
136538,False,False
136539,False,False
136540,False,False
136542,False,False
136543,False,False
136544,False,False
136545,False,False
136547,False,False
136548,False,False
136549,False,False
136551,False,False
136552,False,False
136553,False,False
136554,False,False
136555,False,False
136556,False,False
136557,False,False
136558,False,False
136559,False,False
136560,False,False
136561,False,False
136562,False,False
136563,False,False
136564,False,False
136565,False,False
136566,False,False
136567,False,False
136568,False,False
136569,False,False
136570,False,False
136571,False,False
136572,False,False
136573,False,False
136574,False,False
136575,False,False
136576,False,False
136577,False,False
136578,False,False
136579,False,False
136580,False,False
136581,False,False
136582,False,False
136583,False,False
136584,False,False
136585,False,False
136586,False,False
136587,False,False
136588,False,False
136589,False,False
136590,False,False
136592,False,False
136593,False,False
136594,False,False
136595,False,False
136597,False,False
136598,False,False
136599,False,False
136600,False,False
136601,False,False
136602,False,False
136603,False,False
136604,False,False
136605,True,False
136606,False,False
136608,False,False
136609,False,False
136610,False,False
136611,False,False
136612,False,False
136613,False,False
136614,False,False
136615,False,False
136616,False,False
136617,False,False
136618,False,False
136619,False,False
136620,False,False
136621,False,False
136622,False,False
136623,False,False
136624,False,False
136625,False,False
136626,False,False
136628,False,False
136629,False,False
136630,False,False
136631,False,False
136632,False,False
136633,False,False
136634,False,False
136635,False,False
136636,False,False
136637,False,False
136638,False,False
136639,False,False
136640,False,False
136641,False,False
136642,False,False
136643,False,False
136644,False,False
136645,False,False
136646,False,False
136647,False,False
136648,False,False
136649,True,False
136650,False,False
136651,False,False
136652,False,False
136653,False,False
136654,False,False
136655,False,False
136656,False,False
136657,False,False
136658,False,False
136659,False,False
136660,False,False
136661,False,False
136662,False,False
136663,False,False
136664,False,False
136665,False,False
136666,False,False
136667,False,False
136668,False,False
136669,False,False
136670,True,False
136671,False,True
136672,False,False
136673,False,False
136674,False,False
136675,False,False
136677,False,False
136680,False,False
136681,False,False
136684,False,False
136708,True,False
136709,False,False
136711,False,True
136712,False,False
136713,False,False
136714,False,False
136715,False,False
136716,False,True
136717,False,False
136718,False,False
136719,False,False
136720,False,False
136721,False,False
136722,False,False
136723,False,False
136724,False,False
136725,False,False
136726,False,False
136727,False,False
136728,False,False
136729,False,False
136730,False,False
136731,False,False
136732,False,False
136734,False,False
136735,False,False
136736,False,True
136737,False,False
136742,False,False
136743,False,False
136745,False,False
136750,True,False
136753,False,False
136754,False,False
136755,False,False
136756,False,False
136757,False,False
136758,False,False
136759,False,False
136760,False,False
136761,False,False
136762,False,False
136763,False,False
136764,False,False
136765,False,False
136766,False,False
136767,False,False
136768,False,False
136770,False,False
136771,False,False
136772,False,False
136773,False,False
136774,False,False
136775,False,False
136776,False,False
136777,False,False
136778,False,False
136779,False,False
136780,False,False
136781,False,False
136782,False,False
136783,False,False
136784,False,False
136785,False,False
136786,False,False
136787,False,False
136788,False,False
136789,False,False
136790,False,False
136791,False,False
136792,False,False
136793,True,False
136794,True,False
136795,False,False
136796,False,False
136797,False,False
136798,False,False
136799,False,False
136800,False,False
136801,False,False
136802,False,False
136803,False,False
136804,False,False
136806,False,False
136807,False,False
136808,False,False
136809,False,False
136810,False,False
136813,False,False
136814,False,False
136821,False,False
136822,False,False
136824,False,False
136825,False,False
136826,False,False
136827,False,False
136828,False,False
136829,False,False
136830,False,False
136831,False,False
136832,False,False
136833,False,False
136834,False,False
136836,False,False
136838,False,False
136839,False,False
136841,False,False
136842,False,False
136844,False,False
136845,False,False
136846,False,False
136847,False,False
136848,False,False
136850,False,False
136851,False,False
136852,False,False
136853,False,False
136855,False,False
136856,False,False
136857,False,False
136858,False,False
136859,False,False
136861,False,False
136862,False,False
136863,False,False
136864,False,False
136865,False,False
136866,False,False
136867,False,False
136868,False,False
136869,False,False
136871,False,False
136873,False,False
136874,False,False
136875,False,False
136876,False,False
136877,False,False
136878,False,False
136879,False,False
136880,False,False
136881,False,False
136882,False,False
136883,False,False
136884,False,False
136885,False,False
136886,False,False
136887,False,False
136888,False,False
136889,False,False
136890,False,False
136891,False,False
136892,False,True
136893,False,False
136894,False,False
136895,False,False
136896,False,False
136897,False,False
136898,False,False
136899,False,False
136900,False,False
136901,False,False
136902,False,False
136903,False,False
136904,False,False
136905,False,False
136906,False,False
136907,False,False
136908,False,False
136909,False,False
136910,False,False
136911,False,False
136912,False,False
136913,False,False
136914,False,False
136915,False,False
136916,False,False
136917,False,False
136918,False,False
136919,False,False
136920,False,False
136921,False,False
136922,False,False
136923,False,False
136924,False,False
136925,False,False
136926,False,False
136927,False,False
136930,False,False
136931,False,False
136932,True,False
136934,False,False
136938,False,False
136941,False,False
136944,False,False
136948,False,False
136951,False,False
136952,False,False
136957,False,False
136958,False,False
136959,False,False
136960,False,False
136961,False,False
136962,False,False
136963,False,False
136964,False,False
136965,False,False
136966,False,False
136967,False,False
136968,False,False
136969,False,False
136970,False,False
136971,False,False
136972,False,False
136973,False,False
136974,False,False
136975,False,True
136976,False,False
136977,False,False
136978,False,False
136979,False,False
136980,False,False
136981,False,False
136982,False,False
136983,False,False
136984,False,False
136985,False,False
136986,False,False
136987,False,False
136988,False,False
136989,False,False
136990,False,False
136991,False,False
136992,False,False
136994,False,False
136995,False,False
136996,False,False
136997,False,False
136998,False,False
136999,False,False
137000,False,False
137001,False,False
137002,False,False
137003,False,False
137004,False,False
137005,False,False
137006,False,False
137007,False,False
137008,False,False
137009,False,False
137010,False,False
137011,False,False
137012,False,False
137013,False,False
137014,False,False
137016,True,False
137019,False,False
137020,False,False
137021,False,False
137022,False,False
137023,False,False
137024,False,False
137025,False,False
137027,False,False
137028,False,False
137029,False,False
137030,False,False
137031,False,False
137032,False,False
137033,False,False
137034,False,False
137035,False,False
137036,False,False
137037,False,False
137038,False,False
137039,False,False
137040,False,False
137042,False,False
137043,False,False
137044,False,False
137045,False,False
137046,False,False
137047,False,False
137048,False,False
137049,False,False
137051,False,False
137052,False,False
137053,False,False
137054,False,False
137055,False,False
137056,False,False
137057,False,False
137058,False,False
137059,False,False
137060,False,False
137061,False,False
137062,False,False
137063,False,False
137065,False,False
137066,True,False
137068,False,False
137069,False,False
137070,False,False
137071,False,True
137072,True,False
137073,False,False
137074,False,False
137075,False,False
137076,False,False
137077,False,False
137078,False,False
137079,False,False
137080,False,False
137081,False,False
137082,False,False
137083,False,False
137085,False,False
137086,False,False
137087,False,False
137088,False,False
137089,False,False
137090,False,False
137091,False,False
137092,False,False
137093,False,False
137094,False,False
137096,False,False
137097,False,False
137099,False,False
137100,False,False
137101,False,False
137102,False,False
137104,False,False
137106,False,False
137107,False,False
137108,False,False
137109,False,False
137110,False,False
137111,False,False
137112,False,False
137114,False,False
137115,False,False
137116,False,True
137117,False,False
137118,False,False
137119,False,False
137120,False,False
137121,False,False
137123,False,False
137124,False,False
137125,False,False
137126,True,False
137127,False,False
137128,False,False
137129,False,False
137130,False,False
137131,False,False
137132,False,False
137133,False,False
137134,False,False
137135,False,False
137136,False,False
137138,False,False
137139,False,False
137140,False,False
137141,False,False
137142,False,False
137146,False,False
137147,False,False
137148,False,False
137149,False,False
137151,False,False
137152,False,False
137155,False,False
137156,False,False
137157,True,False
137158,False,False
137159,False,False
137160,False,False
137161,False,False
137162,False,False
137163,False,False
137164,False,False
137166,False,False
137167,False,False
137168,False,False
137169,False,False
137170,False,False
137171,False,False
137172,False,False
137173,False,False
137174,False,False
137175,False,False
137176,False,False
137177,False,False
137178,False,False
137181,False,False
137182,False,False
137183,False,False
137184,False,False
137186,False,False
137188,False,False
137190,False,False
137191,False,False
137192,False,False
137194,False,False
137195,False,False
137196,True,False
137197,False,False
137198,False,False
137199,False,False
137200,False,False
137201,False,True
137202,False,False
137203,False,False
137204,False,False
137205,False,False
137206,False,False
137207,False,False
137208,False,False
137209,False,False
137211,False,False
137212,False,False
137213,False,False
137214,False,False
137215,False,False
137216,False,False
137217,False,False
137218,False,False
137219,False,False
137220,False,False
137221,False,False
137223,False,False
137224,False,False
137225,False,False
137226,False,False
137227,False,False
137228,False,False
137229,False,False
137230,False,False
137231,False,False
137233,False,False
137235,False,False
137236,False,True
137237,False,False
137238,False,False
137239,False,False
137240,False,False
137241,False,False
137242,False,False
137243,False,False
137244,False,False
137246,False,False
137247,False,False
137248,False,False
137249,False,False
137250,False,False
137251,False,False
137252,False,False
137254,False,False
137255,False,False
137257,False,False
137258,False,False
137259,False,False
137260,False,False
137261,False,False
137262,False,False
137263,False,False
137264,False,False
137266,False,False
137267,False,False
137269,False,False
137270,False,False
137271,False,False
137272,False,False
137274,False,False
137277,False,False
137280,False,False
137281,False,False
137282,True,False
137284,False,False
137285,False,False
137286,False,False
137287,False,False
137288,False,False
137289,False,False
137290,False,False
137292,False,False
137293,False,False
137294,False,False
137295,False,False
137296,False,False
137297,False,False
137298,False,False
137299,False,False
137300,True,False
137302,False,False
137303,False,False
137304,False,False
137305,False,False
137306,False,False
137308,False,False
137309,False,False
137310,False,False
137311,False,False
137312,False,False
137313,False,False
137314,False,False
137315,False,False
137319,False,False
137320,True,False
137321,False,False
137323,False,False
137324,False,False
137328,False,True
137331,False,False
137335,False,False
137336,False,False
137337,False,False
137338,False,False
137339,False,False
137340,False,False
137341,False,False
137342,False,False
137343,False,False
137344,False,False
137345,False,False
137346,False,False
137347,False,False
137348,False,False
137349,False,False
137351,False,False
137352,False,False
137353,False,False
137354,False,False
137355,False,False
137356,False,False
137357,False,False
137358,False,False
137359,False,False
137360,False,False
137361,False,False
137362,False,False
137363,False,False
137365,False,False
137366,False,False
137367,False,False
137369,False,False
137370,False,False
137371,False,False
137375,False,False
137376,False,False
137377,False,False
137378,False,False
137379,False,False
137380,False,False
137381,False,False
137382,False,False
137383,False,False
137384,False,False
137386,False,False
137387,False,False
137388,False,False
137389,False,False
137390,False,False
137391,True,False
137392,False,False
137393,False,False
137394,False,False
137395,False,False
137396,False,False
137397,False,False
137398,False,False
137401,False,False
137402,False,False
137403,False,False
137405,False,False
137407,False,False
137409,True,False
137410,False,False
137411,False,False
137412,False,False
137413,False,False
137414,False,False
137415,False,False
137416,False,False
137417,False,False
137418,False,False
137419,False,False
137421,False,False
137422,False,False
137423,False,False
137424,False,False
137425,False,False
137426,False,False
137427,False,False
137428,False,False
137430,True,False
137431,False,False
137432,False,False
137433,False,False
137434,False,False
137435,False,False
137436,False,False
137437,False,False
137438,False,False
137439,False,False
137440,False,False
137441,False,True
137442,False,False
137443,False,False
137444,False,False
137445,False,False
137446,False,False
137447,False,False
137448,True,False
137449,False,False
137450,False,False
137451,False,False
137452,False,False
137453,True,False
137454,False,False
137455,False,False
137456,False,False
137457,False,False
137458,False,False
137459,False,False
137460,False,False
137461,False,False
137462,False,False
137463,False,False
137464,False,False
137465,False,False
137466,False,False
137467,False,False
137468,False,False
137469,False,False
137471,False,False
137472,False,False
137474,False,False
137475,False,False
137476,False,False
137477,False,False
137478,True,False
137479,False,False
137480,False,False
137481,False,False
137482,False,False
137483,False,False
137484,False,False
137487,False,False
137488,False,False
137491,False,False
137492,False,False
137493,False,False
137498,False,False
137500,False,False
137507,False,False
137512,False,False
137513,False,False
137514,False,False
137515,False,False
137516,False,False
137517,False,False
137518,False,False
137519,False,False
137520,False,False
137522,False,False
137523,False,False
137525,False,False
137526,False,False
137527,False,False
137528,False,True
137529,False,False
137531,False,False
137532,False,False
137533,False,False
137535,False,False
137537,False,False
137538,False,False
137539,False,False
137540,False,False
137541,False,False
137542,False,False
137543,False,False
137544,False,False
137545,False,False
137546,False,False
137547,False,False
137548,False,False
137549,False,False
137550,False,False
137551,False,False
137552,False,False
137553,False,False
137554,False,False
137555,False,False
137556,False,False
137558,False,False
137563,False,False
137564,False,False
137565,False,False
137566,False,False
137569,False,False
137570,False,False
137572,False,False
137575,False,False
137577,False,False
137578,False,False
137581,False,False
137582,False,False
137594,False,False
137595,False,False
137596,False,False
137598,False,False
137599,False,False
137600,False,False
137601,False,False
137602,False,False
137603,False,False
137604,False,False
137605,False,False
137606,False,False
137607,False,False
137608,False,False
137609,False,False
137611,False,False
137612,False,False
137613,False,False
137614,False,False
137615,False,False
137616,False,False
137617,False,False
137618,False,False
137620,False,False
137621,False,False
137622,False,False
137623,False,False
137624,False,False
137625,False,False
137626,False,False
137627,False,False
137628,False,False
137629,False,False
137631,False,False
137632,False,False
137633,False,False
137634,False,False
137635,False,False
137636,False,False
137637,False,False
137638,False,False
137639,False,False
137640,False,False
137641,False,False
137642,False,False
137643,False,False
137644,False,False
137645,False,False
137647,False,False
137648,False,True
137649,False,False
137650,False,False
137651,False,False
137652,False,False
137653,False,False
137654,False,False
137656,False,False
137659,False,False
137660,False,False
137661,False,False
137662,False,False
137663,False,False
137664,False,False
137665,False,False
137666,False,False
137667,False,True
137673,False,False
137674,False,False
137675,False,False
137677,False,False
137678,False,False
137679,False,False
137680,False,False
137681,False,False
137682,False,False
137683,False,False
137684,False,True
137685,False,False
137686,False,False
137687,False,False
137689,False,False
137692,False,False
137693,False,False
137694,False,False
137695,False,False
137696,False,False
137697,False,False
137698,False,False
137699,False,False
137700,False,False
137701,False,False
137702,False,False
137703,False,False
137704,False,False
137705,False,False
137706,False,False
137707,False,False
137708,False,False
137726,False,False
137727,False,False
137728,False,False
137729,False,False
137730,False,False
137731,False,False
137732,False,False
137733,False,False
137734,False,False
137735,False,False
137736,False,False
137737,False,False
137739,False,False
137740,False,False
137741,False,False
137742,False,False
137744,False,False
137745,False,False
137746,False,False
137747,False,False
137748,False,False
137751,False,True
137752,False,False
137753,False,False
137754,False,False
137755,False,False
137756,False,False
137757,False,False
137758,False,False
137759,True,False
137760,False,False
137761,False,False
137762,False,False
137763,False,False
137765,False,False
137766,False,False
137767,False,False
137768,False,False
137769,False,False
137770,False,False
137771,False,False
137772,False,False
137773,False,False
137774,False,False
137775,False,False
137776,False,False
137777,False,False
137778,False,False
137780,False,False
137781,False,False
137782,False,False
137783,False,False
137786,False,False
137787,False,False
137788,True,False
137789,False,False
137790,False,False
137791,False,False
137793,False,False
137794,False,False
137796,False,False
137797,False,False
137798,False,False
137799,False,False
137800,False,False
137801,False,False
137806,False,False
137811,False,False
137812,False,False
137815,False,False
137823,False,False
137825,False,False
137826,False,False
137828,False,False
137829,False,False
137830,False,False
137831,False,False
137833,False,False
137834,False,False
137836,False,False
137837,False,False
137838,False,False
137839,False,False
137842,False,False
137843,False,False
137844,False,False
137847,False,False
137848,False,False
137849,False,False
137850,False,False
137851,False,False
137852,False,False
137853,False,False
137854,False,False
137855,False,False
137856,False,False
137857,False,False
137858,False,False
137859,False,False
137860,False,False
137861,False,False
137866,False,False
137867,False,False
137869,False,False
137870,False,False
137871,False,False
137872,False,False
137873,False,False
137874,False,False
137875,False,False
137876,False,False
137877,False,False
137878,False,False
137880,False,False
137881,False,False
137882,False,False
137883,False,False
137884,False,False
137886,False,False
137888,False,False
137895,False,False
137896,False,False
137897,False,False
137899,True,False
137900,False,False
137901,False,False
137902,False,False
137903,False,False
137904,False,False
137905,False,False
137906,False,False
137907,True,False
137908,False,False
137909,False,False
137910,False,False
137911,False,False
137912,False,False
137913,False,False
137914,False,False
137915,False,False
137916,False,False
137917,False,False
137918,False,False
137919,False,False
137920,False,False
137921,False,False
137922,False,False
137923,False,False
137924,False,False
137925,False,False
137926,False,False
137927,False,False
137928,False,False
137929,False,False
137930,False,False
137931,False,False
137932,False,False
137933,False,False
137934,False,False
137935,False,False
137936,False,False
137937,False,False
137938,False,False
137939,False,False
137940,False,False
137941,False,False
137942,False,False
137943,False,False
137944,False,False
137945,False,False
137947,False,False
137948,False,False
137949,False,False
137951,False,False
137954,False,False
137958,False,False
137959,False,False
137960,False,False
137961,False,False
137962,False,False
137963,False,False
137964,False,False
137965,False,False
137967,True,False
137968,False,False
137969,False,False
137970,False,False
137971,False,False
137972,False,False
137973,False,False
137974,False,False
137975,False,False
137976,False,False
137977,False,False
137978,False,False
137979,False,False
137980,False,False
137981,False,False
137982,False,False
137983,False,False
137984,False,False
137985,False,False
137986,True,False
137987,False,False
137988,False,False
137989,False,False
137990,False,False
137991,False,False
137992,False,False
137993,False,False
137994,False,False
137995,False,False
137996,False,False
137997,False,False
137998,False,False
138000,False,False
138001,False,False
138002,False,False
138003,False,False
138005,False,False
138006,False,False
138007,False,False
138008,True,False
138009,False,False
138011,False,False
138012,False,False
138013,False,False
138014,False,False
138015,False,False
138016,False,False
138017,False,False
138018,False,False
138019,False,False
138020,False,False
138021,False,False
138022,False,False
138023,False,False
138024,False,False
138025,False,False
138026,False,False
138027,False,False
138028,False,False
138029,True,False
138032,False,False
138033,False,False
138034,False,False
138035,False,False
138036,False,False
138037,False,False
138038,False,False
138039,False,False
138040,False,False
138041,False,False
138042,False,False
138043,False,False
138044,False,False
138047,False,False
138048,True,False
138049,False,False
138050,False,False
138051,False,False
138053,False,False
138054,False,False
138055,False,False
138056,False,False
138057,False,False
138058,False,False
138059,False,False
138062,False,True
138063,False,False
138065,False,False
138067,False,False
138069,False,False
138070,False,False
138071,False,False
138072,False,False
138073,False,False
138074,False,False
138075,False,False
138076,False,False
138078,False,False
138079,False,False
138080,False,False
138081,False,False
138082,True,False
138083,False,False
138084,False,False
138085,False,False
138086,False,False
138087,False,False
138088,False,False
138089,False,False
138090,False,False
138093,False,False
138094,False,False
138097,False,False
138098,False,False
138102,False,False
138103,False,False
138104,False,False
138105,False,False
138106,False,False
138107,False,False
138108,False,False
138109,False,False
138110,False,False
138111,False,False
138112,False,False
138113,False,False
138115,False,False
138116,False,False
138117,False,True
138120,False,False
138121,False,False
138122,False,False
138123,False,False
138124,False,False
138128,False,False
138129,False,False
138130,False,False
138133,False,False
138134,False,False
138135,False,False
138136,False,False
138137,False,False
138139,False,False
138148,False,False
138149,False,False
138150,False,False
138151,False,False
138152,False,False
138153,False,False
138154,False,False
138155,False,False
138156,False,False
138157,False,False
138158,False,False
138159,False,False
138160,False,False
138161,False,False
138162,False,False
138163,True,False
138164,False,False
138166,False,False
138167,False,False
138168,False,False
138169,False,False
138170,False,False
138172,False,False
138173,False,False
138174,False,False
138175,False,False
138176,False,False
138177,False,False
138178,False,False
138179,False,False
138180,False,False
138181,False,False
138182,False,False
138183,False,False
138184,False,False
138185,False,False
138186,False,False
138187,False,False
138188,False,False
138189,False,False
138190,False,False
138191,False,False
138192,False,False
138193,False,False
138194,False,False
138195,False,False
138196,False,False
138201,False,False
138202,False,False
138203,False,False
138204,False,False
138205,False,False
138206,False,False
138207,False,False
138208,False,False
138209,False,False
138210,False,False
138211,False,False
138212,False,False
138213,False,False
138214,False,False
138215,False,False
138216,False,False
138218,False,False
138219,False,False
138220,False,False
138221,False,False
138222,False,False
138226,False,False
138227,False,False
138228,False,True
138231,False,False
138232,False,False
138233,False,False
138234,False,False
138235,False,False
138237,False,False
138239,False,False
138242,False,False
138245,False,False
138246,True,False
138247,False,False
138248,False,False
138250,False,False
138251,False,False
138252,False,False
138253,False,False
138254,False,False
138257,False,False
138258,False,False
138260,False,False
138261,False,False
138264,False,False
138266,False,False
138267,False,False
138268,False,False
138269,False,False
138271,False,False
138272,False,False
138274,False,False
138276,False,False
138277,False,False
138278,False,False
138279,True,False
138280,False,False
138281,False,False
138282,False,False
138283,False,False
138284,False,False
138285,False,False
138286,False,False
138287,False,False
138288,False,False
138289,False,False
138290,False,False
138291,True,False
138292,False,False
138293,False,False
138294,False,False
138295,False,False
138296,False,False
138297,False,False
138298,False,False
138299,False,False
138300,False,False
138301,False,False
138302,False,False
138303,False,False
138304,False,False
138305,False,False
138306,False,False
138307,False,True
138308,False,False
138309,False,False
138310,False,False
138311,False,False
138312,True,False
138313,True,False
138314,False,False
138315,True,False
138316,False,False
138317,False,False
138318,False,False
138321,False,False
138322,False,False
138323,False,False
138324,False,False
138326,False,False
138327,False,False
138328,False,False
138329,False,False
138330,False,False
138331,False,False
138332,False,False
138334,True,False
138335,False,False
138336,False,False
138337,False,False
138338,False,False
138339,False,False
138340,False,False
138341,False,False
138342,False,False
138343,False,False
138345,False,False
138346,False,False
138347,False,False
138348,False,False
138349,False,False
138350,False,False
138351,False,False
138352,False,False
138353,False,False
138354,False,False
138355,False,False
138356,False,False
138357,False,False
138358,False,False
138359,False,False
138360,False,False
138361,False,False
138362,False,False
138364,False,False
138367,False,False
138368,False,False
138369,False,False
138370,False,False
138372,False,False
138373,False,False
138374,False,False
138375,True,False
138377,False,False
138379,False,False
138380,False,False
138381,False,False
138385,False,False
138389,False,False
138390,False,True
138391,False,False
138392,False,False
138395,False,False
138396,False,False
138397,False,False
138398,False,False
138399,False,False
138400,False,True
138401,False,False
138402,False,False
138404,False,False
138409,False,False
138410,False,True
138411,False,False
138413,False,False
138414,False,False
138415,False,False
138416,False,False
138420,False,False
138421,False,False
138423,False,False
138424,False,False
138425,False,False
138430,False,False
138431,False,False
138432,False,False
138433,False,False
138434,False,False
138435,False,False
138436,False,False
138437,False,False
138438,False,False
138439,False,False
138440,False,False
138442,True,False
138443,False,False
138444,True,False
138445,True,False
138446,False,True
138447,False,False
138448,False,False
138449,False,False
138450,False,False
138452,False,False
138453,False,False
138454,False,False
138455,True,False
138457,False,False
138458,False,False
138459,False,False
138460,False,True
138461,False,False
138462,False,False
138464,False,False
138465,False,False
138466,False,False
138467,False,False
138468,False,False
138469,False,False
138470,False,False
138471,False,False
138472,False,False
138473,False,False
138474,False,False
138475,False,False
138476,False,False
138478,False,False
138479,False,False
138480,False,False
138482,False,False
138483,False,False
138484,False,False
138485,False,False
138486,False,False
138487,False,False
138490,False,False
138491,False,False
138492,False,False
138493,False,False
138495,False,False
138496,False,False
138497,False,False
138499,False,False
138501,False,False
138502,False,False
138505,False,False
138506,False,False
138507,False,False
138508,False,False
138510,False,False
138511,False,False
138514,False,False
138518,False,False
138520,False,False
138521,False,False
138522,False,False
138523,False,False
138525,False,False
138526,False,False
138527,False,False
138528,False,False
138530,False,False
138531,False,False
138532,False,False
138533,False,False
138534,False,False
138535,False,False
138536,False,False
138538,False,False
138539,False,False
138540,False,False
138541,False,False
138542,True,False
138543,False,False
138544,False,False
138545,False,False
138547,False,False
138548,False,False
138549,False,False
138550,False,False
138551,False,False
138553,False,False
138554,False,False
138555,False,False
138556,False,False
138557,False,False
138558,False,False
138559,False,False
138560,False,False
138562,False,False
138565,False,False
138567,False,False
138570,False,False
138571,False,False
138575,False,False
138576,False,False
138577,False,False
138579,False,False
138581,True,False
138582,False,False
138583,False,False
138584,False,False
138585,False,False
138586,False,False
138588,False,False
138589,False,False
138590,False,False
138591,False,False
138592,False,False
138593,False,False
138595,False,False
138603,True,False
138604,False,False
138605,False,False
138606,False,False
138607,True,False
138608,False,False
138609,False,False
138610,False,False
138611,False,False
138612,False,False
138613,False,False
138614,False,False
138615,False,False
138617,False,False
138618,False,False
138619,False,False
138620,False,False
138621,False,False
138622,False,False
138623,False,False
138625,False,False
138626,False,False
138628,False,True
138629,False,False
138630,False,False
138631,False,False
138632,False,False
138633,False,False
138634,False,False
138635,False,False
138636,False,False
138637,False,False
138638,False,False
138639,False,False
138640,True,False
138641,False,False
138642,False,False
138645,False,False
138647,False,False
138648,False,False
138650,False,False
138651,False,False
138652,False,False
138653,False,False
138654,False,False
138655,False,False
138657,False,False
138658,False,False
138659,False,False
138661,False,False
138662,False,False
138663,False,False
138664,False,False
138665,False,False
138666,False,False
138667,False,False
138668,False,False
138671,False,False
138672,False,False
138673,False,False
138674,False,False
138675,False,False
138677,True,False
138678,True,False
138679,True,False
138680,False,False
138681,False,False
138682,False,False
138684,True,False
138685,False,False
138686,False,False
138687,False,False
138688,False,False
138689,False,False
138690,False,False
138691,False,False
138693,False,False
138694,False,False
138695,False,False
138696,False,False
138697,False,False
138698,False,False
138699,False,False
138700,False,False
138701,False,False
138702,False,False
138704,False,False
138705,False,False
138706,False,False
138707,False,False
138708,False,False
138709,False,False
138710,False,False
138711,False,False
138712,False,False
138713,False,False
138714,False,False
138715,False,False
138716,False,False
138717,False,False
138718,False,False
138719,False,False
138720,False,False
138721,False,False
138722,False,False
138723,False,False
138724,False,False
138725,False,False
138726,False,False
138727,False,False
138728,False,False
138729,False,False
138731,False,False
138732,False,False
138733,False,False
138734,False,False
138735,False,False
138736,False,False
138737,False,False
138738,False,False
138739,False,False
138740,False,False
138741,False,False
138742,False,False
138743,False,False
138744,False,False
138746,False,False
138747,False,False
138748,False,False
138749,False,True
138750,True,False
138751,True,False
138752,True,False
138753,False,False
138754,True,False
138756,False,False
138757,True,False
138758,False,False
138760,False,False
138761,False,False
138762,False,False
138763,False,False
138764,False,False
138765,False,True
138766,False,False
138767,False,False
138772,False,False
138773,False,False
138774,False,False
138775,False,False
138776,False,False
138783,False,False
138784,False,False
138785,False,False
138786,False,False
138787,False,False
138788,False,False
138789,False,False
138790,False,False
138791,False,False
138793,False,False
138794,False,False
138795,False,False
138796,False,False
138797,False,False
138799,False,False
138804,False,False
138805,False,True
138806,False,False
138807,False,False
138808,False,False
138809,False,False
138810,False,False
138811,False,False
138812,False,False
138813,False,False
138814,False,False
138815,False,False
138816,False,False
138817,False,False
138818,False,False
138819,False,False
138820,False,False
138822,False,False
138823,False,False
138824,False,False
138825,False,True
138826,False,False
138827,False,False
138828,False,False
138829,False,False
138830,False,False
138831,False,False
138832,False,False
138834,False,False
138836,False,False
138837,False,False
138838,False,False
138839,False,False
138840,False,False
138841,False,False
138843,False,False
138844,False,False
138845,False,False
138846,True,False
138848,False,False
138850,False,False
138851,False,False
138852,False,False
138853,False,False
138854,False,False
138855,False,False
138857,True,False
138858,False,False
138859,False,False
138860,False,False
138863,False,False
138864,False,False
138865,False,False
138866,True,False
138867,False,False
138869,False,False
138879,False,False
138883,False,False
138885,False,False
138888,False,False
138889,False,False
138890,True,False
138891,False,False
138893,False,False
138894,False,False
138895,False,False
138896,False,True
138897,False,False
138898,False,False
138899,False,False
138900,False,False
138901,False,False
138902,False,True
138903,False,False
138904,False,False
138905,False,True
138906,False,False
138907,False,False
138908,False,False
138909,False,False
138910,False,False
138911,False,False
138912,False,False
138914,False,False
138915,False,False
138916,False,False
138917,False,False
138918,False,False
138920,False,False
138922,False,False
138923,False,False
138924,False,False
138926,False,False
138927,False,False
138928,False,False
138929,False,False
138930,False,False
138931,False,False
138932,False,False
138933,False,False
138934,False,False
138935,False,False
138936,False,False
138937,False,False
138938,False,False
138939,False,False
138940,False,False
138941,False,False
138942,False,False
138943,False,False
138944,False,False
138945,False,False
138946,False,False
138947,False,False
138948,False,False
138949,False,False
138950,False,False
138951,False,False
138952,False,False
138953,False,False
138954,False,False
138955,False,False
138956,False,False
138957,False,False
138958,False,False
138960,False,True
138962,False,False
138963,False,False
138964,False,False
138965,False,False
138970,False,False
138972,False,False
138973,False,False
138974,False,False
138975,False,False
138976,False,False
138977,False,False
138979,False,False
138982,True,False
138983,False,False
138985,False,False
138986,False,False
138989,False,False
138990,False,False
138992,False,False
138993,False,False
138994,False,False
138995,False,False
138996,False,False
138997,False,False
138998,False,False
138999,False,False
139000,False,False
139001,False,False
139002,False,False
139003,False,False
139004,False,False
139005,False,False
139006,False,False
139007,False,False
139009,False,True
139011,True,False
139014,False,False
139015,False,False
139016,False,False
139019,False,False
139020,False,False
139021,False,False
139023,False,False
139024,False,False
139025,False,False
139026,False,False
139027,False,False
139031,False,False
139033,False,False
139034,False,True
139035,True,False
139036,False,False
139037,False,False
139038,False,False
139039,False,False
139040,False,False
139041,False,False
139043,False,False
139046,False,False
139047,False,False
139048,False,False
139049,False,False
139050,False,False
139052,False,False
139053,False,False
139056,False,False
139057,False,False
139058,False,False
139059,False,False
139060,False,False
139061,False,False
139062,False,False
139063,False,False
139064,False,False
139065,False,False
139066,False,False
139067,False,False
139068,False,False
139070,False,False
139073,False,False
139075,False,False
139076,False,False
139077,False,False
139078,False,False
139079,False,False
139080,False,False
139081,False,False
139082,False,False
139083,False,False
139084,False,False
139085,False,False
139086,False,False
139087,True,False
139088,False,False
139089,False,False
139090,False,False
139091,False,False
139092,False,False
139093,False,False
139094,False,False
139095,False,False
139096,False,False
139097,False,False
139098,False,False
139099,False,False
139102,False,False
139103,False,False
139104,False,False
139105,False,False
139106,False,False
139108,False,False
139109,False,False
139110,False,False
139112,False,False
139113,False,False
139114,False,False
139115,True,False
139116,False,False
139117,False,False
139118,False,False
139120,False,False
139124,False,False
139125,False,False
139126,False,False
139127,False,False
139128,False,False
139129,False,False
139130,False,False
139131,False,False
139132,False,False
139133,False,False
139134,False,False
139136,False,False
139137,False,False
139138,False,False
139139,False,False
139140,True,False
139142,False,False
139143,False,False
139144,False,False
139146,False,False
139147,False,False
139148,False,False
139149,False,False
139150,False,False
139151,False,False
139152,False,False
139153,False,False
139154,False,False
139155,False,False
139158,False,False
139159,False,False
139160,False,False
139162,False,False
139164,False,False
139165,False,False
139166,False,False
139167,False,False
139169,False,False
139170,False,True
139171,False,False
139173,False,False
139174,False,False
139175,False,False
139176,False,False
139177,False,False
139178,False,False
139179,False,False
139180,True,False
139181,False,False
139182,False,False
139183,False,False
139184,False,False
139185,False,False
139186,False,False
139187,False,False
139189,False,False
139191,True,False
139193,False,False
139194,False,False
139195,False,False
139196,True,False
139197,False,False
139198,False,True
139199,False,False
139200,False,False
139201,False,False
139205,False,False
139207,False,False
139210,False,False
139211,False,False
139212,False,False
139213,False,False
139214,False,False
139215,False,False
139217,False,False
139219,False,False
139223,False,False
139225,False,False
139226,False,False
139228,False,False
139229,False,False
139230,False,False
139232,False,False
139234,False,False
139240,False,False
139241,False,False
139242,False,False
139247,False,False
139248,False,False
139252,False,False
139254,False,False
139255,False,False
139258,False,False
139259,False,False
139260,False,False
139263,False,False
139265,False,False
139266,True,False
139267,False,False
139268,False,False
139269,False,False
139270,False,False
139272,False,False
139273,False,False
139274,False,False
139275,False,False
139276,False,False
139277,False,False
139278,True,False
139279,False,False
139280,False,False
139281,False,False
139284,False,False
139286,False,False
139287,False,False
139288,False,False
139289,False,False
139290,False,False
139291,False,False
139292,False,False
139293,False,False
139294,False,False
139295,False,False
139296,True,False
139297,False,False
139298,False,False
139299,False,False
139300,False,False
139302,False,False
139303,False,False
139304,True,False
139305,False,False
139306,False,False
139307,False,False
139308,False,False
139309,False,False
139310,False,False
139311,False,False
139312,False,False
139313,False,False
139314,False,False
139315,False,False
139316,False,False
139317,False,False
139318,False,False
139319,False,True
139320,False,False
139322,False,False
139324,False,False
139325,False,False
139326,False,False
139332,True,False
139333,False,False
139334,False,False
139336,False,False
139337,False,False
139338,True,False
139340,False,False
139341,False,False
139342,False,False
139343,False,False
139344,False,False
139345,False,False
139346,False,False
139347,False,False
139348,False,False
139349,False,False
139350,False,False
139351,False,False
139352,False,False
139353,False,False
139354,False,False
139355,False,False
139356,False,False
139357,False,False
139358,False,False
139359,False,False
139360,False,False
139361,False,False
139362,False,False
139364,False,False
139365,False,False
139366,False,False
139367,False,False
139368,False,False
139369,False,False
139370,False,False
139372,False,False
139374,False,False
139376,False,False
139377,False,False
139378,False,False
139379,False,False
139380,False,False
139381,False,False
139382,False,False
139383,False,False
139384,False,False
139385,False,False
139386,False,False
139387,False,False
139389,False,False
139391,False,False
139392,False,False
139393,False,False
139394,False,False
139395,True,False
139396,False,False
139397,False,False
139398,False,False
139399,False,False
139401,False,False
139402,False,False
139403,False,False
139404,False,False
139405,False,False
139406,False,False
139408,False,False
139409,False,False
139410,False,False
139411,False,False
139413,False,False
139416,False,False
139418,False,False
139420,True,False
139421,False,False
139422,False,False
139423,True,False
139424,False,False
139429,False,False
139430,False,False
139434,False,False
139435,False,False
139436,False,False
139437,False,False
139438,False,False
139439,False,False
139441,False,False
139442,False,False
139443,False,False
139445,False,False
139446,False,False
139447,False,False
139448,False,False
139449,False,False
139452,False,False
139453,False,False
139454,False,False
139455,False,False
139456,False,False
139457,False,False
139458,False,False
139459,False,False
139460,False,False
139461,False,False
139462,False,False
139465,False,False
139466,True,False
139467,False,False
139468,False,False
139469,False,False
139470,False,False
139471,False,False
139472,True,False
139473,False,False
139474,False,False
139476,False,False
139477,False,False
139478,False,False
139479,False,False
139480,False,False
139481,False,False
139482,False,False
139483,False,False
139484,False,False
139485,False,False
139487,False,False
139488,False,False
139489,False,False
139490,True,False
139491,False,False
139492,False,False
139493,False,False
139494,False,False
139495,False,False
139497,False,False
139498,False,False
139499,False,False
139500,False,False
139501,False,False
139502,False,False
139503,False,False
139504,False,False
139505,False,False
139507,False,False
139508,False,False
139509,True,False
139510,False,False
139511,True,False
139512,False,False
139513,True,False
139514,False,False
139515,False,False
139517,False,False
139518,False,False
139519,False,False
139520,False,False
139521,False,False
139522,False,False
139523,False,False
139524,False,False
139525,True,False
139526,False,False
139527,False,False
139529,False,False
139530,False,False
139531,False,False
139532,False,False
139533,False,False
139534,False,False
139535,False,False
139537,False,False
139538,False,False
139539,False,False
139540,False,False
139542,False,False
139543,False,False
139544,False,False
139545,False,False
139546,True,False
139547,False,False
139548,False,False
139549,True,False
139552,False,False
139553,False,False
139554,False,False
139555,False,False
139556,False,False
139557,False,False
139560,False,False
139561,False,False
139562,False,False
139565,False,False
139566,False,False
139567,False,False
139570,True,False
139572,False,False
139573,False,False
139576,False,False
139577,False,False
139578,False,False
139579,True,False
139580,False,False
139583,False,False
139584,False,False
139585,False,False
139587,True,False
139588,False,False
139589,False,False
139592,False,False
139594,False,False
139597,True,False
139598,False,False
139599,False,False
139600,False,False
139602,False,False
139604,False,False
139605,False,False
139606,False,False
139607,False,False
139608,False,False
139609,False,False
139610,False,False
139611,False,False
139612,False,False
139613,False,False
139614,False,False
139615,False,False
139616,False,False
139617,False,False
139618,False,False
139619,False,False
139620,False,False
139621,False,False
139622,False,False
139623,False,False
139624,False,False
139625,False,False
139626,False,False
139627,False,False
139628,False,False
139629,False,False
139630,False,False
139631,False,False
139632,False,False
139633,False,False
139634,False,False
139637,False,False
139639,False,False
139640,False,True
139641,False,False
139643,False,False
139644,False,False
139645,False,False
139646,False,False
139648,False,False
139649,False,False
139650,False,False
139651,False,False
139653,False,False
139655,False,False
139656,False,False
139658,False,False
139659,True,False
139660,False,True
139662,False,False
139663,False,False
139664,False,False
139665,False,False
139668,False,False
139671,False,False
139672,False,False
139673,False,False
139674,False,False
139675,False,False
139677,False,False
139678,False,False
139679,False,False
139680,False,False
139681,False,False
139682,False,False
139683,False,False
139685,False,False
139686,False,False
139687,False,False
139688,False,False
139690,False,False
139691,False,False
139692,False,False
139693,False,False
139694,False,False
139695,True,False
139696,False,False
139697,False,False
139699,False,False
139701,False,False
139702,True,False
139703,False,False
139704,False,False
139705,False,False
139709,False,False
139710,False,False
139711,False,False
139712,False,False
139713,False,False
139714,False,False
139717,False,False
139718,False,True
139719,False,False
139720,False,False
139721,False,False
139723,False,False
139724,False,False
139725,True,False
139728,False,False
139729,False,False
139731,False,False
139732,False,False
139735,False,False
139736,False,False
139737,False,False
139739,False,False
139740,False,False
139741,False,False
139742,False,False
139744,False,False
139746,False,False
139747,False,False
139748,False,False
139749,False,False
139750,False,False
139751,False,False
139752,False,False
139753,False,False
139756,False,False
139758,False,False
139759,False,False
139760,False,False
139761,False,False
139762,False,False
139763,False,False
139764,False,False
139765,True,False
139766,False,False
139767,False,False
139768,False,False
139769,False,False
139770,False,False
139773,False,False
139774,False,False
139775,False,False
139776,False,False
139777,False,False
139782,False,False
139788,False,False
139789,False,False
139790,False,False
139791,False,False
139795,False,False
139796,False,False
139799,True,False
139800,False,False
139802,False,False
139803,False,False
139804,False,False
139805,False,False
139806,False,False
139808,False,False
139810,False,False
139813,False,False
139814,False,False
139815,False,False
139817,False,False
139818,False,False
139819,False,False
139820,False,False
139821,False,False
139822,False,False
139823,False,False
139824,False,False
139825,False,False
139827,False,False
139828,False,False
139829,False,False
139830,False,False
139837,False,False
139838,True,False
139839,False,False
139840,False,False
139841,False,False
139842,False,False
139844,False,False
139845,False,False
139846,False,False
139847,False,False
139848,True,False
139849,False,False
139850,True,False
139851,False,False
139853,False,False
139854,False,False
139855,False,False
139856,False,False
139857,False,False
139858,False,False
139859,False,False
139860,False,False
139861,False,False
139862,False,False
139863,False,False
139864,False,False
139866,False,False
139867,False,False
139868,False,False
139869,False,False
139870,False,False
139871,False,False
139872,False,False
139873,False,False
139874,False,False
139875,False,False
139876,False,False
139877,False,False
139878,False,False
139879,False,False
139880,False,False
139881,False,False
139882,False,False
139883,False,False
139884,False,False
139885,False,False
139886,True,False
139887,False,False
139888,False,False
139889,False,False
139890,False,False
139891,False,False
139892,False,False
139893,False,False
139894,False,False
139898,True,False
139899,False,False
139900,False,False
139903,False,False
139904,False,False
139905,False,False
139907,False,False
139909,False,False
139910,False,False
139911,False,False
139912,False,False
139915,True,False
139916,False,False
139917,False,False
139918,True,False
139920,False,False
139921,True,False
139922,True,False
139924,False,False
139925,False,False
139926,False,False
139927,False,False
139928,False,False
139929,False,False
139930,False,False
139931,False,False
139932,False,False
139934,False,False
139935,False,False
139936,False,False
139937,False,False
139941,False,False
139943,False,False
139944,False,False
139945,False,False
139947,False,False
139948,False,False
139950,False,False
139951,True,False
139952,True,False
139953,False,False
139954,False,False
139955,False,False
139956,False,False
139957,False,False
139958,False,False
139959,False,False
139960,False,False
139961,False,False
139965,False,False
139966,False,False
139967,False,False
139968,True,False
139971,False,False
139972,False,False
139974,False,False
139975,False,False
139976,False,False
139977,False,False
139978,False,False
139980,False,False
139981,False,False
139983,False,False
139984,False,False
139985,False,False
139986,False,True
139987,False,False
139988,False,False
139989,False,False
139990,False,False
139991,False,False
139992,False,False
139993,False,False
139994,False,False
139995,False,False
139999,False,False
140001,False,False
140002,False,False
140003,False,False
140004,False,False
140007,False,False
140008,False,False
140012,False,False
140013,False,False
140014,False,False
140016,False,False
140017,False,False
140018,False,False
140019,False,False
140020,False,False
140022,False,False
140023,False,False
140024,False,False
140025,False,False
140026,False,False
140027,False,False
140028,False,False
140030,False,False
140031,False,False
140032,False,False
140033,False,False
140034,False,False
140037,False,False
140040,False,False
140041,False,False
140043,False,False
140044,False,False
140045,False,False
140047,False,False
140048,False,False
140049,False,False
140050,False,False
140051,False,False
140052,False,False
140053,False,False
140054,False,False
140055,False,False
140056,False,False
140057,False,False
140058,False,False
140059,False,False
140060,False,False
140061,False,False
140062,False,False
140064,True,False
140065,False,False
140067,False,False
140068,False,False
140069,False,False
140070,False,False
140071,False,False
140072,False,False
140073,False,False
140074,False,False
140075,False,False
140076,False,False
140077,False,False
140078,False,False
140079,False,False
140080,False,False
140081,False,False
140082,False,False
140083,False,False
140084,False,False
140085,False,False
140087,False,False
140088,False,False
140089,False,False
140090,False,False
140091,False,False
140092,False,False
140093,False,False
140094,False,False
140095,False,False
140096,False,False
140097,False,False
140098,False,False
140100,False,False
140101,False,False
140102,False,False
140103,False,False
140104,False,False
140105,False,False
140107,False,False
140108,False,False
140109,False,False
140110,False,False
140111,False,False
140112,False,False
140113,False,False
140114,False,False
140115,False,False
140116,False,False
140117,False,False
140119,True,False
140120,False,False
140121,False,False
140122,False,False
140123,False,False
140124,True,False
140125,False,False
140126,False,False
140127,False,False
140128,False,False
140129,False,False
140130,False,False
140133,False,False
140135,False,False
140136,False,False
140137,False,False
140138,False,False
140139,False,False
140140,False,False
140141,False,False
140142,False,False
140143,False,False
140144,False,False
140145,False,False
140146,False,False
140147,False,False
140148,False,False
140149,False,False
140150,False,False
140151,False,False
140152,False,False
140153,False,False
140154,False,False
140158,False,False
140159,True,False
140160,False,False
140161,False,False
140167,False,False
140168,False,False
140169,True,False
140170,False,False
140172,False,False
140173,False,False
140174,False,False
140175,False,False
140179,False,False
140180,False,False
140181,False,False
140182,False,False
140183,False,False
140184,True,False
140185,False,False
140186,False,False
140188,False,False
140189,False,False
140190,False,False
140191,False,False
140193,False,False
140195,False,False
140196,False,False
140197,False,False
140198,False,False
140199,False,False
140201,True,False
140203,False,False
140204,False,False
140207,False,False
140208,False,True
140209,False,False
140210,False,False
140211,False,False
140212,False,False
140213,False,False
140214,False,False
140215,False,False
140216,True,False
140217,False,False
140218,False,False
140219,False,False
140220,True,False
140221,True,False
140222,False,False
140223,False,False
140224,False,False
140228,False,False
140229,True,False
140230,False,False
140231,False,False
140232,False,False
140234,False,False
140235,True,False
140236,False,False
140237,False,False
140238,False,False
140239,False,True
140242,False,False
140243,False,False
140244,False,False
140245,True,False
140246,True,False
140247,False,False
140248,False,False
140249,False,False
140250,True,False
140251,False,False
140252,False,False
140253,False,False
140255,False,False
140256,False,False
140257,False,False
140258,False,False
140259,False,False
140260,False,False
140261,False,False
140262,False,False
140263,False,False
140264,False,False
140265,False,False
140267,False,False
140268,False,False
140269,False,False
140275,True,False
140276,False,False
140277,False,False
140278,False,False
140279,False,False
140280,False,False
140281,False,False
140282,False,False
140283,False,False
140284,False,False
140285,False,False
140286,False,False
140287,False,False
140289,False,False
140290,True,False
140291,False,False
140292,False,False
140293,False,False
140294,False,False
140295,False,False
140296,False,False
140297,False,False
140298,False,False
140299,False,False
140301,False,False
140302,False,False
140303,False,False
140304,False,False
140305,False,False
140306,False,False
140307,False,False
140308,True,False
140309,False,False
140310,False,True
140311,False,False
140312,False,False
140314,False,False
140315,False,False
140316,False,False
140317,False,False
140318,False,False
140319,False,False
140320,False,False
140321,False,False
140322,False,False
140323,False,False
140324,False,False
140325,False,False
140326,False,False
140327,False,False
140328,False,False
140329,False,False
140332,False,False
140333,False,False
140334,False,False
140335,True,False
140337,False,False
140339,False,False
140340,False,False
140341,False,False
140342,False,False
140343,False,False
140344,False,False
140347,False,False
140348,False,True
140349,False,False
140350,False,True
140351,False,False
140352,False,False
140353,False,False
140355,False,False
140357,False,False
140358,False,False
140359,False,False
140360,False,False
140362,False,False
140363,False,False
140364,False,False
140366,False,False
140367,False,False
140368,False,False
140369,False,False
140370,False,False
140371,False,False
140372,False,False
140373,True,False
140374,False,False
140375,False,False
140377,False,False
140378,False,False
140379,False,True
140380,False,False
140381,False,False
140384,False,False
140385,False,False
140386,False,False
140387,False,False
140388,False,False
140389,False,False
140391,False,False
140392,False,False
140393,False,False
140394,False,False
140395,False,False
140396,False,False
140397,False,False
140398,False,False
140399,False,False
140400,False,False
140402,False,False
140404,False,False
140405,False,False
140407,False,False
140408,False,False
140409,False,False
140411,False,False
140412,False,False
140413,False,False
140414,False,False
140415,False,False
140416,False,False
140417,False,False
140418,False,False
140419,False,False
140420,False,False
140423,False,True
140424,False,False
140425,False,False
140426,False,False
140427,False,False
140428,False,False
140429,False,False
140430,False,False
140431,False,False
140432,False,False
140433,False,False
140434,False,False
140435,False,False
140436,False,False
140437,False,False
140438,False,False
140439,False,False
140440,False,False
140441,False,False
140442,False,False
140443,False,False
140444,False,False
140445,False,False
140447,False,False
140448,False,False
140449,False,False
140450,False,False
140451,False,True
140452,False,False
140453,True,False
140454,False,False
140455,False,False
140456,False,False
140457,False,False
140458,False,False
140459,False,False
140460,False,False
140462,False,False
140463,False,False
140464,False,False
140465,False,False
140466,False,False
140468,False,False
140469,False,False
140470,False,False
140471,False,False
140472,False,False
140473,False,False
140474,False,False
140475,False,False
140476,False,False
140477,False,False
140478,False,False
140482,False,False
140483,False,False
140484,False,False
140489,False,False
140490,False,False
140493,False,False
140494,False,False
140495,False,False
140498,True,False
140499,False,False
140500,False,False
140501,False,False
140502,False,False
140503,False,False
140504,False,False
140505,False,False
140506,False,False
140507,False,False
140508,False,False
140509,False,False
140510,False,False
140511,False,False
140512,False,False
140513,False,False
140514,False,False
140515,False,False
140516,False,False
140517,False,False
140518,False,False
140519,False,False
140520,False,False
140521,True,False
140522,False,False
140523,False,False
140524,False,False
140525,False,False
140526,False,False
140527,False,False
140528,False,False
140529,False,False
140530,False,False
140531,False,False
140532,False,False
140533,False,False
140534,False,False
140535,False,False
140536,False,False
140537,False,False
140538,False,False
140539,False,False
140540,False,False
140544,False,False
140545,False,False
140546,False,False
140547,False,False
140548,False,False
140549,False,False
140550,False,False
140551,False,False
140553,False,False
140555,False,False
140556,False,False
140557,True,False
140558,False,False
140559,False,False
140560,False,False
140561,False,False
140562,False,False
140563,False,False
140565,False,True
140573,False,False
140574,False,False
140575,False,False
140576,False,False
140577,False,False
140578,False,False
140579,False,False
140580,False,False
140581,False,False
140582,False,False
140583,False,False
140584,False,False
140585,False,False
140587,True,False
140588,False,False
140589,False,False
140590,False,False
140591,False,False
140592,False,False
140593,False,False
140594,False,False
140595,False,False
140596,False,False
140597,False,False
140598,False,False
140599,False,False
140600,False,False
140601,False,False
140602,False,False
140605,False,False
140606,False,False
140607,False,False
140608,False,False
140609,False,False
140610,False,False
140611,False,False
140612,False,False
140613,False,False
140617,False,False
140622,False,False
140623,False,False
140625,False,False
140626,False,False
140627,False,False
140628,False,False
140629,False,False
140630,False,False
140631,False,False
140632,False,False
140633,False,False
140635,False,False
140636,False,True
140637,False,False
140638,False,False
140639,False,False
140640,False,False
140641,False,False
140642,False,False
140644,False,False
140645,False,False
140646,False,False
140647,False,False
140648,False,False
140649,False,False
140650,False,False
140651,False,False
140652,False,False
140653,False,False
140654,False,False
140656,False,False
140657,False,False
140658,False,False
140659,False,False
140660,False,False
140661,False,False
140663,True,False
140664,False,False
140666,False,False
140667,False,False
140669,False,False
140670,False,False
140671,False,False
140672,False,False
140673,False,False
140674,False,False
140675,False,False
140676,False,False
140677,False,False
140679,False,False
140681,False,False
140682,True,False
140683,False,False
140684,False,False
140685,False,False
140686,False,False
140687,False,False
140688,False,False
140690,False,False
140691,False,False
140692,False,True
140693,False,False
140694,False,False
140695,False,False
140696,False,False
140697,True,False
140698,False,False
140699,False,False
140700,False,False
140701,False,False
140702,False,False
140703,False,False
140704,False,False
140705,False,False
140706,False,False
140707,False,False
140708,False,False
140709,False,False
140710,False,False
140712,False,False
140713,False,False
140714,False,False
140715,False,False
140716,True,False
140717,False,False
140718,False,False
140719,False,False
140720,False,False
140721,False,True
140722,False,False
140723,False,False
140724,False,False
140725,False,False
140726,False,False
140727,False,False
140728,False,False
140729,False,False
140730,False,False
140731,False,False
140732,False,False
140733,False,False
140734,False,False
140735,False,False
140736,False,False
140737,False,False
140738,False,False
140739,False,False
140740,False,False
140741,False,False
140742,False,False
140743,False,False
140744,False,False
140745,False,False
140746,False,False
140747,False,False
140748,False,False
140749,False,False
140750,False,False
140751,False,False
140752,False,False
140753,False,False
140754,False,False
140755,False,False
140757,False,False
140758,False,False
140759,False,False
140760,False,False
140761,False,False
140762,False,True
140763,False,False
140764,False,False
140765,False,False
140766,False,False
140767,False,False
140768,False,False
140769,False,False
140770,False,False
140771,False,False
140772,False,False
140773,False,False
140774,False,False
140775,False,False
140776,False,False
140777,False,False
140778,False,False
140779,False,False
140780,False,False
140781,False,False
140782,False,False
140783,False,False
140784,False,False
140785,False,False
140786,False,False
140787,False,False
140788,False,False
140789,False,False
140790,False,False
140791,False,False
140792,False,False
140793,False,False
140794,False,False
140795,False,False
140796,False,False
140797,False,False
140798,False,False
140799,False,False
140800,False,False
140801,False,False
140802,False,False
140803,False,True
140804,False,False
140805,False,False
140806,False,False
140807,False,False
140808,False,False
140810,False,False
140811,True,False
140813,False,False
140815,False,False
140818,False,False
140819,False,False
140820,False,False
140821,False,False
140822,False,False
140823,False,False
140824,False,False
140826,False,False
140827,False,False
140828,False,False
140829,False,False
140830,True,False
140832,True,False
140833,False,False
140835,False,False
140836,False,False
140837,False,False
140838,False,False
140839,False,False
140840,False,False
140841,False,False
140842,False,False
140843,False,False
140844,False,False
140845,False,False
140847,True,False
140848,True,False
140849,True,False
140850,False,False
140851,False,False
140852,False,False
140853,False,False
140854,False,False
140855,False,False
140856,False,False
140857,True,False
140858,False,False
140859,False,False
140860,False,False
140861,True,False
140862,False,False
140863,False,False
140864,False,False
140865,False,False
140866,False,False
140867,False,False
140868,False,False
140869,False,False
140870,False,False
140871,False,False
140872,False,False
140873,False,False
140874,False,False
140875,False,False
140876,False,False
140877,False,False
140878,False,False
140879,False,False
140880,False,False
140882,True,False
140884,False,False
140886,False,False
140887,False,False
140888,False,False
140889,False,False
140890,False,False
140891,False,False
140893,False,False
140894,False,False
140895,False,False
140896,False,False
140897,False,True
140898,False,False
140899,False,False
140900,False,False
140902,True,False
140903,True,False
140904,True,False
140905,True,False
140906,True,False
140909,False,False
140910,False,False
140911,False,False
140912,False,False
140913,False,False
140914,False,False
140915,False,False
140916,False,False
140917,False,False
140918,False,False
140919,False,False
140921,False,False
140922,False,False
140923,False,False
140924,False,False
140925,False,False
140928,False,False
140929,False,False
140931,False,False
140932,False,False
140933,False,False
140934,False,False
140935,False,True
140936,False,False
140937,False,False
140938,False,False
140946,False,False
140949,False,False
140950,False,False
140952,False,False
140953,False,False
140954,False,False
140955,False,False
140956,False,False
140957,False,False
140958,False,False
140959,False,False
140961,False,False
140962,False,False
140963,False,False
140964,False,False
140965,False,False
140966,False,False
140967,False,False
140969,False,False
140973,False,False
140974,False,False
140975,False,False
140977,False,False
140979,False,False
140980,False,False
140981,False,False
140983,False,False
140984,True,False
140985,True,False
140987,False,False
140988,True,False
140989,False,False
140990,False,False
140991,True,False
140992,False,False
140993,False,False
140994,False,False
140995,False,False
140996,False,False
140997,False,False
140998,False,False
140999,False,False
141000,False,False
141002,False,False
141003,False,False
141005,False,False
141006,False,False
141009,False,False
141010,False,False
141011,False,False
141016,False,False
141017,False,True
141019,False,False
141020,False,False
141021,False,False
141022,False,False
141025,False,False
141027,False,False
141028,False,False
141032,False,False
141033,False,False
141034,True,False
141035,False,False
141036,False,False
141037,True,False
141038,False,False
141039,True,False
141041,False,False
141042,False,False
141043,False,False
141044,False,False
141045,False,False
141046,False,False
141047,False,False
141048,False,False
141050,False,False
141051,False,False
141052,False,False
141053,False,False
141054,False,False
141055,False,False
141056,True,False
141057,False,False
141058,False,False
141059,False,False
141060,False,False
141061,False,True
141062,False,False
141063,False,False
141064,False,False
141065,False,False
141066,False,False
141067,False,False
141068,False,False
141069,False,False
141070,False,False
141071,False,False
141073,False,False
141074,False,False
141076,False,False
141077,False,False
141078,True,False
141079,False,False
141080,True,False
141082,True,False
141085,False,False
141086,False,False
141089,False,False
141096,False,False
141097,False,False
141098,False,False
141100,False,False
141101,True,False
141102,False,False
141103,False,False
141104,False,False
141105,False,False
141106,False,False
141109,False,False
141110,False,False
141111,False,False
141113,False,False
141114,False,False
141115,False,False
141116,False,False
141117,False,False
141118,False,False
141119,False,False
141120,False,False
141121,False,False
141124,False,False
141130,False,False
141132,False,False
141133,False,False
141135,False,True
141137,False,False
141139,False,False
141140,False,True
141141,False,False
141142,False,False
141143,False,False
141144,False,False
141146,False,False
141147,False,False
141148,False,False
141149,False,False
141150,False,False
141151,False,False
141152,False,False
141153,False,False
141154,False,False
141155,False,False
141156,False,False
141157,False,False
141158,False,False
141159,False,False
141160,False,False
141161,False,False
141162,False,False
141163,True,False
141164,False,False
141165,False,False
141166,False,True
141167,False,False
141168,True,False
141169,False,False
141170,False,False
141171,False,False
141172,False,False
141173,False,False
141174,True,False
141175,False,False
141176,False,False
141178,False,False
141179,False,False
141180,False,False
141181,False,False
141182,False,False
141184,False,False
141185,False,False
141186,False,False
141192,False,False
141193,False,False
141194,False,False
141195,False,False
141196,False,False
141197,False,False
141198,False,False
141199,False,False
141200,False,False
141201,False,False
141203,False,False
141205,False,False
141206,False,False
141209,False,False
141210,False,False
141211,False,False
141212,False,False
141213,False,True
141214,False,False
141216,False,False
141217,False,False
141220,False,False
141221,False,False
141222,False,False
141224,False,False
141226,False,False
141227,False,False
141228,False,False
141230,False,False
141231,False,False
141232,False,False
141234,False,False
141236,False,False
141237,False,False
141244,False,False
141245,False,False
141246,False,False
141248,False,False
141251,False,False
141252,False,False
141254,False,False
141255,False,False
141257,False,False
141258,False,False
141259,False,False
141260,True,False
141261,False,False
141263,False,False
141264,False,False
141265,False,False
141266,False,False
141267,False,False
141268,False,False
141269,False,False
141270,False,False
141271,False,False
141272,False,False
141273,False,False
141274,False,False
141275,False,False
141276,False,False
141277,False,False
141278,False,False
141279,False,False
141280,False,False
141281,False,False
141282,False,False
141283,False,False
141284,False,False
141285,False,False
141286,False,False
141287,False,False
141288,False,False
141289,True,False
141290,False,False
141291,False,False
141292,False,False
141293,False,False
141294,False,False
141295,False,False
141296,False,False
141297,False,False
141298,False,False
141299,False,False
141300,False,False
141301,False,False
141302,False,False
141304,False,False
141305,False,False
141306,False,False
141307,False,False
141308,False,False
141309,False,False
141314,True,False
141318,False,False
141319,False,False
141320,False,False
141321,False,False
141322,False,False
141324,False,False
141325,False,False
141326,True,False
141328,False,False
141329,False,False
141330,False,False
141331,False,False
141333,False,False
141334,False,False
141337,False,False
141339,False,False
141340,False,False
141341,False,False
141342,False,False
141343,False,False
141344,False,False
141345,False,False
141346,False,False
141347,False,False
141348,False,False
141349,False,False
141350,False,False
141352,False,False
141353,False,False
141355,False,False
141356,False,False
141357,False,False
141358,False,False
141359,True,False
141360,True,False
141361,True,False
141362,False,False
141363,False,False
141364,False,False
141365,False,False
141366,False,False
141368,False,False
141369,False,False
141370,False,False
141371,False,False
141372,False,False
141373,False,False
141375,False,False
141376,False,False
141377,False,False
141378,False,False
141379,False,False
141380,False,False
141381,False,False
141384,False,False
141385,False,False
141386,True,False
141387,True,False
141390,False,False
141391,True,False
141393,False,True
141395,False,False
141396,False,False
141397,False,False
141398,False,False
141399,False,False
141400,False,False
141401,False,False
141403,False,False
141404,False,False
141405,False,False
141406,False,False
141407,False,False
141408,False,False
141409,False,False
141410,False,False
141412,False,False
141413,False,False
141414,False,False
141443,False,False
141444,False,False
141445,False,False
141446,False,False
141447,False,False
141448,False,False
141449,False,False
141450,False,False
141451,False,False
141452,False,False
141453,False,False
141454,False,False
141455,False,False
141456,False,False
141457,False,False
141458,False,False
141459,False,False
141460,False,False
141461,False,False
141462,False,False
141463,False,False
141464,False,False
141465,True,False
141466,False,False
141467,False,False
141468,False,False
141469,False,False
141470,False,False
141471,False,False
141472,False,False
141473,False,False
141474,False,False
141475,False,False
141476,False,False
141477,False,False
141478,False,False
141479,False,False
141480,False,False
141481,False,False
141482,False,False
141483,False,False
141484,False,False
141485,False,False
141486,False,True
141488,False,False
141489,False,False
141493,False,False
141494,False,False
141495,False,False
141496,False,False
141497,False,False
141499,False,False
141500,False,False
141511,False,False
141512,False,False
141513,False,False
141514,False,False
141521,False,False
141522,False,False
141523,False,False
141524,False,False
141525,False,False
141526,False,False
141528,False,False
141529,False,False
141530,False,False
141531,False,False
141532,False,False
141533,False,False
141534,False,False
141535,False,False
141536,False,False
141537,False,False
141538,False,False
141539,False,False
141540,True,False
141541,False,False
141542,True,False
141543,True,False
141544,True,False
141545,False,False
141546,False,False
141547,False,False
141548,False,False
141549,False,False
141550,False,False
141551,False,False
141552,False,False
141553,False,False
141554,False,False
141556,False,False
141559,False,False
141561,False,False
141563,False,False
141564,False,False
141565,False,False
141566,False,False
141567,True,False
141568,False,False
141569,False,False
141570,False,False
141571,True,False
141572,False,False
141574,False,False
141575,False,False
141576,False,False
141577,False,False
141578,False,False
141579,False,False
141580,False,False
141581,False,False
141582,False,False
141584,False,False
141585,False,False
141586,False,False
141587,False,False
141588,False,False
141589,False,False
141590,False,False
141591,False,False
141592,False,False
141593,False,False
141594,False,False
141595,False,False
141598,False,False
141600,False,False
141601,False,False
141602,False,False
141605,False,False
141606,False,False
141610,False,False
141611,False,False
141613,False,False
141614,False,False
141616,False,False
141617,True,False
141618,False,False
141619,False,False
141621,False,False
141622,False,False
141623,False,False
141625,False,False
141626,False,False
141627,False,False
141628,False,False
141629,False,False
141630,False,False
141631,False,False
141632,False,False
141633,False,False
141634,False,False
141635,False,False
141636,False,False
141637,False,False
141638,False,False
141639,False,False
141640,False,False
141641,False,False
141642,False,False
141643,False,False
141644,False,False
141645,False,False
141646,False,False
141647,False,False
141648,False,False
141649,True,False
141650,False,False
141651,True,False
141652,False,False
141653,False,False
141655,False,False
141656,False,False
141657,False,False
141659,False,False
141660,False,True
141661,False,False
141662,False,False
141663,False,False
141665,False,False
141666,True,False
141667,False,False
141668,False,False
141669,False,False
141670,False,False
141671,False,False
141672,False,False
141673,False,False
141674,False,False
141681,False,False
141683,False,False
141684,False,False
141685,True,False
141686,False,False
141687,False,False
141688,False,False
141689,False,False
141690,False,False
141691,False,False
141693,False,False
141694,False,False
141695,False,False
141696,False,False
141698,False,False
141699,False,False
141702,False,False
141704,False,False
141705,False,False
141706,False,False
141707,False,False
141709,False,False
141710,False,False
141711,False,False
141712,False,False
141713,False,False
141714,False,False
141715,False,False
141716,False,False
141717,False,False
141718,False,False
141719,True,False
141720,True,False
141721,False,False
141722,False,False
141723,False,False
141724,False,False
141725,False,False
141726,False,False
141727,False,False
141728,False,False
141729,False,False
141731,False,False
141732,False,False
141733,False,False
141734,False,False
141735,False,False
141736,False,False
141739,False,False
141741,False,False
141745,False,False
141747,False,False
141748,False,False
141749,False,True
141750,False,False
141751,False,False
141752,False,False
141754,False,False
141755,False,False
141757,False,False
141758,True,False
141759,False,False
141760,False,False
141761,False,False
141762,False,False
141763,False,False
141764,False,False
141765,False,False
141766,False,False
141767,False,False
141768,False,False
141769,False,False
141770,False,False
141771,False,False
141773,True,False
141774,False,False
141775,False,False
141777,False,False
141778,False,False
141779,False,False
141780,False,False
141782,False,False
141783,False,False
141784,False,False
141786,False,False
141787,False,False
141788,False,False
141789,False,False
141790,False,False
141791,False,False
141792,False,False
141793,False,False
141794,False,False
141795,False,False
141796,False,False
141797,False,False
141798,False,True
141799,False,False
141800,False,False
141802,False,False
141804,True,False
141805,False,False
141806,False,False
141808,False,False
141809,False,False
141810,False,False
141811,False,False
141812,False,False
141813,False,False
141814,False,False
141815,False,False
141816,False,False
141817,False,False
141818,False,False
141819,False,False
141820,False,False
141821,False,False
141822,False,False
141823,False,False
141824,True,False
141825,False,False
141826,False,True
141827,False,False
141828,False,False
141829,False,False
141830,False,False
141831,False,False
141832,False,False
141833,False,False
141835,False,False
141836,False,False
141837,False,False
141838,False,False
141840,False,True
141841,False,False
141842,False,False
141843,False,False
141844,False,True
141845,True,False
141846,False,False
141847,False,False
141848,False,False
141849,False,False
141850,False,False
141851,False,False
141852,False,False
141853,False,False
141854,False,False
141855,False,False
141856,False,False
141858,False,False
141862,False,False
141865,False,False
141866,False,False
141867,False,False
141868,False,False
141869,False,False
141871,False,False
141874,False,False
141875,False,False
141876,False,False
141877,False,False
141878,False,False
141880,True,False
141881,False,False
141882,False,False
141883,False,False
141884,False,False
141886,False,False
141889,False,False
141892,False,False
141895,False,False
141896,False,False
141897,False,False
141898,False,False
141899,False,False
141900,False,False
141901,False,False
141902,True,False
141903,False,False
141904,False,False
141906,False,False
141907,False,False
141908,False,False
141909,False,False
141910,False,False
141912,False,False
141913,False,False
141914,False,False
141915,False,False
141916,False,False
141917,False,False
141918,False,False
141919,False,False
141921,False,False
141922,False,False
141924,False,False
141925,True,False
141926,False,False
141927,True,False
141929,False,False
141930,False,False
141931,False,False
141933,False,False
141935,False,False
141936,False,False
141937,False,False
141938,False,False
141939,False,False
141941,False,False
141945,False,False
141947,False,False
141949,False,False
141950,False,False
141951,False,False
141957,False,False
141960,False,False
141961,False,False
141963,False,False
141966,False,False
141967,False,False
141969,False,False
141970,False,False
141971,False,False
141972,False,False
141973,False,False
141974,False,False
141976,False,False
141977,False,False
141978,False,False
141979,False,False
141980,False,False
141981,False,False
141982,False,False
141983,False,False
141984,False,False
141985,False,False
141986,False,False
141987,False,False
141988,False,False
141989,False,False
141991,False,False
141992,False,False
141993,False,False
141995,False,False
141997,False,False
141998,False,False
141999,False,False
142000,True,False
142001,False,False
142002,False,False
142003,False,False
142004,False,False
142005,False,False
142008,False,False
142009,False,False
142012,True,False
142014,False,False
142015,False,False
142016,False,False
142017,False,False
142018,False,False
142019,False,False
142021,False,False
142022,False,False
142023,False,False
142024,False,False
142025,False,False
142026,False,False
142027,False,False
142028,False,False
142030,False,False
142031,False,False
142032,False,False
142033,False,False
142034,False,False
142035,False,False
142036,False,False
142037,False,False
142038,False,False
142039,False,False
142040,False,False
142041,False,False
142042,False,False
142043,False,False
142044,False,False
142045,False,False
142046,False,False
142047,False,False
142049,False,False
142050,False,False
142051,False,True
142052,False,False
142054,False,False
142055,False,False
142056,False,False
142057,True,False
142058,False,False
142059,False,False
142062,False,False
142063,False,False
142064,False,False
142066,False,False
142067,False,False
142070,False,False
142071,False,False
142072,False,False
142073,False,False
142074,False,False
142075,False,False
142076,False,False
142078,False,False
142079,False,False
142080,False,False
142083,False,False
142084,False,False
142086,False,False
142088,False,False
142089,False,False
142090,False,False
142091,False,False
142093,False,False
142094,False,False
142095,False,True
142096,False,False
142097,False,False
142100,False,False
142101,False,False
142102,False,False
142103,False,False
142104,False,False
142106,False,False
142108,False,False
142110,False,False
142112,False,False
142113,False,False
142114,False,False
142117,False,False
142118,False,False
142119,True,False
142121,False,False
142122,False,False
142123,False,False
142125,False,False
142126,False,False
142127,False,False
142130,False,False
142133,False,False
142134,False,False
142136,False,False
142137,False,False
142138,False,False
142139,False,False
142140,False,False
142141,False,False
142142,False,False
142143,False,False
142144,False,False
142145,False,False
142146,False,False
142148,False,False
142149,False,False
142150,True,False
142151,False,False
142152,False,False
142153,False,False
142154,False,False
142155,False,False
142156,False,False
142157,False,False
142158,False,False
142159,False,False
142160,False,False
142161,False,False
142162,False,False
142163,False,False
142164,True,False
142165,False,False
142166,False,False
142167,False,False
142168,False,False
142169,False,False
142170,False,False
142173,False,False
142174,False,False
142175,False,False
142176,False,False
142177,False,False
142178,False,False
142181,False,False
142182,False,False
142183,False,False
142185,False,False
142186,False,False
142187,False,False
142188,False,False
142189,False,False
142191,False,False
142192,False,False
142193,False,False
142194,False,False
142195,False,False
142196,False,False
142197,False,False
142198,False,False
142200,False,False
142201,False,False
142202,False,False
142203,False,False
142204,False,False
142205,False,False
142206,False,False
142207,False,False
142208,False,False
142209,False,False
142210,False,False
142211,False,False
142212,False,False
142213,False,False
142214,False,False
142215,False,False
142216,False,False
142217,False,False
142218,False,False
142219,False,False
142220,False,False
142221,False,False
142223,False,False
142226,False,False
142227,False,False
142228,False,False
142229,False,False
142230,False,False
142231,False,False
142232,False,False
142233,False,False
142234,False,False
142235,False,False
142236,False,False
142237,False,False
142238,False,False
142239,False,False
142240,False,False
142241,False,False
142242,False,False
142243,False,False
142244,False,False
142245,False,False
142246,False,False
142247,False,False
142248,False,False
142249,False,False
142250,False,False
142251,True,False
142252,False,False
142253,False,False
142254,False,False
142255,False,False
142256,True,False
142257,False,False
142258,True,False
142259,True,False
142260,True,False
142261,False,False
142262,False,False
142263,False,False
142264,False,False
142265,False,False
142266,False,False
142267,False,False
142268,False,False
142269,False,False
142270,False,False
142271,False,False
142272,False,False
142273,False,False
142274,False,False
142275,False,False
142276,False,False
142277,False,False
142278,False,False
142279,False,False
142280,False,False
142281,False,False
142282,False,False
142284,False,False
142286,False,False
142287,False,False
142288,False,False
142289,False,False
142290,False,False
142291,False,False
142292,False,False
142293,False,False
142294,False,False
142295,False,False
142296,False,False
142298,False,True
142299,False,False
142300,False,True
142301,False,False
142302,False,False
142303,False,False
142304,False,False
142305,False,False
142306,False,False
142307,True,False
142308,False,False
142309,False,False
142310,False,False
142311,False,False
142312,False,False
142313,False,False
142314,False,False
142315,False,False
142316,False,False
142317,False,False
142318,False,False
142319,False,False
142321,False,False
142323,False,False
142326,False,False
142327,False,False
142335,False,False
142339,False,False
142340,False,False
142341,False,False
142342,False,False
142343,False,False
142344,False,False
142345,False,False
142346,False,False
142347,True,False
142348,False,False
142349,False,False
142350,False,False
142351,False,False
142352,False,False
142353,False,False
142354,False,False
142355,False,False
142356,False,False
142357,False,False
142358,False,False
142359,False,False
142360,False,False
142361,False,False
142362,False,False
142363,False,False
142364,False,False
142365,False,False
142366,False,False
142367,False,False
142368,False,False
142369,False,False
142370,False,False
142371,False,False
142372,False,False
142373,False,False
142374,False,False
142375,False,False
142376,False,False
142377,False,False
142378,False,False
142379,False,False
142380,False,False
142381,False,False
142382,False,False
142383,False,False
142384,False,False
142385,False,False
142386,False,False
142387,False,False
142388,False,False
142389,False,False
142390,False,False
142391,True,False
142392,True,False
142393,False,False
142394,False,False
142395,False,False
142396,True,False
142397,False,False
142398,False,False
142399,False,False
142400,False,False
142401,False,False
142402,False,False
142403,False,False
142405,False,False
142406,False,False
142409,False,False
142410,False,False
142412,False,False
142415,False,False
142418,False,False
142420,False,False
142421,False,False
142422,False,False
142423,False,False
142424,False,False
142425,False,False
142426,False,False
142427,False,False
142428,False,False
142429,False,False
142432,False,False
142433,False,False
142434,False,False
142435,False,False
142436,False,False
142437,False,False
142438,False,False
142439,False,False
142440,True,False
142441,False,False
142442,False,False
142443,False,False
142444,False,False
142445,False,False
142446,False,False
142447,False,False
142448,False,False
142449,False,False
142450,False,False
142451,False,False
142452,False,False
142453,False,False
142455,False,False
142456,False,False
142460,False,False
142462,False,False
142464,False,False
142465,False,False
142466,False,False
142467,False,False
142468,False,False
142469,False,False
142471,False,False
142485,False,False
142487,False,False
142489,False,False
142490,False,False
142492,False,False
142493,False,False
142496,False,False
142497,False,False
142498,False,False
142499,False,False
142500,False,False
142501,False,False
142502,False,False
142503,False,False
142505,False,False
142506,False,False
142507,False,False
142508,False,False
142509,False,False
142510,False,False
142511,False,False
142512,False,False
142513,False,False
142514,False,False
142517,False,False
142523,False,False
142526,False,False
142539,False,False
142540,False,False
142541,False,False
142542,False,False
142543,False,False
142544,False,False
142545,False,False
142546,False,False
142547,False,False
142548,False,False
142549,False,False
142550,False,False
142551,False,False
142552,False,False
142553,False,False
142554,False,False
142555,False,False
142556,False,False
142557,False,False
142558,False,False
142559,False,False
142560,False,False
142561,False,False
142562,False,False
142563,False,False
142564,False,False
142566,False,False
142569,False,False
142570,False,False
142574,False,False
142575,False,False
142576,True,False
142577,False,False
142579,False,False
142580,False,False
142581,False,False
142582,False,False
142584,False,False
142585,False,False
142586,False,False
142587,False,False
142588,False,False
142589,False,False
142590,False,False
142591,False,False
142592,False,False
142593,False,False
142594,False,False
142595,False,False
142596,False,False
142597,False,False
142598,False,False
142599,False,False
142600,False,False
142601,False,False
142602,False,False
142604,False,True
142605,False,False
142607,False,False
142609,False,False
142610,False,False
142611,False,False
142612,False,False
142613,False,False
142627,False,False
142629,False,False
142630,False,False
142631,False,False
142632,False,False
142633,False,False
142634,False,False
142636,False,False
142637,False,False
142638,False,False
142639,False,False
142640,False,False
142641,False,False
142642,False,False
142643,False,False
142644,False,False
142645,False,False
142648,False,False
142649,True,False
142650,False,False
142651,False,False
142652,False,False
142654,False,False
142661,False,False
142662,False,False
142663,False,False
142664,False,False
142666,True,False
142667,True,False
142668,False,False
142669,False,True
142670,False,False
142671,False,False
142677,False,False
142678,False,False
142679,False,False
142680,False,False
142681,False,False
142682,False,False
142683,False,False
142684,False,False
142686,False,False
142687,True,False
142688,False,False
142689,False,False
142690,False,False
142691,False,False
142692,False,False
142693,False,False
142694,False,False
142695,False,False
142696,False,False
142697,False,False
142698,False,False
142699,False,False
142700,False,False
142701,False,False
142702,False,False
142703,False,False
142704,False,False
142705,False,False
142706,False,False
142707,False,False
142708,False,False
142709,False,False
142710,False,False
142711,False,False
142712,False,False
142713,False,False
142714,False,False
142715,False,False
142716,False,False
142717,False,False
142718,False,False
142719,False,False
142721,False,False
142722,False,False
142723,False,False
142724,False,False
142725,False,False
142726,False,False
142727,False,False
142728,False,False
142729,False,False
142730,False,False
142731,False,False
142732,False,False
142733,False,False
142734,False,False
142735,False,False
142736,False,False
142737,False,False
142738,False,False
142739,False,False
142740,False,False
142741,False,False
142742,False,False
142743,False,False
142744,False,False
142745,False,False
142747,False,False
142748,False,False
142749,False,False
142750,False,False
142751,True,False
142752,False,False
142753,False,False
142754,False,False
142755,False,False
142756,False,False
142757,False,False
142758,False,False
142759,False,False
142760,False,False
142761,False,False
142762,False,False
142764,False,False
142765,False,False
142766,False,False
142768,False,False
142769,False,False
142770,False,False
142771,False,False
142772,False,False
142774,False,False
142775,False,False
142780,False,False
142781,False,False
142782,False,False
142783,False,False
142785,False,False
142786,False,False
142787,False,False
142788,False,False
142789,False,False
142790,False,False
142791,False,False
142792,False,False
142793,True,False
142794,False,False
142795,False,False
142797,False,False
142798,False,False
142799,False,False
142800,True,False
142801,False,False
142802,False,False
142803,True,False
142804,False,False
142805,False,False
142806,False,False
142807,False,False
142808,False,False
142809,False,False
142810,True,False
142811,False,False
142812,False,False
142813,False,False
142814,False,False
142817,False,False
142819,False,False
142820,False,False
142821,False,False
142822,False,False
142823,False,False
142824,False,False
142825,False,False
142827,False,False
142834,False,False
142835,False,False
142836,False,False
142837,False,False
142838,False,False
142839,False,True
142840,False,False
142841,False,False
142842,False,False
142843,False,False
142844,False,False
142845,False,False
142846,False,False
142847,False,False
142848,False,False
142849,False,False
142850,False,False
142851,False,False
142852,True,False
142853,False,False
142856,False,False
142857,False,False
142858,False,False
142861,False,False
142862,False,False
142864,False,False
142866,False,False
142869,False,False
142871,False,True
142874,False,False
142875,True,False
142879,True,False
142881,False,False
142882,False,False
142883,False,False
142884,False,False
142885,False,False
142886,False,False
142887,False,False
142888,False,False
142889,False,False
142890,False,False
142893,False,False
142894,False,False
142896,False,False
142897,False,False
142898,False,False
142899,False,False
142900,False,False
142902,False,False
142903,False,True
142904,False,False
142906,False,False
142907,False,False
142908,False,False
142923,False,False
142924,False,False
142928,True,False
142932,False,False
142933,False,False
142935,False,False
142936,False,False
142937,False,False
142938,False,False
142940,False,False
142941,False,False
142942,False,False
142943,False,False
142944,False,False
142945,False,False
142946,False,False
142947,False,False
142948,False,False
142949,False,False
142950,False,False
142951,False,False
142952,False,False
142953,False,False
142954,False,False
142955,False,False
142956,False,False
142957,False,False
142958,False,False
142959,False,False
142960,False,False
142961,False,False
142962,False,True
142963,False,False
142964,False,False
142965,False,False
142966,False,False
142967,False,False
142968,True,False
142969,True,False
142970,False,False
142971,False,False
142972,False,False
142973,False,False
142974,False,False
142975,False,False
142976,False,False
142977,False,False
142978,False,False
142979,False,False
142980,False,False
142981,False,False
142982,False,False
142983,False,False
142984,False,False
142985,False,False
142986,False,False
142987,False,False
142988,False,False
142989,False,False
142990,False,False
142991,False,False
142992,False,False
142993,False,False
142994,False,False
142995,False,False
142996,False,False
142997,False,False
142998,False,False
142999,False,False
143000,False,False
143001,False,False
143003,False,False
143004,False,False
143005,False,False
143006,False,False
143007,False,False
143009,False,False
143010,False,True
143011,False,False
143012,False,False
143013,False,False
143014,False,False
143015,False,False
143016,False,False
143020,False,False
143021,True,False
143022,False,False
143025,False,False
143030,False,False
143031,False,False
143032,False,False
143033,False,False
143034,False,False
143035,False,False
143050,False,True
143051,False,False
143052,False,False
143053,False,False
143054,False,False
143055,False,False
143056,False,False
143057,False,False
143058,False,False
143060,False,False
143061,False,False
143062,False,False
143063,False,False
143064,True,False
143065,False,False
143066,False,False
143067,False,True
143068,False,False
143069,False,False
143070,False,False
143071,False,False
143072,False,False
143073,False,False
143074,False,False
143075,False,False
143076,False,False
143077,False,False
143078,False,False
143079,True,False
143082,False,False
143083,False,False
143084,False,False
143085,False,False
143086,False,False
143087,False,False
143088,False,False
143089,False,False
143090,False,False
143091,False,False
143092,False,False
143093,False,False
143094,False,False
143095,False,False
143096,False,False
143097,False,False
143099,False,False
143100,True,False
143101,False,False
143103,False,False
143104,False,False
143107,False,False
143108,False,False
143110,False,False
143111,False,False
143112,False,False
143114,False,False
143115,False,False
143116,False,False
143118,False,False
143119,False,False
143120,False,False
143121,False,False
143122,False,False
143123,True,False
143124,False,False
143125,False,False
143126,False,False
143127,False,False
143128,False,False
143129,False,False
143130,False,False
143131,False,False
143132,True,False
143133,False,False
143135,False,False
143136,True,False
143137,True,False
143138,False,True
143139,False,False
143140,False,False
143141,False,False
143142,False,False
143144,False,False
143145,False,False
143146,False,False
143147,False,False
143149,False,False
143150,False,True
143151,False,False
143152,False,False
143153,False,False
143154,False,False
143155,False,False
143156,False,False
143157,False,False
143158,False,False
143159,False,False
143160,False,False
143164,False,False
143165,False,False
143166,False,False
143167,False,False
143168,False,False
143169,False,False
143170,False,False
143171,False,False
143172,False,False
143173,False,False
143175,False,False
143176,False,False
143177,False,False
143178,False,False
143180,False,False
143182,False,False
143183,False,False
143184,False,False
143185,True,False
143186,False,False
143187,False,False
143188,False,False
143189,False,False
143190,False,False
143191,True,False
143192,False,False
143193,False,False
143194,False,False
143195,False,False
143196,False,False
143197,False,False
143198,False,False
143199,False,False
143200,False,False
143201,False,False
143202,False,False
143203,False,False
143204,False,False
143205,False,False
143206,False,False
143207,False,False
143208,False,True
143209,False,False
143210,False,False
143211,True,False
143212,True,False
143213,True,False
143214,True,False
143215,False,False
143216,False,False
143217,False,False
143218,False,False
143219,False,False
143220,False,False
143221,True,False
143222,True,False
143223,True,False
143224,True,False
143225,True,False
143226,True,False
143227,False,False
143228,False,False
143230,False,False
143231,False,False
143232,False,False
143238,False,False
143239,False,False
143240,False,False
143241,False,False
143242,False,True
143243,False,False
143244,False,True
143245,False,False
143246,False,False
143247,False,False
143248,False,False
143249,False,False
143250,False,False
143251,False,False
143252,False,False
143253,False,False
143254,False,False
143256,False,False
143257,False,False
143258,False,True
143259,False,False
143260,False,False
143261,False,False
143262,False,False
143263,False,False
143265,False,False
143266,False,False
143267,False,False
143268,False,False
143269,False,False
143270,False,False
143271,False,False
143272,False,False
143273,False,False
143274,False,False
143275,True,False
143276,True,False
143277,False,False
143278,False,False
143279,False,False
143280,False,False
143281,False,False
143282,False,True
143283,False,False
143284,False,False
143285,True,False
143286,False,False
143287,False,False
143288,False,False
143289,False,False
143290,False,False
143291,False,False
143292,False,False
143293,False,False
143294,True,False
143295,False,False
143296,False,False
143297,False,False
143298,False,False
143299,False,False
143300,False,False
143301,False,False
143302,False,False
143303,False,False
143304,False,False
143305,False,False
143306,False,False
143307,False,False
143308,False,False
143309,False,False
143310,False,False
143311,False,False
143312,False,False
143313,False,False
143314,False,False
143315,False,False
143316,False,False
143317,False,False
143318,False,False
143319,False,False
143320,False,False
143321,False,False
143322,False,False
143323,False,False
143325,False,False
143326,False,False
143327,False,False
143329,False,False
143330,True,False
143331,False,False
143332,True,False
143333,True,False
143334,False,False
143335,False,False
143336,False,False
143337,False,False
143338,False,True
143339,False,False
143340,False,False
143345,False,False
143346,False,False
143347,False,False
143348,False,False
143349,False,False
143350,False,False
143351,False,False
143352,False,False
143353,False,False
143354,False,False
143355,False,False
143356,False,False
143358,False,False
143359,False,False
143360,False,False
143361,False,False
143363,False,False
143364,False,True
143365,False,True
143366,False,True
143367,False,False
143368,False,False
143369,False,False
143370,False,False
143371,False,False
143372,False,False
143373,False,False
143374,False,False
143375,False,False
143376,False,False
143377,False,False
143378,False,False
143379,False,False
143380,False,False
143381,False,False
143382,False,False
143383,False,False
143384,False,False
143385,False,False
143386,False,False
143387,True,False
143388,False,False
143389,False,False
143390,False,False
143391,False,False
143393,False,False
143394,False,False
143395,False,False
143396,False,False
143397,False,False
143398,False,False
143403,False,False
143404,False,False
143408,False,False
143409,False,False
143410,False,False
143411,False,False
143412,False,False
143413,False,False
143414,False,False
143415,False,False
143416,False,False
143417,False,False
143419,False,False
143420,False,False
143421,False,False
143426,False,False
143427,False,False
143428,False,False
143430,False,True
143431,False,False
143432,False,False
143433,False,False
143434,False,False
143435,False,False
143436,False,False
143437,False,False
143438,False,False
143439,False,False
143440,False,False
143441,False,True
143442,False,False
143443,False,False
143444,False,False
143445,False,False
143446,False,False
143447,False,False
143448,False,False
143449,False,False
143450,False,False
143451,False,False
143452,False,False
143453,False,False
143454,False,False
143455,False,False
143456,False,False
143457,False,False
143458,False,False
143459,False,False
143460,False,False
143461,False,False
143462,False,False
143463,False,False
143464,False,False
143466,True,False
143467,False,False
143468,False,False
143469,False,False
143470,False,False
143471,False,False
143472,False,False
143473,False,False
143474,False,False
143475,False,False
143476,False,False
143477,False,False
143478,False,False
143479,False,False
143480,False,False
143481,False,False
143482,False,False
143483,False,False
143484,False,False
143485,False,False
143486,False,False
143487,False,False
143488,False,False
143489,False,False
143490,False,False
143491,False,False
143492,False,False
143493,False,False
143494,False,False
143495,False,False
143497,False,False
143498,False,False
143499,False,False
143500,False,False
143501,False,False
143502,False,False
143503,False,False
143504,False,False
143505,False,False
143506,False,False
143507,False,False
143508,False,False
143509,False,False
143510,False,False
143511,False,False
143512,False,False
143513,False,False
143514,False,False
143515,False,False
143516,False,True
143517,False,False
143518,False,False
143519,False,False
143520,False,False
143522,True,False
143523,False,False
143524,False,False
143533,False,False
143534,False,False
143535,False,False
143536,False,False
143537,False,False
143538,False,False
143541,False,False
143542,False,False
143543,False,False
143544,False,False
143545,False,False
143546,False,False
143547,False,False
143548,False,False
143549,False,False
143550,False,False
143551,False,False
143553,False,False
143554,False,False
143555,False,False
143556,False,False
143557,False,False
143558,False,False
143559,False,True
143560,False,False
143561,False,False
143562,False,False
143563,False,False
143564,False,False
143565,False,False
143566,False,False
143567,False,False
143568,False,False
143569,False,False
143571,False,False
143572,False,False
143573,False,False
143574,False,False
143575,False,False
143576,False,False
143578,False,False
143579,False,False
143580,False,False
143581,False,False
143582,False,False
143583,False,False
143584,False,False
143585,False,False
143586,False,False
143587,False,False
143588,False,False
143589,False,False
143590,False,False
143591,True,False
143592,False,False
143593,False,False
143594,False,False
143595,False,False
143596,False,False
143597,False,False
143598,False,False
143599,False,False
143601,False,False
143602,False,False
143603,False,False
143604,False,False
143605,False,True
143606,False,False
143607,False,False
143608,False,False
143609,False,False
143610,False,False
143611,False,False
143612,False,False
143613,False,False
143614,False,False
143615,False,False
143616,False,False
143617,False,False
143618,False,False
143619,False,False
143620,False,False
143621,False,False
143622,False,False
143623,False,False
143624,False,False
143625,False,False
143626,False,False
143627,False,False
143628,False,False
143629,False,False
143630,False,False
143631,False,False
143632,False,False
143633,False,False
143634,False,False
143635,False,False
143636,False,False
143638,False,False
143639,False,False
143641,True,False
143643,False,False
143648,False,False
143649,False,False
143651,False,False
143652,False,False
143655,False,False
143659,False,False
143663,False,False
143668,True,False
143669,False,False
143671,False,False
143672,False,False
143673,False,False
143679,False,False
143686,True,False
143697,False,False
143698,False,False
143701,False,False
143702,False,False
143706,False,False
143707,False,False
143712,False,False
143714,False,False
143716,False,False
143718,False,False
143720,False,True
143723,False,False
143724,False,False
143729,False,False
143730,False,False
143731,False,False
143734,False,False
143739,False,False
143745,True,False
143746,False,False
143749,False,False
143750,False,False
143756,False,False
143758,False,False
143761,False,False
143762,False,False
143763,False,False
143766,False,False
143768,False,False
143770,False,False
143771,False,False
143772,False,False
143773,False,False
143774,False,False
143775,False,False
143776,False,False
143777,False,False
143778,False,False
143779,False,False
143780,False,False
143781,False,False
143782,False,False
143783,False,False
143784,False,False
143785,False,False
143786,False,False
143787,False,False
143788,False,False
143789,False,False
143790,False,False
143791,False,False
143792,False,False
143793,False,False
143794,False,False
143795,False,False
143796,False,False
143797,False,False
143798,False,False
143799,False,False
143801,False,False
143802,False,False
143803,False,False
143804,False,False
143805,False,False
143806,False,False
143807,False,False
143808,False,False
143809,False,False
143810,False,False
143811,False,False
143812,False,False
143813,False,False
143814,False,False
143816,False,False
143817,False,False
143818,False,False
143821,False,False
143822,False,False
143823,False,False
143824,True,False
143825,False,False
143826,False,False
143827,False,False
143828,False,False
143829,False,False
143830,False,False
143832,False,False
143833,False,False
143835,False,False
143836,True,False
143844,False,False
143845,False,False
143846,False,False
143847,False,False
143848,False,False
143849,False,False
143850,False,False
143853,False,False
143854,False,False
143855,False,False
143856,False,True
143857,False,False
143859,False,False
143860,False,False
143861,False,False
143863,False,False
143864,False,False
143865,False,False
143866,False,False
143867,False,False
143868,False,False
143869,False,False
143870,False,False
143871,False,False
143872,False,False
143873,False,False
143874,False,False
143875,False,False
143876,False,False
143877,False,False
143878,False,False
143879,False,False
143880,False,False
143881,False,True
143882,False,False
143883,True,False
143884,True,False
143886,False,False
143887,False,False
143888,False,False
143889,False,False
143890,False,False
143891,False,False
143892,False,False
143893,False,False
143894,True,False
143895,False,False
143896,False,False
143897,False,False
143898,False,False
143899,False,False
143900,False,False
143901,False,False
143902,False,False
143903,False,False
143904,False,False
143905,False,False
143906,False,False
143907,False,False
143908,True,False
143909,False,False
143915,False,False
143916,False,False
143918,False,False
143922,False,False
143923,False,False
143924,False,False
143925,False,False
143926,False,False
143927,True,False
143934,True,False
143938,False,False
143939,False,False
143940,False,False
143941,False,False
143942,False,False
143943,False,False
143944,False,False
143945,False,False
143946,False,False
143948,True,False
143949,False,False
143950,False,False
143951,False,False
143952,False,False
143953,False,False
143954,False,False
143955,False,False
143956,False,False
143957,False,False
143958,False,False
143959,False,False
143960,False,False
143961,False,False
143962,False,False
143963,False,False
143964,False,False
143965,False,False
143966,False,False
143967,False,False
143968,False,False
143969,False,True
143970,False,False
143973,True,False
143974,False,False
143975,False,False
143976,False,False
143977,False,False
143978,False,False
143979,False,False
143980,False,False
143981,False,False
143982,False,False
143983,False,False
143984,False,False
143986,False,False
143987,False,False
143988,False,False
143989,False,False
143990,False,False
143991,True,False
143992,False,False
143993,False,False
143994,False,False
143995,False,False
143996,False,False
143997,False,False
143998,False,False
143999,False,False
144000,False,False
144001,False,False
144002,False,False
144003,False,False
144005,False,False
144006,False,False
144007,False,False
144008,False,False
144009,False,False
144010,False,False
144012,False,False
144013,False,False
144015,False,False
144017,False,False
144018,False,False
144019,False,False
144020,False,False
144021,False,False
144022,False,False
144023,False,False
144024,False,False
144025,False,False
144031,False,False
144035,False,False
144036,False,False
144037,False,False
144039,False,False
144041,False,False
144042,False,False
144043,False,False
144044,False,False
144045,False,False
144046,False,False
144047,False,False
144048,False,False
144050,False,False
144053,False,False
144054,False,False
144055,False,False
144056,False,False
144058,False,False
144059,False,False
144060,False,False
144061,False,False
144062,False,False
144063,False,False
144064,False,False
144065,False,False
144066,False,False
144067,False,False
144068,False,False
144069,False,False
144070,False,False
144071,False,False
144072,False,False
144073,False,False
144074,False,False
144076,True,False
144077,False,False
144078,False,False
144079,False,False
144080,False,False
144082,False,False
144083,False,False
144084,False,False
144086,False,False
144089,False,True
144091,False,False
144093,False,False
144094,False,False
144095,False,False
144097,False,False
144098,False,False
144099,False,False
144100,False,False
144101,True,False
144102,True,False
144103,True,False
144104,True,False
144105,False,False
144107,False,False
144108,False,False
144109,False,False
144110,False,False
144111,False,False
144112,False,False
144113,False,False
144114,False,False
144115,False,False
144116,False,False
144117,False,False
144118,False,False
144119,True,False
144122,False,False
144128,False,False
144131,False,True
144132,False,False
144133,False,False
144134,False,False
144135,False,False
144136,False,False
144137,False,False
144139,True,False
144140,True,False
144141,False,False
144142,False,False
144143,False,False
144144,False,False
144145,False,False
144146,False,False
144147,False,False
144148,False,False
144155,False,False
144156,True,False
144157,False,False
144159,False,False
144161,False,False
144162,False,False
144163,False,False
144164,False,False
144165,False,False
144166,False,False
144167,False,False
144168,False,False
144170,False,False
144172,False,False
144173,False,False
144176,False,False
144177,False,False
144178,False,False
144180,False,False
144181,False,False
144182,False,False
144183,False,False
144184,False,False
144185,False,False
144186,False,False
144187,False,False
144188,False,False
144189,False,False
144191,False,False
144192,False,False
144193,False,False
144194,False,False
144195,False,False
144197,False,False
144198,False,False
144199,False,False
144200,False,False
144201,False,False
144202,False,False
144203,False,False
144204,False,False
144205,False,False
144206,False,False
144207,False,False
144208,False,False
144209,False,False
144210,False,False
144211,True,False
144212,False,False
144213,False,False
144214,False,False
144215,False,False
144216,False,False
144217,False,False
144218,False,False
144219,False,False
144220,False,False
144221,False,False
144222,False,False
144223,False,False
144224,False,False
144225,False,False
144228,False,False
144229,False,False
144230,False,False
144231,False,False
144232,False,False
144233,False,False
144234,False,False
144235,False,False
144236,True,False
144237,False,False
144238,False,False
144239,False,False
144240,False,False
144241,False,False
144242,False,False
144243,False,False
144244,False,False
144248,False,False
144249,False,True
144251,False,False
144252,False,False
144253,False,False
144256,False,False
144258,False,False
144259,False,False
144260,False,False
144261,False,False
144262,False,False
144264,False,False
144265,False,False
144266,False,False
144267,False,False
144269,False,False
144270,False,False
144271,False,False
144272,False,False
144273,False,False
144274,False,False
144275,False,False
144276,False,False
144277,False,False
144278,False,False
144279,False,False
144280,False,False
144281,False,False
144282,False,False
144283,False,False
144285,False,False
144286,False,False
144287,False,False
144288,False,False
144289,False,False
144290,False,False
144291,False,False
144292,False,False
144293,False,False
144298,False,False
144299,False,False
144301,False,False
144302,False,False
144303,False,False
144304,False,False
144305,True,False
144306,False,False
144307,True,False
144308,False,False
144309,False,False
144310,False,False
144311,False,False
144312,False,False
144313,False,False
144314,False,False
144315,False,False
144316,False,False
144317,False,False
144318,False,False
144319,False,False
144320,False,False
144321,False,False
144322,False,False
144323,False,False
144324,False,False
144325,False,False
144326,False,False
144327,False,False
144329,False,False
144330,False,False
144331,False,False
144332,False,False
144333,False,False
144334,False,False
144335,False,False
144336,False,False
144337,False,False
144338,False,False
144339,False,True
144340,False,False
144342,False,False
144343,True,False
144344,False,False
144345,False,False
144346,False,False
144347,False,False
144348,False,False
144349,False,False
144350,True,False
144351,False,False
144352,False,False
144354,False,False
144355,False,False
144356,False,False
144357,False,False
144358,False,False
144359,False,False
144360,False,False
144361,False,False
144364,False,False
144367,False,False
144371,False,False
144372,False,False
144381,False,False
144382,False,False
144383,False,False
144384,False,False
144385,False,False
144386,False,False
144387,False,False
144388,False,False
144389,False,False
144390,False,False
144391,False,False
144392,False,False
144393,False,False
144394,False,False
144395,False,False
144396,False,False
144397,False,False
144398,False,False
144399,False,False
144400,False,False
144401,False,False
144402,False,False
144405,False,False
144406,False,False
144407,True,False
144408,False,False
144410,False,False
144411,False,False
144412,False,False
144413,False,False
144414,False,False
144415,False,False
144416,False,False
144417,False,False
144418,False,False
144419,False,False
144420,False,False
144421,True,False
144422,True,False
144423,False,False
144424,False,False
144425,False,False
144426,False,False
144427,False,False
144428,False,False
144429,False,False
144430,False,False
144431,False,False
144432,False,False
144433,False,False
144434,False,False
144435,False,False
144436,False,False
144437,False,False
144439,False,False
144441,False,False
144442,False,False
144443,False,False
144444,False,False
144445,False,False
144446,False,False
144447,False,False
144448,False,False
144449,False,False
144453,False,False
144454,False,False
144455,False,False
144456,False,False
144457,False,False
144458,False,False
144459,False,False
144460,False,False
144461,False,True
144462,False,False
144464,False,False
144465,False,False
144466,False,False
144467,False,False
144468,False,False
144469,False,False
144470,False,False
144471,True,False
144472,False,False
144473,False,False
144474,False,False
144478,False,False
144479,False,False
144481,False,False
144482,False,False
144483,False,False
144484,False,False
144485,False,False
144486,False,False
144487,False,False
144488,True,False
144489,False,False
144490,False,False
144491,True,False
144492,False,False
144493,False,False
144494,False,False
144496,False,False
144498,False,False
144499,False,False
144500,False,False
144501,False,False
144502,False,False
144503,False,False
144504,False,False
144505,False,False
144506,False,False
144507,False,False
144508,False,False
144509,False,False
144515,False,True
144519,False,False
144520,False,False
144521,False,False
144522,False,False
144523,False,False
144524,False,False
144525,False,False
144526,False,False
144527,True,False
144528,False,False
144529,False,False
144530,False,False
144531,False,False
144532,False,False
144533,False,False
144534,False,False
144535,False,False
144536,False,False
144537,False,False
144538,False,False
144539,False,False
144540,True,False
144541,False,False
144542,False,False
144544,False,False
144545,False,False
144546,False,False
144547,False,False
144548,True,False
144549,False,False
144550,False,False
144551,False,False
144553,False,False
144554,False,False
144555,True,False
144557,False,False
144558,False,False
144559,False,False
144560,False,False
144561,False,False
144562,False,False
144563,False,False
144565,False,False
144566,False,False
144568,False,False
144569,False,False
144570,False,False
144571,False,False
144572,False,False
144573,False,False
144574,False,False
144575,False,False
144577,False,False
144580,False,False
144581,False,False
144582,False,False
144583,True,False
144584,False,False
144586,False,False
144587,False,False
144588,False,False
144589,False,False
144590,False,False
144591,False,False
144592,False,False
144593,False,False
144594,False,False
144595,False,False
144596,False,False
144597,False,False
144598,False,False
144599,False,False
144600,False,False
144601,False,False
144602,False,False
144603,False,False
144604,False,False
144605,True,False
144606,False,False
144607,False,False
144608,False,False
144609,False,False
144610,False,False
144611,False,False
144612,False,False
144615,False,False
144617,False,False
144618,True,False
144621,False,False
144623,False,False
144624,False,False
144625,False,False
144626,False,False
144627,False,False
144628,False,False
144629,False,False
144630,False,False
144631,False,False
144632,False,False
144633,False,False
144634,False,False
144635,False,False
144637,False,False
144638,False,False
144639,False,False
144640,False,False
144643,False,False
144644,False,False
144645,False,False
144646,False,False
144647,False,False
144648,False,False
144649,False,False
144650,False,False
144651,False,False
144652,False,False
144653,False,False
144655,False,False
144656,False,False
144657,False,False
144658,False,False
144659,False,False
144660,False,False
144661,False,False
144662,False,False
144663,False,False
144664,False,False
144665,False,False
144668,False,False
144669,False,False
144670,True,False
144671,True,False
144672,True,False
144673,True,False
144674,True,False
144676,True,False
144677,True,False
144678,False,False
144679,False,False
144680,False,False
144681,False,False
144682,False,False
144683,False,False
144684,False,False
144685,True,False
144686,False,False
144687,False,False
144688,False,False
144689,True,False
144690,False,False
144691,False,False
144692,False,False
144693,False,False
144694,False,False
144696,False,False
144697,False,False
144698,False,False
144699,False,False
144700,False,False
144704,False,False
144705,False,False
144708,False,False
144709,False,False
144710,False,False
144711,False,False
144712,False,False
144713,False,False
144716,False,False
144719,False,False
144721,False,False
144722,False,False
144724,False,False
144735,False,False
144737,False,False
144739,False,False
144741,False,False
144742,False,False
144743,False,False
144744,False,False
144745,False,False
144746,False,False
144747,False,False
144749,False,False
144750,True,False
144751,False,False
144752,False,False
144754,False,False
144755,False,False
144756,False,False
144757,False,False
144758,True,False
144759,False,False
144760,False,False
144761,False,False
144762,False,False
144763,True,False
144764,False,False
144766,True,False
144768,False,False
144769,False,False
144770,False,False
144773,False,False
144779,False,False
144784,False,False
144794,False,False
144798,False,False
144799,False,False
144800,False,False
144809,False,False
144822,False,False
144823,False,False
144824,False,False
144825,False,False
144826,False,False
144827,False,False
144828,False,False
144830,False,False
144832,False,False
144833,False,False
144834,False,False
144835,False,False
144836,False,False
144837,False,False
144838,False,False
144839,False,False
144840,False,False
144841,False,False
144842,False,False
144843,False,False
144844,False,False
144846,False,False
144847,False,False
144848,False,True
144849,False,False
144850,False,False
144851,False,False
144853,False,False
144854,False,False
144858,False,False
144859,False,False
144860,False,False
144861,False,False
144862,False,False
144863,False,False
144864,False,False
144865,False,False
144866,False,False
144867,False,False
144868,False,False
144869,False,False
144870,False,False
144871,False,False
144872,False,False
144873,False,False
144874,False,False
144875,False,False
144877,False,False
144878,False,False
144879,False,False
144880,False,False
144881,False,False
144882,False,False
144883,False,False
144884,False,False
144885,False,False
144889,False,False
144890,False,False
144891,False,False
144892,False,False
144893,False,False
144894,False,False
144895,False,False
144896,False,False
144897,False,False
144898,False,False
144899,False,False
144900,False,False
144901,False,False
144902,False,False
144903,False,False
144904,False,False
144905,False,False
144906,False,False
144907,False,False
144908,False,False
144909,False,False
144910,False,False
144911,False,False
144912,False,False
144913,False,False
144914,False,False
144915,False,False
144917,False,False
144918,True,False
144919,False,False
144920,True,False
144921,False,False
144922,False,False
144923,True,False
144924,True,False
144925,True,False
144926,False,False
144927,False,True
144928,False,False
144929,False,False
144930,False,False
144931,False,True
144932,False,False
144933,False,False
144934,False,False
144935,False,False
144936,False,False
144937,False,False
144938,False,False
144939,False,False
144941,False,False
144942,False,False
144945,False,False
144946,False,False
144947,False,False
144949,False,False
144950,False,False
144951,False,False
144952,False,False
144953,False,False
144954,False,False
144955,False,False
144956,False,False
144959,False,False
144960,False,False
144962,False,False
144963,False,False
144968,False,False
144969,False,False
144970,False,False
144971,False,False
144972,False,False
144973,False,False
144974,False,False
144975,False,False
144976,False,False
144977,False,False
144978,True,False
144979,False,False
144981,False,False
144982,False,False
144983,False,False
144984,False,False
144985,False,False
144986,True,False
144987,False,False
144988,False,False
144989,False,False
144990,False,False
144991,False,False
144994,False,False
144995,False,False
144998,False,False
144999,False,False
145000,False,False
145001,False,False
145008,True,False
145010,False,False
145011,False,False
145012,False,False
145013,True,False
145014,False,False
145015,False,False
145016,False,False
145017,False,False
145018,False,True
145019,False,False
145020,False,False
145021,False,False
145026,False,False
145028,False,False
145029,False,False
145030,False,False
145031,False,False
145032,False,False
145033,False,False
145034,False,False
145035,False,False
145036,False,False
145040,False,False
145041,False,False
145042,False,False
145043,False,False
145044,False,False
145045,False,False
145046,False,False
145047,False,False
145048,False,False
145049,False,True
145050,False,False
145051,False,False
145052,False,False
145053,False,False
145054,False,False
145055,False,False
145058,False,False
145060,True,False
145061,False,False
145063,False,False
145068,False,False
145069,False,False
145070,False,False
145071,True,False
145072,False,False
145073,False,False
145074,False,False
145075,False,False
145076,False,False
145077,False,False
145078,False,False
145079,False,False
145080,False,False
145081,False,False
145082,False,False
145083,False,False
145084,False,False
145086,False,False
145087,False,False
145088,False,False
145089,False,False
145090,False,False
145091,False,False
145092,False,False
145093,False,False
145094,False,False
145095,False,False
145096,False,False
145097,False,False
145098,False,False
145099,False,False
145100,False,False
145101,False,False
145102,False,False
145103,False,False
145104,False,False
145106,False,False
145107,False,False
145108,False,False
145109,False,False
145110,False,False
145111,False,False
145112,False,False
145113,False,False
145114,False,False
145115,False,False
145117,False,False
145118,False,False
145119,False,False
145120,False,False
145121,False,False
145122,False,False
145123,False,False
145124,False,False
145125,False,False
145126,False,False
145130,False,False
145131,False,False
145132,False,False
145133,False,False
145134,False,False
145135,False,False
145136,False,False
145137,False,False
145138,False,False
145139,False,False
145140,True,False
145142,False,False
145145,False,False
145146,False,False
145147,True,False
145155,False,False
145157,False,False
145166,False,False
145173,False,False
145176,False,False
145177,True,False
145178,False,False
145179,False,False
145180,False,False
145188,False,False
145189,True,False
145190,False,False
145191,False,False
145196,False,False
145198,False,False
145199,False,False
145200,False,False
145201,False,False
145202,False,False
145203,False,False
145204,False,False
145205,False,False
145206,False,False
145207,False,False
145208,False,False
145209,False,False
145210,False,False
145211,False,False
145212,False,False
145213,False,False
145214,False,False
145215,False,False
145216,False,False
145217,False,False
145218,False,False
145219,False,False
145220,False,False
145221,False,False
145222,False,False
145223,False,False
145224,False,False
145225,False,False
145226,False,False
145232,False,False
145233,False,False
145234,False,False
145235,False,False
145236,False,False
145237,False,False
145244,False,False
145245,False,False
145246,False,False
145248,False,False
145250,False,False
145251,False,False
145252,False,False
145253,False,False
145254,False,False
145255,False,False
145256,False,False
145257,False,False
145260,False,False
145261,False,False
145262,False,False
145263,False,False
145264,False,False
145265,False,False
145266,False,False
145267,False,False
145268,False,False
145269,False,False
145270,False,False
145271,False,False
145272,False,False
145273,False,False
145274,False,False
145275,False,False
145276,False,False
145278,False,False
145279,False,False
145280,True,False
145281,False,False
145282,False,False
145283,False,False
145284,False,False
145285,False,False
145286,False,False
145287,False,False
145288,False,False
145297,False,False
145299,False,False
145300,False,False
145301,False,False
145302,False,False
145303,False,False
145304,False,False
145305,False,False
145306,False,False
145313,False,False
145314,False,False
145315,False,False
145319,False,False
145320,False,False
145321,False,False
145322,False,False
145323,False,False
145324,False,False
145325,False,False
145326,False,False
145327,False,False
145328,False,False
145329,False,False
145330,False,False
145331,True,False
145332,False,False
145333,False,False
145334,False,False
145335,False,False
145336,False,False
145337,True,False
145338,False,False
145339,False,False
145340,False,False
145341,False,False
145342,False,False
145343,False,False
145344,False,False
145345,False,False
145346,False,False
145347,False,False
145348,False,False
145349,False,False
145350,False,False
145351,False,False
145352,False,False
145353,False,False
145355,False,False
145357,False,False
145358,False,False
145359,False,False
145360,False,False
145361,False,False
145362,False,False
145363,True,False
145364,False,False
145365,False,True
145366,True,False
145367,False,False
145368,True,False
145369,False,False
145370,False,False
145371,False,False
145372,False,False
145373,False,False
145374,False,False
145375,False,False
145376,False,False
145377,False,False
145378,False,False
145379,False,False
145380,False,False
145381,False,False
145382,False,False
145383,False,False
145384,False,False
145385,False,False
145387,False,False
145388,False,False
145389,False,False
145390,False,False
145391,False,False
145392,False,False
145393,False,False
145394,False,False
145395,False,False
145396,False,False
145397,False,False
145398,False,False
145399,False,False
145400,False,False
145401,False,False
145403,False,False
145404,True,False
145405,False,False
145406,False,False
145407,False,True
145408,False,False
145409,False,False
145410,False,True
145411,False,False
145412,False,False
145413,False,False
145414,False,False
145415,False,False
145420,False,False
145421,False,False
145422,False,False
145423,False,False
145424,False,False
145425,False,False
145426,False,False
145427,False,False
145428,False,False
145429,False,False
145430,False,False
145431,True,False
145432,False,False
145433,False,False
145434,False,False
145435,False,False
145436,False,False
145437,False,False
145438,False,False
145439,False,True
145440,False,False
145441,False,False
145442,False,False
145443,False,False
145444,False,False
145445,False,False
145446,False,False
145447,False,False
145450,False,False
145451,False,False
145452,False,False
145453,False,False
145454,False,False
145455,False,False
145456,False,False
145457,False,False
145458,False,False
145459,False,False
145460,False,False
145474,False,False
145475,False,False
145476,False,False
145477,False,False
145480,False,False
145481,False,False
145482,False,False
145483,False,False
145484,False,False
145485,False,False
145486,False,False
145487,False,False
145488,False,False
145489,True,False
145490,False,False
145491,False,False
145492,True,False
145494,False,False
145495,False,False
145496,False,False
145500,False,False
145501,False,False
145502,False,False
145506,False,False
145511,False,False
145512,False,False
145513,False,False
145514,False,False
145515,False,False
145516,False,False
145517,False,False
145518,False,False
145519,True,False
145520,False,False
145522,False,True
145523,False,False
145524,False,False
145525,False,False
145526,False,False
145527,False,False
145528,False,False
145529,False,False
145530,True,False
145531,False,False
145532,True,False
145533,False,False
145534,False,False
145535,True,False
145536,False,False
145537,False,False
145538,False,False
145539,False,False
145540,False,False
145541,False,False
145542,False,False
145544,False,False
145545,False,False
145548,False,False
145553,False,False
145555,False,False
145556,False,False
145557,False,False
145558,False,False
145559,False,False
145560,False,False
145561,False,False
145562,False,False
145564,False,False
145571,False,True
145575,False,False
145576,False,False
145577,False,False
145579,False,False
145580,False,False
145581,False,True
145582,False,False
145583,False,False
145585,False,False
145587,False,False
145591,False,False
145592,False,False
145593,False,False
145594,False,False
145595,True,False
145596,True,False
145597,False,False
145599,False,False
145600,False,False
145601,False,False
145602,False,False
145603,False,False
145604,False,False
145605,False,False
145606,False,False
145607,False,False
145609,False,False
145610,False,False
145611,True,False
145612,True,False
145613,False,False
145614,False,False
145615,False,False
145616,False,False
145617,False,False
145618,False,False
145619,False,False
145620,False,False
145621,False,False
145622,False,False
145623,False,False
145624,False,False
145627,False,False
145628,False,False
145629,False,False
145630,True,False
145631,True,False
145633,False,False
145634,False,False
145635,False,False
145636,False,False
145637,False,False
145638,False,False
145639,False,False
145640,False,False
145641,False,False
145642,False,False
145643,False,False
145644,False,False
145645,False,True
145646,False,False
145647,False,False
145648,False,False
145649,False,False
145650,False,False
145651,False,False
145652,False,False
145653,False,False
145654,False,False
145655,False,False
145656,False,False
145658,False,False
145659,False,False
145660,False,False
145661,False,False
145662,False,False
145663,False,False
145664,False,False
145665,False,False
145666,False,False
145667,False,False
145668,False,False
145670,False,False
145671,False,False
145672,False,False
145673,False,False
145674,False,False
145675,False,False
145676,False,False
145677,True,False
145678,False,False
145679,False,False
145680,False,False
145681,False,False
145682,False,False
145683,False,False
145684,False,False
145685,False,False
145686,False,False
145687,False,False
145688,False,False
145689,False,False
145691,False,False
145692,False,False
145693,False,False
145694,False,False
145695,False,False
145696,False,False
145697,False,False
145698,False,False
145700,False,False
145701,False,False
145702,False,False
145703,False,False
145704,False,False
145706,False,False
145707,False,False
145708,False,False
145709,False,False
145710,False,False
145711,False,False
145712,False,False
145713,False,False
145714,False,False
145715,False,False
145716,False,False
145718,False,False
145719,False,False
145720,False,False
145721,False,False
145722,False,False
145723,False,False
145724,False,False
145725,False,False
145726,False,False
145727,False,False
145728,False,False
145729,False,False
145730,False,False
145731,False,False
145732,False,False
145733,False,False
145734,True,False
145735,False,False
145736,False,False
145737,False,False
145738,False,False
145739,False,False
145740,False,False
145741,False,False
145742,False,False
145744,False,False
145745,False,False
145746,False,False
145747,False,False
145751,False,False
145752,False,False
145754,False,False
145755,False,False
145757,False,False
145758,False,False
145759,False,False
145760,False,False
145761,False,False
145762,False,False
145763,False,False
145764,False,False
145765,False,False
145766,False,False
145767,False,False
145768,False,False
145769,False,False
145770,False,False
145771,False,False
145772,False,False
145773,False,False
145774,False,False
145775,False,False
145776,False,False
145777,False,False
145778,False,False
145779,False,False
145780,True,False
145781,False,False
145782,False,False
145783,True,False
145784,False,False
145786,False,False
145787,False,False
145788,False,False
145789,False,False
145790,False,False
145791,False,False
145792,False,False
145793,False,False
145794,False,False
145795,False,False
145796,False,False
145797,False,False
145798,False,False
145799,False,False
145800,False,False
145801,False,False
145804,False,False
145805,False,False
145806,False,False
145809,False,False
145810,False,False
145811,False,False
145812,False,False
145813,False,False
145814,False,False
145815,False,False
145816,False,False
145817,False,False
145818,False,False
145819,False,False
145820,False,False
145821,False,False
145822,False,False
145823,False,False
145824,False,False
145827,False,False
145828,False,False
145832,False,False
145833,False,False
145834,False,False
145835,False,False
145836,False,False
145837,False,False
145838,False,False
145843,False,False
145844,False,False
145845,False,False
145846,False,False
145847,False,False
145848,False,False
145850,False,False
145851,False,False
145852,False,False
145853,False,False
145854,False,False
145855,False,False
145860,False,True
145861,False,False
145863,False,False
145864,False,False
145866,False,False
145868,False,False
145870,False,False
145872,False,False
145873,False,True
145874,False,False
145875,False,False
145877,False,False
145878,False,False
145879,False,False
145880,False,False
145883,False,False
145887,False,False
145888,True,False
145889,False,False
145890,False,False
145892,False,False
145893,False,False
145894,False,False
145895,False,False
145897,False,False
145898,False,False
145899,False,False
145900,False,False
145902,False,False
145903,False,False
145906,False,False
145907,False,False
145912,False,False
145914,False,False
145916,False,False
145917,False,False
145918,False,False
145921,False,False
145922,False,False
145923,False,False
145924,False,False
145925,False,False
145926,False,False
145927,False,False
145928,False,False
145929,True,False
145930,False,False
145931,False,False
145933,False,False
145935,False,False
145936,False,False
145937,False,False
145938,False,False
145939,False,False
145940,False,False
145941,False,False
145943,False,False
145944,False,False
145945,False,False
145951,False,False
145952,False,False
145954,False,False
145955,False,True
145956,False,False
145957,False,False
145965,False,False
145966,False,False
145967,False,False
145968,False,False
145969,False,False
145970,False,False
145972,False,False
145973,False,False
145974,False,False
145975,False,False
145976,False,False
145977,False,False
145978,False,False
145979,False,False
145981,False,False
145982,False,False
145983,False,False
145984,False,False
145985,False,False
145986,False,False
145987,False,False
145988,False,False
145989,False,False
145990,False,False
145991,False,False
145992,False,False
145993,False,False
145994,True,False
145995,False,False
145996,False,False
145997,False,False
145999,False,False
146000,False,False
146001,False,False
146002,False,False
146003,False,False
146004,False,False
146005,False,False
146006,False,True
146007,False,True
146008,False,False
146009,False,False
146010,False,False
146011,False,False
146012,False,False
146013,False,False
146014,False,False
146015,False,False
146016,False,False
146017,False,False
146018,False,False
146019,False,False
146020,False,False
146021,False,False
146022,False,False
146023,False,False
146024,False,False
146025,False,False
146026,False,False
146027,False,False
146028,False,False
146029,False,False
146034,False,False
146035,False,False
146048,False,False
146049,False,False
146050,False,False
146051,False,False
146052,False,False
146053,False,False
146054,False,True
146055,False,False
146056,False,False
146057,False,False
146058,False,False
146060,False,False
146061,False,False
146062,False,False
146063,False,False
146065,False,False
146066,False,True
146067,False,False
146068,False,False
146069,False,False
146070,False,False
146071,False,False
146072,False,False
146073,False,False
146074,False,False
146075,False,False
146076,False,False
146077,False,False
146079,False,False
146080,False,False
146081,False,False
146084,False,False
146085,False,False
146086,False,False
146087,False,False
146088,False,False
146091,False,False
146093,False,False
146094,False,False
146095,False,False
146096,False,False
146097,False,False
146098,False,False
146099,False,False
146100,False,False
146101,False,False
146102,False,False
146103,False,False
146104,False,False
146105,False,False
146106,False,False
146107,False,False
146108,False,False
146109,False,True
146110,False,False
146112,False,False
146113,False,False
146114,False,False
146115,False,False
146116,False,False
146117,True,False
146119,False,False
146120,False,False
146121,False,False
146123,False,False
146124,False,False
146126,False,False
146127,False,True
146128,False,False
146129,False,True
146130,False,False
146131,False,False
146132,False,False
146133,False,False
146134,False,False
146135,False,False
146136,False,False
146137,False,False
146139,False,False
146140,False,False
146141,False,False
146142,False,False
146143,False,False
146144,False,False
146145,False,False
146146,False,False
146147,False,False
146148,False,False
146149,False,False
146150,False,False
146151,False,False
146152,False,False
146153,False,False
146154,False,False
146155,False,False
146156,False,False
146157,False,False
146158,False,False
146160,False,True
146161,False,False
146170,False,False
146171,False,False
146173,False,False
146174,False,False
146175,False,False
146176,False,False
146177,False,False
146178,False,False
146179,True,False
146180,False,False
146181,False,False
146183,False,False
146185,False,False
146187,False,False
146189,False,False
146190,True,False
146191,False,False
146194,False,False
146195,False,False
146196,False,False
146198,False,False
146199,False,False
146201,False,False
146202,False,False
146203,False,False
146204,False,False
146205,False,False
146208,False,False
146209,False,False
146210,False,False
146211,False,False
146212,False,False
146213,False,False
146214,False,False
146215,False,False
146217,False,False
146218,False,False
146219,False,False
146220,True,False
146221,False,False
146222,False,False
146223,False,False
146224,False,False
146225,False,False
146226,False,False
146227,False,False
146228,False,False
146229,False,False
146230,False,False
146231,True,False
146232,False,False
146233,False,False
146234,False,False
146235,False,False
146236,False,False
146237,False,False
146238,False,False
146239,False,False
146241,True,False
146242,False,False
146243,False,False
146244,False,False
146245,False,False
146246,False,False
146247,False,False
146248,False,False
146249,False,False
146250,False,False
146251,False,False
146252,False,False
146253,False,False
146254,False,False
146255,False,False
146256,False,False
146257,True,False
146259,False,False
146260,False,False
146261,False,False
146262,False,False
146263,False,False
146264,False,True
146266,False,False
146267,False,False
146268,False,False
146269,False,False
146270,False,False
146271,False,False
146272,False,False
146273,False,False
146274,False,False
146275,False,False
146276,False,False
146278,False,False
146279,False,False
146280,False,False
146281,False,False
146282,False,False
146283,False,False
146284,False,False
146294,False,False
146295,False,False
146296,False,False
146297,False,False
146298,False,False
146299,False,False
146300,False,False
146303,False,False
146305,False,False
146306,False,False
146307,False,False
146308,False,False
146309,False,False
146310,False,False
146311,False,False
146312,False,False
146313,False,False
146314,False,False
146315,False,False
146316,False,False
146318,False,False
146319,False,False
146320,False,False
146322,False,False
146323,False,False
146325,False,False
146326,False,False
146327,False,False
146331,False,False
146343,False,False
146344,False,False
146345,False,False
146346,False,False
146347,False,False
146348,False,False
146357,False,False
146358,False,False
146359,False,False
146363,False,False
146365,False,False
146366,False,False
146367,False,False
146368,False,False
146369,False,True
146370,False,False
146372,False,False
146374,False,False
146375,False,False
146376,False,False
146377,False,False
146379,False,False
146380,False,False
146381,False,True
146382,False,False
146383,False,False
146385,False,False
146386,False,False
146387,False,False
146388,False,False
146389,False,False
146390,False,False
146391,False,False
146392,False,False
146393,False,False
146394,False,False
146395,True,False
146396,False,False
146397,False,False
146399,False,False
146400,False,False
146402,False,False
146403,False,False
146404,False,False
146405,False,False
146406,False,False
146407,False,False
146408,False,False
146409,False,False
146410,False,False
146411,False,False
146412,False,False
146413,False,False
146414,False,False
146415,False,False
146417,False,False
146418,False,False
146419,False,False
146420,False,False
146421,False,False
146423,False,False
146424,False,False
146425,False,False
146426,False,False
146427,False,False
146428,False,False
146429,False,False
146430,False,False
146431,False,False
146432,False,False
146433,False,False
146434,False,False
146436,False,False
146437,False,False
146438,False,False
146439,True,False
146440,False,False
146443,False,False
146444,False,False
146446,False,False
146447,False,False
146448,False,False
146449,False,False
146450,False,False
146451,False,False
146452,False,False
146454,False,False
146455,False,False
146456,False,False
146457,False,False
146459,False,False
146460,False,False
146461,False,False
146462,False,False
146463,False,False
146464,False,False
146465,False,False
146466,False,False
146467,False,False
146469,False,False
146470,False,False
146471,False,False
146473,False,True
146474,False,False
146475,False,False
146477,False,False
146479,False,False
146480,False,False
146481,False,False
146482,False,False
146483,True,False
146484,False,False
146486,False,False
146487,False,False
146488,False,False
146489,False,False
146490,False,False
146491,False,False
146492,False,False
146493,False,False
146494,False,False
146495,False,False
146496,False,False
146497,False,False
146498,False,False
146499,False,False
146500,False,False
146501,False,False
146502,False,False
146503,False,False
146505,False,False
146506,False,False
146507,False,False
146508,False,False
146509,False,False
146510,False,False
146511,False,False
146512,False,False
146513,False,False
146515,False,False
146518,False,False
146527,False,False
146528,False,False
146529,False,False
146530,False,False
146531,False,False
146532,False,False
146534,False,False
146535,False,False
146536,False,False
146537,False,False
146538,False,False
146539,False,False
146540,False,False
146541,False,False
146542,False,False
146543,False,False
146544,False,False
146545,False,False
146549,False,False
146550,False,False
146558,False,False
146559,False,False
146560,False,False
146561,False,False
146562,False,False
146564,False,False
146566,False,False
146567,False,False
146572,False,False
146573,False,False
146574,False,False
146575,False,False
146578,False,False
146579,False,False
146580,False,False
146581,False,False
146582,False,False
146583,False,False
146584,False,False
146586,True,False
146589,False,False
146590,False,False
146593,False,False
146594,False,False
146596,False,False
146597,False,True
146598,False,False
146600,False,False
146601,False,False
146602,False,False
146603,False,False
146605,False,False
146607,False,False
146609,False,False
146611,False,False
146612,False,False
146615,False,False
146616,False,False
146618,False,False
146621,False,False
146622,False,False
146623,False,False
146624,False,False
146634,False,False
146635,False,False
146636,False,False
146639,False,False
146640,False,False
146642,False,False
146648,True,False
146661,False,False
146662,False,False
146663,False,False
146665,False,False
146666,False,False
146667,False,False
146668,False,False
146669,True,False
146670,False,False
146672,False,False
146674,False,False
146676,False,False
146677,False,False
146678,False,False
146679,False,False
146680,False,False
146681,False,False
146682,True,False
146683,False,False
146684,False,False
146685,False,False
146687,False,False
146688,False,False
146689,False,False
146690,False,False
146691,False,False
146692,False,False
146693,False,False
146694,False,False
146695,False,False
146696,False,False
146697,False,False
146698,False,False
146699,False,False
146701,False,False
146703,False,False
146704,False,False
146706,False,False
146707,False,False
146708,False,False
146709,False,False
146710,False,False
146711,False,False
146712,False,False
146714,False,False
146715,False,False
146716,False,False
146717,False,False
146719,False,False
146720,False,False
146721,False,False
146722,False,False
146723,False,False
146724,False,False
146725,False,False
146726,False,False
146727,False,False
146728,False,False
146731,False,False
146732,False,False
146734,False,False
146735,False,False
146740,False,False
146742,False,False
146743,False,False
146747,False,False
146749,False,False
146750,False,False
146751,False,False
146752,False,False
146753,False,False
146754,False,False
146755,False,False
146756,False,False
146757,False,False
146762,False,False
146765,False,False
146767,False,False
146768,False,False
146769,False,False
146770,False,False
146778,False,False
146779,False,False
146781,False,False
146782,False,False
146784,False,False
146785,False,False
146786,False,False
146787,False,False
146788,False,False
146792,False,False
146793,False,False
146794,False,False
146795,False,False
146796,False,False
146797,False,False
146798,False,False
146800,False,True
146803,False,False
146807,False,False
146808,False,False
146809,False,False
146810,False,False
146811,False,False
146812,False,False
146813,False,False
146814,False,False
146815,False,False
146817,False,False
146818,False,False
146819,False,False
146820,False,False
146822,False,False
146825,True,False
146826,True,False
146827,True,False
146839,False,False
146840,False,False
146841,False,False
146842,False,False
146843,False,False
146844,False,False
146845,False,False
146846,False,False
146847,False,False
146848,False,False
146849,False,False
146850,False,False
146851,False,False
146852,False,False
146853,False,False
146854,False,False
146855,False,False
146856,False,False
146857,False,False
146858,False,False
146859,False,False
146860,False,False
146861,False,False
146862,False,False
146863,False,False
146865,False,False
146866,False,False
146867,True,False
146868,False,False
146869,True,False
146870,False,False
146871,False,False
146872,False,False
146873,False,False
146874,False,False
146875,False,False
146877,False,False
146878,False,False
146879,False,False
146880,False,False
146881,False,False
146882,False,True
146885,False,False
146887,False,False
146888,False,False
146889,False,False
146890,False,False
146891,False,False
146892,True,False
146893,False,False
146894,False,False
146895,False,False
146896,False,False
146897,False,False
146898,False,False
146899,False,False
146900,False,False
146901,False,False
146902,False,False
146903,False,False
146904,False,False
146905,False,False
146906,False,False
146907,False,False
146909,False,False
146910,False,False
146911,False,False
146912,False,False
146913,False,False
146914,False,False
146915,True,False
146916,True,False
146917,False,False
146918,False,False
146919,True,False
146920,False,False
146921,False,False
146922,False,False
146923,False,False
146924,False,False
146925,False,False
146926,False,False
146927,False,False
146929,False,False
146931,False,False
146932,False,False
146933,False,False
146935,False,True
146936,False,False
146937,False,False
146938,False,False
146939,False,False
146941,False,False
146942,True,False
146943,False,False
146944,False,False
146946,False,False
146948,True,False
146949,False,False
146950,False,False
146952,False,False
146953,False,False
146956,False,False
146958,False,False
146959,False,False
146960,False,False
146961,False,False
146963,False,False
146964,False,False
146965,False,False
146967,False,False
146968,False,False
146969,False,False
146970,False,False
146972,False,False
146975,False,False
146976,False,False
146977,False,False
146978,False,False
146979,False,True
146980,False,False
146986,False,False
146995,False,False
146996,False,False
146997,False,False
146998,False,False
147008,False,False
147009,False,False
147015,False,False
147016,False,False
147017,False,False
147018,False,False
147019,False,False
147021,False,False
147022,False,False
147023,False,False
147024,False,False
147031,True,False
147032,False,False
147053,False,False
147054,False,False
147055,False,False
147056,False,False
147057,False,False
147058,False,False
147059,False,False
147061,False,False
147062,False,False
147064,True,False
147065,False,False
147066,False,False
147067,False,False
147068,False,True
147069,False,False
147070,False,False
147071,False,False
147072,False,False
147073,True,False
147074,False,False
147075,False,False
147076,False,False
147077,False,False
147078,False,False
147079,False,False
147080,False,False
147081,False,False
147082,False,False
147083,False,True
147084,False,False
147085,False,False
147087,False,False
147088,True,False
147089,False,False
147090,False,False
147091,False,False
147092,False,False
147093,False,False
147095,False,False
147096,False,False
147097,False,False
147100,False,False
147101,False,False
147102,False,False
147103,False,False
147104,False,False
147105,False,False
147106,False,False
147107,False,False
147108,False,False
147109,False,False
147110,False,True
147111,False,False
147112,False,False
147113,False,False
147114,False,False
147115,True,False
147116,False,False
147117,False,False
147118,False,False
147119,False,False
147120,False,False
147121,False,False
147122,False,False
147123,False,False
147124,False,False
147125,False,False
147126,False,False
147127,False,False
147128,False,False
147130,False,False
147131,False,False
147132,False,False
147133,False,False
147134,False,False
147135,False,False
147136,False,False
147137,False,False
147138,False,False
147139,False,False
147140,True,False
147141,False,False
147142,False,False
147143,False,False
147144,False,False
147145,False,False
147147,False,False
147148,False,False
147149,False,False
147150,False,False
147153,False,False
147154,False,False
147155,False,False
147156,False,False
147157,False,False
147158,False,False
147159,False,False
147162,False,False
147163,False,False
147164,False,False
147165,False,False
147173,False,False
147176,False,False
147177,False,False
147178,False,False
147179,False,False
147180,False,True
147182,False,False
147183,False,False
147185,False,False
147187,False,False
147188,False,False
147189,False,False
147190,False,False
147191,False,False
147192,False,False
147193,False,False
147195,False,False
147196,True,False
147197,False,False
147201,False,False
147203,False,False
147204,False,False
147210,False,True
147211,False,False
147212,False,False
147213,False,False
147214,False,False
147215,False,False
147216,False,False
147219,False,False
147227,False,False
147228,False,False
147229,False,False
147238,False,False
147240,False,False
147241,False,False
147242,False,False
147243,False,False
147244,False,False
147245,False,False
147246,False,False
147247,False,False
147248,False,False
147249,False,False
147250,False,False
147251,False,False
147252,False,False
147253,False,False
147254,False,False
147255,False,False
147256,False,False
147257,False,False
147258,False,False
147259,True,False
147260,False,False
147261,False,False
147262,False,False
147263,False,False
147264,False,False
147265,False,False
147266,False,False
147267,False,False
147268,True,False
147269,False,False
147270,True,False
147271,False,False
147273,False,False
147274,False,False
147275,False,False
147276,False,False
147277,True,False
147278,False,False
147279,False,False
147280,False,False
147281,False,False
147282,False,False
147283,False,False
147284,False,False
147286,False,False
147291,False,False
147299,False,False
147300,False,False
147307,False,False
147310,False,False
147311,False,False
147321,False,False
147322,False,False
147324,False,False
147326,False,False
147327,False,False
147328,False,False
147329,False,False
147330,False,False
147332,True,False
147334,False,False
147335,False,False
147336,False,False
147337,False,False
147340,False,False
147341,False,False
147342,False,False
147343,False,False
147344,False,False
147345,False,False
147346,False,False
147347,False,False
147350,True,False
147351,False,False
147355,True,False
147356,False,True
147358,False,False
147359,False,False
147360,False,False
147362,False,False
147363,False,False
147364,False,False
147367,False,False
147368,False,False
147369,False,False
147371,False,False
147372,False,False
147373,True,False
147374,False,False
147375,False,False
147376,False,False
147377,False,False
147378,False,False
147379,False,False
147380,False,False
147381,False,False
147382,True,False
147384,False,False
147385,False,False
147386,False,False
147387,False,False
147388,False,False
147389,False,False
147392,False,False
147393,False,False
147394,False,False
147395,False,False
147396,False,False
147397,False,False
147398,False,False
147399,False,False
147400,False,False
147401,False,False
147402,False,False
147403,False,False
147404,False,False
147406,False,False
147407,True,False
147408,True,False
147409,False,False
147410,False,False
147411,False,False
147412,True,False
147413,False,False
147414,False,False
147415,False,False
147416,False,False
147417,False,False
147418,False,False
147420,False,False
147421,False,False
147422,False,False
147423,False,False
147424,False,False
147425,False,False
147427,False,False
147428,False,False
147429,False,False
147430,False,False
147431,False,False
147432,False,False
147433,False,False
147434,False,False
147435,False,False
147436,True,False
147437,False,False
147438,False,False
147439,False,False
147440,False,False
147441,False,False
147442,False,False
147443,False,False
147444,False,False
147446,False,False
147447,True,False
147448,False,False
147449,False,False
147450,False,False
147451,False,False
147452,False,False
147453,False,False
147454,False,True
147456,False,False
147467,False,False
147476,False,False
147478,False,False
147479,False,False
147480,False,False
147481,False,False
147482,False,False
147483,False,False
147484,False,False
147485,False,False
147486,False,False
147487,False,False
147488,False,False
147489,False,False
147490,False,False
147491,False,False
147492,False,False
147493,False,False
147494,False,False
147495,False,False
147496,False,False
147497,False,False
147498,False,False
147499,False,False
147504,False,False
147505,False,False
147506,False,False
147507,False,False
147508,False,False
147509,False,False
147510,False,False
147511,False,False
147512,False,False
147513,False,False
147514,False,False
147515,False,False
147516,False,False
147517,False,False
147518,False,False
147519,False,False
147520,True,False
147521,False,True
147522,False,False
147523,False,False
147524,False,False
147528,False,False
147530,False,False
147531,False,False
147532,False,False
147533,False,False
147534,False,False
147535,False,False
147536,False,True
147537,False,False
147538,False,False
147539,False,False
147540,False,False
147541,False,False
147543,False,False
147544,False,False
147550,False,False
147551,False,False
147552,False,False
147553,False,False
147554,False,False
147555,False,False
147556,False,False
147558,False,False
147559,False,False
147560,False,False
147561,False,False
147562,False,False
147563,False,False
147564,False,False
147565,False,False
147566,True,False
147567,True,False
147568,False,False
147569,False,False
147570,False,False
147571,False,False
147572,False,False
147574,False,False
147575,False,False
147576,False,False
147577,False,False
147578,False,False
147579,False,False
147580,False,False
147581,False,False
147582,True,False
147583,True,False
147584,False,False
147591,False,False
147592,False,False
147593,False,False
147594,False,False
147595,True,False
147597,False,False
147602,False,False
147603,False,False
147618,False,False
147619,False,False
147620,True,False
147621,False,False
147622,False,False
147623,False,False
147624,False,False
147625,False,False
147626,False,False
147627,False,False
147628,True,False
147629,False,False
147630,False,False
147631,False,False
147632,False,False
147633,False,False
147634,False,False
147636,False,False
147637,False,False
147638,False,False
147639,False,False
147640,False,False
147641,False,False
147642,False,False
147643,False,False
147644,True,False
147649,False,False
147650,False,True
147651,False,False
147652,False,False
147653,False,False
147654,False,False
147661,False,False
147669,False,False
147670,False,False
147671,False,False
147675,False,False
147676,False,False
147677,False,False
147678,False,False
147679,False,False
147680,False,False
147683,True,False
147685,False,False
147701,False,False
147706,False,False
147707,False,False
147708,False,False
147709,False,False
147710,False,False
147711,False,False
147712,False,False
147713,False,False
147714,False,False
147715,False,False
147716,False,False
147717,False,False
147718,False,False
147719,False,False
147720,False,False
147721,False,False
147723,False,False
147724,False,False
147725,False,False
147726,False,False
147727,True,False
147728,False,False
147729,False,False
147730,False,False
147738,False,False
147739,False,False
147747,False,False
147748,False,False
147749,True,False
147750,False,False
147751,False,False
147752,False,False
147753,False,False
147755,False,False
147757,False,False
147758,False,False
147759,False,False
147760,False,False
147761,False,False
147762,False,False
147763,False,False
147764,False,False
147765,False,False
147769,False,False
147784,False,False
147785,False,False
147788,False,False
147793,False,False
147795,False,False
147796,False,False
147797,False,False
147799,False,False
147800,False,False
147801,False,False
147803,False,False
147804,False,False
147805,False,False
147806,False,False
147807,False,False
147808,False,False
147809,False,False
147810,False,False
147811,False,False
147812,False,False
147813,False,False
147814,False,False
147815,False,False
147816,False,False
147817,False,False
147818,False,False
147819,False,False
147820,False,False
147821,False,False
147822,False,False
147823,False,False
147824,False,False
147825,False,False
147826,False,False
147827,False,False
147829,False,False
147830,False,False
147832,False,False
147833,False,False
147834,False,False
147836,False,False
147838,False,False
147839,False,False
147840,False,False
147841,False,False
147842,False,False
147844,False,False
147846,False,False
147847,False,False
147848,False,False
147849,False,False
147850,False,False
147851,False,False
147852,False,False
147853,False,True
147854,False,False
147855,False,True
147856,False,False
147857,False,False
147858,False,False
147860,False,False
147861,False,False
147862,False,False
147863,False,False
147864,True,False
147865,False,False
147866,False,False
147867,False,False
147868,False,True
147869,False,False
147870,False,False
147871,False,False
147872,False,False
147874,False,False
147875,False,False
147876,False,True
147877,False,False
147878,False,False
147879,False,False
147880,False,False
147881,False,False
147883,False,False
147884,False,False
147885,False,False
147888,False,False
147889,False,False
147890,False,False
147891,False,False
147892,False,False
147893,False,False
147894,False,False
147895,False,False
147897,False,False
147898,False,False
147902,False,False
147903,False,False
147904,False,False
147905,False,False
147909,False,False
147910,False,False
147916,False,False
147917,False,False
147920,False,False
147921,False,False
147922,False,False
147923,False,False
147924,False,False
147925,False,False
147926,False,False
147927,False,False
147928,False,False
147929,False,False
147930,False,False
147931,False,False
147932,False,False
147933,False,False
147934,False,False
147935,False,False
147936,False,False
147937,False,False
147938,False,False
147939,False,False
147940,False,False
147941,False,False
147942,False,False
147943,False,False
147944,False,False
147945,False,False
147967,False,False
147969,False,False
147970,False,False
147971,False,False
147981,False,False
147982,False,False
147992,False,False
147993,False,False
147994,False,False
147995,False,False
147996,False,False
148001,False,False
148002,False,False
148003,False,False
148004,False,False
148008,False,False
148009,False,False
148011,False,False
148012,True,False
148013,False,False
148014,False,False
148015,False,False
148016,False,False
148017,False,False
148018,False,False
148019,False,False
148020,False,False
148021,False,False
148022,False,False
148023,True,False
148024,False,False
148025,False,False
148026,False,False
148029,False,False
148035,False,False
148036,False,False
148039,False,False
148040,False,False
148049,False,False
148050,False,False
148060,False,False
148061,False,False
148068,False,False
148078,False,False
148081,False,False
148082,False,False
148083,False,False
148084,False,False
148085,False,False
148086,False,False
148087,False,False
148088,False,False
148089,False,False
148090,False,False
148092,False,False
148093,False,False
148094,False,False
148095,False,False
148096,False,False
148097,False,False
148098,False,False
148100,False,False
148101,False,False
148102,False,False
148104,False,False
148105,False,False
148106,False,False
148107,False,True
148108,False,False
148109,False,False
148110,False,False
148111,False,False
148113,False,False
148114,False,False
148115,False,False
148116,False,False
148117,False,False
148118,False,False
148119,True,False
148120,True,False
148121,False,False
148122,False,False
148123,False,False
148124,False,False
148125,False,False
148127,False,False
148128,False,False
148129,False,False
148132,False,False
148134,False,False
148135,False,False
148136,False,False
148137,False,False
148138,False,False
148139,False,False
148140,False,False
148141,False,False
148143,False,False
148144,False,False
148145,False,False
148150,False,False
148151,False,False
148152,False,False
148158,False,False
148159,False,False
148160,True,False
148161,False,False
148162,False,False
148163,False,False
148164,True,False
148165,False,False
148166,False,True
148167,False,False
148168,False,False
148169,False,False
148170,False,False
148171,False,False
148172,False,False
148173,False,False
148177,False,False
148179,False,False
148182,False,False
148183,False,False
148184,False,False
148185,True,False
148186,False,False
148187,False,False
148193,False,False
148201,False,False
148202,False,False
148204,False,False
148205,False,False
148206,False,False
148207,False,False
148208,False,False
148209,False,False
148210,False,False
148211,False,False
148212,False,False
148213,False,False
148214,False,False
148215,False,False
148216,False,False
148217,False,False
148218,False,False
148219,False,False
148220,False,False
148221,False,False
148223,False,False
148224,True,False
148225,False,False
148226,False,False
148227,False,False
148228,False,False
148229,False,False
148230,False,False
148231,False,False
148232,False,False
148233,False,False
148234,False,False
148235,False,False
148236,False,False
148237,False,False
148240,False,False
148247,False,False
148250,False,False
148253,False,False
148254,False,False
148256,False,False
148257,False,False
148258,False,False
148259,False,False
148260,False,False
148261,False,True
148262,False,False
148266,False,False
148267,False,False
148268,False,False
148269,False,False
148270,False,False
148271,False,False
148272,False,False
148273,False,False
148274,False,False
148275,False,False
148276,False,False
148277,False,False
148278,False,False
148279,False,False
148280,False,False
148281,False,False
148282,False,False
148283,False,False
148284,False,False
148285,False,False
148286,False,False
148287,False,False
148288,False,False
148289,False,False
148292,False,False
148293,False,False
148294,False,True
148295,False,False
148296,False,False
148297,False,False
148298,False,False
148299,False,False
148300,False,False
148301,False,False
148302,False,False
148303,False,False
148304,False,False
148305,False,False
148306,False,False
148307,False,False
148308,False,False
148309,False,False
148310,False,False
148312,False,False
148313,False,True
148314,False,False
148315,False,False
148316,False,False
148318,False,False
148319,False,False
148321,False,False
148322,False,False
148323,False,False
148325,False,False
148326,False,False
148327,False,False
148328,False,False
148329,False,False
148330,False,False
148332,False,False
148333,False,False
148334,False,False
148335,False,False
148336,False,False
148337,False,False
148338,False,False
148339,False,False
148340,False,False
148343,False,False
148347,False,False
148348,False,False
148349,False,False
148350,False,True
148352,False,False
148353,False,False
148354,False,False
148357,False,False
148361,False,False
148362,False,False
148363,False,False
148364,False,False
148365,False,False
148366,False,False
148367,False,False
148368,False,False
148369,False,False
148370,False,True
148371,False,False
148372,True,False
148373,True,False
148374,False,False
148375,False,False
148376,False,False
148377,True,False
148379,False,False
148380,False,False
148381,False,False
148382,False,False
148383,False,False
148384,False,False
148385,False,False
148386,False,False
148387,False,False
148388,False,False
148389,False,False
148390,False,False
148391,False,False
148392,False,False
148393,False,False
148396,False,False
148400,False,False
148401,False,False
148402,False,False
148403,False,False
148405,True,False
148407,False,False
148408,False,False
148409,False,False
148410,False,False
148411,False,False
148412,False,False
148413,False,False
148414,False,False
148417,False,False
148423,False,False
148427,False,False
148428,False,False
148429,False,False
148430,False,False
148431,False,False
148432,False,False
148433,False,False
148434,False,False
148435,False,False
148436,False,False
148437,False,False
148438,False,False
148439,False,False
148440,False,False
148441,False,False
148442,False,False
148443,False,False
148444,False,False
148445,False,False
148446,False,False
148447,False,False
148448,False,False
148449,False,False
148450,False,False
148451,False,False
148452,False,False
148453,True,False
148454,False,False
148455,False,False
148456,False,False
148457,False,False
148458,False,False
148459,False,False
148460,False,False
148461,False,False
148462,False,False
148463,False,False
148464,False,False
148465,False,False
148466,False,False
148467,False,False
148469,False,False
148476,False,False
148477,False,False
148478,False,False
148479,False,False
148480,False,False
148481,False,False
148482,False,False
148483,False,False
148484,False,False
148485,False,False
148486,False,False
148487,False,False
148488,False,False
148489,False,False
148490,False,False
148491,False,False
148492,False,True
148493,False,False
148494,False,False
148495,False,False
148496,False,False
148498,True,False
148499,False,False
148500,False,False
148501,False,False
148502,False,False
148503,False,False
148504,False,False
148505,False,False
148506,False,False
148507,False,False
148508,False,False
148509,False,False
148510,False,False
148511,False,False
148512,False,False
148513,False,False
148514,False,False
148515,False,False
148516,False,False
148517,False,False
148518,False,False
148519,False,False
148520,False,False
148521,False,False
148522,False,False
148526,False,False
148527,False,False
148528,False,False
148531,True,False
148532,False,False
148533,False,False
148534,False,False
148535,False,False
148538,False,False
148539,False,False
148540,False,False
148541,False,False
148543,False,False
148544,False,False
148545,False,False
148546,False,True
148547,False,False
148548,False,False
148549,False,False
148550,False,False
148553,False,True
148554,False,False
148560,False,False
148561,False,False
148562,False,False
148563,False,False
148569,False,False
148570,False,False
148571,False,False
148572,True,False
148573,False,False
148574,False,False
148575,False,False
148576,False,False
148577,False,False
148578,False,False
148580,False,False
148581,False,False
148582,False,False
148583,False,False
148584,False,False
148585,False,True
148588,False,False
148589,False,False
148590,False,False
148595,False,False
148596,False,False
148601,False,False
148602,False,False
148603,False,False
148604,False,False
148605,False,False
148606,False,False
148607,False,False
148608,False,False
148609,False,False
148610,False,False
148611,False,False
148614,True,False
148615,False,False
148616,False,False
148617,False,False
148618,False,False
148623,True,False
148624,False,False
148626,False,False
148627,False,False
148628,False,False
148629,False,False
148636,False,False
148637,False,False
148639,False,False
148640,False,False
148641,False,False
148653,False,False
148654,False,False
148655,False,False
148657,False,False
148658,False,False
148659,False,False
148660,False,False
148668,False,False
148669,False,False
148670,False,False
148671,False,False
148672,False,False
148673,False,False
148674,False,False
148675,False,False
148676,False,False
148677,False,False
148678,False,False
148679,False,False
148680,False,False
148681,True,False
148682,False,False
148684,False,False
148685,False,False
148686,False,False
148687,False,False
148688,False,False
148689,False,False
148690,False,False
148692,False,False
148693,False,False
148694,False,False
148695,False,False
148696,False,False
148697,False,False
148698,False,False
148699,False,True
148700,True,False
148701,False,False
148702,False,False
148703,False,False
148704,False,False
148705,False,False
148706,False,False
148707,True,False
148708,False,False
148709,False,False
148710,False,False
148711,False,False
148712,False,False
148713,False,False
148714,False,False
148715,False,False
148716,False,False
148718,False,False
148719,False,False
148720,False,False
148722,False,False
148724,True,False
148727,False,False
148728,False,False
148737,False,False
148738,False,False
148739,False,False
148741,False,False
148742,False,False
148743,False,False
148744,False,False
148745,False,True
148747,True,False
148748,False,False
148749,False,False
148750,False,False
148751,False,False
148752,False,False
148753,False,False
148755,False,False
148763,False,False
148764,False,False
148765,False,False
148766,False,False
148768,False,False
148769,False,False
148770,False,False
148771,False,False
148772,False,False
148774,False,False
148775,False,False
148776,False,False
148777,False,False
148778,False,False
148779,False,False
148780,False,False
148781,False,False
148782,False,False
148784,False,False
148785,False,False
148786,False,False
148787,False,False
148788,False,False
148789,False,False
148790,False,False
148792,False,False
148793,False,False
148798,False,False
148799,False,False
148800,False,False
148809,False,False
148810,False,False
148811,False,False
148812,False,False
148813,False,False
148814,False,False
148815,False,False
148816,False,False
148817,False,False
148818,False,False
148819,False,False
148820,False,False
148821,False,False
148822,False,False
148823,False,True
148824,False,False
148825,False,False
148826,True,False
148830,False,False
148834,False,False
148835,False,False
148841,False,False
148844,False,False
148845,False,False
148846,False,False
148847,False,False
148848,False,False
148849,False,False
148850,False,False
148851,False,False
148852,False,False
148853,False,False
148854,False,False
148855,False,False
148856,False,False
148857,False,False
148858,False,False
148859,False,False
148863,False,False
148864,False,False
148865,False,False
148866,False,False
148867,False,False
148868,False,False
148869,False,False
148870,False,False
148871,False,False
148872,False,False
148873,False,False
148874,False,False
148875,False,False
148876,False,False
148877,False,True
148878,False,False
148879,False,False
148880,False,False
148882,False,False
148883,False,False
148884,False,False
148885,False,False
148886,False,False
148901,False,True
148902,False,False
148903,False,False
148904,False,False
148905,False,True
148906,False,False
148907,False,False
148908,False,False
148910,False,False
148911,False,False
148912,False,False
148913,False,False
148914,False,False
148915,False,False
148916,False,False
148917,False,False
148918,False,False
148919,False,False
148920,False,False
148921,False,False
148922,False,False
148924,False,False
148925,False,False
148926,False,False
148927,False,False
148932,False,False
148936,False,False
148937,False,False
148938,False,False
148940,True,False
148941,False,False
148942,False,False
148944,False,False
148945,False,False
148946,False,False
148947,False,False
148948,False,False
148949,False,False
148950,False,False
148951,True,False
148952,False,False
148953,False,False
148954,False,False
148955,False,False
148956,False,False
148961,False,False
148962,False,False
148965,False,False
148969,False,False
148970,False,False
148971,False,False
148972,False,False
148973,False,False
148974,False,False
148977,False,False
148978,False,False
148979,False,False
148980,False,False
148981,False,False
148982,False,False
148983,False,False
148984,False,False
148985,False,False
148986,False,False
148987,False,False
148989,False,False
148990,False,False
148991,False,False
148992,False,False
148993,False,False
148994,False,False
148995,False,False
148996,False,False
148997,False,False
148998,False,False
148999,False,True
149000,False,False
149001,False,False
149002,False,False
149003,False,False
149004,False,False
149006,False,False
149007,True,False
149008,False,False
149009,False,False
149010,False,False
149011,False,False
149025,False,False
149029,False,False
149030,False,False
149031,False,False
149032,False,False
149033,False,False
149034,False,False
149035,False,False
149036,False,False
149037,False,False
149038,False,False
149039,False,False
149040,False,False
149041,False,False
149042,False,False
149046,False,False
149047,False,False
149048,False,False
149050,False,False
149051,False,False
149052,False,False
149053,False,False
149054,False,False
149055,False,False
149056,False,False
149057,False,False
149058,False,False
149059,False,False
149060,False,False
149061,False,False
149062,False,False
149066,False,False
149067,False,False
149068,False,False
149069,False,True
149072,False,False
149073,False,False
149074,False,False
149075,False,False
149077,False,False
149078,False,False
149079,False,False
149080,False,False
149081,False,False
149084,True,False
149086,False,False
149087,False,False
149089,False,False
149090,False,False
149091,False,False
149092,False,False
149093,False,False
149096,False,False
149097,False,False
149098,False,False
149100,False,False
149101,False,False
149102,False,False
149103,False,False
149104,False,False
149105,False,False
149106,False,False
149107,False,False
149108,False,False
149113,False,False
149114,False,False
149115,False,False
149116,False,False
149117,False,False
149118,False,False
149119,False,False
149120,False,False
149121,False,False
149122,False,False
149123,False,False
149124,False,False
149125,False,False
149126,False,False
149127,False,False
149128,False,False
149129,False,False
149130,False,False
149131,False,False
149132,False,False
149133,False,False
149134,False,False
149135,False,False
149136,False,True
149137,False,False
149138,False,False
149142,False,False
149143,False,False
149144,False,False
149149,False,False
149151,False,False
149155,False,False
149156,False,False
149159,False,False
149161,False,False
149162,False,False
149164,False,False
149165,False,False
149166,False,False
149167,False,False
149168,False,True
149188,False,False
149190,False,False
149191,False,False
149192,False,False
149193,True,False
149197,False,False
149198,False,False
149204,False,False
149205,False,False
149206,False,False
149207,False,False
149208,False,False
149209,False,False
149211,False,False
149221,False,False
149222,False,False
149225,False,False
149226,False,False
149227,False,False
149228,False,False
149232,False,False
149233,False,False
149235,False,False
149236,False,False
149243,False,False
149244,False,False
149245,False,False
149246,False,False
149247,False,False
149251,False,False
149252,False,False
149253,True,False
149254,False,False
149255,False,False
149256,False,False
149257,False,False
149258,False,False
149259,False,True
149260,False,False
149261,False,False
149262,False,False
149263,False,False
149264,False,False
149265,True,False
149266,True,False
149267,False,False
149269,False,False
149270,False,False
149271,False,False
149272,False,False
149274,False,False
149275,False,False
149276,False,False
149277,False,False
149278,False,False
149279,False,False
149280,False,False
149281,False,False
149282,False,False
149284,False,False
149285,False,False
149286,False,True
149287,False,True
149288,False,False
149289,False,False
149290,False,False
149291,False,False
149292,False,False
149293,False,False
149294,False,False
149295,False,False
149296,False,False
149297,False,False
149298,False,False
149299,False,False
149303,False,False
149304,False,False
149305,False,False
149306,False,False
149307,False,False
149308,False,False
149309,False,False
149310,False,False
149311,False,False
149312,False,False
149313,False,False
149314,False,False
149315,False,False
149316,False,False
149317,False,False
149318,False,False
149319,False,False
149321,False,False
149322,False,False
149323,False,False
149324,False,False
149326,False,False
149328,False,False
149329,False,False
149330,False,False
149331,False,False
149332,False,False
149333,False,False
149335,False,False
149336,False,False
149346,True,False
149347,False,False
149348,False,False
149349,False,False
149350,False,False
149351,False,False
149352,False,False
149360,False,False
149363,False,False
149364,False,False
149365,False,False
149366,False,False
149367,False,False
149368,False,False
149369,True,False
149370,False,False
149371,False,False
149372,False,False
149373,False,False
149375,False,False
149376,False,False
149379,False,False
149380,False,False
149386,False,False
149387,False,False
149388,False,False
149391,False,False
149392,False,False
149396,False,False
149397,False,False
149403,False,False
149404,False,False
149405,False,False
149406,False,False
149407,False,False
149408,False,False
149409,False,False
149410,False,False
149412,False,False
149413,False,False
149414,False,False
149415,False,False
149416,False,False
149417,False,False
149418,False,False
149419,False,False
149420,False,False
149421,False,False
149422,False,False
149423,False,False
149424,False,False
149425,False,False
149426,False,False
149427,False,False
149429,False,False
149430,False,False
149431,True,False
149432,False,False
149433,False,False
149434,False,False
149435,False,False
149436,False,False
149437,False,False
149446,False,False
149450,True,False
149451,False,False
149452,False,False
149453,False,False
149454,False,False
149455,False,False
149456,False,False
149457,False,False
149458,False,False
149459,False,False
149460,False,False
149461,False,False
149462,False,False
149470,False,False
149473,False,False
149474,False,False
149475,False,False
149476,False,False
149483,False,False
149484,False,False
149485,False,False
149486,False,False
149487,False,False
149488,False,False
149489,False,False
149490,False,False
149491,False,False
149492,False,False
149493,False,False
149494,False,False
149495,False,False
149496,False,False
149497,False,False
149498,False,False
149499,False,False
149500,False,False
149501,True,False
149502,False,False
149504,False,False
149505,False,False
149507,False,False
149508,False,False
149510,False,False
149511,False,False
149512,False,False
149513,False,False
149514,False,False
149515,False,False
149516,False,False
149517,False,False
149518,False,False
149519,False,False
149520,False,False
149521,False,False
149522,False,False
149523,True,False
149524,False,False
149526,False,False
149530,False,False
149531,False,False
149532,False,False
149534,False,False
149535,False,False
149537,False,False
149538,False,False
149540,False,False
149541,False,False
149542,False,False
149543,False,False
149544,False,False
149545,False,False
149546,False,False
149547,False,False
149548,False,False
149549,False,False
149551,False,False
149552,False,False
149553,False,False
149554,False,False
149555,False,False
149556,False,False
149557,False,False
149575,False,False
149576,False,False
149581,False,False
149582,False,False
149583,False,False
149584,False,False
149585,False,False
149586,False,False
149587,False,False
149588,False,False
149590,False,False
149602,False,False
149603,False,False
149604,False,False
149605,True,False
149606,False,False
149607,False,False
149608,False,False
149609,False,False
149610,False,False
149611,False,False
149612,False,False
149613,False,False
149614,False,False
149615,False,False
149616,False,False
149617,False,False
149618,False,False
149619,False,False
149620,False,False
149621,False,False
149622,False,False
149623,False,False
149624,False,False
149625,False,False
149626,False,False
149627,False,False
149628,False,False
149629,False,False
149631,False,False
149632,False,False
149633,False,False
149635,False,False
149636,False,False
149639,False,False
149640,False,False
149641,False,False
149642,False,False
149643,False,False
149644,False,False
149645,False,False
149646,True,False
149647,False,False
149648,False,False
149649,False,False
149650,False,False
149651,False,False
149654,False,False
149655,False,False
149656,False,False
149657,False,False
149659,False,False
149660,False,False
149661,True,False
149663,False,False
149664,False,False
149666,False,False
149671,False,False
149672,False,False
149673,False,False
149674,False,False
149675,False,False
149676,False,False
149677,False,False
149678,False,False
149679,False,False
149680,False,False
149681,False,False
149682,False,False
149683,False,False
149684,True,False
149687,False,False
149688,False,False
149689,False,False
149695,False,False
149696,False,False
149697,False,False
149698,False,False
149706,False,False
149707,False,False
149708,False,False
149709,False,False
149710,False,False
149711,False,False
149712,False,False
149713,False,False
149716,False,False
149717,False,False
149719,False,False
149720,False,False
149721,False,False
149722,False,False
149723,False,False
149724,False,False
149729,False,False
149730,False,False
149732,False,False
149734,False,False
149735,False,False
149736,False,False
149737,False,False
149738,False,False
149739,False,False
149741,False,False
149742,False,False
149743,False,False
149744,False,False
149745,False,False
149746,False,False
149747,False,False
149748,False,False
149749,False,False
149750,False,False
149751,False,False
149753,False,False
149754,False,False
149757,False,False
149763,False,False
149764,False,False
149767,False,False
149771,False,False
149772,False,False
149773,False,False
149775,False,False
149777,False,False
149781,False,False
149782,False,False
149783,False,False
149784,False,False
149794,True,False
149817,False,False
149818,False,False
149819,False,False
149822,False,False
149823,False,False
149824,False,False
149825,False,False
149826,False,False
149827,False,False
149828,False,False
149829,False,False
149830,False,False
149831,False,False
149833,False,False
149838,False,False
149839,False,False
149840,False,False
149841,False,False
149842,False,False
149843,False,False
149846,False,False
149847,False,False
149848,False,False
149849,False,False
149850,False,False
149851,True,False
149855,False,False
149859,False,False
149867,False,False
149868,False,False
149869,False,False
149872,False,False
149873,False,False
149874,False,False
149875,False,False
149877,False,False
149878,False,False
149879,False,False
149880,False,False
149893,False,False
149894,False,False
149896,False,False
149897,True,False
149898,False,False
149899,False,False
149900,False,False
149901,False,False
149902,False,False
149903,False,False
149915,False,False
149923,False,False
149924,False,True
149925,False,False
149926,True,False
149927,False,False
149928,False,False
149929,False,False
149930,False,False
149931,False,False
149932,False,False
149933,False,False
149934,False,False
149935,False,False
149936,False,False
149937,False,False
149938,False,False
149939,False,False
149940,False,False
149941,False,False
149942,False,False
149943,False,False
149944,False,False
149945,False,False
149946,False,False
149947,False,False
149948,False,False
149949,False,False
149950,False,False
149953,False,False
149954,False,False
149956,False,False
149957,False,False
149958,False,False
149959,False,False
149960,False,False
149961,False,False
149962,False,False
149963,False,False
149964,True,False
149965,False,False
149966,False,False
149967,False,False
149968,False,False
149969,False,False
149970,False,False
149971,False,False
149972,False,False
149973,False,False
149974,False,False
149975,False,False
149976,False,False
149978,False,False
149979,False,False
149981,False,False
149982,False,False
149983,False,False
149985,False,False
149986,False,False
149987,False,False
149988,False,False
149989,False,False
149990,False,False
149991,False,False
149994,False,False
149995,False,False
149997,False,False
149998,False,False
149999,False,False
150000,False,False
150001,False,False
150002,False,False
150003,False,False
150004,False,False
150005,False,False
150006,False,False
150007,False,False
150009,False,False
150010,False,False
150011,False,False
150014,False,False
150015,False,False
150016,False,False
150017,False,False
150018,False,False
150019,False,False
150020,False,False
150021,False,False
150022,False,False
150023,False,False
150024,False,False
150025,False,False
150026,False,False
150027,False,False
150029,False,False
150030,False,False
150031,False,False
150032,False,False
150033,False,False
150034,False,False
150036,False,False
150037,False,False
150038,False,False
150039,False,False
150040,False,False
150046,False,False
150047,False,False
150048,False,False
150049,False,False
150050,False,False
150051,False,False
150052,False,False
150054,False,False
150055,False,False
150060,False,True
150061,False,False
150062,False,False
150063,False,False
150064,False,False
150065,False,False
150066,False,False
150067,False,False
150068,False,False
150069,False,False
150070,False,False
150071,False,False
150072,False,False
150074,True,False
150075,False,False
150076,False,False
150077,False,False
150078,False,False
150080,False,False
150081,False,False
150082,False,True
150083,False,False
150084,False,False
150085,False,False
150086,False,False
150088,False,False
150089,False,False
150090,False,False
150091,False,False
150092,False,False
150094,False,False
150095,False,False
150096,False,False
150097,False,False
150098,False,False
150099,False,False
150100,False,False
150114,False,False
150115,False,False
150116,False,False
150117,False,False
150118,False,False
150119,False,False
150120,False,False
150121,False,False
150122,False,False
150123,False,True
150124,False,False
150125,False,True
150126,False,False
150127,False,False
150128,False,False
150129,False,False
150130,False,False
150131,False,False
150132,False,False
150133,False,False
150134,False,False
150145,False,False
150146,False,False
150147,False,False
150148,False,False
150149,False,False
150152,False,False
150155,False,False
150156,False,False
150157,False,False
150158,False,False
150159,False,False
150160,False,False
150172,False,False
150173,False,False
150174,False,False
150175,False,False
150176,False,False
150177,False,False
150178,False,False
150179,False,False
150180,False,False
150181,False,False
150184,False,False
150185,False,False
150186,False,False
150187,False,False
150188,False,False
150189,False,False
150190,False,False
150191,False,False
150192,False,False
150193,False,False
150194,False,False
150195,False,False
150196,False,False
150197,False,False
150198,False,False
150199,False,False
150202,False,False
150203,False,False
150204,False,False
150205,False,True
150206,False,False
150207,False,False
150208,False,False
150210,False,False
150212,False,False
150213,False,False
150215,False,False
150216,False,False
150217,False,False
150218,False,False
150219,False,False
150220,False,False
150224,False,False
150226,False,False
150227,False,False
150228,False,False
150229,False,False
150230,False,False
150231,False,False
150232,False,False
150233,False,False
150234,False,False
150236,False,False
150242,False,False
150243,False,False
150244,False,False
150245,False,False
150246,False,False
150247,False,False
150248,False,False
150249,False,True
150250,False,False
150251,False,False
150252,False,False
150253,False,False
150254,False,False
150255,False,False
150256,False,False
150261,False,False
150262,False,False
150263,True,False
150265,True,False
150266,False,False
150267,False,False
150268,False,False
150274,False,False
150276,False,False
150277,False,False
150278,False,False
150283,False,False
150284,False,False
150285,False,False
150286,False,False
150287,False,False
150289,False,False
150290,False,False
150291,False,False
150292,False,False
150299,False,False
150300,False,False
150301,False,False
150302,False,False
150303,True,False
150306,False,False
150307,False,False
150308,False,False
150309,False,False
150313,False,False
150318,False,False
150319,False,False
150320,False,False
150321,False,False
150322,False,False
150323,False,False
150324,False,False
150325,False,False
150326,False,False
150327,False,False
150328,False,False
150329,False,False
150330,False,False
150331,False,False
150332,False,False
150333,False,False
150334,False,False
150335,False,False
150336,False,False
150340,False,False
150341,False,False
150342,False,True
150343,False,False
150344,False,False
150345,False,False
150346,False,False
150347,False,False
150348,False,False
150349,False,False
150350,False,False
150351,True,False
150352,False,False
150353,False,False
150354,False,False
150355,False,False
150358,False,False
150359,False,False
150360,False,False
150361,False,False
150362,False,False
150363,False,False
150365,False,False
150366,False,False
150367,False,False
150368,False,False
150370,False,False
150371,False,False
150373,False,False
150374,False,False
150383,False,False
150384,False,False
150385,False,False
150386,False,False
150387,False,False
150388,False,False
150389,False,False
150390,False,False
150391,False,False
150392,False,False
150394,False,False
150395,False,False
150396,False,False
150397,False,True
150398,False,False
150399,False,False
150400,False,False
150401,False,False
150402,False,False
150403,False,False
150405,False,False
150406,False,False
150407,False,False
150408,False,False
150409,False,False
150411,False,False
150412,False,False
150414,False,False
150415,False,False
150416,False,False
150418,False,False
150419,False,False
150420,False,False
150421,False,False
150422,False,False
150423,False,False
150424,False,False
150425,False,False
150426,False,False
150428,False,False
150429,True,False
150430,False,False
150431,False,False
150432,False,False
150434,False,False
150435,False,False
150436,False,False
150437,False,False
150443,True,False
150444,False,False
150451,False,False
150453,False,False
150454,False,False
150456,False,False
150457,False,False
150460,False,False
150461,False,False
150462,False,False
150463,False,False
150464,False,False
150465,False,False
150466,False,False
150467,False,False
150468,False,False
150469,False,False
150470,False,False
150471,False,False
150472,False,False
150473,False,False
150474,False,False
150475,False,False
150481,False,False
150482,False,False
150483,False,False
150484,False,False
150485,False,False
150486,False,False
150487,False,False
150488,False,False
150489,False,False
150490,False,False
150493,False,False
150494,False,False
150495,False,False
150496,False,False
150498,False,False
150501,False,False
150505,False,False
150506,False,False
150507,False,False
150509,False,False
150510,False,False
150511,False,False
150512,False,False
150513,False,False
150517,False,False
150518,False,False
150519,False,False
150520,False,False
150521,False,False
150522,False,False
150524,False,False
150526,False,False
150527,False,False
150528,False,False
150530,False,False
150531,False,False
150533,False,False
150535,False,False
150536,False,False
150539,False,False
150540,False,False
150549,False,False
150550,False,False
150551,False,False
150552,False,False
150554,False,False
150555,False,False
150556,False,False
150557,False,False
150558,False,False
150560,False,False
150561,False,False
150562,False,False
150563,False,False
150564,False,False
150568,False,False
150569,False,False
150570,False,False
150571,False,False
150572,False,True
150573,False,False
150574,False,False
150575,False,False
150576,False,False
150577,False,False
150578,False,False
150579,False,False
150580,True,False
150581,False,False
150582,False,False
150583,False,False
150584,False,False
150585,False,False
150586,False,False
150587,False,False
150588,False,False
150589,False,False
150590,False,False
150591,False,False
150592,False,False
150593,False,False
150594,False,False
150595,False,False
150597,False,False
150598,False,False
150599,False,False
150600,False,False
150601,False,False
150604,False,False
150605,False,False
150606,False,False
150607,False,False
150609,False,False
150611,False,False
150612,False,False
150615,True,False
150616,False,False
150619,False,False
150621,False,False
150622,False,False
150623,True,False
150624,False,False
150625,False,False
150627,False,False
150628,False,False
150629,False,False
150630,False,False
150631,False,False
150632,False,False
150633,False,False
150636,False,False
150637,False,False
150638,False,False
150639,False,False
150640,False,False
150641,False,False
150642,False,False
150644,False,False
150645,False,False
150646,False,False
150648,False,False
150649,False,False
150650,False,False
150651,False,False
150652,False,False
150653,False,True
150654,False,False
150656,False,False
150657,False,False
150658,False,False
150659,False,False
150660,False,False
150662,False,False
150663,False,False
150664,False,False
150665,False,False
150666,False,False
150667,False,False
150672,False,False
150674,False,False
150675,False,False
150676,False,False
150677,False,False
150678,False,False
150679,False,False
150680,False,False
150684,False,False
150686,False,False
150687,False,False
150688,False,False
150689,False,False
150691,False,False
150692,False,False
150693,False,False
150694,False,False
150695,False,False
150696,False,False
150698,False,False
150700,False,False
150701,False,False
150702,False,False
150703,False,False
150705,False,False
150708,False,False
150709,False,True
150710,False,False
150711,False,False
150713,False,False
150714,False,False
150715,False,False
150716,False,False
150717,False,False
150718,False,False
150719,False,False
150720,False,False
150721,False,False
150722,False,False
150723,False,False
150724,False,False
150725,False,False
150726,False,False
150727,False,False
150728,False,True
150729,False,False
150730,False,False
150732,False,False
150734,False,False
150735,False,False
150736,False,False
150739,False,False
150740,False,False
150741,False,False
150742,False,False
150743,False,False
150744,False,False
150745,False,False
150748,False,False
150749,False,False
150754,False,False
150755,False,False
150756,False,False
150757,False,False
150758,False,False
150762,False,False
150769,False,True
150771,False,False
150772,False,False
150773,False,False
150774,False,False
150777,False,False
150778,False,False
150782,False,False
150783,False,False
150784,False,False
150785,False,False
150786,False,True
150787,False,False
150788,False,True
150790,False,False
150791,False,False
150792,False,False
150794,False,False
150796,False,False
150799,False,False
150800,False,False
150801,False,False
150802,False,False
150811,False,False
150813,False,False
150814,False,False
150815,False,False
150816,False,False
150817,True,False
150818,False,False
150819,False,False
150820,False,False
150821,False,False
150822,False,False
150823,False,False
150824,False,False
150825,False,False
150826,False,False
150827,False,False
150828,False,False
150829,False,False
150830,False,False
150831,False,False
150832,False,False
150833,False,False
150834,False,False
150835,False,False
150836,False,False
150837,False,False
150838,False,False
150839,False,False
150840,False,False
150841,True,False
150842,False,False
150844,False,False
150846,False,False
150848,False,False
150849,False,False
150850,False,False
150851,False,False
150852,False,False
150853,False,False
150854,False,False
150855,False,False
150856,False,False
150858,False,False
150859,False,False
150860,False,False
150861,False,False
150866,False,False
150867,False,False
150868,False,False
150869,False,False
150870,False,False
150871,False,False
150872,False,False
150873,False,False
150874,False,False
150875,False,False
150876,False,False
150877,False,False
150878,False,False
150879,False,False
150880,False,False
150881,False,False
150882,False,False
150883,False,False
150884,False,False
150885,False,False
150886,False,False
150887,False,False
150888,False,False
150889,True,False
150890,False,False
150891,False,False
150892,False,False
150893,False,False
150894,False,False
150904,False,False
150905,False,False
150906,False,False
150907,False,False
150908,False,False
150909,False,False
150910,False,False
150915,False,False
150916,False,False
150917,False,False
150918,False,False
150919,False,False
150922,False,False
150923,False,False
150929,False,False
150930,False,False
150931,False,False
150934,True,False
150935,False,False
150937,True,False
150938,False,False
150940,False,False
150943,False,False
150944,False,False
150945,False,False
150946,False,False
150950,True,False
150951,False,False
150952,True,False
150953,True,False
150955,False,False
150956,False,False
150959,False,False
150960,False,False
150962,False,False
150963,False,False
150964,False,False
150965,False,False
150966,False,False
150967,False,False
150969,False,False
150983,False,False
150991,False,False
150992,False,False
150999,False,False
151001,False,False
151002,False,False
151003,False,False
151004,False,False
151005,False,False
151006,False,False
151007,False,False
151008,False,False
151009,False,False
151010,False,False
151011,False,False
151012,True,False
151013,True,False
151014,False,False
151016,False,False
151017,False,False
151018,False,False
151019,False,False
151021,False,False
151022,False,False
151023,False,False
151024,False,False
151025,False,False
151026,False,False
151027,False,False
151028,False,False
151029,False,False
151030,False,False
151031,False,False
151032,False,False
151034,False,False
151035,False,False
151036,False,False
151037,False,False
151038,False,False
151040,False,False
151041,False,False
151042,False,False
151043,False,False
151044,False,False
151045,False,False
151046,False,False
151047,False,False
151048,False,False
151049,False,False
151050,True,False
151051,False,False
151052,False,False
151053,False,False
151054,False,False
151055,False,False
151056,False,False
151057,False,False
151058,False,False
151059,False,False
151060,True,False
151061,False,False
151062,False,False
151063,False,False
151064,False,False
151065,False,False
151066,False,False
151067,False,False
151068,False,False
151069,False,False
151070,False,False
151071,False,False
151072,False,False
151073,False,False
151074,False,False
151075,False,False
151076,False,False
151078,False,False
151079,False,False
151080,True,False
151081,False,False
151083,False,False
151084,False,False
151085,False,False
151086,False,False
151087,False,False
151090,False,False
151091,False,False
151092,False,False
151093,False,False
151096,False,False
151097,False,False
151098,False,False
151099,False,False
151100,False,False
151101,False,False
151102,False,False
151103,False,False
151104,False,False
151105,False,False
151106,False,False
151107,False,False
151109,False,False
151110,False,False
151111,False,False
151113,False,False
151114,False,False
151115,False,False
151116,False,False
151117,False,False
151125,False,False
151126,False,False
151127,False,False
151128,False,False
151129,False,False
151130,False,False
151131,False,False
151136,False,False
151150,False,False
151151,False,False
151152,False,False
151153,False,False
151154,False,False
151155,False,False
151156,False,False
151157,False,False
151159,False,False
151160,False,False
151161,False,False
151162,False,False
151163,False,False
151164,False,False
151165,False,False
151166,False,False
151167,False,False
151168,False,False
151170,False,False
151172,False,False
151173,True,False
151174,False,False
151175,False,False
151176,False,False
151177,False,False
151178,False,True
151179,False,False
151180,True,False
151181,False,True
151182,False,False
151183,False,False
151184,False,False
151185,False,False
151186,False,False
151187,False,False
151188,False,False
151189,False,False
151190,False,False
151191,False,False
151192,False,False
151193,False,False
151195,False,False
151198,False,False
151210,False,False
151211,False,False
151212,False,False
151213,False,False
151214,False,False
151215,False,False
151216,False,False
151217,False,False
151221,False,False
151222,False,False
151228,False,False
151229,False,False
151233,False,False
151234,False,False
151246,False,False
151247,False,False
151248,False,False
151251,False,False
151252,False,False
151255,False,False
151256,False,False
151257,False,False
151258,False,False
151259,False,False
151261,False,False
151262,False,False
151263,False,False
151264,False,False
151265,False,False
151266,False,False
151267,False,False
151268,False,False
151269,False,False
151270,False,False
151271,False,False
151272,False,False
151273,False,False
151274,False,True
151275,False,False
151276,False,False
151277,False,False
151278,False,False
151279,False,False
151280,False,False
151281,False,False
151282,False,False
151283,False,False
151284,False,False
151285,False,False
151286,False,False
151287,False,False
151288,False,False
151290,False,False
151291,False,False
151292,False,False
151293,False,False
151294,False,False
151295,False,False
151296,False,False
151297,False,False
151298,False,False
151299,False,False
151301,False,False
151302,False,False
151303,False,False
151304,False,False
151305,False,False
151306,False,True
151307,False,False
151308,False,False
151309,False,False
151310,True,False
151311,False,False
151313,False,False
151314,False,False
151315,False,False
151320,False,False
151321,False,False
151323,False,False
151324,False,False
151325,False,False
151326,False,False
151327,False,False
151328,False,False
151329,False,False
151330,False,False
151331,False,False
151338,False,False
151348,False,False
151349,True,False
151350,False,False
151351,False,False
151352,False,False
151354,False,False
151355,False,False
151356,False,False
151357,False,False
151358,False,False
151359,False,False
151360,False,False
151361,False,False
151362,False,False
151363,False,False
151364,False,False
151365,False,False
151366,False,True
151367,False,False
151368,False,False
151369,False,False
151370,False,False
151371,False,False
151372,False,False
151373,False,False
151374,False,False
151377,False,False
151378,False,False
151382,False,False
151384,False,False
151385,False,False
151388,False,False
151390,False,False
151399,False,False
151400,False,False
151401,False,False
151402,False,False
151403,False,False
151405,False,False
151406,False,False
151407,False,False
151408,False,False
151409,False,False
151410,False,False
151412,False,False
151413,False,False
151416,False,False
151417,False,False
151418,False,False
151419,False,False
151420,False,False
151421,False,False
151422,False,False
151423,False,False
151429,False,False
151430,False,False
151431,False,False
151432,False,False
151441,False,False
151442,False,False
151443,False,False
151453,False,False
151454,False,False
151455,False,False
151457,False,False
151459,False,False
151460,False,False
151462,False,False
151464,False,False
151465,False,False
151466,False,False
151467,False,False
151468,False,False
151469,False,False
151471,False,False
151472,False,False
151479,False,False
151480,False,False
151481,False,False
151482,False,False
151483,False,False
151484,False,False
151485,False,False
151486,False,False
151487,False,False
151494,False,False
151495,False,False
151497,False,False
151498,False,False
151499,False,False
151500,True,False
151505,False,False
151507,False,False
151508,False,False
151509,False,False
151510,False,False
151511,False,False
151514,False,False
151515,False,False
151516,False,False
151517,False,False
151518,False,False
151519,False,False
151520,False,False
151524,False,False
151525,False,False
151526,False,False
151527,False,False
151529,False,False
151530,False,False
151532,False,False
151533,False,False
151534,False,False
151538,False,False
151540,False,False
151541,False,False
151543,False,False
151544,False,False
151545,False,False
151557,False,False
151559,False,False
151561,False,False
151562,False,False
151563,False,False
151564,False,False
151572,False,False
151573,False,False
151574,False,False
151575,False,False
151576,False,False
151584,False,False
151586,False,False
151589,False,False
151590,False,False
151591,False,False
151592,False,False
151593,False,False
151594,False,False
151596,False,False
151597,False,False
151598,False,False
151600,False,False
151601,False,False
151602,False,False
151603,False,False
151605,False,False
151606,False,False
151607,False,False
151608,False,False
151609,False,True
151610,False,False
151611,False,False
151612,False,False
151614,False,False
151625,False,False
151627,False,False
151628,False,False
151631,False,False
151635,False,False
151637,False,False
151639,False,False
151640,False,False
151645,False,False
151655,False,False
151656,False,False
151658,False,False
151659,False,False
151660,False,False
151661,False,False
151662,False,False
151663,False,False
151669,False,False
151671,False,False
151673,False,False
151675,False,False
151676,False,False
151679,False,False
151680,False,False
151681,False,False
151682,False,False
151683,False,False
151686,False,False
151688,False,False
151689,False,False
151709,False,False
151711,False,False
151712,False,False
151714,False,False
151715,False,False
151716,False,False
151717,False,False
151718,False,False
151719,False,False
151731,False,False
151732,False,False
151734,False,False
151735,False,False
151736,False,False
151737,False,False
151741,False,False
151742,False,False
151744,False,False
151752,False,False
151756,False,False
151757,False,False
151760,False,False
151762,False,False
151763,False,False
151764,False,False
151765,True,False
151777,False,False
151783,False,False
151784,False,False
151791,False,False
151792,False,False
151796,False,False
151797,False,False
151798,False,False
151799,False,False
151800,False,False
151801,False,False
151805,False,False
151806,False,False
151807,False,False
151812,False,False
151821,False,False
151822,False,False
151823,False,False
151824,False,False
151825,False,False
151829,False,False
151831,False,False
151832,False,False
151840,False,False
151845,False,False
151851,True,False
151857,False,False
151866,False,False
151882,False,False
151883,False,False
151920,False,False
151921,False,False
151922,False,False
