urn,attainment8,progress8,ebacc_aps,eng_maths_5plus_pct
100001,29.4,,1.51,0.0
100003,36.8,,2.1,97.0
100049,41.7,-0.28,3.7,43.0
100050,59.1,0.61,5.34,67.0
100051,43.8,-0.06,3.91,40.0
100052,44.6,-0.03,3.92,43.0
100053,50.3,-0.16,4.62,57.0
100054,65.8,0.77,6.25,77.0
100055,40.5,-0.33,3.59,38.0
100056,49.5,-0.26,4.78,57.0
100059,49.6,0.06,4.41,49.0
100062,54.8,,5.84,0.0
100065,18.7,,1.27,0.0
100074,62.8,,5.73,84.0
100076,47.5,,3.29,0.0
100084,45.6,,2.43,38.0
100092,0.5,-2.22,0.01,0.0
100096,,,,
100171,48.0,0.08,3.93,51.0
100182,55.3,0.52,5.05,65.0
100183,38.0,-0.69,3.02,32.0
100190,46.9,-0.32,4.16,45.0
100193,57.3,0.6,5.31,70.0
100200,13.4,,1.09,5.0
100202,43.5,,4.46,0.0
100204,15.5,-1.34,0.48,0.0
100277,50.9,0.17,4.84,55.0
100279,48.2,-0.19,4.17,46.0
100282,49.1,0.31,4.54,48.0
100284,44.3,0.09,3.83,37.0
100285,45.5,0.06,4.17,44.0
100287,12.4,,0.6,0.0
100291,,,,
100293,10.2,,0.82,28.0
100294,,,,
100295,30.8,,2.43,49.0
100300,68.5,,6.42,92.0
100307,1.7,-1.54,0.0,0.0
100311,,,,
100312,,,,
100366,22.8,,2.18,0.0
100369,38.8,,1.79,0.0
100370,14.3,,0.79,0.0
100379,9.2,-0.91,0.32,0.0
100381,,,,
100382,,,,
100453,34.8,-0.78,2.78,26.0
100455,57.1,0.82,5.29,65.0
100457,51.6,0.07,4.23,53.0
100458,57.2,0.55,5.28,60.0
100459,50.6,0.16,4.73,53.0
100467,,,,
100469,,,,
100502,51.0,0.28,4.47,59.0
100503,49.0,0.12,4.17,46.0
100511,15.4,,0.89,0.0
100521,44.0,,3.68,0.0
100527,39.0,,2.62,0.0
100528,59.7,,4.39,82.0
100529,14.8,,1.48,0.0
100533,54.8,,4.72,83.0
100536,19.1,,1.15,0.0
100537,31.3,,2.13,59.0
100539,19.4,,1.04,37.0
100540,9.6,,0.64,2.0
100541,45.7,,2.66,42.0
100544,6.8,,0.56,4.0
100547,6.3,,0.47,0.0
100590,48.6,0.35,4.41,49.0
100624,49.0,0.03,4.07,42.0
100625,49.9,0.13,4.38,50.0
100627,42.4,-0.35,3.75,36.0
100637,50.3,0.41,4.31,59.0
100638,57.7,0.77,5.27,67.0
100642,42.5,0.11,3.88,41.0
100643,,,,
100648,33.9,,3.01,0.0
100654,0.6,-1.61,0.0,0.0
100659,2.5,-1.8,0.29,0.0
100740,43.4,-0.16,3.8,41.0
100741,51.6,-0.02,4.81,53.0
100742,37.0,-0.47,3.23,36.0
100745,49.3,0.25,4.29,54.0
100747,37.0,-0.5,3.49,30.0
100748,36.8,-0.44,2.93,23.0
100749,50.1,0.48,4.62,51.0
100750,60.7,0.59,5.6,67.0
100752,52.2,0.34,4.52,51.0
100754,12.3,,0.47,0.0
100756,53.2,,5.2,0.0
100757,54.1,,5.13,0.0
100760,2.2,-1.41,0.09,0.0
100763,2.3,-1.67,0.19,0.0
100765,,,,
100849,55.5,0.74,4.68,60.0
100857,63.7,1.24,5.87,78.0
100859,46.6,0.32,4.27,38.0
100861,16.0,,1.2,0.0
100863,66.6,,6.45,0.0
100864,65.1,,5.92,0.0
100872,,,,
100880,,,,
100965,47.7,-0.12,4.15,50.0
100966,49.2,-0.13,4.4,46.0
100967,50.2,0.3,3.96,48.0
100972,49.0,0.2,4.34,55.0
100973,58.7,1.27,5.32,74.0
100974,45.5,0.01,4.19,50.0
100975,54.6,0.67,4.79,63.0
100977,57.7,0.74,5.36,70.0
100978,50.9,0.01,4.32,50.0
100982,55.4,,5.29,63.0
100986,13.7,,0.32,0.0
100987,,,,
100989,,,,
101053,47.7,0.25,4.58,56.0
101064,42.4,,2.44,0.0
101071,40.0,,3.04,0.0
101072,22.3,,1.56,0.0
101086,24.4,,2.28,25.0
101090,55.6,,5.44,69.0
101094,4.1,-1.07,0.08,0.0
101095,,,,
101102,,,,
101103,5.6,-1.27,0.38,0.0
101154,49.7,0.13,4.31,48.0
101157,27.4,,1.36,0.0
101158,46.6,,2.69,93.0
101161,14.5,,0.74,0.0
101162,46.8,,2.67,99.0
101172,52.8,,4.0,48.0
101173,21.8,,1.74,9.0
101175,24.5,,1.75,13.0
101181,17.0,,1.28,0.0
101182,,,,
101184,,,,
101241,49.6,0.11,4.23,50.0
101243,36.3,-0.46,3.17,32.0
101244,45.1,0.15,3.61,39.0
101245,50.5,0.11,4.06,48.0
101247,54.0,0.45,4.83,59.0
101345,43.9,-0.14,3.73,33.0
101361,79.8,1.09,7.59,99.0
101362,62.2,1.17,5.53,76.0
101364,50.6,0.27,4.69,51.0
101367,46.2,,4.14,62.0
101369,40.1,,2.51,61.0
101374,17.2,,1.0,2.0
101385,10.7,,0.83,0.0
101387,37.9,,3.4,37.0
101388,56.6,,5.39,75.0
101391,,,,
101393,10.6,,0.89,0.0
101397,,,,
101487,,,,
101564,36.0,-0.08,3.2,29.0
101575,72.6,,7.04,100.0
101576,55.4,,4.74,85.0
101676,84.4,1.11,8.37,100.0
101680,59.3,,5.45,72.0
101683,50.6,,4.36,45.0
101685,27.6,,3.07,0.0
101692,31.7,,1.64,0.0
101693,14.1,,0.26,0.0
101695,45.9,,4.65,56.0
101697,,,,
101811,47.1,-0.01,4.23,41.0
101814,38.6,0.0,3.27,30.0
101821,44.1,0.0,4.01,42.0
101823,61.1,0.79,5.5,72.0
101835,17.3,,0.78,0.0
101837,11.4,,1.12,0.0
101842,16.5,,0.35,0.0
101845,21.8,,0.47,0.0
101846,53.9,,5.09,0.0
101849,54.8,0.06,4.21,57.0
101851,3.9,-1.37,0.09,2.0
101852,,,,
101856,,,,
101928,44.9,0.61,3.65,48.0
101934,60.7,1.12,5.73,75.0
101939,45.9,0.01,4.29,43.0
101940,54.1,0.67,4.65,62.0
101941,51.5,0.57,4.55,51.0
101943,38.4,-0.32,3.26,30.0
101946,52.3,,3.42,77.0
101947,42.2,,2.64,1.0
101953,,,,
101954,18.0,,1.13,0.0
101964,19.8,,1.2,17.0
101965,0.1,-1.63,0.0,0.0
101969,,,,
101970,,,,
101971,,,,
102045,48.7,0.25,4.42,54.0
102048,55.2,0.54,5.38,64.0
102049,42.1,-0.15,3.74,37.0
102052,38.1,-0.12,3.08,34.0
102053,55.9,0.76,5.14,58.0
102055,81.6,0.79,8.02,98.0
102056,39.2,-0.14,3.71,34.0
102058,54.5,0.63,4.61,61.0
102061,41.6,,4.07,0.0
102065,67.2,,5.87,97.0
102066,,,,
102067,0.1,-1.82,0.0,0.0
102069,,,,
102070,,,,
102153,50.9,0.29,4.5,51.0
102154,53.9,0.15,4.68,63.0
102156,60.6,0.6,5.54,75.0
102157,43.2,-0.3,4.13,37.0
102162,44.0,,2.7,0.0
102163,41.4,,2.41,97.0
102171,40.8,,3.32,64.0
102175,6.9,,0.44,13.0
102176,5.8,-1.33,0.25,0.0
102178,,,,
102239,57.7,1.06,5.33,61.0
102245,25.8,,1.73,0.0
102247,11.7,,0.71,0.0
102256,36.6,,3.82,0.0
102257,18.9,,1.16,0.0
102260,,,,
102360,56.0,,4.98,64.0
102362,,,,
102449,36.6,-0.7,3.16,29.0
102451,43.6,0.23,4.05,43.0
102452,56.5,,5.34,0.0
102453,78.6,,6.61,99.0
102462,,,,
102464,,,,
102539,51.2,0.46,4.65,51.0
102545,64.6,1.13,6.0,86.0
102551,51.9,,3.81,31.0
102554,1.4,-1.56,0.04,0.0
102555,,,,
102611,41.1,,3.82,0.0
102619,44.1,,2.47,0.0
102620,26.6,,2.42,0.0
102673,58.2,0.87,5.13,67.0
102674,42.9,-0.02,3.64,40.0
102679,58.8,0.91,5.29,64.0
102681,58.2,0.7,5.53,68.0
102683,60.3,0.79,5.42,67.0
102684,22.9,,0.86,0.0
102692,70.5,,5.15,100.0
102694,14.7,,0.78,4.0
102697,10.3,-3.03,1.12,7.0
102698,,,,
102699,,,,
102776,46.0,0.13,4.28,45.0
102782,55.4,0.67,5.25,62.0
102786,56.3,0.31,4.92,69.0
102787,56.7,0.32,4.96,69.0
102849,40.5,-0.18,3.46,36.0
102850,77.4,0.77,7.62,97.0
102851,56.4,0.25,4.81,71.0
102852,79.0,0.82,7.78,99.0
102854,51.1,0.25,4.8,62.0
102856,61.7,0.98,5.28,77.0
102857,57.1,0.98,5.2,70.0
102858,46.3,0.05,3.93,44.0
102860,57.0,0.4,4.87,66.0
102861,49.0,0.31,4.34,56.0
102875,42.7,,3.36,0.0
102878,0.4,-1.55,0.0,0.0
102879,22.4,-0.21,1.76,0.0
102929,54.9,0.34,4.79,60.0
102932,39.5,,3.23,0.0
102936,54.9,,5.06,0.0
102942,33.4,,2.4,0.0
102946,20.7,,0.46,0.0
102947,34.8,,2.83,0.0
102950,75.2,,6.89,97.0
103009,52.1,-0.03,4.5,64.0
103013,58.8,0.6,5.34,65.0
103022,39.2,,2.43,0.0
103025,,,,
103080,38.8,-0.18,3.53,38.0
103094,45.8,-0.14,3.93,43.0
103097,44.1,-0.26,4.02,43.0
103100,46.7,-0.24,4.05,51.0
103101,46.4,-0.17,3.6,47.0
103103,59.0,0.79,5.4,71.0
103105,42.5,-0.2,3.54,39.0
103106,44.9,-0.3,3.99,44.0
103110,13.9,,0.2,0.0
103112,56.4,,4.97,63.0
103119,55.6,0.39,5.25,63.0
103483,50.3,0.66,4.65,49.0
103486,44.9,0.0,4.15,46.0
103493,49.9,0.43,4.58,47.0
103497,53.2,0.54,4.46,53.0
103498,49.7,0.21,4.59,52.0
103501,47.4,0.19,4.14,43.0
103503,48.5,0.65,3.98,43.0
103509,46.6,-0.26,4.18,39.0
103514,51.2,0.43,4.69,54.0
103519,37.3,-0.59,3.2,23.0
103531,64.2,1.38,5.32,74.0
103534,49.4,0.92,3.96,40.0
103539,44.0,0.18,3.8,32.0
103560,52.0,0.16,4.62,56.0
103562,50.3,0.17,4.6,69.0
103563,37.3,-0.38,3.09,27.0
103564,41.9,,3.33,34.0
103566,54.5,,4.5,58.0
103567,38.1,,2.96,0.0
103576,57.5,,5.1,73.0
103584,18.8,,1.17,0.0
103585,39.9,,1.3,0.0
103586,42.0,,3.88,62.0
103587,37.0,,3.0,0.0
103591,50.9,,4.51,62.0
103601,,,,
103605,,,,
103606,2.6,-1.62,0.15,0.0
103611,4.7,-1.3,0.15,0.0
103613,1.5,-1.52,0.17,0.0
103614,7.0,-1.35,0.45,0.0
103622,7.4,-0.87,0.67,0.0
103625,,,,
103628,4.5,-2.25,0.48,0.0
103632,6.6,-1.41,0.45,0.0
103747,48.8,,5.0,50.0
103750,16.5,,0.57,0.0
103751,31.2,,1.45,0.0
103760,1.3,-1.47,0.0,0.0
103765,,,,
103854,50.8,0.25,4.46,56.0
103855,44.0,-0.08,3.54,43.0
103858,42.3,-0.24,3.47,36.0
103870,55.1,0.41,4.74,63.0
103876,19.6,,1.46,26.0
103877,1.5,-1.62,0.14,3.0
103878,1.9,-1.47,0.1,0.0
103880,,,,
103881,0.2,-1.57,0.0,0.0
103882,32.1,0.41,1.67,13.0
103883,,,,
104018,41.2,0.19,3.33,32.0
104019,47.1,0.41,3.78,33.0
104124,21.6,,1.05,0.0
104130,,,,
104131,,,,
104132,,,,
104133,,,,
104255,49.7,-0.08,3.83,52.0
104259,40.1,-0.57,3.41,29.0
104266,65.6,,5.55,90.0
104269,,,,
104271,,,,
104272,,,,
104387,41.2,-0.09,3.5,30.0
104395,40.6,0.16,3.38,29.0
104407,51.3,,4.73,50.0
104411,28.3,,1.15,0.0
104412,2.4,-1.35,0.27,0.0
104414,,,,
104415,,,,
104417,,,,
104495,,,,
104498,3.9,-2.69,0.2,5.0
104688,45.5,0.14,4.12,44.0
104698,45.5,-0.1,4.07,45.0
104700,34.3,-0.74,2.68,25.0
104703,52.5,0.24,4.64,61.0
104705,57.9,0.97,5.23,67.0
104706,31.5,-1.28,2.54,13.0
104712,44.3,-0.37,3.57,34.0
104713,41.2,-0.62,3.45,30.0
104714,41.6,-0.57,3.32,34.0
104715,42.8,-0.4,3.85,28.0
104717,44.3,-0.46,3.9,38.0
104721,53.6,0.05,4.48,67.0
104730,62.9,,5.8,78.0
104734,,,,
104735,,,,
104736,2.6,-1.57,0.17,3.0
104739,7.1,-1.98,0.22,0.0
104742,6.2,-1.56,0.41,0.0
104748,,,,
104749,,,,
104829,39.9,-0.77,3.39,27.0
104834,44.9,-0.28,3.89,45.0
104835,34.3,-1.01,2.74,24.0
104837,48.7,,3.63,53.0
104839,4.1,,0.33,0.0
104843,7.5,-2.28,0.58,0.0
104956,44.2,-0.01,3.87,46.0
104959,31.1,-1.26,2.18,8.0
104960,40.8,-0.8,3.29,31.0
104962,48.0,-0.02,4.06,45.0
104964,40.7,-0.47,3.48,31.0
104972,60.3,,5.48,73.0
104973,42.9,,2.68,0.0
104974,51.9,,4.63,0.0
104977,9.7,-1.8,0.26,0.0
104979,,,,
104980,,,,
104982,11.2,-2.0,0.58,5.0
104983,1.3,-2.51,0.2,0.0
105097,37.4,-0.3,2.84,23.0
105101,44.8,0.27,3.87,45.0
105103,33.7,-0.76,2.76,18.0
105107,40.9,-0.16,3.22,23.0
105123,47.5,,4.63,0.0
105129,16.2,-0.39,1.38,3.0
105130,8.3,-1.73,0.33,0.0
105131,,,,
105133,0.2,-1.55,0.0,0.0
105135,43.8,0.04,3.54,33.0
105137,13.4,-1.49,1.01,0.0
105252,43.3,-0.74,3.63,41.0
105253,46.2,-0.19,4.12,40.0
105262,47.8,-0.11,4.21,51.0
105263,37.5,-0.41,3.13,24.0
105264,47.3,-0.07,4.08,41.0
105269,4.0,,0.15,0.0
105271,51.4,,4.95,0.0
105272,57.0,,5.42,0.0
105276,,,,
105277,1.8,-1.47,0.02,0.0
105280,,,,
105354,43.0,-0.5,3.65,41.0
105355,43.4,0.4,3.7,35.0
105358,48.8,0.1,4.28,49.0
105360,44.3,-0.38,3.98,36.0
105372,46.2,,4.63,43.0
105373,37.9,,3.98,0.0
105560,39.4,-0.12,3.77,30.0
105574,42.1,-0.72,3.55,35.0
105576,49.9,0.35,4.39,45.0
105581,46.5,-0.19,4.2,46.0
105588,39.4,,3.53,0.0
105591,42.7,,2.48,0.0
105592,73.2,,6.93,98.0
105594,30.3,,2.63,0.0
105595,64.5,,6.13,0.0
105596,,,,
105601,5.2,,0.45,0.0
105608,,,,
105614,6.4,-2.0,0.3,2.0
105623,4.2,-2.81,0.19,0.0
105736,44.1,-0.55,3.77,40.0
105738,46.0,0.03,3.63,40.0
105745,63.1,,5.51,78.0
105837,39.7,-0.28,3.22,36.0
105844,46.9,0.01,3.91,44.0
105845,37.2,-0.61,3.44,26.0
105855,53.4,,5.03,68.0
105861,2.1,-2.71,0.18,0.0
105986,51.1,0.39,4.74,51.0
105989,44.4,-0.38,3.68,43.0
105992,54.2,,3.51,61.0
105996,39.7,,4.16,0.0
106004,,,,
106133,50.7,-0.09,4.54,57.0
106135,45.0,-0.23,4.28,45.0
106138,51.6,0.12,4.39,57.0
106139,54.3,0.34,4.86,60.0
106142,51.5,0.23,4.54,54.0
106143,41.9,-0.62,3.42,37.0
106151,20.4,,1.69,15.0
106156,15.6,,1.02,0.0
106157,15.4,,0.95,0.0
106158,,,,
106162,4.0,,0.28,0.0
106166,,,,
106167,1.4,-2.02,0.07,0.0
106172,3.1,-1.74,0.1,0.0
106173,,,,
106266,48.8,-0.24,4.48,51.0
106268,38.0,-0.41,3.22,28.0
106270,54.3,0.5,5.1,64.0
106271,49.3,0.28,4.1,53.0
106276,52.8,,4.47,45.0
106279,,,,
106365,40.3,-0.31,3.54,31.0
106368,72.1,0.6,6.7,95.0
106370,46.3,0.2,3.72,42.0
106375,50.3,0.0,4.51,51.0
106376,47.1,0.2,3.7,46.0
106391,,,,
106521,47.2,-0.28,3.98,39.0
106523,37.0,-0.73,3.15,27.0
106525,51.7,0.05,4.63,56.0
106529,47.9,-0.25,4.09,47.0
106534,41.8,-0.44,3.53,30.0
106535,42.1,-0.71,3.39,36.0
106537,51.4,-0.25,4.28,55.0
106538,46.3,-0.34,4.04,47.0
106540,49.7,0.13,4.25,50.0
106543,,,,
106653,55.8,0.46,4.77,66.0
106812,36.4,,2.55,0.0
106818,,,,
106962,42.8,-0.25,3.71,40.0
106965,2.8,,0.15,0.0
106966,4.1,-1.62,0.43,0.0
106970,,,,
107140,50.2,0.01,4.67,52.0
107162,62.9,,5.6,83.0
107163,69.1,,6.37,96.0
107166,19.0,,1.25,0.0
107168,56.4,,4.57,60.0
107169,6.7,-1.17,0.56,2.0
107178,,,,
107395,41.8,-0.32,3.46,33.0
107439,46.9,-0.04,4.0,48.0
107455,27.9,,2.07,1.0
107460,43.6,,4.37,0.0
107461,34.1,,2.9,50.0
107562,48.4,0.1,4.0,43.0
107564,45.5,0.0,3.71,40.0
107583,29.4,,2.72,0.0
107585,56.6,,4.94,78.0
107588,,,,
107589,4.8,-2.06,0.25,8.0
107756,40.4,-0.24,3.12,30.0
107769,55.3,0.74,4.65,66.0
107775,43.4,0.22,3.43,38.0
107778,36.2,-0.7,2.94,30.0
107782,47.0,0.02,3.9,40.0
107786,60.2,,5.08,66.0
107794,47.3,,4.45,39.0
107795,,,,
107796,,,,
107797,,,,
107799,0.6,-1.53,0.0,0.0
107801,0.6,-1.7,0.05,0.0
107802,,,,
108055,42.7,-0.26,3.73,36.0
108057,57.1,0.64,5.2,75.0
108058,43.9,-0.03,4.17,43.0
108059,47.6,0.47,4.27,50.0
108075,43.0,-0.48,3.71,41.0
108076,51.8,0.33,4.62,63.0
108079,46.7,0.02,3.96,41.0
108083,45.4,-0.25,3.83,46.0
108085,52.0,0.2,4.71,60.0
108088,48.7,0.19,4.7,52.0
108095,55.2,0.55,5.07,65.0
108097,49.0,0.81,4.14,42.0
108104,46.1,,3.83,0.0
108113,44.6,,2.23,0.0
108114,16.3,,0.78,4.0
108117,37.6,,3.37,29.0
108119,0.6,-1.57,0.0,0.0
108120,,,,
108123,2.4,-1.61,0.22,4.0
108133,,,,
108271,50.0,0.21,4.79,57.0
108300,39.1,,3.15,0.0
108303,35.9,,1.29,0.0
108305,67.7,,6.24,81.0
108306,47.5,,3.91,0.0
108307,,,,
108311,0.2,-1.68,0.02,0.0
108410,42.1,-0.41,3.84,34.0
108414,19.7,,0.72,25.0
108420,56.9,0.38,5.27,65.0
108426,6.1,-1.88,0.55,0.0
108538,65.0,,5.55,80.0
108542,56.7,,4.64,56.0
108544,42.3,,3.48,0.0
108547,35.6,,3.44,0.0
108549,14.7,,1.28,0.0
108551,,,,
108627,56.2,0.36,4.83,67.0
108628,42.8,0.4,3.44,28.0
108638,55.3,0.5,4.7,63.0
108639,49.3,-0.05,4.29,44.0
108640,45.0,-0.14,4.08,34.0
108641,37.6,-0.99,2.88,23.0
108642,41.5,-0.23,3.57,30.0
108644,43.3,-0.38,3.71,37.0
108645,40.7,-0.58,3.33,28.0
108652,,,,
108653,1.6,-1.57,0.05,0.0
108657,,,,
108727,40.8,-0.51,3.35,29.0
108730,42.0,-0.47,3.42,38.0
108731,44.4,-0.35,3.86,40.0
108738,9.0,-0.79,0.77,0.0
108741,,,,
108873,41.5,,3.36,42.0
108877,,,,
108886,,,,
109319,46.1,0.09,3.77,42.0
109327,54.4,0.39,4.65,57.0
109329,49.6,0.13,4.24,45.0
109331,45.0,-0.21,3.69,32.0
109334,27.2,,2.47,0.0
109335,27.8,,1.91,0.0
109336,67.7,,5.93,88.0
109337,42.3,,2.64,0.0
109346,22.9,,1.87,0.0
109347,41.1,,3.16,0.0
109348,17.6,,0.88,0.0
109353,,,,
109360,28.1,,0.99,0.0
109362,30.7,,2.52,0.0
109369,12.3,,0.5,0.0
109370,35.7,,2.38,0.0
109371,30.9,,2.14,0.0
109374,27.4,,1.22,0.0
109382,29.3,,2.82,10.0
109385,2.3,-1.98,0.02,0.0
109386,13.7,-0.9,1.15,18.0
109391,,,,
109393,,,,
109403,,,,
109406,8.9,-1.25,0.53,4.0
109407,1.0,-1.5,0.02,0.0
109409,,,,
109410,,,,
109661,40.9,-0.34,3.97,36.0
109669,42.8,0.08,3.82,34.0
109686,41.7,-0.01,3.66,40.0
109690,41.4,0.29,3.13,30.0
109707,43.3,-0.03,3.71,37.0
109709,32.4,-1.04,2.87,24.0
109717,47.6,,3.97,48.0
109718,14.2,,1.03,0.0
109727,14.5,,0.49,0.0
109728,28.9,,1.53,0.0
109739,,,,
109742,,,,
109744,,,,
109746,,,,
110048,51.3,0.31,4.89,59.0
110062,47.5,0.16,4.16,51.0
110063,46.3,-0.23,3.92,47.0
110069,42.5,-0.22,3.63,38.0
110071,39.1,-0.41,3.33,26.0
110078,34.1,-0.81,2.82,21.0
110084,77.5,0.8,7.39,98.0
110102,57.1,0.78,5.17,68.0
110107,46.9,0.12,4.16,43.0
110109,30.7,,2.89,0.0
110110,26.3,,2.29,0.0
110111,53.5,,4.77,0.0
110117,32.9,,2.63,0.0
110119,37.3,,3.52,0.0
110120,31.8,,1.41,0.0
110121,35.7,,3.5,0.0
110123,43.4,,2.98,0.0
110125,18.2,,0.65,0.0
110128,56.4,,5.1,48.0
110132,32.0,,3.28,0.0
110136,32.5,,2.01,7.0
110137,37.3,,3.43,0.0
110148,31.8,,3.01,0.0
110151,18.9,,0.14,0.0
110152,66.6,,5.18,85.0
110153,29.8,,2.77,0.0
110155,,,,
110158,24.4,,1.69,0.0
110159,24.0,,2.17,0.0
110162,55.5,,4.81,85.0
110165,26.7,,1.35,0.0
110169,7.5,,0.63,0.0
110178,16.5,,1.19,17.0
110180,36.4,0.32,2.79,20.0
110181,2.1,-3.39,0.0,0.0
110182,,,,
110183,,,,
110186,,,,
110187,1.0,-1.49,0.05,0.0
110190,,,,
110484,39.4,-0.43,3.3,29.0
110488,43.5,-0.07,3.74,36.0
110500,48.0,0.4,3.74,48.0
110516,50.5,0.57,4.42,50.0
110517,44.9,-0.04,4.09,34.0
110532,42.1,-0.57,3.64,33.0
110533,46.5,0.16,4.06,42.0
110536,49.8,,4.23,42.0
110544,49.3,,4.26,0.0
110545,35.8,,3.12,0.0
110547,24.6,,1.36,0.0
110548,27.2,,1.23,0.0
110549,57.4,,4.72,72.0
110555,56.3,,3.51,69.0
110564,,,,
110567,61.5,,4.55,86.0
110575,,,,
110576,1.3,-1.93,0.03,0.0
110578,,,,
110579,0.6,-1.88,0.0,0.0
110581,,,,
110582,,,,
110584,,,,
110585,1.5,-1.87,0.08,0.0
110587,,,,
110592,,,,
110882,36.4,-0.37,3.05,25.0
110907,44.7,0.42,3.69,40.0
110910,60.2,,5.63,71.0
110912,52.4,,3.35,73.0
110914,40.5,,3.84,0.0
110916,49.1,,4.52,61.0
110920,,,,
110921,58.9,,5.16,62.0
110923,81.8,,7.93,99.0
110924,47.5,,4.7,0.0
110925,50.5,,4.12,0.0
110926,52.3,,3.56,59.0
110930,10.8,,0.77,0.0
110932,8.6,,0.82,0.0
110935,3.3,,0.4,0.0
110943,1.0,-1.53,0.0,0.0
110948,,,,
110951,,,,
111396,35.1,-0.65,2.66,21.0
111414,48.7,-0.11,4.31,48.0
111417,41.4,-0.06,3.38,36.0
111419,44.5,-0.21,3.63,32.0
111422,50.9,0.4,4.44,49.0
111424,56.6,0.9,5.1,67.0
111429,38.2,-0.7,3.35,26.0
111430,49.1,-0.21,4.32,48.0
111440,47.5,-0.03,4.32,46.0
111443,50.7,-0.06,4.39,58.0
111450,53.2,0.36,4.79,59.0
111451,37.4,-0.55,3.3,26.0
111454,51.1,0.18,4.46,52.0
111456,40.2,-0.49,3.41,29.0
111457,40.4,-0.62,3.2,30.0
111471,49.1,,2.84,0.0
111473,31.8,,2.84,0.0
111474,35.0,,2.77,48.0
111478,61.9,,5.35,71.0
111482,38.2,,3.26,37.0
111483,52.2,,4.38,58.0
111484,56.6,,4.8,65.0
111485,17.1,,1.09,0.0
111486,66.2,,5.88,78.0
111494,,,,
111495,,,,
111496,,,,
111498,,,,
111499,,,,
111501,5.0,-2.19,0.16,0.0
111503,1.7,-2.11,0.11,0.0
111504,3.9,-1.49,0.4,0.0
111505,,,,
111507,,,,
111508,,,,
111511,,,,
111514,,,,
111515,12.5,-2.06,1.4,21.0
111517,9.6,-1.46,0.79,0.0
111731,45.4,-0.33,3.91,42.0
111748,39.9,-0.63,3.31,30.0
111767,60.6,,5.5,73.0
111768,30.0,,1.58,0.0
111769,32.1,,3.14,0.0
111773,0.7,-2.06,0.06,0.0
111777,,,,
112041,41.6,-0.34,3.49,33.0
112045,45.7,-0.09,3.76,44.0
112054,45.2,-0.07,3.79,36.0
112055,49.5,0.03,4.04,53.0
112067,42.8,-0.25,3.57,38.0
112071,55.4,,4.76,61.0
112076,34.8,,2.47,0.0
112077,45.9,,4.05,0.0
112082,,,,
112375,27.8,-1.18,2.44,4.0
112377,33.5,-1.29,2.94,12.0
112378,44.4,0.55,3.35,26.0
112379,42.4,-0.12,3.51,29.0
112382,39.2,-0.76,3.24,27.0
112383,43.6,-0.4,3.72,29.0
112384,51.6,0.42,4.41,31.0
112385,51.2,0.12,4.5,51.0
112388,40.7,-0.5,3.36,35.0
112393,40.3,-0.11,3.53,31.0
112397,46.5,-0.11,4.17,45.0
112398,44.4,-0.26,3.78,37.0
112399,41.6,-0.45,3.71,20.0
112442,25.4,,1.79,16.0
112446,12.0,,0.46,0.0
112451,40.7,,3.09,0.0
112452,7.7,,0.56,0.0
112453,9.9,,0.03,0.0
112456,8.6,,0.35,0.0
112461,7.9,,0.61,11.0
112464,,,,
112465,0.5,-1.53,0.04,0.0
112466,,,,
112932,47.3,0.04,4.1,49.0
112936,44.1,-0.11,3.77,37.0
112939,39.2,-0.42,3.0,23.0
112949,44.6,-0.11,3.83,39.0
112951,31.8,-0.3,2.56,15.0
112956,55.3,0.53,5.25,61.0
112958,40.2,-0.34,3.39,27.0
112961,44.9,0.48,3.63,34.0
112968,48.3,0.13,4.01,46.0
112969,50.2,-0.02,4.69,57.0
112970,43.8,-0.29,3.71,44.0
112989,45.5,-0.36,4.16,50.0
112991,40.5,-0.21,3.55,35.0
112996,50.2,-0.01,4.27,48.0
113003,29.2,,2.11,2.0
113004,48.9,,3.05,72.0
113009,37.4,,3.61,0.0
113010,54.1,,4.55,59.0
113017,65.8,,4.36,93.0
113019,,,,
113021,11.8,,0.64,25.0
113026,,,,
113028,55.3,,5.29,65.0
113031,,,,
113033,2.5,-1.69,0.23,0.0
113040,,,,
113044,7.2,-1.04,0.41,0.0
113502,42.6,-0.29,3.58,48.0
113503,44.7,0.0,3.76,37.0
113512,42.5,-0.17,3.7,31.0
113526,40.8,-0.49,3.44,34.0
113533,39.8,-0.3,3.04,24.0
113548,40.3,-0.33,3.37,32.0
113551,36.8,-0.8,3.01,23.0
113553,50.7,0.32,4.24,57.0
113567,46.1,,4.14,57.0
113571,,,,
113573,25.5,,2.56,0.0
113574,26.1,,2.13,0.0
113575,36.2,,2.67,0.0
113579,48.6,,4.11,38.0
113583,12.6,,0.94,0.0
113603,6.5,,0.49,9.0
113604,34.5,,3.16,29.0
113605,24.0,,2.13,20.0
113606,53.2,,3.77,51.0
113607,22.0,,0.89,0.0
113608,73.7,,6.49,92.0
113609,22.2,,1.87,0.0
113616,,,,
113619,18.3,,1.11,0.0
113623,3.2,,0.1,0.0
113633,,,,
113634,0.4,-1.72,0.03,0.0
113635,,,,
113636,5.4,-1.7,0.33,0.0
113637,,,,
113638,0.5,-1.9,0.04,0.0
113641,,,,
113643,,,,
113644,,,,
113645,,,,
113648,5.0,-1.08,0.42,0.0
113649,4.2,-2.78,0.25,4.0
113650,,,,
113651,,,,
113654,,,,
113854,49.3,0.72,3.82,48.0
113863,46.5,0.05,3.89,48.0
113875,41.1,-0.51,3.84,38.0
113882,46.1,-0.16,4.07,47.0
113884,41.4,-0.1,3.48,31.0
113888,49.2,-0.13,4.5,60.0
113893,46.4,0.18,4.05,44.0
113901,51.0,0.29,4.81,50.0
113907,52.0,0.72,4.64,52.0
113910,14.2,,0.23,0.0
113912,25.1,,2.41,0.0
113918,29.6,,1.6,0.0
113919,37.5,,3.82,0.0
113920,45.9,,4.35,0.0
113922,26.2,,0.45,0.0
113932,25.0,,1.82,0.0
113937,27.0,,2.58,0.0
113942,,,,
113943,4.6,,0.38,0.0
113945,59.8,,5.54,65.0
113950,,,,
113952,,,,
113954,0.9,-1.58,0.0,0.0
113955,,,,
113956,,,,
113957,,,,
113960,,,,
113961,1.1,-1.47,0.11,3.0
113965,,,,
114305,39.5,-0.79,3.35,26.0
114308,51.7,0.42,4.58,55.0
114311,35.0,-0.78,2.88,13.0
114312,55.1,0.26,4.76,63.0
114315,45.1,-0.2,3.83,36.0
114330,67.6,,6.18,79.0
114331,34.8,,3.41,0.0
114336,41.8,,3.58,0.0
114337,7.5,-2.19,0.29,0.0
114340,7.5,-1.87,0.65,7.0
114345,,,,
114349,,,,
114579,54.5,0.36,4.98,68.0
114580,53.8,0.33,5.12,62.0
114581,35.8,-0.62,3.08,28.0
114584,53.5,0.44,4.95,58.0
114587,54.6,0.53,4.64,59.0
114588,37.7,-0.88,3.21,29.0
114590,50.1,0.1,4.69,52.0
114592,45.0,-0.06,3.67,40.0
114594,47.7,-0.08,4.51,46.0
114598,51.3,0.17,4.84,59.0
114606,49.7,0.03,4.47,50.0
114607,46.8,-0.12,4.35,46.0
114608,47.9,-0.21,4.16,51.0
114611,51.8,0.15,4.59,52.0
114612,58.3,0.96,5.43,66.0
114614,81.8,,7.58,99.0
114616,14.3,,1.09,0.0
114619,,,,
114622,41.7,,3.5,0.0
114625,41.2,,4.1,61.0
114627,65.3,,6.02,68.0
114634,57.4,,3.93,61.0
114635,10.7,,0.73,0.0
114640,41.0,,3.68,0.0
114645,9.2,,0.48,0.0
114650,41.5,,3.46,0.0
114656,8.8,,0.82,0.0
114657,27.7,,2.34,0.0
114658,61.1,,5.32,75.0
114659,23.2,,0.99,7.0
114660,,,,
114661,,,,
114678,1.3,-2.18,0.02,0.0
114680,,,,
114682,,,,
114687,,,,
114688,,,,
115237,45.8,-0.08,4.1,42.0
115238,48.1,-0.07,3.91,49.0
115239,54.0,0.63,4.9,56.0
115322,48.5,0.23,4.32,54.0
115382,54.1,0.39,4.75,60.0
115386,63.0,,5.32,100.0
115387,63.1,,5.32,75.0
115392,27.3,,1.79,0.0
115394,58.1,,5.51,77.0
115395,33.8,,3.4,0.0
115396,51.2,,4.25,52.0
115399,48.9,,4.12,45.0
115402,53.0,,4.28,58.0
115409,61.0,,5.41,80.0
115417,54.5,,4.93,62.0
115426,,,,
115429,47.6,,3.02,89.0
115436,50.3,,4.57,60.0
115437,59.2,,5.6,85.0
115457,1.0,-1.57,0.04,0.0
115464,,,,
115466,,,,
115469,,,,
115471,,,,
115475,,,,
115720,37.4,-0.43,3.01,28.0
115723,45.1,-0.23,3.96,42.0
115758,44.4,-0.06,3.73,38.0
115772,41.6,-0.11,3.61,34.0
115775,36.2,-0.48,3.05,20.0
115780,32.1,,2.71,0.0
115787,48.4,,4.05,57.0
115788,28.3,,2.31,26.0
115789,24.2,,2.4,0.0
115794,43.7,,2.54,0.0
115795,15.7,,0.94,0.0
115797,16.6,,1.16,0.0
115798,55.2,,3.72,0.0
115802,5.3,,0.33,0.0
115808,,,,
115809,10.3,,0.73,25.0
115810,63.6,,6.0,63.0
115813,,,,
115821,,,,
115823,,,,
115825,8.1,-1.16,0.43,3.0
116234,38.4,-1.05,3.38,31.0
116342,,,,
116405,45.2,-0.17,4.0,40.0
116407,61.8,0.89,5.63,80.0
116411,45.1,-0.28,4.22,39.0
116412,55.0,0.48,4.9,63.0
116413,47.1,-0.12,4.13,50.0
116418,41.9,-0.41,3.46,32.0
116419,50.5,0.2,4.35,58.0
116422,46.3,-0.27,4.13,46.0
116423,41.8,-0.5,3.45,35.0
116424,51.2,0.14,4.48,55.0
116426,38.2,-0.79,3.46,35.0
116427,39.9,-0.67,3.42,38.0
116428,40.0,-0.4,3.21,30.0
116430,38.6,-0.73,3.17,39.0
116431,47.0,0.01,3.91,41.0
116432,35.0,-0.71,2.94,22.0
116433,49.1,-0.22,4.27,53.0
116436,55.1,0.4,4.69,64.0
116437,46.8,-0.21,3.83,44.0
116438,50.8,0.27,4.56,57.0
116440,39.0,-0.7,3.23,35.0
116441,46.0,0.04,4.18,40.0
116442,43.1,-0.51,3.56,33.0
116445,40.8,-0.43,3.46,30.0
116446,41.4,-0.61,3.64,35.0
116447,35.7,-1.12,3.28,25.0
116448,52.0,0.09,4.72,55.0
116450,42.6,-0.34,3.48,33.0
116453,37.9,-1.0,3.22,27.0
116458,43.3,-0.48,3.58,33.0
116463,30.6,-0.92,2.69,15.0
116465,31.4,-1.01,2.71,19.0
116466,41.7,-0.2,3.62,34.0
116468,56.3,0.43,5.25,61.0
116469,45.1,0.09,3.79,41.0
116473,29.7,-1.14,2.2,12.0
116475,39.4,-0.76,3.52,36.0
116478,58.2,0.68,5.54,68.0
116498,47.9,-0.09,4.08,51.0
116502,51.6,0.01,4.73,55.0
116504,41.5,-0.64,3.55,35.0
116505,52.5,0.59,4.44,61.0
116506,42.5,-0.12,3.51,33.0
116507,59.2,0.86,5.25,66.0
116511,5.3,-1.31,0.51,3.0
116513,44.0,,3.72,0.0
116515,12.2,,0.94,0.0
116517,66.8,,6.04,84.0
116518,57.8,,5.25,71.0
116521,34.9,,3.42,0.0
116524,36.8,,2.82,0.0
116527,7.8,,0.91,0.0
116532,56.4,,3.7,91.0
116534,45.3,,3.11,0.0
116537,44.3,,4.26,0.0
116543,66.0,,5.86,82.0
116555,10.2,,0.65,0.0
116558,25.1,,2.25,0.0
116559,27.7,,2.54,0.0
116563,61.4,,5.78,71.0
116564,11.0,,0.94,17.0
116565,,,,
116568,37.9,,3.0,0.0
116573,35.3,,2.99,0.0
116574,,,,
116575,56.8,,4.69,80.0
116579,40.7,,3.92,0.0
116580,14.8,,0.2,0.0
116581,11.7,,0.17,0.0
116583,34.7,,2.47,0.0
116584,1.2,,0.04,0.0
116586,7.4,,0.56,0.0
116588,23.1,,1.93,29.0
116589,,,,
116593,,,,
116594,,,,
116595,54.4,,4.33,65.0
116603,15.2,-1.02,1.51,0.0
116609,,,,
116611,,,,
116614,,,,
116617,3.1,-1.45,0.1,0.0
116618,,,,
116622,,,,
116624,3.1,-2.19,0.24,0.0
116636,4.8,,0.48,0.0
116637,7.1,-1.56,0.48,3.0
116639,2.3,-1.7,0.1,0.0
116640,13.1,-1.1,0.93,4.0
116641,12.6,-0.4,0.17,0.0
116928,43.7,-0.21,3.87,43.0
116936,37.1,-0.7,3.13,29.0
116941,39.6,-0.75,3.29,33.0
116952,48.1,-0.26,4.41,45.0
116991,44.8,-0.54,3.82,37.0
116992,50.2,0.14,4.21,54.0
116999,52.3,0.33,4.23,61.0
117012,37.5,,2.54,0.0
117017,9.5,,0.35,0.0
117018,45.3,,3.44,0.0
117020,50.6,,4.52,50.0
117030,11.6,,1.24,0.0
117032,14.7,,0.9,0.0
117033,,,,
117034,45.9,,3.96,0.0
117035,2.9,,0.47,0.0
117036,34.0,,3.54,0.0
117037,13.6,,0.65,0.0
117038,52.9,,4.9,0.0
117041,47.0,,3.54,57.0
117042,,,,
117044,33.2,,3.28,31.0
117045,26.7,,2.29,0.0
117048,,,,
117049,0.6,-1.8,0.05,0.0
117055,,,,
117056,,,,
117062,,,,
117064,20.4,-1.9,2.0,10.0
117499,48.1,-0.07,4.31,44.0
117500,48.5,-0.14,4.22,47.0
117504,43.3,0.27,3.73,30.0
117518,43.1,-0.31,3.56,37.0
117530,49.9,0.4,4.12,52.0
117534,42.4,-0.11,3.45,26.0
117537,44.8,-0.11,4.09,43.0
117552,35.7,-0.82,2.94,25.0
117555,49.0,-0.1,4.22,48.0
117557,49.2,0.14,4.14,53.0
117577,59.2,0.49,5.73,68.0
117578,52.0,0.28,4.53,60.0
117600,57.6,,5.1,58.0
117602,40.4,,3.63,0.0
117604,16.1,,0.2,0.0
117605,22.0,,1.63,0.0
117606,51.4,,4.31,71.0
117607,12.0,,0.78,0.0
117609,17.9,,1.39,0.0
117612,56.4,,4.92,61.0
117613,53.0,,4.97,74.0
117616,39.9,,2.22,0.0
117617,48.7,,3.14,0.0
117618,44.6,,4.12,0.0
117622,55.2,,4.8,53.0
117623,17.6,,1.37,14.0
117633,42.5,,3.47,0.0
117638,35.7,,2.91,0.0
117640,54.8,,5.04,78.0
117641,64.5,,5.78,79.0
117646,,,,
117647,12.4,,0.95,0.0
117648,39.6,,2.5,0.0
117649,53.9,,2.75,100.0
117650,60.0,,5.47,76.0
117657,20.6,,2.08,0.0
117665,,,,
117667,0.9,-1.54,0.06,0.0
117669,0.3,-1.72,0.03,0.0
117671,,,,
117672,,,,
117674,8.2,-1.73,0.54,0.0
117679,,,,
117680,,,,
117681,,,,
117682,,,,
117683,,,,
117684,,,,
117685,4.9,-1.09,0.25,0.0
117686,5.0,-2.25,0.42,0.0
117690,,,,
118072,55.6,0.33,5.17,61.0
118073,46.4,-0.11,4.11,44.0
118075,42.2,-0.05,3.54,37.0
118076,40.5,-0.29,3.4,36.0
118082,41.6,-0.38,3.65,36.0
118085,41.0,-0.46,3.48,31.0
118097,43.4,-0.43,3.76,38.0
118109,48.9,0.14,3.55,42.0
118111,38.4,-0.71,2.93,21.0
118112,45.1,-0.15,4.06,42.0
118124,29.6,,2.12,0.0
118126,43.6,,3.7,0.0
118131,37.6,,3.5,0.0
118132,31.7,,3.08,0.0
118138,4.3,-1.94,0.14,0.0
118140,8.0,-1.82,0.28,0.0
118144,,,,
118145,,,,
118146,0.9,-1.58,0.04,0.0
118148,,,,
118223,11.5,,0.7,0.0
118225,56.4,,5.31,70.0
118226,3.1,,0.26,0.0
118227,,,,
118785,45.0,0.01,3.6,49.0
118788,44.3,0.15,3.6,37.0
118789,73.1,1.05,7.19,97.0
118790,60.8,0.25,5.6,83.0
118806,59.7,0.28,5.83,78.0
118835,64.8,0.25,6.02,86.0
118836,63.6,0.49,6.0,87.0
118840,65.7,0.49,6.0,90.0
118843,76.2,0.59,7.11,97.0
118879,33.9,-0.69,2.83,27.0
118884,68.5,0.46,6.19,91.0
118897,42.6,0.29,3.46,36.0
118898,37.8,-0.43,3.11,23.0
118903,37.8,-0.27,3.19,25.0
118908,37.6,-0.54,2.93,30.0
118919,38.2,-0.36,2.71,20.0
118928,39.5,-0.13,3.16,31.0
118931,60.2,0.56,5.44,85.0
118933,44.0,0.33,3.48,32.0
118937,45.1,,4.24,0.0
118939,17.4,,0.94,0.0
118940,14.1,,1.11,0.0
118944,49.2,,3.97,57.0
118946,32.4,,3.04,0.0
118947,37.5,,3.55,0.0
118948,18.4,,0.56,0.0
118949,36.9,,3.16,0.0
118952,19.9,,0.58,0.0
118957,48.5,,3.51,73.0
118958,21.5,,1.35,0.0
118959,8.6,,0.42,0.0
118978,13.5,,0.37,0.0
118991,34.5,,1.95,38.0
118993,1.0,,0.08,0.0
118995,11.0,,1.18,0.0
118996,16.0,,1.11,0.0
118998,39.8,,3.49,0.0
119001,34.5,,1.45,0.0
119002,14.4,,0.71,0.0
119006,21.0,,0.89,0.0
119007,34.9,,2.42,40.0
119009,1.0,,0.04,0.0
119013,,,,
119015,8.0,,0.44,0.0
119021,3.4,,0.33,0.0
119026,6.5,-2.65,0.59,0.0
119027,1.3,-2.73,0.15,0.0
119029,0.6,-2.78,0.0,0.0
119032,2.4,-1.99,0.12,0.0
119036,5.9,,0.57,0.0
119037,0.8,-1.83,0.0,0.0
119040,,,,
119041,,,,
119042,10.5,-2.66,0.88,0.0
119044,0.3,-1.61,0.0,0.0
119045,1.7,-2.55,0.09,0.0
119046,3.7,-1.89,0.11,0.0
119050,,,,
119051,22.5,-0.14,1.46,0.0
119052,,,,
119055,0.4,-1.67,0.03,0.0
119056,,,,
119058,4.2,-1.61,0.3,0.0
119059,,,,
119062,15.8,-2.09,0.89,5.0
119707,42.0,-0.09,3.65,36.0
119714,45.5,-0.07,3.62,39.0
119716,41.7,-0.34,3.42,32.0
119722,42.2,-0.41,3.43,40.0
119723,32.2,-0.76,2.79,12.0
119740,46.6,-0.16,3.82,48.0
119743,38.8,-0.66,3.19,29.0
119744,43.9,-0.43,3.81,37.0
119749,44.6,-0.38,3.7,39.0
119751,45.1,-0.52,3.69,41.0
119753,49.1,0.22,4.08,50.0
119759,57.3,0.51,5.17,69.0
119765,59.5,0.73,5.72,69.0
119767,48.4,0.04,4.08,51.0
119771,33.6,-0.9,2.81,23.0
119773,39.8,-0.28,3.37,34.0
119774,37.0,-0.62,3.29,28.0
119775,50.7,0.01,4.68,53.0
119779,47.9,-0.05,4.04,45.0
119780,45.0,0.0,3.6,38.0
119781,36.1,-0.43,2.95,22.0
119782,38.8,-1.04,3.32,26.0
119784,44.8,0.01,3.85,46.0
119785,41.7,-0.15,3.28,37.0
119788,48.9,-0.11,4.09,44.0
119789,47.1,-0.09,4.19,49.0
119790,31.2,-1.1,2.72,14.0
119792,53.9,0.35,4.5,63.0
119793,46.5,-0.12,4.28,47.0
119794,51.2,0.18,4.49,56.0
119798,38.2,-0.4,3.03,31.0
119799,42.0,-0.32,3.36,39.0
119800,47.3,0.11,4.13,42.0
119801,46.3,-0.16,3.8,47.0
119802,52.8,0.27,4.44,52.0
119803,52.3,0.34,4.59,63.0
119804,43.2,-0.04,3.77,35.0
119813,42.9,-0.79,3.52,39.0
119814,56.3,0.12,4.99,62.0
119816,42.5,-0.37,3.43,41.0
119817,38.6,,3.11,0.0
119818,18.3,,1.86,0.0
119819,35.4,,3.23,38.0
119820,34.1,,2.69,33.0
119824,32.8,,2.52,0.0
119826,57.5,,5.16,60.0
119833,53.2,,4.56,64.0
119835,42.9,,3.62,0.0
119836,36.7,,3.46,0.0
119845,21.9,,1.77,15.0
119849,4.5,,0.3,5.0
119853,4.0,,0.11,0.0
119856,34.4,,2.59,24.0
119861,,,,
119866,5.2,-1.93,0.19,0.0
119868,,,,
119871,,,,
119876,1.1,-1.62,0.0,0.0
119877,,,,
119878,,,,
119880,1.7,-1.67,0.23,0.0
119883,4.0,-1.51,0.34,3.0
119887,,,,
119889,,,,
119892,,,,
119893,,,,
119895,7.6,-2.58,0.65,6.0
119897,,,,
119898,8.4,-1.63,0.78,0.0
120274,43.6,-0.12,4.2,41.0
120277,47.2,0.38,3.88,45.0
120281,44.1,0.01,3.63,36.0
120286,51.3,0.67,4.31,54.0
120292,43.9,-0.02,4.08,39.0
120297,49.0,0.31,4.04,51.0
120298,40.9,-0.05,3.27,30.0
120316,44.1,,2.79,67.0
120317,29.4,,2.6,0.0
120320,30.0,,1.64,0.0
120322,27.7,,2.25,0.0
120324,39.8,,2.29,0.0
120325,42.6,,3.15,72.0
120326,27.7,,2.67,18.0
120330,0.7,,0.04,0.0
120331,68.0,,5.72,84.0
120332,50.1,,3.61,0.0
120333,19.7,,0.88,0.0
120334,25.9,,0.96,0.0
120339,15.3,,1.03,0.0
120341,8.9,,0.23,0.0
120345,51.0,,5.07,50.0
120348,11.9,-1.3,0.94,8.0
120352,,,,
120361,,,,
120642,64.3,0.52,6.09,85.0
120655,64.6,0.39,6.2,82.0
120724,27.7,,2.37,0.0
120729,23.2,,1.4,17.0
120735,31.8,,1.79,0.0
120740,,,,
120754,,,,
120755,,,,
121164,52.3,0.31,4.95,59.0
121222,34.0,,3.38,0.0
121224,42.0,,3.49,32.0
121229,4.3,,0.43,0.0
121241,23.0,,1.85,0.0
121242,12.0,,0.29,1.0
121245,49.2,,4.22,47.0
121246,1.0,,0.15,0.0
121250,18.1,,1.65,0.0
121252,8.3,,0.46,0.0
121254,,,,
121256,,,,
121257,,,,
121258,,,,
121260,,,,
121261,,,,
121262,,,,
121264,,,,
121265,,,,
121663,34.0,-0.43,2.97,15.0
121666,42.0,0.04,3.71,28.0
121667,43.0,-0.2,3.58,34.0
121668,36.9,-0.76,3.06,25.0
121670,40.1,-0.48,3.45,29.0
121673,48.6,0.1,4.51,50.0
121679,41.7,-0.48,3.61,32.0
121681,49.0,0.14,4.45,53.0
121687,45.2,-0.04,3.86,37.0
121689,44.1,-0.1,3.93,30.0
121690,43.3,0.55,3.56,28.0
121694,69.8,0.77,6.55,92.0
121699,34.4,-0.64,2.84,18.0
121700,35.3,-0.27,2.92,16.0
121702,46.7,-0.05,4.11,52.0
121711,46.3,-0.15,4.18,45.0
121716,64.8,0.49,6.23,86.0
121720,54.7,0.41,4.69,55.0
121722,33.1,,1.62,0.0
121724,25.5,,0.99,0.0
121725,59.2,,5.12,75.0
121726,46.9,,4.21,62.0
121730,39.1,,3.39,0.0
121733,37.7,,3.49,38.0
121735,20.7,,0.85,0.0
121740,39.4,,3.25,37.0
121741,42.4,,2.68,75.0
121743,64.3,,5.64,85.0
121748,47.9,,4.13,62.0
121749,35.6,,3.34,0.0
121752,55.6,,5.23,70.0
121758,52.7,,4.36,51.0
121764,3.7,-1.95,0.13,0.0
121765,13.9,-2.51,1.46,11.0
121766,,,,
121771,,,,
121772,,,,
121776,,,,
121778,,,,
121779,2.7,-1.36,0.09,3.0
122066,48.5,0.36,4.1,49.0
122129,14.0,,0.62,0.0
122131,32.2,,2.52,0.0
122136,43.9,,3.48,43.0
122137,49.5,,4.27,53.0
122144,39.1,,4.06,0.0
122149,10.8,,0.64,1.0
122150,8.4,,0.82,0.0
122151,55.3,,4.55,74.0
122162,5.2,-1.92,0.22,0.0
122328,43.9,-0.35,3.44,44.0
122362,42.2,-0.26,3.55,38.0
122363,40.7,0.1,3.47,27.0
122374,43.3,-0.35,3.52,46.0
122376,36.6,,3.43,0.0
122382,3.0,-1.33,0.15,0.0
122383,,,,
122384,,,,
122385,,,,
122389,3.9,-2.18,0.1,0.0
122854,47.2,-0.1,4.18,44.0
122908,23.0,,1.83,0.0
122912,25.4,,2.01,0.0
122915,49.9,,3.03,0.0
122936,73.5,,5.78,94.0
122949,4.3,-1.6,0.23,0.0
122953,,,,
122955,,,,
122956,3.5,-1.57,0.06,0.0
122957,,,,
122961,,,,
122964,,,,
123236,36.2,-0.6,3.14,25.0
123274,27.5,,2.48,0.0
123275,42.0,,3.65,0.0
123277,39.1,,2.66,0.0
123278,43.8,,3.54,35.0
123282,32.3,,3.05,0.0
123283,30.4,,2.69,0.0
123285,21.3,,1.9,0.0
123290,57.2,,4.87,76.0
123292,3.6,,0.17,0.0
123294,34.4,,3.13,0.0
123295,57.1,,5.16,60.0
123298,34.9,,3.13,0.0
123300,34.2,,2.85,0.0
123303,39.3,,3.69,0.0
123310,19.2,,1.19,0.0
123311,43.4,,2.74,0.0
123312,36.6,,1.79,0.0
123313,76.8,,7.15,99.0
123315,55.4,,4.81,60.0
123318,33.6,,2.3,35.0
123322,13.5,,1.19,0.0
123326,5.5,,0.22,0.0
123329,14.6,-1.65,1.49,0.0
123331,17.1,-2.14,0.9,30.0
123332,,,,
123333,,,,
123345,,,,
123564,47.5,0.17,4.27,48.0
123574,45.3,-0.38,3.85,39.0
123599,46.3,,3.5,47.0
123600,26.4,,1.61,0.0
123602,59.5,,4.89,69.0
123604,31.0,,2.81,31.0
123608,40.7,,2.65,0.0
123610,24.7,,2.18,0.0
123613,20.0,,1.74,19.0
123620,60.1,,5.07,73.0
123623,22.3,,0.03,0.0
123627,60.9,0.57,5.76,74.0
123631,3.6,-1.28,0.28,0.0
123635,,,,
123862,41.3,-0.11,3.38,38.0
123878,37.7,-0.79,3.24,25.0
123883,44.1,-0.11,3.63,42.0
123893,38.2,-0.69,3.3,32.0
123905,29.1,,1.76,0.0
123910,28.7,,2.85,0.0
123911,28.6,,3.03,0.0
123912,29.4,,3.0,0.0
123913,53.7,,4.29,34.0
123914,17.9,,1.6,0.0
123916,26.4,,2.46,0.0
123930,25.4,,2.31,0.0
123933,11.8,,1.0,0.0
123938,,,,
123940,0.8,-1.51,0.1,0.0
123944,,,,
123945,,,,
124392,36.9,-0.35,2.99,22.0
124395,36.2,-0.58,2.91,17.0
124396,47.7,-0.06,4.53,47.0
124400,43.7,-0.07,3.35,33.0
124408,52.8,0.18,4.79,61.0
124449,42.5,0.0,3.58,31.0
124467,34.1,-0.83,3.01,23.0
124468,43.1,-0.45,3.49,38.0
124471,57.0,,5.31,63.0
124473,48.9,,4.52,0.0
124474,56.6,,4.78,59.0
124476,53.3,,3.53,59.0
124486,43.4,,3.45,54.0
124487,37.8,,3.41,0.0
124488,26.9,,2.07,13.0
124489,62.7,,5.5,94.0
124495,8.4,,0.36,0.0
124498,,,,
124500,1.6,-1.57,0.08,0.0
124508,1.1,-1.7,0.03,0.0
124802,45.8,-0.14,3.75,43.0
124840,49.6,0.08,4.21,54.0
124856,45.3,0.05,3.92,40.0
124865,31.1,,2.33,0.0
124868,41.9,,2.99,60.0
124870,12.4,,0.63,0.0
124879,3.3,,0.26,0.0
124881,69.1,,5.69,89.0
124883,52.2,,4.48,57.0
124884,6.7,,0.59,0.0
124886,32.3,,3.32,0.0
124887,39.7,,3.9,0.0
124888,44.5,,3.38,0.0
124889,55.1,,4.87,51.0
124890,44.6,,4.45,43.0
124892,43.4,,3.59,3.0
124893,1.8,,0.0,0.0
124899,22.2,,2.0,0.0
124903,,,,
125259,49.0,-0.03,4.41,54.0
125271,48.6,0.17,4.1,52.0
125273,40.3,-0.58,3.61,36.0
125275,65.3,1.3,5.82,85.0
125278,58.8,0.63,5.37,72.0
125279,51.7,0.06,4.73,53.0
125281,45.1,-0.31,3.95,46.0
125311,60.1,0.72,5.29,73.0
125314,49.3,0.04,4.45,51.0
125315,58.3,0.68,4.87,67.0
125320,17.5,,1.14,0.0
125321,14.7,,1.16,0.0
125322,34.4,,3.32,0.0
125323,13.7,,0.21,0.0
125329,30.9,,2.79,0.0
125332,15.2,,0.39,0.0
125334,67.6,,5.85,93.0
125336,38.2,,4.05,0.0
125338,53.9,,4.44,72.0
125340,11.0,,1.04,0.0
125342,47.5,,2.75,0.0
125345,38.0,,2.0,0.0
125347,16.0,,1.06,0.0
125348,31.4,,2.83,0.0
125349,16.3,,0.9,0.0
125351,59.8,,5.4,85.0
125352,49.0,,4.38,0.0
125353,19.8,,1.22,0.0
125356,53.3,,4.77,0.0
125361,19.3,,0.95,0.0
125365,13.1,,0.16,0.0
125369,31.1,,1.22,0.0
125375,65.0,,5.83,83.0
125376,21.6,,2.56,0.0
125380,39.5,,2.92,0.0
125385,21.0,,0.56,0.0
125387,34.9,,3.09,0.0
125388,17.2,,0.87,0.0
125402,50.6,,4.73,0.0
125403,33.1,,2.52,41.0
125411,34.4,,3.31,0.0
125422,45.5,,2.54,0.0
125424,27.1,,1.18,0.0
125425,20.3,,1.57,0.0
125427,20.8,,1.58,0.0
125428,10.1,,0.7,0.0
125436,13.9,,0.35,7.0
125442,11.9,,1.25,0.0
125452,,,,
125453,,,,
125454,11.7,,1.0,0.0
125456,,,,
125458,22.0,-0.44,1.82,13.0
125459,20.9,-1.04,0.9,29.0
125468,,,,
125469,,,,
125470,,,,
125474,,,,
125477,,,,
125480,4.5,-1.33,0.17,0.0
125481,0.8,-2.05,0.01,0.0
125764,41.9,-0.23,3.42,37.0
125774,48.2,,3.9,39.0
125775,44.2,,3.59,0.0
125777,10.7,,0.27,0.0
125781,50.8,,3.82,0.0
125787,34.9,,2.73,0.0
125788,16.7,,0.82,0.0
125790,3.7,,0.35,0.0
125794,19.8,-0.9,1.56,7.0
125805,,,,
126064,56.7,0.76,4.88,68.0
126065,48.2,0.09,4.26,48.0
126066,54.6,0.31,5.08,56.0
126068,49.2,0.31,4.29,52.0
126069,42.2,-0.29,3.32,37.0
126071,37.6,-0.48,3.25,19.0
126080,42.8,-0.24,3.61,36.0
126081,40.0,-0.39,3.21,32.0
126085,51.3,0.26,4.83,59.0
126087,56.0,0.51,5.28,62.0
126088,49.3,0.14,4.4,50.0
126089,46.9,0.2,4.18,45.0
126093,54.4,0.45,4.55,62.0
126094,41.0,-0.17,3.46,31.0
126095,49.3,0.09,4.06,50.0
126096,55.5,0.97,4.81,60.0
126098,42.4,-0.39,3.46,35.0
126107,11.1,,0.73,0.0
126108,34.5,,3.66,0.0
126110,26.9,,2.17,0.0
126112,55.6,,5.03,75.0
126115,50.2,,4.52,0.0
126119,11.7,,0.66,6.0
126126,26.1,,1.6,0.0
126130,,,,
126133,12.5,,0.25,0.0
126134,51.9,,4.95,0.0
126136,12.7,,0.15,0.0
126137,30.3,,1.74,0.0
126139,9.2,,0.23,0.0
126141,1.0,,0.0,0.0
126149,3.1,,0.12,0.0
126154,21.4,-1.02,1.71,0.0
126155,,,,
126157,1.9,-1.43,0.04,0.0
126160,,,,
126161,,,,
126163,,,,
126170,10.1,-0.9,0.37,0.0
126458,41.4,0.0,3.23,27.0
126473,40.6,-0.27,3.48,42.0
126510,45.2,-0.04,3.63,32.0
126512,27.1,,2.6,0.0
126513,38.1,,2.27,0.0
126516,24.3,,1.29,0.0
126519,26.8,,1.13,0.0
126522,33.6,,1.6,0.0
126528,25.4,,0.74,0.0
126532,15.4,,1.2,0.0
126535,9.4,,0.52,0.0
126536,6.2,,0.0,0.0
126549,,,,
126550,8.5,-1.93,0.29,0.0
126705,1.6,-1.97,0.07,0.0
126712,8.8,-1.43,0.26,0.0
127003,6.9,,0.39,0.0
127715,5.1,-1.93,0.38,0.0
128078,,,,
129342,46.2,-0.09,3.79,44.0
129511,,,,
129571,,,,
129645,58.1,0.64,5.37,69.0
130247,34.1,-0.45,2.93,16.0
130274,,,,
130285,29.7,,2.47,13.0
130318,65.0,,6.03,69.0
130323,,,,
130371,,,,
130418,10.1,,0.86,16.0
130447,2.6,,0.15,3.0
130461,13.2,-2.52,1.12,8.0
130490,15.7,-2.53,1.22,13.0
130524,5.7,-3.07,0.31,4.0
130579,17.7,-2.63,1.41,4.0
130585,12.2,-2.65,0.94,6.0
130648,36.8,-1.07,3.15,43.0
130657,7.9,-3.03,0.55,5.0
130728,5.3,-3.32,0.27,4.0
130822,4.5,-3.34,0.25,0.0
130855,,,,
130902,,,,
130908,45.3,-0.37,3.94,42.0
130909,54.5,0.39,5.04,57.0
130912,57.3,0.78,5.39,68.0
130913,,,,
130942,1.4,-1.68,0.08,5.0
130961,,,,
130996,,,,
131004,0.8,,0.06,0.0
131015,30.7,,1.76,35.0
131016,,,,
131018,,,,
131022,,,,
131025,4.3,,0.18,0.0
131059,61.4,,5.65,78.0
131062,48.4,0.05,4.39,51.0
131065,40.8,-0.21,3.04,33.0
131068,,,,
131099,1.8,-1.41,0.3,0.0
131102,,,,
131119,46.0,,4.64,58.0
131122,33.5,,3.34,43.0
131124,40.5,,3.13,39.0
131127,28.0,,2.2,11.0
131136,4.3,,0.17,0.0
131138,,,,
131139,,,,
131163,,,,
131164,49.9,,4.44,47.0
131165,45.5,,4.49,0.0
131171,,,,
131181,,,,
131200,,,,
131237,1.9,,0.08,0.0
131258,0.4,-1.73,0.05,0.0
131262,51.9,0.35,4.96,56.0
131277,11.5,-1.37,1.03,0.0
131288,30.6,,1.41,44.0
131310,55.5,0.44,4.97,64.0
131330,22.4,,1.15,44.0
131342,17.1,,1.46,48.0
131353,8.5,,0.73,0.0
131355,52.2,,5.1,30.0
131356,,,,
131379,,,,
131388,58.3,,5.55,79.0
131389,58.5,,5.63,78.0
131395,2.3,,0.15,0.0
131403,54.7,,5.55,61.0
131411,2.5,,0.06,0.0
131422,,,,
131425,,,,
131455,16.3,,1.33,11.0
131462,,,,
131479,,,,
131504,,,,
131512,44.3,-0.16,3.99,40.0
131526,6.2,,0.65,5.0
131530,5.1,-1.18,0.31,0.0
131531,,,,
131536,,,,
131544,,,,
131547,39.4,-0.64,3.28,22.0
131551,8.7,,0.87,10.0
131552,12.2,-1.29,0.35,0.0
131556,,,,
131559,,,,
131574,6.3,-1.6,0.42,0.0
131575,,,,
131609,52.7,0.48,4.81,58.0
131611,15.6,,1.33,8.0
131675,19.8,,1.53,0.0
131687,46.5,,4.13,50.0
131690,39.7,-0.25,3.25,33.0
131695,23.9,,2.53,0.0
131697,3.6,-2.29,0.17,0.0
131715,2.5,,0.11,5.0
131726,45.7,-0.13,3.77,48.0
131743,,,,
131745,59.9,,6.05,79.0
131747,51.8,0.52,4.97,49.0
131748,,,,
131749,41.8,-0.18,3.7,44.0
131751,,,,
131752,47.1,0.08,4.35,49.0
131757,38.9,-0.09,3.5,29.0
131780,,,,
131792,,,,
131802,2.8,,0.17,0.0
131830,33.9,,1.96,18.0
131838,,,,
131859,12.8,-2.88,1.19,9.0
131880,49.1,0.12,4.06,47.0
131885,7.6,-2.29,0.37,0.0
131889,4.7,-2.19,0.42,0.0
131895,34.3,-0.78,2.95,28.0
131896,33.6,-0.42,2.91,22.0
131897,49.9,0.37,4.43,45.0
131905,7.2,-2.55,0.32,0.0
131940,5.5,,0.39,9.0
131945,42.3,-0.26,3.48,27.0
131960,6.4,,0.33,0.0
131969,45.9,0.19,4.03,40.0
131975,21.8,,1.63,0.0
131976,,,,
131979,72.3,,6.12,100.0
131987,,,,
132003,,,,
132048,35.1,,3.21,0.0
132051,,,,
132058,48.5,-0.26,3.99,40.0
132066,,,,
132069,,,,
132097,7.8,,0.67,0.0
132119,44.6,,3.78,54.0
132120,,,,
132148,,,,
132217,39.0,-0.64,3.33,27.0
132231,,,,
132233,,,,
132237,29.8,,1.42,0.0
132256,54.0,0.52,4.97,58.0
132268,44.4,-0.1,3.78,41.0
132711,53.5,0.58,5.09,58.0
132727,51.3,0.49,4.23,53.0
132732,0.9,,0.05,0.0
132735,,,,
132736,27.0,,2.57,34.0
132743,3.4,,0.2,0.0
132749,56.8,,5.42,58.0
132750,52.5,,4.13,56.0
132771,3.5,-2.95,0.33,0.0
132772,8.7,,0.81,0.0
132788,1.2,,0.0,0.0
132797,48.5,,4.71,43.0
132848,57.5,,5.37,74.0
132855,6.8,,0.67,0.0
132905,,,,
133114,44.2,0.23,3.6,44.0
133285,46.5,,3.88,52.0
133289,43.5,-0.53,3.73,47.0
133307,49.4,,4.65,59.0
133309,,,,
133317,,,,
133349,56.9,,5.44,71.0
133386,42.4,0.27,3.78,32.0
133392,,,,
133405,52.9,0.5,4.85,60.0
133429,,,,
133430,,,,
133432,5.3,-2.17,0.15,0.0
133439,,,,
133441,6.7,-1.47,0.4,0.0
133442,,,,
133443,48.1,,4.72,0.0
133444,25.9,,1.85,32.0
133477,5.1,,0.25,0.0
133478,7.0,,0.48,0.0
133485,,,,
133522,1.4,,0.07,0.0
133527,,,,
133528,3.2,,0.07,0.0
133539,15.0,,1.31,0.0
133540,10.9,,0.91,11.0
133541,51.1,,5.02,89.0
133561,48.6,0.26,3.95,47.0
133570,,,,
133580,39.5,-0.25,3.26,32.0
133581,6.3,-2.0,0.69,0.0
133599,59.5,1.65,4.53,73.0
133651,,,,
133653,2.3,-1.72,0.14,0.0
133697,40.4,-0.43,3.52,27.0
133719,,,,
133724,64.5,1.2,5.93,82.0
133725,44.0,-0.21,3.55,29.0
133743,8.1,-2.36,0.9,10.0
133748,,,,
133768,35.7,-0.57,2.58,13.0
133779,,,,
133989,1.4,,0.07,0.0
134000,0.9,,0.04,0.0
134003,42.9,0.66,3.85,35.0
134034,62.9,,5.99,84.0
134042,47.5,0.05,4.05,45.0
134064,3.1,,0.14,7.0
134087,25.8,,1.28,8.0
134137,9.1,,0.58,0.0
134140,60.5,,6.04,73.0
134148,,,,
134179,6.4,,0.63,0.0
134186,,,,
134190,,,,
134191,7.0,,0.22,0.0
134195,55.0,0.27,5.26,77.0
134222,51.1,-0.01,4.65,57.0
134223,45.3,-0.28,4.01,42.0
134224,44.6,0.16,4.02,38.0
134225,41.4,0.15,3.99,37.0
134226,41.1,0.15,3.67,34.0
134253,39.9,-0.14,3.66,31.0
134283,47.7,0.02,4.33,51.0
134294,,,,
134297,,,,
134311,38.0,-0.3,3.73,29.0
134314,54.9,0.08,5.03,62.0
134315,,,,
134369,44.8,-0.04,3.89,34.0
134388,8.2,,0.8,0.0
134395,,,,
134398,,,,
134402,3.8,,0.22,0.0
134417,64.1,,6.1,71.0
134424,,,,
134429,43.7,,3.29,53.0
134438,1.7,,0.08,0.0
134440,3.6,,0.19,0.0
134452,52.8,,4.71,36.0
134455,68.8,,6.58,88.0
134460,56.4,,5.29,64.0
134463,58.3,,5.13,63.0
134464,62.5,,5.6,79.0
134467,54.0,,4.64,33.0
134469,53.5,,4.93,50.0
134480,59.0,,5.3,67.0
134493,55.2,,5.26,56.0
134503,60.0,,5.66,62.0
134533,11.7,-1.42,0.46,0.0
134562,60.2,,5.61,59.0
134571,35.0,,3.01,21.0
134575,49.1,,4.53,69.0
134580,,,,
134582,22.6,,0.66,0.0
134585,63.5,,6.06,78.0
134587,55.4,,4.6,60.0
134589,50.2,,4.78,45.0
134595,18.9,,1.64,14.0
134605,,,,
134625,5.8,-1.84,0.38,0.0
134627,31.8,,2.78,26.0
134634,,,,
134640,3.9,-1.34,0.34,0.0
134646,44.3,-0.2,3.79,36.0
134658,5.5,-1.47,0.41,0.0
134660,1.5,,0.06,0.0
134662,3.0,-1.64,0.22,2.0
134693,63.6,1.24,6.25,74.0
134727,0.4,-1.57,0.0,0.0
134764,65.0,,6.28,76.0
134769,55.4,,4.47,50.0
134770,60.4,,5.88,57.0
134781,,,,
134783,,,,
134798,54.7,1.06,5.18,65.0
134805,39.4,,3.51,27.0
134807,40.4,,3.81,41.0
134809,56.7,,5.27,80.0
134810,63.4,,6.32,89.0
134813,4.7,-2.65,0.24,0.0
134814,53.1,1.0,4.56,60.0
134815,49.1,0.58,4.36,50.0
134833,18.5,,1.93,0.0
134884,1.2,-1.48,0.06,0.0
134887,57.8,,5.31,85.0
134888,,,,
134889,2.0,-1.64,0.1,0.0
134893,,,,
134902,,,,
134908,13.8,,0.68,0.0
134909,,,,
134911,1.3,,0.11,0.0
134937,,,,
134938,6.4,,0.35,0.0
134940,,,,
134971,17.7,-1.68,1.44,17.0
134972,1.5,-1.53,0.03,0.0
134982,,,,
134989,40.1,0.03,3.5,26.0
134993,47.9,0.01,4.17,47.0
134994,37.9,-0.46,3.25,42.0
134996,41.3,-0.14,3.84,33.0
135001,,,,
135003,39.6,-0.3,3.47,29.0
135004,34.8,-0.74,2.86,19.0
135007,42.4,-0.34,3.53,30.0
135013,,,,
135015,0.4,-1.56,0.03,0.0
135018,,,,
135027,,,,
135035,42.5,-0.31,3.64,41.0
135061,45.2,-0.02,4.23,49.0
135065,3.7,,0.12,0.0
135066,8.3,,0.43,0.0
135070,44.7,0.1,4.2,37.0
135071,45.4,0.01,4.12,46.0
135072,12.5,,1.06,17.0
135073,51.2,0.19,4.76,53.0
135074,32.2,,2.99,20.0
135090,43.7,,3.75,55.0
135092,0.5,,0.04,0.0
135105,,,,
135111,,,,
135113,,,,
135120,54.5,0.4,4.98,62.0
135122,36.4,-0.74,3.0,26.0
135149,51.8,0.17,4.55,54.0
135155,62.5,,5.83,67.0
135168,3.0,,0.16,0.0
135170,47.0,0.37,3.9,41.0
135174,54.7,0.11,4.74,55.0
135175,,,,
135176,41.2,-0.17,3.57,32.0
135180,,,,
135185,26.0,,1.1,29.0
135187,,,,
135198,,,,
135199,20.2,-1.2,1.86,7.0
135202,0.2,-1.59,0.02,0.0
135208,1.4,,0.06,0.0
135209,39.0,-0.48,3.34,24.0
135216,0.9,,0.05,0.0
135217,7.8,,0.45,17.0
135229,1.0,-1.92,0.05,0.0
135232,,,,
135234,44.4,-0.13,3.78,40.0
135240,0.8,,0.06,0.0
135241,,,,
135242,58.2,1.09,5.51,69.0
135247,9.4,,0.88,8.0
135249,44.4,0.03,3.94,35.0
135250,,,,
135252,,,,
135259,,,,
135262,41.4,-0.37,3.81,36.0
135263,39.3,-0.05,3.11,30.0
135264,48.7,0.35,4.43,54.0
135287,,,,
135290,37.6,-0.1,3.02,23.0
135292,,,,
135294,35.3,-0.68,3.08,21.0
135295,47.9,0.23,3.84,48.0
135296,52.2,0.21,4.61,56.0
135297,44.6,0.01,3.63,41.0
135300,46.9,0.26,3.97,42.0
135305,33.7,-0.93,2.8,17.0
135306,40.3,0.0,3.53,40.0
135311,48.3,-0.1,4.47,46.0
135313,37.5,-0.69,3.06,25.0
135314,42.7,-0.13,3.43,36.0
135315,44.1,0.12,4.02,46.0
135316,63.3,1.09,6.17,79.0
135317,52.6,0.57,4.94,57.0
135335,39.5,-0.22,3.34,32.0
135337,44.7,-0.24,3.87,47.0
135338,37.0,-0.42,3.15,26.0
135345,10.3,-1.97,0.91,3.0
135346,,,,
135364,46.9,0.45,4.25,51.0
135365,43.9,0.14,4.01,45.0
135367,33.8,-0.92,2.87,22.0
135371,38.7,-0.46,3.27,30.0
135372,34.7,-0.66,2.88,22.0
135373,6.8,,0.44,0.0
135380,,,,
135386,2.5,-1.49,0.11,0.0
135389,38.7,-0.38,3.45,35.0
135393,,,,
135404,8.7,,0.53,0.0
135405,,,,
135407,,,,
135410,0.6,,0.02,0.0
135419,25.3,,1.97,27.0
135422,,,,
135423,31.9,-0.68,2.65,19.0
135424,0.7,,0.04,0.0
135438,6.1,,0.66,0.0
135445,,,,
135449,45.5,-0.15,4.02,48.0
135453,,,,
135461,2.9,-2.59,0.07,0.0
135479,40.3,-0.39,3.19,25.0
135483,36.6,,2.98,28.0
135486,,,,
135493,6.0,,0.48,0.0
135507,63.3,1.0,5.9,82.0
135508,36.3,-0.66,3.07,27.0
135510,,,,
135511,5.4,,0.19,0.0
135526,,,,
135530,8.4,,0.45,0.0
135531,53.1,0.38,4.65,61.0
135534,,,,
135541,5.2,,0.26,0.0
135547,,,,
135552,41.0,-0.49,3.4,29.0
135555,,,,
135557,3.9,,0.2,0.0
135561,7.7,,0.47,5.0
135563,37.7,-0.35,3.1,24.0
135564,40.0,-0.33,3.35,30.0
135565,55.6,0.25,5.36,60.0
135573,,,,
135575,54.9,0.41,4.82,61.0
135576,,,,
135580,35.8,-0.79,2.96,26.0
135581,57.5,0.41,5.37,65.0
135582,34.5,-0.89,2.87,24.0
135583,39.8,-0.26,3.38,29.0
135584,47.8,0.31,4.47,44.0
135587,47.6,-0.14,4.36,48.0
135597,29.3,-1.23,2.27,16.0
135598,29.3,-1.43,2.5,14.0
135599,35.6,-0.86,2.78,23.0
135600,54.5,0.59,5.17,61.0
135604,,,,
135608,,,,
135616,,,,
135619,41.3,-0.35,3.62,39.0
135620,44.0,0.04,3.63,30.0
135621,40.5,-0.38,3.6,35.0
135623,,,,
135628,39.5,-1.0,3.44,24.0
135629,36.9,-0.38,3.11,34.0
135630,38.8,-0.52,3.35,29.0
135631,51.0,0.27,4.17,57.0
135632,43.7,-0.37,3.94,35.0
135633,,,,
135649,40.6,-0.4,3.54,30.0
135650,35.3,-0.58,3.09,22.0
135651,44.2,-0.18,3.52,39.0
135652,50.6,0.25,4.41,54.0
135653,43.3,-0.36,3.8,39.0
135654,46.1,-0.11,4.21,50.0
135661,40.7,-0.28,3.43,30.0
135662,35.0,-0.97,2.71,28.0
135663,39.7,-0.54,3.35,31.0
135665,39.0,-0.28,3.37,29.0
135670,8.3,,0.65,5.0
135671,37.4,-0.93,3.2,25.0
135672,46.8,2.18,4.11,40.0
135673,,,,
135674,41.2,-0.18,3.28,34.0
135676,50.7,0.3,4.89,49.0
135677,47.7,0.18,4.18,39.0
135683,,,,
135687,23.0,,1.79,36.0
135688,,,,
135691,,,,
135721,29.1,-1.34,2.19,10.0
135729,16.0,,1.95,0.0
135735,,,,
135744,41.2,-0.3,3.96,38.0
135745,33.8,-0.85,2.78,20.0
135747,58.8,0.72,4.7,72.0
135749,0.2,,0.03,0.0
135753,2.3,,0.1,0.0
135754,,,,
135760,51.2,0.54,4.63,57.0
135761,37.7,-0.36,2.98,27.0
135762,43.7,-0.1,3.7,38.0
135769,38.8,-0.46,3.2,22.0
135770,45.7,0.25,3.91,41.0
135771,20.8,-2.16,1.6,8.0
135773,,,,
135785,,,,
135791,,,,
135792,33.7,,2.58,19.0
135794,3.1,,0.12,0.0
135801,4.7,,0.42,0.0
135803,,,,
135804,40.6,-0.21,3.32,27.0
135805,,,,
135814,,,,
135815,,,,
135816,53.6,0.73,4.7,54.0
135818,40.4,-0.9,3.69,37.0
135822,48.9,,5.17,72.0
135823,,,,
135826,30.7,-0.78,2.23,16.0
135827,8.0,-2.64,0.58,0.0
135834,6.0,,0.39,0.0
135835,52.3,0.31,4.81,55.0
135837,,,,
135839,,,,
135843,45.7,-0.01,4.48,41.0
135849,21.3,,2.03,24.0
135859,5.8,,0.56,0.0
135864,48.4,0.37,4.4,53.0
135866,42.8,-0.06,3.68,36.0
135874,35.9,-0.99,2.98,23.0
135876,38.7,-0.44,3.5,34.0
135877,51.3,0.63,4.37,50.0
135878,38.4,-0.5,3.4,40.0
135879,43.9,0.22,3.39,33.0
135881,40.6,-0.59,3.33,32.0
135882,46.8,,4.18,55.0
135886,39.7,-0.97,3.06,34.0
135888,39.5,-0.24,3.6,33.0
135897,29.4,-1.25,2.41,23.0
135901,33.6,,3.16,26.0
135904,34.0,-0.7,2.79,19.0
135907,48.3,0.37,3.97,58.0
135911,37.7,-0.38,3.09,34.0
135913,45.2,-0.35,3.9,47.0
135930,5.6,,0.12,0.0
135934,37.4,-0.32,3.32,26.0
135935,39.0,-0.25,3.2,35.0
135936,35.2,-0.54,2.9,23.0
135940,41.2,-0.26,3.28,31.0
135942,46.9,0.58,3.93,38.0
135945,41.7,-0.51,3.36,30.0
135946,32.8,-1.14,2.93,25.0
135951,44.6,0.04,3.74,38.0
135955,43.9,-0.04,4.18,44.0
135956,46.3,0.07,3.76,36.0
135957,30.3,-0.91,2.37,17.0
135958,44.0,0.38,4.23,40.0
135959,45.4,0.31,4.14,36.0
135960,31.1,-1.12,2.27,17.0
135961,49.4,0.06,4.34,56.0
135962,52.2,0.54,4.79,62.0
135963,39.7,-0.03,3.31,31.0
135964,36.9,-0.39,3.09,17.0
135965,33.6,-0.7,2.9,26.0
135966,53.0,0.58,4.91,53.0
135967,40.0,-0.04,3.64,29.0
135968,44.6,-0.24,4.24,37.0
135970,46.0,0.33,3.93,41.0
135971,44.5,-0.26,3.47,33.0
135973,43.2,0.44,3.69,38.0
135975,,,,
135979,43.2,-0.18,3.7,39.0
135980,48.2,0.4,4.09,41.0
135987,,,,
135990,,,,
135995,,,,
136000,8.0,,0.67,0.0
136003,2.4,,0.24,0.0
136010,35.5,-0.62,2.88,23.0
136012,35.6,-0.32,2.76,19.0
136013,37.4,-0.3,3.01,28.0
136015,59.6,,6.55,81.0
136016,44.1,0.31,3.65,40.0
136019,6.4,,0.48,0.0
136023,56.5,,4.61,64.0
136027,41.9,-0.15,3.54,30.0
136028,43.1,-0.36,3.85,44.0
136032,38.1,-0.69,3.16,34.0
136039,3.9,,0.4,0.0
136042,42.5,-0.17,3.42,36.0
136044,40.5,-0.28,3.65,28.0
136046,52.5,,5.33,47.0
136047,8.2,,0.86,0.0
136052,1.3,,0.05,0.0
136069,,,,
136083,11.6,,0.8,0.0
136085,38.8,0.0,3.39,29.0
136086,7.7,,0.0,0.0
136088,3.1,,0.14,0.0
136090,39.8,-0.65,3.3,26.0
136091,42.2,-0.16,3.51,35.0
136092,3.7,,0.1,0.0
136094,47.9,0.3,4.2,37.0
136100,4.2,,0.33,0.0
136102,44.2,0.05,3.42,36.0
136105,51.3,0.69,4.5,53.0
136106,35.2,-0.52,2.88,21.0
136107,34.6,-0.65,2.71,16.0
136108,33.7,-0.59,2.77,22.0
136110,20.5,,1.64,7.0
136112,9.8,,0.62,18.0
136114,0.8,-1.68,0.06,0.0
136115,46.1,0.54,4.06,41.0
136117,21.8,,2.38,0.0
136119,30.6,-0.84,2.35,18.0
136120,45.3,0.11,4.01,41.0
136122,,,,
136123,49.3,,4.55,44.0
136125,43.8,0.06,3.6,39.0
136126,40.8,-0.16,3.64,40.0
136127,38.8,-0.44,3.37,36.0
136128,42.8,-0.44,3.91,35.0
136135,48.1,0.24,4.32,50.0
136136,42.0,-0.4,3.66,39.0
136137,45.2,-0.21,4.08,37.0
136141,43.1,-0.08,3.54,39.0
136142,36.8,-0.31,2.96,26.0
136143,45.2,,4.2,65.0
136145,41.3,-0.29,3.39,37.0
136146,46.1,0.07,4.11,51.0
136147,39.4,-0.19,3.55,41.0
136152,47.2,0.2,3.94,41.0
136156,30.4,-1.28,2.4,11.0
136158,36.4,-0.46,3.04,22.0
136164,36.2,-0.5,3.29,26.0
136172,53.7,0.09,5.11,57.0
136174,42.1,-0.22,3.45,31.0
136175,26.7,-1.3,2.04,4.0
136177,50.0,0.48,4.23,46.0
136183,32.2,-0.69,2.68,12.0
136184,33.2,-0.85,2.84,21.0
136185,38.7,-0.63,2.93,23.0
136186,48.0,0.31,3.87,42.0
136187,43.6,0.09,3.63,39.0
136189,51.1,,4.54,63.0
136192,39.6,-0.8,3.25,28.0
136193,33.2,-1.01,2.7,23.0
136194,43.7,0.15,3.56,32.0
136195,36.9,-0.56,2.99,22.0
136197,35.1,-0.45,2.8,20.0
136198,39.2,-0.13,3.01,26.0
136200,39.1,-0.39,3.15,22.0
136201,42.0,-0.15,3.75,36.0
136202,36.2,-0.49,3.4,30.0
136203,41.5,-0.56,3.78,43.0
136204,42.0,0.31,3.76,38.0
136205,44.0,0.11,3.75,42.0
136206,34.7,-0.59,2.81,17.0
136208,55.7,0.34,5.14,65.0
136213,44.8,0.18,3.9,42.0
136217,32.8,-0.57,2.26,11.0
136220,,,,
136227,7.3,,0.28,0.0
136228,16.8,,0.81,0.0
136236,,,,
136237,1.3,,0.07,0.0
136244,,,,
136245,2.1,,0.1,0.0
136252,,,,
136257,,,,
136258,14.4,,0.98,0.0
136259,1.5,,0.08,0.0
136260,,,,
136261,48.2,0.28,4.46,49.0
136262,0.0,,0.0,0.0
136263,10.0,,0.92,0.0
136265,9.3,,0.56,0.0
136266,47.5,0.19,3.85,41.0
136267,53.9,0.6,4.66,56.0
136268,47.2,-0.03,4.13,38.0
136271,52.5,0.3,4.91,60.0
136272,78.2,0.9,7.65,99.0
136273,46.2,-0.08,3.86,45.0
136276,68.8,0.75,6.75,91.0
136277,49.7,-0.07,4.52,55.0
136278,53.9,0.45,4.54,58.0
136279,50.7,0.0,4.41,64.0
136281,29.3,-1.27,2.56,14.0
136283,77.1,0.78,6.67,97.0
136286,44.5,0.02,3.66,45.0
136287,57.9,0.91,4.95,71.0
136289,67.6,0.7,6.36,86.0
136290,85.5,1.0,8.5,100.0
136291,50.6,0.03,4.66,54.0
136292,56.9,0.67,5.03,62.0
136294,45.9,-0.14,3.9,47.0
136295,45.0,-0.11,3.66,38.0
136296,51.2,0.2,4.48,52.0
136297,72.7,0.43,7.03,97.0
136298,62.3,0.83,5.73,78.0
136299,59.1,0.57,5.44,78.0
136301,44.4,-0.15,3.69,35.0
136302,38.7,-0.55,3.05,31.0
136304,41.4,-0.08,3.37,32.0
136305,57.7,-0.25,5.39,64.0
136306,75.3,0.84,6.8,99.0
136307,53.4,0.07,4.8,57.0
136308,61.3,0.89,5.83,77.0
136309,59.5,0.1,5.48,67.0
136310,58.2,0.48,5.47,71.0
136311,45.8,0.28,3.93,43.0
136313,71.6,0.83,6.9,99.0
136315,60.2,0.36,5.61,68.0
136317,37.5,-0.7,3.08,25.0
136319,52.2,0.75,4.78,48.0
136321,66.2,0.23,6.04,89.0
136322,44.6,-0.23,3.81,40.0
136323,52.8,0.28,4.79,58.0
136324,37.7,-0.67,2.94,21.0
136327,50.5,0.41,4.64,48.0
136329,56.5,0.74,5.35,67.0
136331,46.7,-0.1,4.06,43.0
136333,57.0,0.61,4.92,64.0
136334,73.0,0.63,6.61,99.0
136335,51.8,0.16,4.63,57.0
136336,48.1,-0.15,4.14,52.0
136337,63.3,0.54,5.95,84.0
136340,55.2,0.43,4.84,57.0
136341,53.2,0.64,4.94,63.0
136342,37.9,-0.39,3.21,27.0
136343,50.7,0.26,4.75,59.0
136347,45.8,-0.19,3.79,47.0
136349,43.8,0.16,3.44,42.0
136350,69.2,0.55,6.77,91.0
136352,55.5,0.44,5.19,64.0
136353,82.5,0.9,7.98,99.0
136355,48.7,-0.19,4.53,49.0
136357,57.9,0.43,5.13,63.0
136358,47.2,0.08,4.2,44.0
136359,78.2,1.12,7.79,98.0
136361,48.4,0.19,4.42,43.0
136366,79.7,0.98,7.69,99.0
136367,50.8,0.03,4.46,59.0
136368,69.5,0.26,6.24,90.0
136369,74.0,0.62,7.32,98.0
136373,2.7,,0.11,0.0
136377,51.4,0.13,4.72,54.0
136378,43.5,-0.34,3.64,38.0
136379,69.7,0.71,6.55,91.0
136381,71.6,0.54,6.66,94.0
136382,60.9,0.12,5.89,81.0
136383,37.0,-0.61,2.88,23.0
136386,51.6,0.17,4.38,51.0
136388,69.7,0.62,6.02,90.0
136389,52.6,0.08,4.46,57.0
136390,72.5,0.37,6.71,98.0
136391,73.2,0.61,6.56,97.0
136392,58.2,0.83,5.21,65.0
136394,42.8,0.2,4.05,39.0
136396,52.5,-0.1,4.82,63.0
136398,64.2,0.64,5.56,79.0
136399,46.1,-0.12,4.13,43.0
136400,32.4,-1.08,2.6,28.0
136401,30.3,-1.48,2.54,15.0
136405,52.5,0.02,4.54,48.0
136406,44.8,-0.01,3.95,41.0
136409,21.6,-1.8,1.92,7.0
136411,32.4,-0.64,2.71,17.0
136412,82.4,0.9,8.13,100.0
136414,44.8,-0.06,3.97,47.0
136415,53.8,0.52,4.41,63.0
136416,55.6,0.71,4.6,61.0
136417,77.3,0.76,7.65,98.0
136418,54.5,0.69,4.9,62.0
136419,77.5,1.19,7.4,99.0
136420,75.9,0.56,7.36,97.0
136421,41.0,-0.28,3.49,31.0
136423,,,,
136432,44.8,-0.27,3.84,41.0
136442,50.9,0.1,4.66,55.0
136443,75.3,0.67,6.82,99.0
136444,73.4,0.49,6.89,97.0
136448,84.3,1.06,8.29,100.0
136449,82.2,0.97,8.11,99.0
136450,49.8,0.37,4.46,59.0
136451,56.1,0.69,4.99,58.0
136453,34.7,-0.44,3.02,30.0
136454,56.1,0.39,4.74,66.0
136455,70.4,0.83,6.4,95.0
136456,43.4,0.01,3.81,29.0
136458,80.1,1.14,7.48,99.0
136459,47.0,-0.11,4.13,45.0
136460,64.5,0.67,6.19,79.0
136462,50.1,0.08,4.21,56.0
136463,56.0,0.47,5.13,59.0
136464,46.2,-0.34,4.19,44.0
136465,41.0,-0.94,2.95,31.0
136466,42.2,-0.69,3.59,37.0
136467,49.1,0.0,4.41,56.0
136468,54.0,0.12,5.04,63.0
136469,51.2,0.48,4.68,56.0
136470,47.4,0.09,4.01,43.0
136471,47.5,0.31,4.2,49.0
136474,60.2,0.7,5.39,78.0
136479,44.6,0.62,3.88,47.0
136481,53.9,0.34,5.11,57.0
136482,64.6,0.51,6.45,75.0
136483,47.0,0.06,4.17,45.0
136484,76.0,0.96,7.39,99.0
136488,54.3,0.21,4.85,68.0
136489,49.4,0.0,4.41,54.0
136490,78.5,0.89,7.61,99.0
136491,43.1,0.16,3.68,34.0
136494,44.9,-0.27,4.1,38.0
136495,43.6,-0.42,3.82,42.0
136496,69.1,0.36,5.94,96.0
136497,57.0,0.48,5.33,67.0
136498,74.2,0.67,6.95,95.0
136500,71.9,0.55,6.57,94.0
136501,60.0,-0.24,5.64,78.0
136502,40.9,0.14,3.37,37.0
136505,56.3,0.34,5.22,67.0
136506,70.2,0.5,6.84,94.0
136510,8.4,,0.19,13.0
136515,44.1,-0.06,3.95,39.0
136516,77.5,0.79,7.57,99.0
136517,49.4,-0.09,4.59,55.0
136519,49.6,-0.19,4.11,48.0
136521,78.3,0.83,7.38,98.0
136522,51.7,0.55,4.91,62.0
136524,44.5,-0.24,3.48,37.0
136525,49.6,-0.29,4.03,55.0
136526,50.5,0.33,4.42,55.0
136527,49.3,0.34,4.4,47.0
136529,39.3,-0.59,3.22,28.0
136530,52.5,0.45,4.82,57.0
136531,62.5,0.4,5.59,79.0
136533,47.5,0.05,3.95,44.0
136534,54.3,0.28,5.01,62.0
136537,38.5,-0.54,3.25,30.0
136538,40.7,-0.66,3.7,38.0
136540,46.5,-0.29,3.99,46.0
136543,51.9,0.42,4.37,48.0
136544,48.3,-0.04,4.28,53.0
136545,45.5,-0.19,3.94,43.0
136548,53.3,0.5,4.53,56.0
136551,81.5,1.13,7.6,100.0
136552,54.3,0.88,5.0,69.0
136554,71.4,0.64,6.81,90.0
136555,44.4,-0.24,3.62,41.0
136556,43.2,-0.21,3.47,34.0
136557,50.0,0.13,4.69,57.0
136558,45.1,0.01,4.04,40.0
136559,47.5,0.09,3.99,51.0
136567,45.3,-0.03,3.77,50.0
136568,45.1,-0.15,4.03,39.0
136569,47.5,0.12,4.06,54.0
136570,62.7,0.13,5.83,87.0
136571,33.5,-0.4,2.64,25.0
136572,50.4,0.41,4.23,44.0
136573,53.4,0.54,4.76,54.0
136574,46.2,0.18,3.92,45.0
136575,40.4,-0.45,3.34,34.0
136576,41.7,-0.42,3.36,28.0
136577,51.8,0.15,4.58,55.0
136578,70.3,0.57,6.21,96.0
136579,47.0,-0.28,4.04,47.0
136580,53.8,0.54,4.88,59.0
136581,38.9,-0.42,3.31,26.0
136582,66.0,0.52,6.39,87.0
136583,40.7,-0.15,3.66,28.0
136584,42.6,-0.16,3.39,29.0
136585,69.2,0.67,6.16,94.0
136586,54.8,0.24,5.12,64.0
136587,51.7,-0.02,4.98,59.0
136588,73.4,0.5,6.91,98.0
136589,40.1,-0.4,3.46,32.0
136590,58.1,0.67,5.52,63.0
136592,55.8,0.94,5.11,64.0
136593,56.7,0.66,5.13,64.0
136594,57.9,0.06,5.02,82.0
136595,76.6,0.8,7.27,98.0
136600,62.5,0.54,5.78,79.0
136603,58.2,0.95,5.41,68.0
136604,42.7,-0.31,3.47,40.0
136605,38.7,-0.66,3.06,27.0
136606,61.6,0.55,5.78,80.0
136607,41.4,-0.59,3.5,39.0
136608,47.8,0.0,4.34,47.0
136609,61.2,0.83,5.54,75.0
136610,55.0,0.83,4.75,58.0
136611,45.3,-0.03,4.04,38.0
136612,41.8,-0.6,3.65,38.0
136613,33.2,-0.68,2.79,23.0
136614,37.9,-0.81,3.2,27.0
136615,84.1,0.96,8.16,99.0
136616,47.1,-0.1,3.89,46.0
136617,53.7,0.5,4.81,52.0
136618,46.6,0.12,3.94,42.0
136620,38.7,-0.81,3.12,35.0
136621,86.4,1.33,8.56,99.0
136622,71.0,0.33,6.8,95.0
136623,46.3,-0.05,4.05,41.0
136624,48.0,0.43,4.11,42.0
136625,56.6,0.48,5.0,64.0
136626,43.1,0.21,3.39,36.0
136627,51.0,0.2,4.33,55.0
136628,61.9,0.8,5.83,79.0
136629,49.4,0.02,4.27,51.0
136631,53.4,0.49,4.67,59.0
136632,44.8,-0.26,3.85,42.0
136633,49.3,0.53,4.1,48.0
136634,49.7,0.24,4.36,51.0
136636,60.6,0.82,5.89,71.0
136637,61.8,1.08,5.68,76.0
136638,44.4,-0.2,3.83,40.0
136639,42.3,-0.19,3.91,32.0
136640,50.2,-0.07,4.32,51.0
136642,81.5,0.82,7.13,99.0
136643,54.4,0.34,4.87,58.0
136644,53.8,0.1,5.0,61.0
136645,56.4,0.46,5.07,66.0
136646,50.8,0.27,4.52,55.0
136647,49.9,0.35,4.34,48.0
136649,49.5,0.23,4.59,56.0
136650,44.9,-0.04,4.23,46.0
136651,46.7,0.39,3.94,54.0
136652,41.5,-0.69,3.61,32.0
136654,48.1,0.0,4.29,46.0
136655,42.1,-0.3,3.76,38.0
136656,54.7,0.62,5.24,58.0
136657,52.2,0.22,4.74,55.0
136658,54.7,0.27,4.86,65.0
136662,70.4,0.85,6.89,98.0
136663,47.4,0.04,4.28,37.0
136664,68.7,0.62,6.46,90.0
136666,76.4,1.04,7.03,98.0
136667,51.8,0.37,4.61,57.0
136668,45.4,0.24,3.62,40.0
136669,61.4,0.74,5.74,70.0
136671,50.6,0.01,4.51,60.0
136672,52.2,0.45,4.13,64.0
136673,52.7,0.31,4.56,61.0
136674,49.0,-0.03,4.23,57.0
136675,44.0,-0.1,4.04,41.0
136677,47.6,0.01,4.29,49.0
136678,,,,
136680,36.6,-0.99,3.09,26.0
136681,38.5,-0.37,3.09,28.0
136708,46.6,0.24,3.74,42.0
136709,55.4,0.28,5.08,63.0
136711,56.4,0.66,4.84,66.0
136715,59.7,0.51,5.49,73.0
136716,37.8,-0.59,3.2,30.0
136717,49.8,-0.04,4.62,54.0
136718,43.9,-0.36,3.87,46.0
136719,50.8,-0.01,4.52,55.0
136720,33.7,-0.97,2.71,26.0
136722,53.0,0.28,4.9,55.0
136723,74.6,0.8,7.16,97.0
136724,57.8,0.43,5.07,70.0
136725,52.4,0.52,4.43,55.0
136727,66.5,0.72,6.2,92.0
136728,41.2,-0.38,3.64,33.0
136729,45.4,-0.26,3.97,35.0
136730,48.9,-0.13,4.24,49.0
136731,51.3,0.27,4.4,60.0
136732,64.1,0.45,5.82,90.0
136735,49.7,-0.29,4.46,54.0
136736,43.0,-0.21,3.52,34.0
136740,3.9,,0.22,0.0
136742,72.2,0.67,6.47,97.0
136745,35.9,-0.79,2.98,21.0
136746,62.6,,6.0,82.0
136748,,,,
136750,61.5,0.69,5.87,70.0
136752,,,,
136753,44.9,0.03,3.62,45.0
136756,47.3,-0.1,3.93,38.0
136757,47.6,-0.05,3.96,43.0
136758,47.0,0.07,3.97,47.0
136763,48.0,-0.18,4.28,47.0
136764,47.5,0.18,4.05,48.0
136767,62.6,0.11,5.58,88.0
136768,44.9,0.01,3.83,44.0
136770,45.4,-0.16,3.49,32.0
136771,72.9,0.83,6.93,99.0
136772,49.1,0.17,4.19,50.0
136773,74.3,0.52,7.04,98.0
136775,58.3,0.73,5.44,64.0
136776,55.1,0.3,5.2,57.0
136777,74.2,0.74,7.09,99.0
136778,78.8,0.95,7.0,100.0
136779,46.1,-0.12,3.76,45.0
136780,58.2,0.24,5.29,79.0
136781,76.4,0.71,7.32,100.0
136782,48.2,0.02,4.29,44.0
136783,49.3,0.19,4.35,56.0
136785,53.1,0.11,4.68,60.0
136786,50.4,0.42,4.3,53.0
136787,79.2,0.82,7.1,100.0
136788,67.9,0.13,6.14,93.0
136789,80.1,0.93,7.4,100.0
136791,37.9,-0.49,3.14,27.0
136795,82.3,1.11,7.79,100.0
136797,52.3,0.46,4.51,53.0
136798,76.1,0.81,6.99,99.0
136799,45.4,0.0,4.13,42.0
136800,57.8,0.63,4.99,72.0
136801,57.6,1.15,5.57,66.0
136803,46.5,-0.49,4.3,45.0
136822,57.8,0.33,5.17,65.0
136824,36.3,-0.56,2.95,26.0
136826,37.3,-0.59,3.1,29.0
136827,51.0,0.56,4.5,55.0
136828,49.0,0.1,4.18,51.0
136832,40.2,-0.36,3.45,32.0
136833,56.8,0.3,5.13,65.0
136834,48.1,0.04,4.15,43.0
136838,50.5,-0.26,4.58,59.0
136839,40.4,-0.43,3.27,32.0
136842,45.3,0.18,4.02,45.0
136844,47.8,0.06,4.36,50.0
136845,73.3,0.51,5.58,97.0
136846,77.6,0.91,7.29,98.0
136847,41.9,-0.11,3.41,28.0
136849,31.7,-1.44,2.71,15.0
136850,70.0,0.45,6.51,91.0
136851,48.7,0.26,4.19,45.0
136852,49.0,0.27,4.06,45.0
136854,40.0,-0.51,3.19,33.0
136856,49.7,0.09,4.48,50.0
136858,37.3,-0.31,3.15,28.0
136860,48.4,-0.05,4.08,51.0
136861,47.0,-0.41,4.25,52.0
136863,55.0,0.49,5.1,61.0
136864,62.6,0.28,6.02,87.0
136867,42.3,-0.28,3.55,33.0
136868,35.8,-1.0,2.68,21.0
136871,34.5,-0.84,2.92,17.0
136873,45.1,-0.4,3.89,44.0
136874,72.5,0.77,6.55,96.0
136875,48.7,-0.12,4.25,48.0
136876,32.8,-0.71,2.83,25.0
136877,55.6,0.18,4.96,65.0
136878,55.1,0.43,5.15,68.0
136880,63.8,1.02,5.86,77.0
136882,43.4,-0.11,3.58,40.0
136883,58.2,0.56,5.46,69.0
136884,75.0,0.72,7.0,94.0
136885,52.4,0.35,4.89,60.0
136886,49.2,0.07,4.15,50.0
136887,63.6,1.04,5.89,73.0
136890,44.2,-0.1,3.96,38.0
136891,59.1,0.79,5.17,69.0
136893,57.9,0.49,5.18,75.0
136894,47.0,-0.22,3.81,48.0
136895,28.7,-1.01,2.5,18.0
136896,45.8,-0.26,4.12,42.0
136897,50.8,0.4,4.32,50.0
136898,53.9,0.37,5.02,65.0
136899,63.5,0.5,6.04,77.0
136900,51.3,0.21,4.6,56.0
136901,65.6,0.74,6.1,84.0
136902,52.8,0.33,4.98,62.0
136903,53.4,0.12,4.86,59.0
136904,53.2,0.22,4.65,60.0
136905,53.3,0.38,4.67,57.0
136906,58.1,0.62,5.36,65.0
136907,50.8,0.02,4.35,52.0
136908,47.5,-0.17,4.25,48.0
136909,44.3,-0.18,3.67,37.0
136910,80.6,0.79,7.83,100.0
136911,50.1,0.34,4.48,55.0
136912,46.6,0.11,4.07,38.0
136913,46.6,-0.03,4.24,40.0
136914,61.4,0.75,5.74,73.0
136916,53.1,0.21,4.48,54.0
136917,51.9,0.3,4.35,62.0
136918,46.3,-0.01,4.09,40.0
136921,45.7,-0.4,3.77,40.0
136922,58.0,0.85,4.99,66.0
136923,37.3,-0.43,3.11,24.0
136924,47.2,-0.11,4.32,48.0
136925,45.0,-0.01,3.97,42.0
136927,41.0,-0.34,3.54,39.0
136936,,,,
136944,53.7,0.25,4.17,60.0
136947,13.1,,1.31,0.0
136948,38.2,-0.22,3.22,32.0
136954,10.8,,0.91,0.0
136955,58.0,,5.54,56.0
136958,44.5,0.12,3.67,38.0
136959,45.0,-0.36,3.77,30.0
136960,49.4,0.26,4.43,56.0
136962,52.8,0.59,4.85,44.0
136963,52.7,0.17,4.95,58.0
136964,45.3,0.08,3.76,37.0
136965,47.8,-0.12,4.0,45.0
136966,61.3,0.96,5.71,68.0
136968,37.5,-0.46,3.15,20.0
136969,47.9,0.1,3.95,53.0
136971,49.1,-0.04,4.37,50.0
136972,48.4,0.06,4.16,45.0
136973,59.8,0.54,5.37,76.0
136974,50.2,0.42,4.39,49.0
136976,48.6,0.04,4.51,50.0
136978,51.9,0.39,4.39,57.0
136979,43.2,-0.34,3.85,38.0
136980,47.0,-0.06,3.9,43.0
136982,41.0,-0.13,3.39,35.0
136985,42.5,-0.32,3.48,42.0
136986,40.4,-0.47,3.41,27.0
136987,40.8,-0.55,3.49,32.0
136990,46.4,-0.17,4.38,39.0
136991,49.0,0.17,4.25,47.0
136992,48.1,0.11,4.64,51.0
136994,53.4,0.48,4.69,67.0
136995,51.7,0.14,4.54,62.0
136996,70.7,0.4,6.34,92.0
136997,48.5,0.19,4.08,43.0
136998,45.1,-0.06,3.82,40.0
137000,49.3,0.06,4.21,55.0
137001,46.0,-0.09,3.93,45.0
137002,50.4,0.36,4.4,52.0
137003,53.3,0.08,4.94,62.0
137004,43.9,0.23,4.01,39.0
137005,61.5,0.55,5.88,74.0
137006,59.1,0.69,5.69,72.0
137007,48.4,0.09,4.42,48.0
137008,44.4,0.11,3.9,38.0
137009,48.1,0.26,4.47,51.0
137011,43.4,0.11,3.31,34.0
137013,42.5,-0.25,3.59,33.0
137018,53.9,,4.8,0.0
137019,52.3,-0.03,4.83,55.0
137020,44.1,-0.33,3.65,39.0
137024,55.0,0.72,5.26,65.0
137028,57.8,0.53,5.17,69.0
137033,54.5,0.38,4.92,63.0
137034,40.8,-0.25,3.64,38.0
137036,41.0,-0.43,3.32,33.0
137037,46.8,-0.11,4.21,51.0
137038,55.3,0.36,5.06,64.0
137039,42.5,-0.07,3.79,38.0
137040,55.1,0.38,5.08,69.0
137043,71.0,0.35,6.28,96.0
137044,81.2,0.9,7.93,99.0
137045,83.3,1.02,8.17,100.0
137046,75.6,0.48,7.33,96.0
137047,75.2,0.59,7.11,100.0
137048,50.3,-0.09,4.72,54.0
137049,39.1,-0.53,3.3,27.0
137051,52.2,0.49,4.48,56.0
137052,49.2,0.19,4.23,49.0
137053,50.9,0.06,4.72,61.0
137055,48.0,0.18,3.96,44.0
137057,53.6,0.24,4.6,50.0
137058,48.4,0.05,4.5,43.0
137059,47.3,0.17,4.08,48.0
137060,57.5,0.94,5.17,60.0
137063,44.8,-0.1,4.16,43.0
137064,40.0,-0.57,3.55,33.0
137065,27.9,-0.33,2.53,10.0
137066,42.1,-0.3,3.5,38.0
137072,35.0,-0.89,2.95,25.0
137073,46.1,-0.28,3.84,58.0
137075,47.4,0.05,4.31,51.0
137077,55.7,0.88,4.83,66.0
137078,39.8,-0.13,3.49,35.0
137079,43.9,-0.14,3.66,41.0
137080,39.0,-0.55,3.37,39.0
137082,45.6,0.18,3.93,33.0
137083,55.6,0.49,5.02,66.0
137085,49.5,0.21,4.42,53.0
137086,60.7,0.88,5.77,71.0
137087,46.4,-0.04,4.02,39.0
137088,54.8,0.72,4.88,72.0
137089,51.9,0.1,4.66,57.0
137090,51.6,0.54,4.5,55.0
137091,76.0,0.88,7.36,98.0
137092,45.4,-0.06,4.06,46.0
137093,48.4,-0.12,4.4,48.0
137094,48.9,0.04,4.42,52.0
137096,37.5,-0.44,2.86,23.0
137097,50.2,-0.01,4.08,54.0
137098,5.1,,0.24,0.0
137099,65.4,0.34,6.36,88.0
137100,46.7,-0.21,3.63,34.0
137101,50.7,0.28,4.46,50.0
137104,48.5,0.34,3.06,41.0
137106,39.9,-0.19,3.18,23.0
137107,44.8,0.01,3.7,32.0
137109,42.2,-0.46,3.44,35.0
137110,45.5,-0.08,3.87,45.0
137111,46.1,0.0,3.92,45.0
137112,49.9,0.36,4.54,43.0
137115,47.1,0.11,4.17,43.0
137116,50.9,0.08,4.27,51.0
137117,40.3,-0.35,3.2,26.0
137119,41.6,-0.1,3.44,29.0
137120,62.0,1.08,6.05,77.0
137121,51.5,0.3,4.75,58.0
137123,68.3,0.5,6.02,96.0
137124,44.8,-0.2,4.05,36.0
137125,44.6,-0.42,3.96,45.0
137128,49.1,-0.11,4.51,48.0
137129,49.9,0.02,4.4,52.0
137130,42.3,-0.03,3.62,34.0
137131,55.3,0.66,5.13,64.0
137133,57.4,0.57,5.27,68.0
137134,44.9,-0.06,3.77,49.0
137135,47.5,0.07,3.92,46.0
137138,43.3,-0.09,3.38,43.0
137139,59.4,0.53,5.4,71.0
137140,46.6,0.28,4.02,48.0
137141,39.1,-0.96,3.26,38.0
137146,46.1,-0.03,3.78,33.0
137152,46.4,-0.12,3.6,34.0
137154,35.7,-0.82,3.08,23.0
137156,50.8,0.0,4.55,51.0
137157,66.6,0.9,6.41,83.0
137158,42.4,-0.17,3.35,33.0
137159,43.6,-0.1,3.78,39.0
137160,52.0,0.22,4.47,57.0
137161,47.0,0.11,4.43,48.0
137162,40.8,-0.5,3.34,32.0
137163,48.9,0.26,4.32,49.0
137164,34.1,-0.93,2.73,22.0
137166,69.7,0.83,6.46,96.0
137167,41.8,-0.07,3.47,32.0
137169,49.0,0.2,4.21,48.0
137170,49.8,0.29,4.42,56.0
137171,70.1,0.62,6.52,92.0
137172,55.0,0.76,4.67,59.0
137176,42.0,-0.2,3.67,32.0
137177,44.4,0.56,4.0,39.0
137178,60.1,1.05,5.68,67.0
137181,47.4,-0.15,4.38,47.0
137184,45.1,0.03,4.11,39.0
137186,41.3,-0.08,3.55,31.0
137188,40.8,-0.19,3.36,36.0
137190,47.2,-0.11,4.04,45.0
137192,43.9,-0.3,3.73,38.0
137196,36.2,-0.88,3.12,24.0
137197,47.0,-0.16,4.4,52.0
137198,43.5,0.0,4.15,39.0
137199,43.3,0.0,3.66,33.0
137200,47.1,-0.07,4.44,47.0
137202,40.8,-0.3,3.79,39.0
137203,44.7,-0.13,3.5,38.0
137204,44.7,0.17,3.98,41.0
137205,46.1,-0.27,3.95,36.0
137206,38.2,-0.5,3.08,22.0
137208,43.3,-0.28,3.67,34.0
137209,40.6,-0.44,3.44,35.0
137213,58.6,0.12,5.52,78.0
137214,44.4,-0.41,3.75,41.0
137215,41.1,-0.34,3.32,32.0
137217,44.5,-0.3,3.86,39.0
137218,44.9,-0.02,3.86,41.0
137219,78.5,1.08,7.66,99.0
137221,54.5,0.67,5.29,61.0
137223,42.7,-0.41,3.65,41.0
137224,39.6,-0.18,3.22,30.0
137225,40.2,-0.37,3.24,38.0
137227,67.2,0.72,6.08,95.0
137228,46.9,0.14,3.87,53.0
137229,49.6,-0.16,4.52,47.0
137230,46.3,-0.1,4.0,42.0
137231,44.5,-0.13,3.74,43.0
137233,57.8,0.65,5.23,68.0
137235,80.2,0.94,7.52,98.0
137236,48.0,0.13,4.25,46.0
137237,53.5,0.32,4.49,56.0
137239,48.6,-0.17,4.51,50.0
137240,44.8,-0.14,3.83,39.0
137241,47.0,-0.02,4.25,50.0
137243,67.9,0.57,6.26,94.0
137248,41.4,-0.1,3.45,31.0
137250,67.7,0.74,6.5,91.0
137251,40.8,-0.15,3.5,32.0
137252,44.4,-0.36,3.85,39.0
137254,45.1,-0.1,4.03,38.0
137256,39.2,-0.19,3.3,26.0
137259,52.8,0.36,4.59,52.0
137260,47.7,-0.02,4.08,42.0
137261,46.5,0.14,4.13,39.0
137262,49.9,-0.16,4.34,50.0
137263,49.1,0.36,4.52,50.0
137264,46.3,0.02,3.92,42.0
137267,57.6,0.46,5.02,72.0
137269,50.2,0.36,4.21,51.0
137270,61.0,0.79,5.51,72.0
137272,52.3,0.41,4.51,48.0
137274,42.2,0.35,3.57,28.0
137275,8.6,,0.43,0.0
137277,52.3,0.48,4.89,59.0
137279,11.7,,0.61,8.0
137280,43.4,-0.26,3.7,39.0
137282,39.5,-0.23,3.22,25.0
137284,50.7,0.48,4.68,56.0
137285,50.2,0.27,4.27,50.0
137286,,,,
137287,45.0,0.05,3.82,40.0
137288,58.8,0.53,5.12,66.0
137289,82.2,1.05,8.19,99.0
137294,50.4,-0.12,4.58,54.0
137296,57.5,0.57,5.26,64.0
137297,49.9,-0.14,4.47,60.0
137298,46.3,0.09,3.94,46.0
137299,57.2,0.65,5.41,73.0
137300,44.8,0.0,3.67,38.0
137302,80.5,0.99,7.73,100.0
137305,47.5,0.23,4.4,42.0
137306,43.7,-0.28,3.97,38.0
137308,52.1,0.26,4.73,58.0
137309,57.3,0.24,5.07,66.0
137310,54.4,0.35,4.4,65.0
137312,58.5,0.77,5.24,68.0
137313,52.1,0.02,4.98,59.0
137314,52.6,0.46,4.58,50.0
137315,42.4,-0.39,3.59,36.0
137317,12.0,-2.16,1.12,0.0
137319,46.0,-0.1,3.93,41.0
137321,39.1,-0.45,3.2,28.0
137333,,,,
137334,11.0,,0.99,5.0
137336,47.8,0.12,4.28,46.0
137338,52.0,0.29,4.26,56.0
137339,60.8,0.85,5.72,68.0
137340,47.7,0.21,4.28,51.0
137342,45.0,-0.32,3.84,40.0
137343,51.4,0.44,4.11,56.0
137344,73.8,0.61,6.82,98.0
137345,53.0,0.23,4.88,60.0
137346,51.4,0.61,4.94,50.0
137349,46.4,0.01,3.94,45.0
137352,50.7,0.57,4.71,55.0
137353,62.9,0.72,5.46,72.0
137354,6.8,-1.37,0.46,0.0
137355,53.8,0.78,4.63,56.0
137356,46.2,-0.25,3.71,45.0
137357,50.9,0.51,4.64,55.0
137360,52.3,0.15,4.6,47.0
137361,39.5,0.1,3.43,30.0
137363,,,,
137367,49.9,0.25,4.75,58.0
137368,43.5,-0.3,3.97,45.0
137369,42.0,-0.36,3.71,36.0
137375,51.6,0.23,4.48,52.0
137376,43.8,0.27,3.64,40.0
137377,46.6,-0.1,3.85,45.0
137379,57.7,0.98,5.68,65.0
137382,48.3,0.19,4.19,43.0
137383,48.7,0.19,4.42,51.0
137384,43.7,-0.21,3.43,36.0
137385,1.0,,0.06,0.0
137386,61.8,0.52,5.98,73.0
137387,46.5,0.01,4.02,45.0
137388,53.0,0.64,4.91,60.0
137389,59.5,0.34,5.51,79.0
137390,39.0,0.07,3.25,21.0
137394,,,,
137396,49.2,0.16,4.67,52.0
137401,54.1,0.43,5.04,60.0
137407,57.0,0.52,5.15,63.0
137409,57.9,0.43,5.4,66.0
137412,44.4,0.21,4.0,48.0
137414,47.5,-0.25,4.06,45.0
137416,53.4,0.3,4.63,61.0
137418,57.4,0.71,5.01,66.0
137421,50.6,-0.1,4.24,56.0
137423,73.0,0.46,7.12,97.0
137424,47.8,0.42,4.32,43.0
137427,50.0,0.26,4.37,50.0
137431,48.4,0.25,4.49,55.0
137433,0.2,-1.56,0.02,0.0
137434,52.4,0.24,4.82,65.0
137435,,,,
137436,51.9,0.02,4.31,49.0
137440,47.4,0.1,4.29,45.0
137442,57.4,0.55,5.05,65.0
137444,46.1,-0.09,3.82,50.0
137445,39.2,-0.53,3.08,28.0
137446,73.7,0.4,6.88,98.0
137447,38.0,-0.42,3.41,31.0
137448,47.1,-0.16,4.15,49.0
137449,51.4,-0.18,4.16,53.0
137452,70.8,0.56,6.65,94.0
137453,49.0,0.32,4.24,50.0
137456,43.9,-0.17,3.85,45.0
137457,46.6,-0.13,3.88,41.0
137458,38.4,-0.4,3.22,26.0
137459,0.7,-1.52,0.0,0.0
137461,52.3,0.46,4.85,55.0
137462,46.4,0.19,4.02,42.0
137464,47.5,0.15,4.21,38.0
137465,57.4,0.58,5.23,59.0
137469,,,,
137472,47.3,0.42,4.04,47.0
137474,63.5,0.15,6.04,82.0
137475,49.4,0.47,4.39,40.0
137476,65.1,0.29,6.1,91.0
137478,2.7,-1.91,0.34,0.0
137484,40.0,-0.28,3.29,27.0
137487,43.8,-0.23,3.68,40.0
137491,48.7,-0.03,4.1,49.0
137493,4.7,-1.3,0.3,5.0
137498,47.4,0.22,4.67,35.0
137500,48.0,0.78,4.02,45.0
137507,1.4,-2.23,0.06,0.0
137511,4.3,,0.27,0.0
137514,46.5,-0.11,3.94,45.0
137515,80.5,0.99,7.78,99.0
137520,41.1,-0.68,3.26,30.0
137521,43.6,-0.15,3.64,40.0
137522,44.8,-0.17,3.73,43.0
137523,53.4,0.52,4.74,61.0
137527,44.5,-0.12,4.02,47.0
137531,65.1,0.96,5.82,85.0
137532,51.6,0.18,4.67,55.0
137533,44.5,-0.66,3.98,37.0
137535,48.4,0.04,4.34,47.0
137538,50.9,-0.34,4.29,59.0
137539,58.9,0.63,5.53,76.0
137540,46.5,-0.16,4.24,45.0
137541,47.7,-0.05,4.15,50.0
137546,67.3,1.26,6.45,82.0
137547,46.6,0.07,4.08,43.0
137548,44.8,0.13,3.65,36.0
137549,56.6,0.53,5.28,69.0
137552,34.7,-1.05,3.17,21.0
137553,44.2,0.0,3.69,37.0
137554,,,,
137558,49.0,-0.04,4.31,50.0
137560,8.7,,0.7,0.0
137561,61.2,,5.97,66.0
137564,70.0,0.63,6.32,96.0
137567,13.8,,0.86,13.0
137572,50.0,0.63,3.98,43.0
137577,50.5,0.72,4.36,56.0
137578,31.8,-1.01,2.71,16.0
137581,40.5,-0.23,3.45,34.0
137582,34.9,-0.56,2.84,27.0
137583,0.8,,0.04,0.0
137594,1.3,-2.64,0.1,0.0
137595,46.2,0.03,3.9,40.0
137597,,,,
137598,36.5,-0.99,2.98,26.0
137600,42.5,0.03,3.78,34.0
137603,46.8,0.07,3.85,50.0
137604,53.9,0.36,5.01,57.0
137605,5.6,-1.23,0.19,2.0
137606,50.8,0.33,4.68,48.0
137608,40.0,-0.33,3.51,39.0
137609,41.0,-0.01,3.5,35.0
137612,48.3,-0.28,4.09,54.0
137613,39.8,-0.5,3.37,27.0
137614,46.7,-0.21,4.16,40.0
137617,43.9,-0.47,3.77,42.0
137618,40.6,0.0,3.61,29.0
137621,44.5,-0.03,4.04,37.0
137622,53.2,0.34,4.75,60.0
137625,49.4,0.06,4.37,45.0
137627,57.8,0.57,4.64,61.0
137628,44.3,-0.03,3.94,42.0
137630,35.9,-0.73,2.94,18.0
137632,51.4,0.31,4.2,56.0
137633,56.6,0.88,5.04,64.0
137634,51.6,0.67,4.19,50.0
137635,53.6,0.27,4.58,57.0
137637,45.1,-0.45,3.94,38.0
137638,43.6,-0.37,3.44,36.0
137640,46.7,-0.14,4.03,45.0
137645,47.0,0.22,4.15,52.0
137650,41.0,-0.33,3.57,36.0
137656,44.7,0.31,3.78,38.0
137667,65.6,0.55,6.22,90.0
137673,40.7,-0.15,3.31,30.0
137674,35.6,-0.28,2.98,31.0
137675,30.6,-1.14,2.73,19.0
137678,54.3,0.37,4.9,58.0
137679,48.0,0.37,4.26,52.0
137681,53.9,0.56,4.75,53.0
137684,41.6,-0.04,3.54,30.0
137685,48.6,0.48,4.54,46.0
137687,36.6,-0.53,2.85,22.0
137692,40.7,-0.33,3.73,32.0
137694,44.3,-0.19,4.02,43.0
137695,43.9,-0.38,3.8,46.0
137696,47.8,-0.04,4.18,42.0
137701,39.2,-0.08,3.3,30.0
137702,47.7,-0.21,4.17,46.0
137703,41.4,-0.33,3.49,30.0
137704,54.4,0.36,4.94,62.0
137705,39.6,-0.02,3.15,33.0
137706,32.7,-0.82,2.54,17.0
137707,45.9,-0.15,4.03,42.0
137708,53.5,0.21,4.53,51.0
137726,76.2,0.74,7.26,99.0
137727,55.0,0.05,5.14,58.0
137729,50.5,0.84,4.77,56.0
137730,49.6,0.45,3.58,42.0
137733,42.0,-0.5,3.35,34.0
137734,50.1,0.06,4.54,52.0
137735,44.6,-0.07,3.8,49.0
137736,59.5,0.72,5.64,76.0
137739,66.0,,6.48,83.0
137740,48.2,0.06,4.17,46.0
137742,51.3,0.42,4.51,51.0
137745,43.1,-0.09,3.81,35.0
137746,51.9,0.16,4.48,55.0
137752,44.6,-0.07,3.6,46.0
137753,47.5,0.12,3.89,46.0
137754,48.0,0.14,4.04,43.0
137755,40.8,-0.21,3.33,35.0
137757,56.3,0.8,5.06,57.0
137759,40.9,-0.47,3.21,35.0
137763,39.8,-0.51,3.48,33.0
137766,46.1,0.31,3.92,41.0
137767,53.8,0.56,4.57,67.0
137768,48.5,0.18,4.2,53.0
137769,75.6,0.69,6.99,99.0
137770,42.9,-0.26,3.66,41.0
137771,47.7,0.2,4.15,38.0
137772,44.4,-0.17,3.86,39.0
137773,47.4,0.23,3.97,44.0
137775,57.6,0.74,5.2,64.0
137777,52.2,0.44,4.47,56.0
137781,41.7,-0.39,3.4,40.0
137782,43.4,0.02,3.68,45.0
137783,47.0,-0.1,3.93,34.0
137785,,,,
137789,49.4,0.47,4.47,57.0
137790,44.6,-0.54,3.82,43.0
137791,40.7,-0.36,3.41,33.0
137793,68.7,0.6,6.7,87.0
137795,,,,
137798,46.9,0.1,3.9,46.0
137799,46.6,-0.3,4.29,46.0
137800,62.7,0.19,5.83,92.0
137801,52.4,0.2,4.39,55.0
137808,3.1,,0.12,0.0
137812,45.1,-0.19,3.89,44.0
137814,81.5,0.93,7.78,100.0
137815,43.0,-0.15,3.84,30.0
137821,3.0,,0.23,0.0
137822,58.6,,5.46,63.0
137826,56.8,0.65,5.51,59.0
137828,43.3,-0.5,3.82,41.0
137829,53.9,0.62,5.0,58.0
137830,42.3,0.08,3.54,32.0
137832,35.6,-0.36,2.9,19.0
137833,38.1,-0.57,3.22,14.0
137834,64.4,0.37,6.05,91.0
137837,64.0,0.34,5.75,74.0
137838,,,,
137839,41.2,-0.38,3.6,25.0
137842,49.6,0.48,3.7,49.0
137843,58.5,0.78,4.83,70.0
137844,53.2,0.66,4.9,60.0
137847,50.7,0.42,4.82,55.0
137848,54.1,0.52,4.98,60.0
137849,47.7,0.1,3.97,46.0
137851,53.8,0.17,4.51,60.0
137852,56.2,0.6,5.21,65.0
137855,59.3,0.87,5.27,72.0
137857,38.2,-0.65,3.42,30.0
137858,44.6,-0.15,3.95,40.0
137859,53.0,0.36,4.9,57.0
137867,37.0,0.0,3.03,30.0
137869,51.3,0.27,4.61,51.0
137872,50.8,-0.02,3.97,60.0
137873,39.0,-0.23,3.45,27.0
137874,48.7,0.29,4.17,46.0
137877,45.9,-0.25,3.7,38.0
137878,44.0,0.06,3.84,41.0
137880,44.5,0.26,3.83,41.0
137883,,,,
137884,52.3,0.25,4.36,50.0
137886,39.1,-0.33,3.41,29.0
137887,,,,
137892,12.4,,0.27,0.0
137895,57.3,0.7,5.02,65.0
137896,,,,
137899,51.6,0.39,4.68,53.0
137900,44.6,-0.44,4.12,35.0
137901,51.8,0.66,4.74,65.0
137902,41.4,-0.85,3.39,36.0
137903,48.7,0.02,4.06,45.0
137905,,,,
137906,48.7,0.05,4.34,48.0
137907,53.7,0.57,5.13,56.0
137908,48.0,-0.11,4.17,44.0
137911,49.3,-0.16,4.35,53.0
137912,52.7,0.59,4.82,55.0
137913,57.7,0.69,5.43,67.0
137914,52.6,0.25,4.51,57.0
137915,,,,
137916,79.3,0.97,7.76,99.0
137917,48.0,0.06,4.15,46.0
137919,55.8,0.52,4.82,63.0
137921,57.2,0.66,5.32,67.0
137922,54.4,0.24,4.65,57.0
137923,48.6,0.22,4.33,44.0
137924,63.7,0.92,6.07,80.0
137925,52.0,0.43,4.85,51.0
137926,49.7,0.33,4.44,46.0
137927,46.4,0.13,4.05,45.0
137928,57.9,0.48,5.07,76.0
137929,66.5,1.08,6.38,93.0
137931,36.7,-0.68,2.97,20.0
137934,,,,
137935,59.1,0.62,5.57,67.0
137936,55.6,0.7,4.55,63.0
137937,38.8,-0.36,3.29,34.0
137938,52.6,0.7,4.87,54.0
137940,45.5,-0.27,3.98,39.0
137941,46.5,-0.24,4.02,49.0
137942,47.3,-0.09,3.8,49.0
137944,42.2,-0.18,3.45,33.0
137945,49.4,0.15,4.34,43.0
137948,46.8,-0.18,3.89,49.0
137949,44.7,0.28,4.18,49.0
137954,33.0,-0.75,2.9,24.0
137965,46.4,-0.11,3.81,42.0
137966,40.7,-0.14,3.51,37.0
137968,46.2,0.18,3.78,44.0
137969,48.8,0.2,4.61,51.0
137970,59.2,0.95,5.38,68.0
137973,37.1,-0.58,3.05,27.0
137974,45.6,-0.11,4.23,42.0
137975,45.1,-0.3,3.88,46.0
137976,58.7,0.72,5.27,70.0
137981,49.0,0.1,4.2,49.0
137982,51.7,0.43,4.78,60.0
137983,39.9,-0.61,3.14,41.0
137984,39.8,-0.5,3.55,29.0
137985,57.8,0.58,5.45,68.0
137988,75.2,0.73,7.28,99.0
137993,46.3,-0.13,3.92,41.0
137994,46.7,0.5,4.27,34.0
137995,62.3,1.3,5.84,76.0
137998,7.2,-1.89,0.33,0.0
137999,,,,
138002,52.7,0.05,4.77,58.0
138006,44.1,-0.09,3.66,32.0
138012,43.3,-0.01,3.47,36.0
138018,41.8,-0.36,3.92,38.0
138019,63.3,0.43,6.08,87.0
138020,41.5,-0.24,3.57,34.0
138023,43.8,-0.2,4.03,36.0
138024,46.1,0.06,3.83,43.0
138027,,,,
138032,47.6,0.06,4.47,45.0
138038,38.6,-0.48,3.39,30.0
138039,40.3,-0.36,3.6,29.0
138041,53.4,0.29,4.55,56.0
138042,45.5,-0.18,4.13,47.0
138044,3.5,-1.35,0.21,0.0
138046,32.9,-0.92,2.65,17.0
138051,87.6,1.1,8.7,100.0
138053,44.3,-0.31,3.76,41.0
138054,52.9,0.02,4.72,54.0
138058,49.5,0.42,4.1,58.0
138059,41.9,-0.09,3.7,33.0
138067,36.1,,3.22,31.0
138069,56.6,0.71,5.27,67.0
138073,39.9,-0.3,3.22,33.0
138075,51.0,0.04,4.45,44.0
138076,38.6,-0.49,3.22,27.0
138079,50.8,0.06,4.29,48.0
138082,50.2,-0.05,4.33,47.0
138084,43.3,0.05,3.31,32.0
138087,45.3,0.46,4.16,38.0
138089,42.8,-0.29,3.64,37.0
138093,1.1,-1.85,0.01,0.0
138094,0.7,-1.51,0.12,0.0
138097,35.8,-0.34,3.37,23.0
138098,50.3,0.5,3.37,37.0
138099,13.2,-1.75,0.34,0.0
138103,45.8,-0.56,3.89,40.0
138106,60.0,0.78,5.61,68.0
138107,41.5,-0.22,3.75,36.0
138108,56.1,0.75,4.99,75.0
138110,41.5,-0.54,3.36,38.0
138111,48.1,0.14,4.26,49.0
138116,41.6,-0.36,3.28,34.0
138118,58.3,,3.75,76.0
138120,37.3,-0.71,3.11,34.0
138122,,,,
138123,49.4,0.06,4.48,52.0
138124,46.4,-0.7,4.29,34.0
138130,1.2,-2.06,0.07,0.0
138134,72.8,0.9,6.55,95.0
138135,50.6,-0.12,4.52,55.0
138136,53.1,-0.02,5.01,59.0
138137,41.7,-0.22,3.86,46.0
138138,7.2,,0.32,0.0
138147,5.0,,0.35,0.0
138148,51.4,-0.06,4.68,58.0
138150,45.8,-0.24,3.7,41.0
138155,54.3,0.54,5.13,66.0
138156,2.0,-1.63,0.18,3.0
138158,,,,
138162,43.8,0.04,3.51,36.0
138167,26.8,-1.37,2.21,9.0
138172,49.6,-0.04,4.51,50.0
138174,43.2,-0.39,3.84,37.0
138177,41.7,-0.15,3.5,35.0
138178,56.3,0.49,4.97,66.0
138181,49.1,0.23,4.48,52.0
138183,45.8,-0.17,3.84,43.0
138184,49.1,0.08,4.5,49.0
138187,48.0,0.22,4.32,54.0
138190,34.5,-0.67,2.78,24.0
138191,52.3,0.16,4.4,59.0
138193,52.1,0.75,4.68,57.0
138196,44.3,-0.33,4.05,45.0
138202,40.9,-0.37,3.7,34.0
138204,39.3,-0.43,3.11,31.0
138210,45.5,-0.11,3.76,40.0
138214,46.5,0.17,4.33,45.0
138216,55.1,0.37,4.85,62.0
138219,,,,
138220,62.1,1.47,5.54,84.0
138221,46.0,-0.22,4.0,45.0
138222,42.4,-0.74,3.33,40.0
138226,55.4,0.24,5.36,65.0
138227,61.9,0.93,5.86,80.0
138228,51.0,0.99,4.94,48.0
138233,40.4,-0.18,3.51,32.0
138235,38.2,-0.32,3.05,34.0
138239,56.7,0.48,5.19,66.0
138243,,,,
138245,59.0,1.1,5.61,67.0
138246,37.4,-0.75,3.2,34.0
138247,48.6,0.37,4.4,60.0
138248,45.5,0.03,4.02,48.0
138249,,,,
138250,42.8,-0.01,3.65,39.0
138251,54.9,0.77,4.91,58.0
138253,8.4,-1.37,0.31,0.0
138254,46.3,0.01,4.21,46.0
138260,31.4,-0.56,2.9,11.0
138266,50.5,0.5,4.83,59.0
138267,56.2,0.88,5.22,67.0
138269,18.8,-3.3,1.13,73.0
138271,3.1,-1.94,0.19,0.0
138273,30.1,-1.01,2.69,12.0
138274,28.4,-1.68,2.6,19.0
138281,1.6,-1.47,0.19,0.0
138286,61.5,0.72,5.83,71.0
138287,45.9,-0.23,4.2,43.0
138289,48.2,0.12,4.14,52.0
138290,55.1,0.54,4.83,56.0
138298,56.3,0.74,5.12,67.0
138301,37.7,-0.44,3.18,21.0
138304,43.5,-0.48,3.65,43.0
138312,52.7,0.37,4.46,59.0
138313,65.3,0.78,6.19,77.0
138314,38.0,-0.73,3.14,27.0
138318,46.1,0.18,3.84,44.0
138323,49.3,-0.04,4.29,51.0
138326,52.5,0.24,4.67,54.0
138327,36.6,-0.32,2.99,20.0
138329,49.0,0.12,4.04,49.0
138333,1.9,,0.0,0.0
138336,45.8,0.0,4.22,40.0
138337,47.8,0.19,4.44,45.0
138341,52.8,0.13,4.54,56.0
138342,42.4,0.16,3.58,26.0
138350,,,,
138351,34.1,-0.42,2.73,19.0
138352,52.5,0.49,4.35,61.0
138355,39.4,0.01,3.16,29.0
138356,63.7,0.72,5.48,78.0
138360,41.1,-0.24,3.65,36.0
138361,55.4,0.45,4.95,58.0
138367,41.8,-0.35,3.66,38.0
138368,32.1,-0.29,2.55,25.0
138370,48.4,0.37,3.97,53.0
138373,34.6,-0.59,2.83,21.0
138374,41.6,-0.06,3.63,37.0
138375,34.8,-0.45,3.01,20.0
138380,0.2,-2.28,0.0,0.0
138384,1.5,,0.0,0.0
138385,38.9,-0.44,3.09,27.0
138386,,,,
138405,9.9,,0.94,0.0
138408,,,,
138411,43.6,0.24,3.54,38.0
138414,30.4,-1.08,2.46,19.0
138421,42.9,0.1,3.6,34.0
138435,34.1,-0.91,2.86,22.0
138437,33.5,-1.05,2.63,20.0
138439,33.4,-0.72,2.69,24.0
138441,,,,
138448,39.8,-0.38,3.72,30.0
138449,51.1,0.39,4.89,53.0
138454,,,,
138457,61.3,1.14,5.81,64.0
138458,56.2,0.62,5.23,71.0
138459,61.9,1.03,5.64,77.0
138460,55.7,0.39,5.21,66.0
138461,64.8,0.93,5.82,76.0
138463,37.9,-0.78,3.46,29.0
138464,74.4,0.91,6.81,96.0
138466,48.0,0.06,4.23,50.0
138470,57.3,0.36,5.24,67.0
138471,50.1,0.14,4.4,45.0
138472,40.4,-0.55,3.28,29.0
138473,47.8,0.36,4.19,46.0
138474,45.7,0.08,3.88,43.0
138475,48.4,0.38,4.2,50.0
138476,55.8,0.62,4.76,66.0
138478,38.6,-0.78,3.31,33.0
138480,62.4,0.27,5.68,87.0
138482,59.2,0.84,5.18,72.0
138483,53.7,0.38,4.63,61.0
138484,40.6,-0.45,3.4,35.0
138485,18.2,-0.57,1.25,0.0
138490,59.9,0.96,5.54,71.0
138491,51.7,0.24,4.32,50.0
138495,48.5,0.52,4.57,48.0
138496,30.5,-0.92,2.59,20.0
138498,46.7,,4.79,48.0
138499,31.7,-0.96,2.9,22.0
138505,44.1,0.04,3.53,38.0
138506,35.8,-0.62,2.91,19.0
138511,31.2,-0.69,2.57,11.0
138516,20.7,,1.49,0.0
138518,58.6,0.97,5.0,73.0
138521,45.0,-0.34,3.75,41.0
138522,54.3,0.5,4.71,59.0
138525,47.6,0.31,4.27,40.0
138526,,,,
138527,46.5,0.24,4.29,47.0
138530,3.1,-1.96,0.15,4.0
138532,0.2,-1.67,0.02,0.0
138544,45.0,-0.04,3.86,41.0
138545,45.7,0.14,3.84,43.0
138547,0.7,-1.54,0.0,0.0
138549,35.0,-0.74,2.83,24.0
138562,57.3,0.32,5.34,68.0
138563,3.8,,0.26,15.0
138567,41.6,-0.56,3.65,38.0
138568,36.5,,3.3,45.0
138571,44.0,-0.28,3.63,38.0
138580,,,,
138582,51.6,0.36,4.44,58.0
138585,36.3,-0.67,2.92,20.0
138586,56.4,0.94,5.4,68.0
138593,44.0,-0.12,4.15,43.0
138597,,,,
138602,0.9,,0.0,0.0
138606,39.9,-0.13,3.22,28.0
138607,65.4,0.83,6.25,84.0
138609,49.9,0.16,4.49,49.0
138610,51.2,0.82,4.62,53.0
138614,46.2,-0.2,3.93,43.0
138620,31.5,-1.05,2.72,19.0
138622,43.5,-0.17,3.72,41.0
138623,51.1,0.08,4.69,54.0
138628,47.9,0.0,4.06,42.0
138630,43.4,0.22,3.77,38.0
138632,54.2,0.59,4.76,60.0
138634,9.1,-1.02,0.36,0.0
138638,69.6,1.01,6.15,93.0
138641,48.9,0.23,4.25,46.0
138644,35.0,-0.69,2.95,27.0
138647,47.9,-0.06,3.9,46.0
138650,43.4,-0.17,3.82,39.0
138651,64.2,0.77,6.04,79.0
138652,4.7,,0.27,0.0
138661,1.4,-1.88,0.07,0.0
138662,48.9,-0.04,4.12,42.0
138664,43.6,-0.35,3.85,46.0
138665,66.6,0.49,6.33,90.0
138667,49.3,-0.04,4.31,56.0
138681,42.4,0.0,3.98,38.0
138682,45.1,0.26,4.04,43.0
138685,49.5,0.67,4.61,52.0
138686,42.8,-0.07,3.67,37.0
138691,45.6,-0.18,3.87,44.0
138695,37.3,-0.11,3.37,31.0
138696,41.5,-0.23,3.25,34.0
138697,,,,
138698,48.5,0.2,4.22,50.0
138699,45.1,-0.32,3.96,41.0
138706,48.2,-0.12,4.5,52.0
138707,49.8,0.29,4.13,54.0
138711,31.7,-1.14,2.75,27.0
138716,,,,
138717,47.2,-0.02,4.06,42.0
138718,,,,
138720,49.4,-0.1,4.31,50.0
138721,,,,
138728,45.3,-0.19,4.18,37.0
138729,57.2,0.72,5.2,63.0
138732,57.9,0.6,5.13,63.0
138734,48.6,-0.11,4.41,53.0
138736,,,,
138743,54.8,0.33,5.3,64.0
138746,39.2,-0.56,3.23,24.0
138747,39.5,-0.34,3.33,36.0
138754,33.1,-0.39,2.68,14.0
138756,26.7,-1.04,2.16,4.0
138757,56.0,0.3,5.41,66.0
138758,45.0,-0.06,3.97,41.0
138762,51.7,0.46,4.52,54.0
138765,40.2,-0.43,3.34,27.0
138766,7.5,-2.58,0.24,0.0
138767,47.3,-0.07,4.16,49.0
138771,,,,
138779,,,,
138783,41.4,-0.06,3.49,25.0
138787,36.2,-0.65,2.83,21.0
138801,44.6,,4.4,50.0
138803,0.5,,0.0,0.0
138810,45.4,0.01,3.7,46.0
138817,53.5,0.32,4.63,64.0
138819,47.9,0.34,4.1,43.0
138820,44.1,-0.17,3.62,39.0
138823,57.0,0.38,5.11,67.0
138825,62.6,0.88,5.88,74.0
138829,43.0,-0.28,3.78,36.0
138831,50.0,0.05,4.24,47.0
138832,54.2,0.51,5.02,56.0
138834,61.4,1.04,5.81,83.0
138835,71.9,0.44,6.97,98.0
138836,44.3,-0.09,4.0,45.0
138837,48.8,0.03,4.14,53.0
138839,44.5,0.0,3.99,39.0
138841,54.0,0.58,4.88,68.0
138845,46.9,-0.29,4.11,39.0
138850,51.6,-0.09,4.16,57.0
138852,47.2,-0.14,4.17,41.0
138853,38.6,-0.14,3.18,27.0
138855,60.6,0.48,5.83,74.0
138858,40.1,-0.29,3.52,31.0
138859,40.6,-0.24,3.44,37.0
138863,38.9,-0.3,3.07,20.0
138865,41.8,-0.32,3.67,28.0
138868,,,,
138869,52.5,0.64,4.61,59.0
138871,56.9,,5.29,50.0
138875,,,,
138878,7.1,,0.41,13.0
138879,49.0,0.06,4.34,54.0
138880,,,,
138884,4.6,,0.07,0.0
138885,44.4,-0.06,3.91,32.0
138894,,,,
138895,39.9,-0.69,3.46,37.0
138897,50.0,0.12,4.36,52.0
138918,35.7,-0.5,3.23,22.0
138920,37.2,-0.55,3.15,25.0
138923,45.9,-0.02,3.73,39.0
138924,48.1,0.46,4.54,52.0
138925,26.8,-1.09,2.19,17.0
138928,44.5,-0.19,3.77,37.0
138932,42.6,-0.05,3.61,36.0
138935,,,,
138936,37.0,-0.49,3.19,24.0
138937,49.0,0.49,4.06,49.0
138948,45.3,-0.18,3.97,43.0
138950,44.1,0.26,3.81,40.0
138951,47.0,0.04,4.19,44.0
138960,58.5,1.38,5.43,71.0
138961,57.4,0.58,5.32,63.0
138964,46.0,-0.21,3.98,37.0
138971,0.7,,0.0,0.0
138985,43.5,-0.12,3.61,36.0
139018,,,,
139031,39.0,-0.57,3.32,27.0
139036,48.8,0.06,4.35,53.0
139037,30.8,-0.95,2.46,22.0
139043,44.5,0.57,4.06,33.0
139047,40.5,-0.39,3.34,33.0
139048,40.4,-0.15,3.49,33.0
139049,37.7,-0.57,3.2,29.0
139058,38.9,-0.38,3.67,32.0
139059,38.7,-0.26,3.26,34.0
139060,34.8,-0.6,3.08,21.0
139062,41.1,-0.46,3.52,32.0
139063,38.5,-0.24,3.24,26.0
139067,47.6,0.26,4.0,42.0
139068,44.5,0.19,3.66,35.0
139071,20.2,,2.02,0.0
139075,41.7,-0.26,3.81,38.0
139076,51.1,0.38,4.35,61.0
139079,,,,
139082,40.6,0.25,3.44,31.0
139095,47.0,0.37,4.11,52.0
139099,7.4,-1.46,0.26,0.0
139102,41.6,-0.36,3.79,29.0
139109,47.8,0.08,4.31,41.0
139110,,,,
139118,54.7,0.39,4.68,60.0
139121,60.0,0.6,5.56,73.0
139130,36.0,-0.64,3.21,23.0
139138,46.5,0.14,4.19,34.0
139139,49.7,0.14,4.31,51.0
139140,55.4,0.01,4.87,69.0
139143,43.4,-0.46,4.0,39.0
139144,66.1,0.29,6.35,94.0
139146,48.2,0.13,4.28,47.0
139148,52.2,0.17,4.83,63.0
139151,65.1,0.84,6.14,82.0
139152,49.6,-0.26,4.35,50.0
139153,46.2,0.03,3.82,37.0
139154,57.1,0.39,5.48,71.0
139155,45.1,-0.1,4.21,50.0
139158,46.0,-0.21,4.06,42.0
139160,41.9,0.03,3.65,39.0
139167,56.6,0.64,5.11,64.0
139179,40.1,-0.35,3.65,35.0
139180,49.0,-0.4,4.6,47.0
139181,38.1,-0.42,3.16,28.0
139182,69.3,0.34,6.63,93.0
139184,41.9,-1.0,3.69,35.0
139189,47.8,-0.11,4.22,43.0
139193,58.5,0.53,5.24,66.0
139196,46.2,0.22,4.08,39.0
139210,41.6,-0.25,3.67,39.0
139211,40.2,-0.61,3.47,34.0
139234,42.0,-0.4,2.79,31.0
139239,3.0,,0.0,0.0
139248,39.8,-0.39,3.45,34.0
139258,42.1,0.19,3.63,43.0
139264,8.3,,0.46,0.0
139265,,,,
139268,49.4,-0.51,3.83,48.0
139272,37.1,-0.65,3.25,24.0
139276,46.2,,4.07,47.0
139277,37.7,-0.49,3.37,32.0
139288,40.0,-0.3,3.35,38.0
139290,38.3,-0.39,3.51,33.0
139292,44.4,-0.09,3.75,40.0
139293,48.2,0.13,4.34,47.0
139294,36.7,-0.7,2.91,21.0
139304,60.9,0.44,5.54,77.0
139307,40.8,-0.66,3.65,41.0
139311,49.1,0.21,4.26,53.0
139312,,,,
139316,5.1,-1.51,0.52,0.0
139318,53.3,0.29,4.58,59.0
139319,44.0,0.02,4.06,44.0
139322,,,,
139329,,,,
139334,38.8,-0.23,3.39,34.0
139343,43.2,-0.5,3.62,37.0
139345,51.7,0.35,4.58,55.0
139348,52.5,0.26,4.87,54.0
139351,57.2,0.56,5.2,67.0
139362,51.6,0.39,4.71,49.0
139364,47.2,0.02,4.13,39.0
139365,51.8,0.34,4.75,46.0
139367,42.2,0.01,3.78,30.0
139368,52.4,0.39,4.51,57.0
139369,57.3,0.83,5.24,64.0
139374,3.9,-1.2,0.14,0.0
139376,45.4,-0.02,3.71,42.0
139395,41.9,-0.44,4.04,34.0
139401,48.3,0.36,3.75,33.0
139402,44.6,-0.16,3.95,42.0
139403,36.2,-0.27,2.99,19.0
139405,43.6,-0.26,3.89,49.0
139408,51.2,0.33,4.54,49.0
139409,54.3,0.57,4.86,66.0
139410,50.8,0.43,4.55,51.0
139414,7.7,,0.58,7.0
139415,,,,
139416,37.1,-0.68,2.65,20.0
139418,1.3,-2.18,0.14,0.0
139434,23.6,-1.56,2.11,17.0
139442,50.8,0.3,4.3,58.0
139455,48.5,-0.04,4.17,44.0
139456,39.8,-0.52,3.43,35.0
139469,,,,
139474,35.0,-0.29,2.97,27.0
139482,,,,
139487,49.8,0.09,4.5,58.0
139500,51.4,0.54,4.69,60.0
139501,47.3,0.61,4.18,46.0
139517,46.9,0.18,3.92,47.0
139521,,,,
139534,43.1,-0.31,3.85,42.0
139536,34.9,-0.7,2.97,18.0
139538,53.1,0.28,4.87,54.0
139540,3.0,-1.35,0.1,0.0
139542,41.7,-0.29,3.65,30.0
139553,42.8,-0.54,3.51,38.0
139554,48.5,0.22,4.32,51.0
139559,,,,
139572,38.2,-0.29,3.27,23.0
139578,40.0,-0.26,3.55,35.0
139587,44.4,0.29,4.14,37.0
139588,42.4,-0.32,3.37,32.0
139589,44.0,-0.4,3.25,33.0
139594,60.3,0.74,5.79,69.0
139599,45.0,0.33,3.92,45.0
139600,0.5,-2.65,0.0,0.0
139601,7.7,,0.38,4.0
139603,,,,
139606,56.5,0.33,5.09,72.0
139607,,,,
139614,38.5,-0.65,3.37,25.0
139616,52.1,0.42,4.62,54.0
139623,33.3,-0.7,2.96,20.0
139624,55.5,0.45,4.99,66.0
139625,,,,
139628,,,,
139629,41.2,-0.86,3.54,36.0
139646,35.7,0.32,3.23,20.0
139649,35.2,-0.87,2.72,17.0
139655,45.6,0.67,3.53,24.0
139656,42.2,-0.64,3.59,39.0
139657,,,,
139658,56.6,0.38,5.33,75.0
139659,51.2,0.55,4.87,61.0
139662,47.2,-0.11,4.31,37.0
139663,41.1,-0.16,3.87,42.0
139664,45.3,0.13,4.13,41.0
139668,40.0,-0.46,3.4,31.0
139673,47.3,0.17,4.31,55.0
139675,27.4,-1.27,2.14,11.0
139682,48.9,0.23,4.59,53.0
139686,57.2,0.32,5.39,72.0
139690,37.7,-0.83,2.56,21.0
139695,43.5,-0.7,3.25,41.0
139697,33.5,-0.47,3.06,22.0
139703,53.5,0.37,4.99,56.0
139706,,,,
139711,40.8,-0.26,3.47,31.0
139714,34.5,-1.03,3.02,22.0
139718,44.8,0.27,4.07,50.0
139720,60.1,0.92,5.57,75.0
139722,2.6,,0.08,0.0
139725,56.9,0.83,5.44,59.0
139728,11.6,-1.32,0.95,0.0
139732,23.5,-0.35,0.85,18.0
139734,,,,
139735,39.2,-0.46,3.2,26.0
139746,42.4,0.12,3.83,41.0
139764,52.6,0.63,4.67,46.0
139765,43.7,-0.32,3.65,32.0
139766,34.5,-0.94,2.95,22.0
139769,41.6,-0.87,3.67,37.0
139772,,,,
139773,42.1,-0.3,3.63,44.0
139779,19.7,,1.17,0.0
139788,30.8,-1.33,2.38,16.0
139789,35.5,-1.21,2.34,17.0
139791,55.5,1.07,5.24,60.0
139796,47.3,-0.21,4.13,47.0
139807,,,,
139811,55.9,,5.4,77.0
139815,46.1,0.39,4.22,46.0
139819,41.2,-0.11,3.5,31.0
139821,38.4,-0.87,3.23,30.0
139823,37.2,-0.61,3.34,36.0
139826,50.0,,3.81,57.0
139839,42.5,-0.47,3.57,36.0
139840,43.8,-0.38,3.53,38.0
139841,45.1,0.53,3.68,42.0
139842,51.0,0.3,4.86,54.0
139852,37.0,-1.17,3.26,41.0
139853,48.1,0.25,4.14,54.0
139856,41.5,0.01,3.35,37.0
139867,42.0,-0.06,3.82,34.0
139872,46.9,-0.07,4.45,46.0
139873,55.2,0.38,5.18,65.0
139878,47.1,-0.05,4.1,39.0
139888,43.2,0.15,3.78,33.0
139891,46.7,-0.08,3.85,40.0
139918,39.3,-0.21,3.35,28.0
139924,35.5,-0.9,2.44,25.0
139936,42.1,-0.49,3.39,34.0
139937,43.7,0.0,3.8,40.0
139948,44.7,-0.15,3.66,43.0
139953,26.6,-1.36,2.06,6.0
139956,33.9,-1.03,2.79,15.0
139957,42.1,0.16,3.48,32.0
139961,40.3,0.06,3.37,28.0
139962,,,,
139963,,,,
139971,54.2,0.32,5.27,60.0
139974,0.2,-1.58,0.0,0.0
139975,51.2,0.24,4.29,60.0
139976,,,,
139977,,,,
139978,,,,
139988,44.3,-0.23,3.85,35.0
139989,56.9,0.5,4.93,65.0
139992,52.6,0.68,4.25,53.0
139993,54.6,0.23,4.77,57.0
139994,45.5,0.33,3.68,45.0
139995,36.7,-0.13,3.17,33.0
139997,,,,
140001,32.0,-1.19,2.65,16.0
140002,40.2,-0.13,3.73,39.0
140007,55.8,0.76,4.99,75.0
140008,60.5,1.11,5.4,83.0
140014,40.2,-0.38,3.61,40.0
140021,21.6,-1.91,1.57,11.0
140032,36.7,0.07,3.07,23.0
140036,,,,
140037,45.9,-0.04,3.89,42.0
140039,4.5,,0.14,0.0
140046,7.1,,0.43,0.0
140047,40.5,-0.34,3.71,33.0
140049,45.3,0.34,4.11,32.0
140055,44.5,-0.2,3.99,38.0
140066,66.3,,6.09,89.0
140067,,,,
140069,44.2,-0.36,3.7,38.0
140079,1.2,-1.46,0.05,0.0
140081,56.0,0.47,5.23,61.0
140091,45.3,0.05,3.64,48.0
140093,10.5,-1.85,0.36,0.0
140103,53.1,0.43,4.54,62.0
140104,39.1,-0.35,3.38,29.0
140105,41.3,-0.3,3.51,33.0
140108,48.8,0.01,4.38,46.0
140117,57.6,0.58,4.99,66.0
140123,50.3,0.2,4.21,52.0
140126,45.1,0.04,3.64,36.0
140134,58.0,0.29,4.78,64.0
140138,24.2,-0.26,1.62,18.0
140143,0.4,-1.65,0.01,0.0
140149,44.8,-0.25,4.04,43.0
140154,50.4,0.17,4.43,59.0
140160,51.4,0.24,3.84,64.0
140182,36.1,-0.36,2.93,27.0
140188,54.2,0.91,5.2,66.0
140197,3.6,-1.62,0.3,0.0
140199,42.7,-0.27,3.45,37.0
140204,51.7,0.27,4.7,53.0
140205,,,,
140206,,,,
140209,34.6,-0.54,3.37,28.0
140210,65.3,1.15,6.47,73.0
140212,50.3,0.11,4.52,55.0
140217,,,,
140221,42.1,-0.26,3.36,34.0
140248,47.4,0.22,4.08,47.0
140261,,,,
140265,53.2,0.28,4.11,65.0
140272,4.3,,0.12,0.0
140277,,,,
140286,6.3,-1.38,0.32,0.0
140292,49.0,-0.09,4.45,54.0
140294,48.6,0.03,4.28,53.0
140304,42.3,-0.11,3.38,31.0
140308,36.8,-0.76,3.13,24.0
140325,,,,
140326,44.7,0.3,3.69,32.0
140330,3.6,,0.1,0.0
140354,19.4,,1.67,8.0
140356,65.8,,5.8,71.0
140360,14.6,-1.9,1.67,0.0
140364,36.8,-0.37,2.94,24.0
140366,40.5,-0.36,3.27,41.0
140369,33.7,-0.65,2.83,18.0
140371,42.6,-0.01,3.36,47.0
140373,49.9,0.46,4.52,50.0
140388,14.9,-1.8,1.49,8.0
140394,37.5,-0.13,3.36,33.0
140397,,,,
140404,2.4,-2.04,0.09,0.0
140412,34.7,-0.72,3.17,17.0
140415,41.4,-0.47,3.71,37.0
140416,43.2,-0.33,3.61,41.0
140424,47.4,0.03,4.22,51.0
140429,32.0,-0.8,2.73,28.0
140436,,,,
140457,3.2,-3.35,0.13,0.0
140459,47.6,-0.08,3.86,46.0
140470,46.3,0.01,4.2,36.0
140472,51.2,0.22,4.4,53.0
140475,54.8,1.04,5.11,64.0
140492,22.0,,1.17,25.0
140496,13.7,,0.65,19.0
140500,38.9,-0.34,3.4,27.0
140510,56.6,0.68,5.1,61.0
140515,43.9,-0.27,4.03,35.0
140524,52.3,0.2,4.28,60.0
140531,0.3,-1.64,0.02,0.0
140534,45.9,0.22,3.89,42.0
140537,43.9,-0.16,3.84,31.0
140547,48.2,-0.12,4.25,54.0
140549,35.9,-0.51,2.97,26.0
140553,37.8,-0.51,3.13,23.0
140557,42.1,0.0,3.61,33.0
140565,48.8,0.92,4.4,47.0
140569,44.7,-0.29,3.86,35.0
140575,53.9,0.48,4.97,65.0
140578,,,,
140580,45.8,-0.26,3.95,39.0
140586,41.6,-0.35,3.44,35.0
140595,72.7,0.71,6.82,97.0
140600,29.3,-1.48,2.5,20.0
140605,36.0,-0.61,3.24,22.0
140624,,,,
140633,42.2,-0.4,3.46,37.0
140640,47.4,0.25,4.08,51.0
140646,48.3,-0.38,4.04,52.0
140650,52.0,0.11,4.68,57.0
140653,36.5,-0.38,3.28,25.0
140654,8.3,-1.67,0.71,0.0
140655,1.9,,0.07,0.0
140660,44.0,-0.2,3.65,38.0
140669,40.9,-0.34,3.78,38.0
140675,47.4,0.0,3.89,51.0
140677,3.7,-2.23,0.17,0.0
140679,39.8,-0.24,3.51,37.0
140691,51.4,0.28,4.9,60.0
140693,36.6,-0.63,3.13,24.0
140697,43.4,-0.14,3.8,41.0
140698,49.7,0.34,4.6,51.0
140701,0.4,-1.64,0.0,0.0
140703,51.0,1.05,4.51,53.0
140713,47.7,0.15,3.88,49.0
140731,31.7,-0.64,2.68,15.0
140732,9.5,-0.89,0.45,0.0
140737,40.9,-0.31,3.36,30.0
140748,53.8,0.5,4.76,55.0
140751,43.8,-0.6,3.63,48.0
140759,52.1,0.33,4.28,61.0
140786,61.7,0.6,5.65,73.0
140787,46.9,-0.07,4.09,48.0
140791,48.6,-0.02,4.16,53.0
140795,,,,
140796,,,,
140798,76.9,0.75,7.3,99.0
140802,40.0,-0.68,3.18,33.0
140813,23.0,-1.55,1.48,0.0
140815,48.3,0.23,4.69,50.0
140816,1.0,,0.04,0.0
140821,43.9,-0.17,3.72,38.0
140836,39.6,-0.65,3.43,33.0
140845,44.7,-0.15,4.14,51.0
140854,5.5,-1.54,0.26,0.0
140862,72.6,2.37,7.05,93.0
140863,51.5,0.17,4.76,55.0
140864,43.6,-0.12,3.44,39.0
140865,44.9,-0.03,3.69,40.0
140866,47.5,0.11,4.09,46.0
140867,45.4,-0.35,3.9,38.0
140868,55.3,0.91,4.78,62.0
140874,42.8,-0.12,3.56,35.0
140875,49.8,0.41,4.47,58.0
140879,38.3,-0.7,3.43,33.0
140881,37.7,-0.89,3.41,29.0
140882,0.7,-1.7,0.06,0.0
140884,49.6,0.03,4.56,58.0
140886,37.7,-0.94,3.31,29.0
140893,76.9,1.04,6.87,98.0
140898,41.5,-0.3,3.8,30.0
140904,,,,
140922,46.7,-0.34,3.84,41.0
140935,46.5,0.17,4.41,40.0
140942,9.3,,0.83,0.0
140949,53.2,0.18,4.7,57.0
140950,44.6,-0.24,3.16,45.0
140952,45.3,0.19,4.12,48.0
140957,60.2,1.2,5.58,72.0
140958,59.9,1.49,5.57,73.0
140959,52.6,0.73,4.74,65.0
140961,41.5,-0.67,3.28,40.0
140962,53.4,0.8,5.02,60.0
140964,41.2,-0.59,3.81,43.0
140965,27.7,-1.46,2.07,5.0
140966,36.9,-0.82,3.34,25.0
140969,42.5,-0.05,3.93,41.0
140977,34.5,-0.09,2.59,6.0
140979,50.7,0.17,4.54,59.0
140984,49.7,-0.01,4.11,49.0
140985,48.6,0.12,4.62,53.0
140987,39.3,-0.44,3.0,31.0
140992,43.0,-0.36,3.96,32.0
140997,,,,
141002,47.7,-0.14,4.48,55.0
141003,32.4,-0.73,2.76,23.0
141004,25.3,-1.37,2.1,13.0
141005,3.1,-2.97,0.18,0.0
141008,13.6,,1.2,0.0
141009,46.8,-0.05,4.38,46.0
141010,50.5,0.09,4.63,53.0
141016,7.0,-2.22,0.58,8.0
141019,40.0,0.67,3.9,29.0
141028,38.0,-0.64,3.59,32.0
141031,,,,
141033,3.8,-2.78,0.13,0.0
141035,48.0,0.15,3.85,57.0
141038,34.8,-0.94,3.09,24.0
141041,40.6,-0.84,3.44,33.0
141042,44.8,0.16,3.82,42.0
141063,50.7,0.56,4.45,53.0
141069,43.9,-0.2,3.87,39.0
141071,35.9,-0.8,3.31,29.0
141082,51.3,-0.03,4.93,61.0
141086,47.5,0.0,3.76,51.0
141103,,,,
141104,45.3,0.4,3.95,49.0
141105,45.2,0.18,4.13,49.0
141106,42.2,-0.44,3.47,43.0
141111,33.0,-1.1,2.46,25.0
141127,26.3,,2.12,20.0
141128,10.8,,0.9,5.0
141132,32.7,-1.16,2.6,18.0
141133,39.2,-0.65,3.56,35.0
141135,59.2,0.69,5.4,70.0
141146,49.0,0.34,4.23,52.0
141147,0.1,-1.64,0.01,0.0
141163,46.5,-0.07,3.67,56.0
141165,48.2,-0.15,4.42,44.0
141166,45.7,0.15,4.14,28.0
141169,36.8,-0.67,3.15,23.0
141171,14.0,-1.37,1.11,0.0
141175,39.3,-0.44,3.46,32.0
141176,46.1,0.09,3.97,48.0
141178,51.4,0.69,4.6,56.0
141179,39.0,-0.02,3.28,21.0
141185,48.8,0.01,4.54,54.0
141187,4.2,-1.83,0.12,0.0
141196,52.6,1.08,5.04,56.0
141200,43.2,-0.3,3.69,28.0
141208,11.1,,1.31,0.0
141210,41.9,0.14,3.71,34.0
141214,41.0,-0.48,3.71,38.0
141217,37.2,-0.26,3.07,33.0
141225,8.2,,0.88,8.0
141236,35.9,-0.78,3.03,15.0
141242,23.3,,1.39,0.0
141245,43.2,-0.28,3.45,39.0
141247,2.9,,0.3,0.0
141248,43.5,-0.33,3.69,40.0
141250,60.0,,5.41,74.0
141251,,,,
141252,1.0,-1.47,0.08,2.0
141253,7.1,-1.14,0.64,0.0
141254,,,,
141255,,,,
141257,40.3,-0.76,3.17,27.0
141259,42.0,-0.31,3.66,43.0
141264,50.0,0.36,4.7,46.0
141268,42.6,-0.3,3.52,31.0
141269,50.6,0.28,4.12,52.0
141277,73.8,0.57,7.1,98.0
141300,47.4,0.1,4.05,44.0
141307,46.9,0.12,3.76,47.0
141309,50.4,-0.12,4.41,58.0
141315,14.2,,0.73,0.0
141318,33.0,-1.11,2.78,21.0
141321,43.9,-0.15,3.52,41.0
141325,41.9,-0.25,3.23,32.0
141328,38.5,-0.41,3.55,41.0
141331,42.6,-0.13,3.38,28.0
141338,37.8,-0.88,3.13,24.0
141341,45.1,-0.21,4.19,38.0
141342,50.0,0.08,4.08,53.0
141343,45.4,-0.2,3.97,40.0
141363,41.0,-0.24,3.82,34.0
141369,45.0,-0.22,3.78,43.0
141370,44.0,-0.43,3.85,39.0
141376,0.3,-1.63,0.01,0.0
141377,48.0,0.21,4.13,52.0
141378,36.9,-0.3,3.33,35.0
141385,4.4,-2.4,0.13,0.0
141391,29.6,-0.98,2.43,6.0
141395,42.9,-0.48,3.94,40.0
141399,52.0,0.11,4.89,62.0
141407,,,,
141411,1.6,,0.09,0.0
141414,52.3,0.04,4.76,57.0
141448,0.5,-1.71,0.02,0.0
141449,2.2,-1.7,0.16,0.0
141451,45.5,-0.12,3.8,35.0
141466,42.6,0.24,3.51,31.0
141470,34.8,-0.79,3.02,28.0
141475,10.3,-0.78,0.9,0.0
141487,5.6,-2.07,0.29,0.0
141495,41.7,-0.18,3.37,31.0
141499,43.1,0.15,3.86,41.0
141502,6.0,,0.86,0.0
141512,6.1,-1.38,0.33,0.0
141514,45.2,0.05,4.3,44.0
141515,,,,
141520,22.1,,2.1,12.0
141526,45.1,-0.07,3.71,43.0
141533,,,,
141555,22.9,,2.21,20.0
141559,13.9,-1.59,0.95,10.0
141560,2.8,,0.15,0.0
141563,9.3,-1.99,0.53,0.0
141565,73.1,2.3,7.13,94.0
141570,41.1,-0.33,3.18,35.0
141581,41.9,-0.04,3.35,31.0
141598,56.5,0.39,4.77,62.0
141603,,,,
141605,,,,
141606,,,,
141617,59.7,0.81,5.44,74.0
141628,36.7,-0.53,3.0,18.0
141639,50.3,0.28,4.37,55.0
141647,,,,
141652,43.3,0.11,3.98,37.0
141665,49.1,0.37,4.13,54.0
141668,41.5,-0.19,3.78,28.0
141680,,,,
141683,51.5,0.38,4.83,55.0
141686,44.3,-0.2,3.89,49.0
141693,40.2,-0.48,3.45,28.0
141694,41.2,-0.33,3.12,32.0
141698,55.1,0.81,5.18,60.0
141701,,,,
141704,,,,
141705,45.5,-0.02,3.9,41.0
141712,41.3,-0.19,3.42,28.0
141716,60.0,0.79,5.28,76.0
141726,,,,
141730,37.1,-0.35,3.0,25.0
141735,41.0,-0.33,3.48,28.0
141741,35.1,-0.64,3.1,23.0
141749,21.2,-1.83,1.63,7.0
141752,49.0,0.52,4.4,50.0
141765,,,,
141791,0.3,-1.65,0.0,0.0
141802,37.7,-0.77,2.89,13.0
141805,,,,
141808,52.8,0.1,4.73,59.0
141813,40.3,-0.32,2.84,34.0
141814,45.0,-0.13,3.79,35.0
141835,48.0,0.17,4.08,47.0
141836,47.7,-0.08,4.09,48.0
141841,47.1,-0.1,4.21,44.0
141843,,,,
141844,48.5,0.0,4.38,53.0
141852,51.7,0.19,4.55,58.0
141853,41.2,0.21,3.3,34.0
141859,0.3,,0.01,0.0
141860,9.6,,0.97,0.0
141862,57.6,0.8,5.37,72.0
141864,,,,
141865,5.2,-2.7,0.24,3.0
141874,42.6,-0.15,3.9,38.0
141875,38.7,-0.4,3.23,29.0
141879,3.5,,0.17,0.0
141883,27.7,-0.63,2.29,16.0
141884,44.7,0.03,3.93,37.0
141886,46.7,0.21,4.2,45.0
141916,55.7,1.09,5.44,60.0
141930,51.8,0.1,4.66,53.0
141931,65.2,0.86,5.91,76.0
141939,42.3,-0.41,3.93,36.0
141941,33.7,-0.87,2.93,27.0
141945,3.7,-1.74,0.15,0.0
141947,45.0,-0.3,3.7,39.0
141954,,,,
141957,,,,
141963,59.4,0.52,5.55,76.0
141968,20.6,,1.87,27.0
141969,63.7,1.83,5.61,79.0
141970,60.5,1.17,5.53,73.0
141971,52.2,0.97,4.84,59.0
141986,38.5,-0.73,2.92,27.0
141989,4.4,-2.43,0.15,0.0
141992,41.3,-0.17,3.63,36.0
141993,,,,
141994,3.6,,0.22,0.0
142008,42.5,-0.15,3.64,34.0
142009,49.4,0.1,4.41,47.0
142013,,,,
142015,41.8,-0.66,3.3,33.0
142024,41.2,-0.51,3.72,33.0
142031,36.9,-0.4,3.03,33.0
142035,51.7,0.26,4.61,54.0
142040,50.6,0.51,4.29,55.0
142042,45.9,0.12,3.88,36.0
142050,,,,
142051,45.5,0.3,3.9,41.0
142056,50.0,0.66,4.4,48.0
142058,37.3,-0.48,2.99,27.0
142059,41.8,-0.21,3.84,43.0
142063,48.8,0.14,4.23,51.0
142066,,,,
142067,43.1,-0.28,3.56,34.0
142069,,,,
142073,38.2,-0.48,3.34,33.0
142075,48.0,0.41,4.3,47.0
142079,32.9,-0.97,2.51,19.0
142080,51.1,0.68,4.73,58.0
142086,4.5,-2.55,0.38,0.0
142088,48.0,0.28,4.12,52.0
142089,44.2,-0.1,3.72,46.0
142094,,,,
142104,50.9,0.07,4.55,52.0
142115,1.4,,0.07,0.0
142118,12.8,-2.13,0.91,8.0
142121,38.7,-0.3,3.42,29.0
142125,38.4,-0.61,2.39,31.0
142126,32.7,-1.2,2.6,26.0
142127,34.1,-0.56,2.41,16.0
142130,37.8,-1.05,2.29,24.0
142134,,,,
142136,,,,
142146,25.8,0.08,2.18,0.0
142150,45.2,-0.19,4.13,43.0
142151,12.3,-1.48,0.54,0.0
142153,47.2,-0.14,4.04,46.0
142163,10.7,-1.4,0.73,0.0
142166,49.0,0.13,4.36,54.0
142170,1.3,-2.2,0.14,0.0
142174,42.7,-0.34,3.8,33.0
142178,54.9,0.31,5.14,59.0
142181,53.1,0.2,4.81,64.0
142186,40.6,-0.27,3.29,34.0
142193,53.5,0.57,4.78,56.0
142202,57.1,0.65,4.8,61.0
142218,46.1,-0.02,4.15,43.0
142219,43.3,0.02,3.74,44.0
142224,0.3,,0.0,0.0
142225,1.0,,0.01,0.0
142232,56.3,0.82,4.76,68.0
142237,48.9,0.05,4.12,52.0
142257,14.4,-1.23,0.58,0.0
142262,60.2,0.13,5.8,76.0
142273,49.3,-0.16,4.27,56.0
142277,32.2,-0.92,2.54,13.0
142278,45.8,-0.13,4.05,42.0
142281,41.3,-0.39,3.31,38.0
142284,41.4,-0.26,3.54,31.0
142285,38.1,-0.71,3.07,25.0
142288,2.4,-1.52,0.33,0.0
142296,44.4,0.09,3.6,41.0
142302,,,,
142306,53.6,0.41,4.91,60.0
142308,,,,
142309,,,,
142310,49.5,0.29,4.66,48.0
142313,53.1,0.7,4.36,55.0
142314,60.8,0.67,5.73,81.0
142315,44.2,-0.25,3.82,32.0
142316,49.6,0.24,4.44,54.0
142317,51.3,0.38,4.03,58.0
142320,,,,
142322,,,,
142324,,,,
142329,0.3,,0.04,0.0
142330,27.4,,2.44,15.0
142332,,,,
142333,,,,
142336,17.8,,1.37,0.0
142338,4.5,,0.27,0.0
142339,49.8,0.8,4.52,54.0
142340,57.4,1.01,5.45,70.0
142357,56.6,0.63,5.4,65.0
142382,35.7,-0.85,3.02,29.0
142383,,,,
142387,35.5,-0.2,3.0,19.0
142388,37.8,-0.41,3.41,27.0
142391,44.6,-0.19,3.85,33.0
142392,43.6,0.05,3.79,31.0
142396,45.2,0.43,3.82,40.0
142405,37.6,-0.34,3.01,22.0
142406,43.8,0.04,4.03,41.0
142408,0.2,,0.03,0.0
142411,,,,
142416,,,,
142420,,,,
142469,35.1,-0.79,3.08,26.0
142474,2.5,,0.24,0.0
142485,34.5,-0.78,3.0,21.0
142490,38.4,-0.47,3.35,29.0
142509,46.9,-0.06,4.23,44.0
142510,10.8,,0.28,0.0
142516,8.5,,0.3,0.0
142524,,,,
142536,9.4,,0.11,0.0
142538,10.1,,0.61,7.0
142540,38.3,-0.55,3.48,35.0
142555,16.0,-0.84,1.26,0.0
142557,,,,
142560,57.2,0.54,5.4,66.0
142568,16.8,,0.7,17.0
142577,42.6,0.0,3.74,33.0
142585,48.1,0.61,3.81,49.0
142590,46.0,-0.07,3.58,39.0
142594,40.2,-0.38,3.43,31.0
142601,48.1,-0.23,4.24,41.0
142603,2.3,,0.11,0.0
142604,42.6,-0.72,3.04,32.0
142605,45.6,-0.1,3.12,40.0
142612,2.7,-2.22,0.15,0.0
142621,1.1,,0.04,0.0
142623,,,,
142625,,,,
142627,65.1,1.37,6.18,85.0
142630,2.8,-2.02,0.13,0.0
142635,,,,
142644,54.5,0.52,4.81,56.0
142648,49.9,-0.11,4.26,50.0
142654,64.9,1.34,6.2,77.0
142659,4.0,,0.24,11.0
142666,,,,
142667,,,,
142672,0.7,,0.05,0.0
142675,,,,
142681,31.7,-0.9,2.71,24.0
142687,,,,
142695,1.6,-2.18,0.0,0.0
142698,,,,
142710,51.2,0.16,4.66,55.0
142711,32.1,-0.91,2.52,19.0
142722,,,,
142725,42.3,-0.21,3.61,33.0
142727,54.4,0.48,4.73,59.0
142740,3.3,-1.67,0.13,0.0
142741,42.7,-0.34,3.79,40.0
142744,4.8,-1.33,0.2,0.0
142747,36.9,-0.23,3.25,33.0
142755,44.3,-0.44,3.9,40.0
142759,43.2,-0.28,3.73,41.0
142761,38.2,-0.26,3.41,32.0
142762,41.3,-0.07,3.59,33.0
142763,,,,
142766,3.3,-2.83,0.16,0.0
142768,10.6,-0.81,0.88,5.0
142776,5.9,,0.19,0.0
142779,,,,
142780,,,,
142781,45.4,0.29,2.58,47.0
142783,,,,
142795,,,,
142797,,,,
142798,32.9,-0.88,2.81,18.0
142805,46.2,0.01,4.3,48.0
142821,41.8,-0.51,3.78,35.0
142822,31.1,-0.9,2.54,14.0
142825,35.6,-0.75,2.91,24.0
142832,,,,
142833,,,,
142853,48.1,-0.08,4.06,51.0
142856,34.4,-0.76,2.83,24.0
142859,,,,
142864,58.1,0.57,5.46,75.0
142869,56.1,0.8,5.11,70.0
142879,49.6,0.13,4.73,58.0
142881,42.8,-0.22,3.65,38.0
142883,40.7,-0.07,3.46,38.0
142884,41.0,-0.26,2.98,44.0
142887,30.6,-1.41,2.62,33.0
142890,22.8,-1.75,1.75,5.0
142893,,,,
142894,33.7,-1.2,2.53,22.0
142896,,,,
142899,27.4,-1.7,2.2,15.0
142900,32.2,-1.51,2.41,21.0
142902,39.1,-0.5,2.91,25.0
142903,46.5,-0.33,3.71,51.0
142905,27.4,-1.59,2.07,17.0
142908,45.3,0.4,4.28,44.0
142911,,,,
142912,2.9,,0.16,7.0
142928,,,,
142930,7.8,,0.44,0.0
142932,9.0,-1.67,0.9,7.0
142939,,,,
142940,,,,
142960,37.4,-0.63,2.87,23.0
142983,51.2,0.28,4.66,54.0
142987,48.6,-0.41,4.22,47.0
143005,34.1,-0.29,2.79,14.0
143014,,,,
143018,,,,
143022,47.0,-0.19,4.4,51.0
143026,3.6,,0.26,0.0
143035,44.7,-0.19,3.78,42.0
143036,0.7,,0.07,0.0
143038,2.8,,0.24,0.0
143039,,,,
143040,1.5,,0.11,0.0
143041,,,,
143042,0.7,,0.07,0.0
143046,8.9,,0.35,0.0
143049,,,,
143059,32.2,-1.4,2.86,20.0
143062,,,,
143063,56.0,0.21,5.06,68.0
143082,56.0,0.88,5.19,63.0
143101,50.5,0.37,4.14,61.0
143104,49.9,0.08,4.44,50.0
143105,2.3,,0.0,0.0
143106,,,,
143111,,,,
143112,36.5,-0.71,2.96,24.0
143114,39.4,-0.22,3.28,31.0
143115,30.1,-1.05,2.38,15.0
143129,50.6,0.75,4.75,49.0
143131,44.9,-0.1,3.75,42.0
143137,38.2,-0.56,3.16,32.0
143138,48.5,0.69,4.46,48.0
143141,41.1,-0.15,3.55,36.0
143142,35.2,-0.99,2.64,23.0
143144,37.5,-0.81,3.23,23.0
143146,28.2,-1.18,2.34,15.0
143166,,,,
143167,,,,
143173,,,,
143174,,,,
143175,9.6,-1.48,0.71,0.0
143197,45.1,0.23,4.1,46.0
143217,,,,
143221,46.8,-0.28,4.26,46.0
143227,3.8,-2.1,0.3,0.0
143238,45.6,0.14,3.9,43.0
143247,37.1,-0.53,3.01,25.0
143260,47.3,-0.25,4.09,47.0
143274,58.6,1.08,5.47,72.0
143275,3.5,-2.45,0.21,0.0
143278,52.4,0.26,4.66,56.0
143288,47.7,0.44,4.35,58.0
143291,52.7,0.21,4.56,60.0
143317,3.2,-1.42,0.15,0.0
143318,,,,
143319,44.4,-0.4,3.85,41.0
143327,31.4,-0.9,2.74,22.0
143346,,,,
143362,40.0,-0.23,3.4,33.0
143367,60.9,0.79,5.24,72.0
143369,59.9,0.87,5.54,74.0
143379,55.5,0.5,4.87,65.0
143385,52.0,0.12,4.74,64.0
143400,,,,
143404,50.0,0.39,4.43,53.0
143406,,,,
143407,,,,
143413,40.7,0.1,3.26,35.0
143418,,,,
143419,43.4,-0.57,3.79,43.0
143420,48.7,0.16,4.38,51.0
143421,44.6,-0.02,3.76,37.0
143424,36.8,-0.58,3.03,31.0
143427,38.2,-0.59,3.56,28.0
143428,48.3,0.05,4.25,37.0
143429,3.1,,0.07,0.0
143430,50.6,-0.08,3.75,50.0
143435,34.3,-0.72,2.84,21.0
143438,44.7,-0.15,3.96,45.0
143519,6.9,-2.84,0.32,0.0
143520,43.1,0.07,3.69,38.0
143530,,,,
143531,,,,
143532,4.6,,0.47,0.0
143533,,,,
143539,,,,
143545,35.8,-0.28,2.88,28.0
143552,1.5,-2.79,0.12,0.0
143554,32.8,-0.82,2.64,11.0
143562,71.4,0.61,6.34,97.0
143582,39.5,-0.44,3.54,29.0
143583,59.4,0.65,5.11,66.0
143588,51.1,0.35,4.69,57.0
143589,1.6,-1.57,0.06,0.0
143595,,,,
143629,56.5,0.61,5.17,56.0
143630,2.8,-2.59,0.1,0.0
143634,46.4,0.09,3.87,39.0
143639,37.6,-0.46,3.13,28.0
143641,48.7,0.29,4.15,50.0
143642,,,,
143649,40.0,-0.29,3.49,32.0
143653,4.0,,0.21,0.0
143659,42.4,-0.22,3.81,39.0
143669,,,,
143679,50.3,0.69,4.82,55.0
143686,,,,
143697,,,,
143698,,,,
143701,,,,
143706,60.6,1.1,5.58,79.0
143707,,,,
143714,1.0,,0.04,0.0
143718,,,,
143723,19.9,-1.65,1.72,11.0
143724,,,,
143729,,,,
143734,41.4,-0.41,3.74,30.0
143749,38.1,-0.54,2.99,23.0
143756,53.8,0.37,5.16,55.0
143758,,,,
143772,40.3,-0.22,3.35,33.0
143773,45.8,-0.16,3.76,47.0
143794,40.2,-0.63,3.35,32.0
143803,50.4,0.37,4.59,49.0
143808,42.9,-0.43,3.45,38.0
143812,53.5,0.05,4.43,59.0
143817,48.2,0.02,4.28,40.0
143818,40.9,-0.25,3.26,33.0
143828,,,,
143838,,,,
143839,4.4,,0.0,0.0
143844,30.5,-0.91,2.67,26.0
143845,38.6,-0.8,3.21,33.0
143846,39.0,-0.42,3.64,29.0
143848,47.5,0.03,4.01,42.0
143853,35.8,-0.56,3.24,21.0
143854,43.8,-0.12,3.93,39.0
143857,33.0,-0.78,2.67,24.0
143858,,,,
143864,41.7,-0.1,3.69,42.0
143865,,,,
143877,47.0,-0.03,4.41,52.0
143879,,,,
143890,45.6,-0.17,3.92,45.0
143895,23.9,-1.83,2.05,7.0
143899,45.6,-0.01,3.67,42.0
143901,53.6,0.18,5.12,56.0
143902,44.8,-0.17,4.16,38.0
143903,46.9,-0.09,3.86,45.0
143905,50.6,0.05,4.48,51.0
143907,42.3,-0.35,3.81,36.0
143911,,,,
143912,0.0,,0.0,0.0
143916,41.3,-0.65,3.66,38.0
143923,,,,
143924,,,,
143927,36.4,-0.81,3.12,24.0
143930,2.5,,0.14,0.0
143932,,,,
143933,,,,
143934,41.5,-0.36,3.37,33.0
143936,,,,
143938,42.9,-0.06,3.71,42.0
143946,45.5,-0.15,4.19,41.0
143947,54.6,,4.65,36.0
143954,38.3,-0.25,3.31,20.0
143963,37.7,-0.3,3.18,33.0
143981,44.2,-0.28,3.67,39.0
143984,47.4,0.03,4.11,48.0
143993,48.9,0.41,4.14,47.0
144002,45.2,-0.08,3.71,35.0
144008,49.1,0.11,4.34,53.0
144013,49.4,0.74,4.36,48.0
144014,31.8,-0.93,2.6,16.0
144015,41.7,0.06,3.23,30.0
144018,46.9,0.26,4.1,41.0
144033,5.3,,0.26,0.0
144044,54.8,0.14,4.62,64.0
144046,49.0,-0.24,4.21,48.0
144055,,,,
144066,36.4,-0.57,2.96,18.0
144069,43.4,-0.04,3.57,46.0
144084,36.9,-0.34,3.23,27.0
144094,42.7,-0.59,3.71,45.0
144095,51.8,0.23,4.8,62.0
144100,75.2,0.93,7.2,99.0
144104,56.0,0.73,5.1,58.0
144182,45.0,0.02,4.03,35.0
144192,40.7,-0.49,3.58,30.0
144196,,,,
144199,38.4,-0.96,3.18,34.0
144200,42.5,-0.34,3.34,33.0
144204,46.1,-0.26,4.09,43.0
144205,,,,
144209,0.9,-1.99,0.03,0.0
144214,45.6,-0.07,3.87,42.0
144233,,,,
144234,4.0,-1.3,0.1,0.0
144243,52.7,0.44,4.46,54.0
144271,33.2,-1.15,2.89,22.0
144278,44.7,-0.2,3.86,34.0
144279,39.9,-0.45,3.41,34.0
144286,3.1,-2.1,0.23,0.0
144291,40.9,-0.07,3.46,32.0
144306,35.3,-0.3,3.0,27.0
144307,43.8,-0.22,3.91,37.0
144309,47.3,0.08,3.95,44.0
144311,47.3,0.25,4.09,49.0
144312,51.1,0.93,4.21,52.0
144316,47.6,0.05,4.56,45.0
144320,7.1,-2.19,0.25,0.0
144321,7.7,-1.15,0.59,0.0
144326,48.0,-0.15,4.19,46.0
144327,50.4,0.03,4.4,53.0
144336,,,,
144342,39.6,-0.4,3.23,31.0
144346,,,,
144354,40.8,-0.56,3.52,35.0
144356,33.4,-0.89,2.61,19.0
144359,41.8,-0.32,3.57,35.0
144364,49.7,0.07,4.06,54.0
144366,4.1,,0.27,0.0
144367,35.6,-0.61,2.8,26.0
144377,,,,
144378,,,,
144388,42.7,-0.18,3.66,36.0
144389,47.4,0.18,4.02,50.0
144391,36.6,-0.89,2.97,20.0
144392,44.8,0.22,3.84,41.0
144402,52.6,0.35,4.85,60.0
144404,,,,
144405,15.8,-1.09,0.92,0.0
144435,42.8,-0.31,3.53,31.0
144464,44.0,0.07,3.89,50.0
144465,47.7,-0.15,4.38,47.0
144475,,,,
144479,35.1,-0.48,3.03,20.0
144486,31.4,-0.93,2.71,15.0
144487,40.3,-0.11,3.62,28.0
144488,45.3,0.67,3.52,29.0
144489,46.5,0.34,3.92,45.0
144493,31.6,-0.74,2.64,21.0
144494,42.7,-0.15,3.52,28.0
144496,52.1,0.21,4.64,51.0
144502,55.8,0.88,4.79,72.0
144503,44.8,-0.25,3.94,42.0
144505,47.3,0.36,4.37,41.0
144508,33.1,-0.75,2.84,18.0
144509,35.9,0.07,3.18,30.0
144514,8.1,,0.56,0.0
144515,52.0,0.27,4.64,58.0
144519,30.4,-1.52,2.82,14.0
144520,44.4,-0.27,3.95,33.0
144533,44.1,0.12,3.77,45.0
144558,49.1,0.02,4.22,43.0
144561,46.6,-0.14,4.13,44.0
144588,46.3,0.0,3.97,48.0
144595,47.6,0.19,4.32,51.0
144601,49.1,0.79,4.25,55.0
144606,37.1,-0.52,3.34,24.0
144610,51.9,0.61,4.32,59.0
144617,35.1,-0.73,3.06,29.0
144618,41.7,-0.45,3.79,28.0
144619,,,,
144623,46.2,-0.02,4.22,50.0
144627,43.4,-0.25,3.47,37.0
144629,34.6,-0.61,3.16,26.0
144633,,,,
144638,53.2,0.72,4.45,63.0
144643,,,,
144646,29.6,-0.87,2.66,17.0
144652,36.7,-0.54,3.04,28.0
144655,2.6,-1.53,0.15,0.0
144657,38.4,0.03,3.3,38.0
144661,38.2,-0.38,3.19,31.0
144684,,,,
144687,43.8,-0.11,3.65,43.0
144691,1.5,-2.1,0.06,0.0
144693,,,,
144700,52.8,0.23,4.94,60.0
144711,58.6,0.67,5.37,68.0
144716,,,,
144717,,,,
144719,40.4,-0.22,3.12,26.0
144721,34.1,-0.73,3.01,24.0
144726,,,,
144727,,,,
144730,,,,
144739,43.5,-0.49,4.13,46.0
144741,53.0,0.28,4.87,55.0
144742,40.4,-0.65,3.7,27.0
144743,48.6,0.73,4.52,50.0
144744,50.7,0.71,4.74,52.0
144745,58.8,1.37,5.45,65.0
144748,38.8,-0.37,3.74,38.0
144750,49.3,-0.06,4.72,50.0
144752,,,,
144755,47.0,0.17,4.21,50.0
144756,35.5,-1.39,2.6,36.0
144759,2.6,-1.5,0.22,0.0
144760,47.2,0.06,3.37,49.0
144761,45.9,0.0,3.4,35.0
144764,7.9,-0.99,0.37,6.0
144766,50.1,-0.2,3.51,59.0
144768,41.7,-0.15,3.62,36.0
144769,14.9,-1.7,1.1,0.0
144773,38.7,-0.27,3.37,30.0
144774,5.7,,0.57,0.0
144784,1.6,-2.75,0.13,0.0
144795,56.2,,5.12,68.0
144796,7.5,,0.52,0.0
144799,39.8,-0.28,3.38,29.0
144807,,,,
144808,,,,
144809,35.0,-0.35,2.79,21.0
144811,62.8,,6.03,92.0
144816,57.1,,5.54,68.0
144818,2.7,,0.08,0.0
144851,2.9,-1.58,0.08,0.0
144853,44.5,-0.17,3.79,37.0
144857,3.2,,0.17,0.0
144875,,,,
144893,5.4,-1.13,0.38,0.0
144897,1.2,-1.5,0.0,0.0
144900,39.0,0.14,3.45,25.0
144929,42.3,-0.35,3.79,28.0
144937,33.3,-0.91,2.65,12.0
144946,39.9,0.23,3.58,36.0
144952,39.4,0.06,3.22,33.0
144956,,,,
144962,40.8,-0.36,3.76,33.0
144968,42.5,0.08,3.58,25.0
144976,49.7,0.61,4.6,57.0
144977,45.3,-0.22,3.89,49.0
144988,35.1,-0.58,2.68,20.0
144990,38.0,-0.67,3.15,32.0
144991,46.5,-0.37,3.62,41.0
145008,42.9,-0.19,3.35,31.0
145019,40.3,-0.33,3.29,36.0
145034,56.9,0.83,5.61,66.0
145047,40.3,-0.21,3.32,33.0
145050,43.1,-0.37,3.87,41.0
145051,32.6,-0.44,2.59,17.0
145052,41.7,-0.1,3.46,39.0
145055,43.0,-0.1,3.64,39.0
145058,25.0,-1.02,1.91,22.0
145059,,,,
145061,36.2,-0.68,2.88,21.0
145063,45.5,0.0,4.11,51.0
145064,,,,
145082,41.5,-0.34,3.46,24.0
145089,39.8,-0.44,3.35,32.0
145090,47.8,0.2,4.33,45.0
145106,44.8,-0.08,3.98,44.0
145108,41.5,-0.24,3.39,30.0
145109,40.9,-0.34,3.33,32.0
145113,51.7,0.49,4.67,55.0
145114,47.8,-0.12,3.36,39.0
145116,,,,
145119,43.7,-0.8,3.7,25.0
145120,42.8,0.38,3.68,43.0
145121,39.1,-0.53,3.33,23.0
145124,35.0,-0.52,3.04,24.0
145125,37.1,-0.64,3.2,20.0
145126,52.4,0.52,4.93,58.0
145127,,,,
145129,,,,
145132,30.1,-0.8,2.5,19.0
145133,39.6,-0.5,3.18,28.0
145134,36.2,-0.58,2.72,22.0
145135,51.9,0.65,4.57,54.0
145139,42.6,-0.03,3.81,39.0
145140,46.2,0.28,3.98,34.0
145146,52.1,0.44,4.56,54.0
145155,34.3,-1.01,2.4,25.0
145157,45.2,-0.41,4.1,41.0
145159,,,,
145160,,,,
145164,,,,
145169,,,,
145170,,,,
145173,38.4,-0.56,3.02,24.0
145179,44.8,0.26,3.85,38.0
145181,2.1,,0.09,0.0
145184,,,,
145187,,,,
145188,40.5,-0.55,3.58,33.0
145191,41.5,-0.32,3.67,32.0
145192,1.9,,0.11,0.0
145196,40.5,-0.23,3.56,30.0
145198,4.3,-1.7,0.25,4.0
145200,4.5,-1.17,0.45,0.0
145211,38.6,-0.08,3.12,29.0
145217,50.0,0.27,4.59,55.0
145224,0.2,-1.57,0.0,0.0
145231,0.2,,0.0,0.0
145232,,,,
145239,15.7,,1.0,0.0
145241,,,,
145242,,,,
145244,53.5,0.36,4.9,61.0
145253,42.3,-0.36,3.1,30.0
145254,,,,
145271,41.7,-0.07,3.66,33.0
145274,42.5,-0.4,3.64,34.0
145286,53.0,0.23,4.67,60.0
145289,2.1,,0.11,0.0
145290,,,,
145292,,,,
145293,,,,
145296,,,,
145297,46.1,0.32,3.92,46.0
145298,,,,
145308,,,,
145313,48.2,0.12,4.18,49.0
145314,34.5,-0.58,2.76,27.0
145315,43.9,0.05,4.04,40.0
145322,49.1,0.26,4.14,53.0
145327,45.7,0.21,4.16,42.0
145336,42.6,-0.32,3.71,38.0
145337,46.0,-0.18,3.94,46.0
145343,41.7,-0.47,3.58,32.0
145348,52.4,0.69,4.81,60.0
145372,39.8,-0.17,3.27,35.0
145381,52.1,0.64,4.61,58.0
145383,5.0,-1.79,0.41,0.0
145384,22.6,-1.19,1.71,17.0
145398,47.1,0.13,3.9,46.0
145402,,,,
145404,49.2,0.42,4.56,59.0
145410,43.5,-0.2,4.05,44.0
145416,55.2,,3.8,78.0
145417,7.8,,0.82,0.0
145420,30.2,-1.05,2.21,13.0
145430,35.2,-0.58,2.88,24.0
145455,60.3,0.79,5.59,77.0
145462,,,,
145463,,,,
145465,14.7,,1.17,0.0
145468,,,,
145470,,,,
145474,38.7,-0.59,3.34,29.0
145477,33.3,-0.82,2.59,13.0
145479,,,,
145480,51.5,0.91,4.4,51.0
145482,48.6,0.18,4.4,49.0
145486,,,,
145490,38.6,-0.95,3.35,28.0
145494,10.1,-1.74,0.64,0.0
145499,57.1,,5.44,59.0
145500,53.0,0.2,4.57,61.0
145501,45.0,-0.4,4.02,39.0
145502,49.9,0.06,4.05,53.0
145505,42.3,,4.03,47.0
145510,22.2,,0.82,8.0
145521,43.2,-0.33,3.65,44.0
145528,33.4,-1.21,2.86,19.0
145529,,,,
145546,8.3,,0.65,3.0
145549,,,,
145558,51.0,0.44,4.75,52.0
145562,40.3,-0.34,3.5,35.0
145563,6.3,,0.38,9.0
145564,48.4,-0.06,3.86,44.0
145568,20.6,,1.54,33.0
145572,,,,
145574,4.8,,0.26,0.0
145575,46.6,0.44,3.73,46.0
145577,46.5,-0.09,3.75,39.0
145579,50.4,0.74,4.24,46.0
145580,42.8,-0.25,3.74,36.0
145591,2.4,,0.17,0.0
145593,36.9,-0.39,2.93,17.0
145597,46.7,0.15,4.2,43.0
145609,58.2,1.34,5.28,65.0
145643,57.3,0.31,4.99,66.0
145677,39.8,-0.64,3.47,29.0
145707,43.6,-0.03,3.64,29.0
145708,36.1,-0.83,3.02,32.0
145709,0.1,-1.59,0.0,0.0
145722,43.0,-0.22,3.82,37.0
145723,42.1,0.14,3.9,32.0
145724,66.9,1.33,6.41,86.0
145736,39.0,-0.34,3.3,35.0
145741,,,,
145744,44.2,-0.03,3.91,50.0
145774,50.3,0.41,4.14,44.0
145776,51.4,0.19,4.47,54.0
145777,52.2,0.33,4.47,58.0
145783,50.2,-0.18,4.48,52.0
145819,52.9,0.17,4.57,57.0
145843,45.7,0.16,3.74,36.0
145845,,,,
145848,50.2,0.39,4.07,49.0
145850,4.1,-2.77,0.29,0.0
145852,6.5,-1.8,0.32,0.0
145857,30.2,-1.17,2.44,18.0
145859,,,,
145860,56.4,0.85,5.49,62.0
145863,36.1,-1.01,3.33,27.0
145864,44.5,-0.02,3.88,40.0
145866,50.6,0.3,4.83,50.0
145868,50.6,0.18,4.55,57.0
145872,54.8,0.64,5.19,65.0
145873,45.8,-0.11,4.1,47.0
145874,7.6,-2.73,0.66,6.0
145875,50.1,0.4,4.56,53.0
145878,57.1,0.79,5.07,69.0
145883,47.3,0.08,4.23,44.0
145889,49.5,0.06,4.72,52.0
145890,,,,
145892,51.6,0.32,4.82,55.0
145893,54.8,0.3,4.55,60.0
145894,49.7,0.33,4.23,49.0
145895,47.6,-0.23,4.58,50.0
145897,70.1,2.24,6.97,90.0
145898,39.7,-0.6,3.43,36.0
145900,31.5,-1.74,2.56,25.0
145906,2.5,-1.63,0.21,0.0
145916,,,,
145917,,,,
145921,51.8,0.43,4.76,62.0
145922,0.2,-2.85,0.02,0.0
145923,37.4,-0.59,3.21,21.0
145927,44.8,0.72,3.67,38.0
145929,48.4,0.58,4.06,53.0
145931,38.7,-1.11,2.93,29.0
145932,,,,
145937,39.7,-0.11,3.6,40.0
145938,39.7,-0.24,3.44,34.0
145943,40.7,-0.4,3.08,31.0
145944,51.0,0.53,4.74,52.0
145945,38.2,-0.7,3.09,30.0
145946,32.5,,3.01,46.0
145949,,,,
145950,,,,
145952,38.4,-0.38,3.14,28.0
145954,37.8,-0.39,3.15,18.0
145957,,,,
145962,,,,
145966,45.1,-0.21,4.13,42.0
145987,,,,
146013,,,,
146014,,,,
146030,,,,
146036,,,,
146052,,,,
146053,,,,
146054,,,,
146058,,,,
146063,49.0,0.06,4.31,56.0
146070,5.0,-1.37,0.52,0.0
146087,34.3,-0.75,2.79,19.0
146094,45.4,-0.25,4.07,45.0
146099,38.7,-0.54,3.38,31.0
146103,37.4,-0.39,3.26,24.0
146108,55.6,0.55,5.37,64.0
146121,,,,
146124,41.8,-0.09,3.5,30.0
146128,42.8,-0.1,3.56,33.0
146129,46.5,-0.22,4.13,43.0
146144,43.3,0.08,4.02,39.0
146146,44.5,-0.51,3.83,31.0
146164,,,,
146166,,,,
146167,4.6,,0.17,0.0
146182,,,,
146190,,,,
146196,47.7,-0.02,4.19,37.0
146198,45.1,0.42,3.96,43.0
146209,43.9,-0.01,3.61,32.0
146212,,,,
146217,54.8,0.5,4.76,67.0
146220,,,,
146228,41.0,-0.29,3.66,37.0
146232,50.1,0.19,4.28,50.0
146235,48.1,0.3,4.02,52.0
146237,45.6,-0.08,4.25,41.0
146239,50.6,0.56,4.46,51.0
146245,63.2,1.04,6.16,75.0
146247,47.3,0.24,4.28,45.0
146250,,,,
146255,2.1,-1.49,0.13,0.0
146274,2.6,,0.14,0.0
146276,41.5,0.1,3.51,39.0
146277,,,,
146282,49.5,0.16,4.28,52.0
146284,40.9,-0.52,3.64,33.0
146287,,,,
146288,2.6,,0.1,0.0
146303,42.5,-0.57,2.98,34.0
146305,38.9,-0.36,3.09,29.0
146309,44.7,-0.45,4.12,40.0
146315,36.7,-0.44,3.0,24.0
146316,38.8,-0.29,3.09,30.0
146318,43.6,0.31,3.83,37.0
146320,49.8,0.35,4.29,55.0
146325,39.5,-0.21,3.55,38.0
146327,40.2,0.2,3.5,31.0
146332,8.3,,0.54,0.0
146333,,,,
146338,,,,
146339,5.8,,0.33,0.0
146340,,,,
146344,39.8,-0.53,3.37,39.0
146350,,,,
146360,6.1,,0.57,0.0
146363,30.9,-0.82,2.93,20.0
146365,44.7,0.3,3.94,41.0
146367,42.3,0.0,3.36,39.0
146369,37.2,-0.39,3.42,33.0
146370,36.2,-0.45,3.24,35.0
146374,38.7,-0.67,3.38,36.0
146375,39.4,-0.52,2.91,42.0
146377,42.6,-0.07,3.57,40.0
146378,33.3,-1.11,2.86,24.0
146379,35.7,-1.08,2.99,23.0
146383,32.7,-0.75,2.51,12.0
146386,30.6,-0.93,2.61,9.0
146387,52.4,0.14,4.66,52.0
146392,47.8,0.27,4.22,48.0
146404,42.9,-0.57,3.69,41.0
146408,37.5,-0.47,3.43,29.0
146410,,,,
146418,,,,
146431,,,,
146436,35.9,-0.39,2.9,26.0
146439,40.1,-0.44,3.44,30.0
146440,39.3,-0.74,3.76,29.0
146443,49.7,0.14,3.91,48.0
146451,46.0,-0.02,3.85,51.0
146455,49.8,0.34,4.38,48.0
146489,45.2,-0.05,3.77,44.0
146493,40.4,-0.65,3.29,25.0
146497,,,,
146501,37.0,-0.68,3.17,27.0
146503,,,,
146506,44.5,0.0,3.82,46.0
146509,48.0,-0.01,4.03,44.0
146516,14.8,,1.32,0.0
146518,43.9,0.11,3.53,48.0
146519,,,,
146521,,,,
146527,5.0,-2.05,0.18,0.0
146529,41.2,-0.63,3.66,34.0
146539,36.5,-0.59,3.01,17.0
146553,,,,
146560,30.4,-1.14,2.16,14.0
146562,44.5,-0.21,3.84,45.0
146563,,,,
146564,37.1,-0.64,2.95,21.0
146567,43.6,-0.13,3.86,46.0
146569,6.8,,0.35,8.0
146571,13.3,,0.99,8.0
146580,43.0,-0.42,3.51,37.0
146601,,,,
146624,33.9,-0.85,2.91,19.0
146626,,,,
146633,,,,
146634,34.5,-0.98,2.82,16.0
146635,34.5,-1.21,3.04,19.0
146639,42.5,0.05,3.57,32.0
146640,5.6,-2.21,0.19,0.0
146646,,,,
146648,28.6,-1.33,2.11,7.0
146660,,,,
146671,8.6,,0.67,0.0
146680,,,,
146683,,,,
146697,59.5,0.79,5.22,67.0
146698,,,,
146727,0.3,-1.63,0.03,0.0
146729,53.2,,5.19,78.0
146733,7.0,,0.37,5.0
146736,5.9,,0.38,0.0
146742,34.4,-0.68,2.81,17.0
146752,47.9,0.03,4.34,47.0
146765,37.8,-0.23,3.15,30.0
146769,38.4,-0.42,3.23,36.0
146773,6.1,,0.47,0.0
146774,,,,
146780,,,,
146790,2.3,,0.15,0.0
146793,38.0,-0.47,3.38,39.0
146794,45.9,-0.24,3.97,48.0
146795,47.2,0.04,4.02,47.0
146797,36.0,-1.1,3.09,21.0
146800,36.4,-0.41,3.05,31.0
146804,,,,
146806,5.4,,0.42,0.0
146819,37.4,-0.46,3.23,25.0
146820,34.4,-0.8,2.88,26.0
146824,,,,
146825,37.5,-0.55,3.24,34.0
146858,6.5,-1.2,0.5,0.0
146885,,,,
146891,4.0,-1.28,0.08,0.0
146899,,,,
146901,2.3,-1.6,0.08,0.0
146906,51.5,0.27,4.53,49.0
146907,56.5,0.72,4.95,53.0
146909,36.1,-0.74,2.96,23.0
146926,48.3,-0.12,4.29,45.0
146936,40.5,-0.48,3.7,34.0
146953,3.2,-1.84,0.35,0.0
146969,40.4,-0.37,3.53,36.0
146970,39.4,0.24,3.22,24.0
146971,,,,
146972,56.0,0.48,5.21,66.0
146973,6.3,,0.31,0.0
146981,,,,
146988,,,,
146999,,,,
147016,36.8,-0.59,3.08,26.0
147018,34.5,-1.01,3.02,29.0
147025,62.7,,5.4,89.0
147027,59.2,,5.49,69.0
147031,36.5,-0.75,2.84,17.0
147034,,,,
147038,63.9,,5.98,100.0
147059,,,,
147060,9.3,,0.75,17.0
147061,,,,
147064,4.1,-2.93,0.22,10.0
147067,,,,
147068,,,,
147071,1.0,-1.57,0.0,0.0
147072,,,,
147073,,,,
147077,,,,
147080,,,,
147081,,,,
147086,,,,
147087,3.0,-2.61,0.2,0.0
147100,41.5,0.06,3.01,32.0
147113,,,,
147115,34.2,-0.73,2.75,16.0
147116,,,,
147122,39.8,-0.29,3.01,25.0
147124,,,,
147126,,,,
147127,,,,
147132,,,,
147137,2.6,-1.5,0.05,0.0
147142,50.6,0.04,4.46,55.0
147143,4.4,-2.01,0.32,4.0
147157,42.3,-0.33,3.57,34.0
147158,,,,
147162,,,,
147177,33.1,-1.09,2.85,24.0
147178,37.7,-0.88,3.09,24.0
147182,,,,
147185,36.5,-0.61,3.13,25.0
147187,,,,
147188,,,,
147189,5.7,,0.5,14.0
147198,11.7,,0.57,17.0
147199,14.8,,1.39,17.0
147201,70.5,1.98,6.74,83.0
147203,,,,
147204,,,,
147205,,,,
147206,15.0,,1.0,0.0
147212,46.6,-0.24,3.94,45.0
147213,59.7,0.79,5.15,61.0
147214,40.0,-0.52,3.42,32.0
147219,41.1,-0.22,3.57,38.0
147220,,,,
147223,,,,
147234,,,,
147235,3.5,,0.17,0.0
147236,46.3,,4.58,17.0
147237,,,,
147238,61.3,1.03,5.86,72.0
147246,54.0,0.34,5.07,59.0
147260,37.2,-0.16,3.12,25.0
147268,34.6,-0.48,2.86,17.0
147291,36.1,-0.46,2.94,31.0
147298,,,,
147300,43.9,0.09,3.82,37.0
147306,,,,
147345,50.4,0.37,4.32,49.0
147346,52.4,0.51,4.47,59.0
147347,,,,
147349,7.0,,0.5,0.0
147350,,,,
147351,41.3,-0.24,3.42,30.0
147369,41.5,-0.15,3.82,38.0
147400,39.0,-0.69,3.29,32.0
147401,46.7,0.33,4.28,50.0
147414,,,,
147430,66.6,1.45,5.86,77.0
147432,47.2,0.14,4.11,46.0
147439,46.9,0.01,4.38,44.0
147440,31.7,-0.63,2.58,18.0
147442,44.1,0.24,3.67,28.0
147443,41.2,-0.55,3.87,34.0
147456,38.5,-0.64,3.33,28.0
147462,0.2,,0.0,0.0
147465,,,,
147467,49.4,0.45,4.52,59.0
147468,,,,
147471,11.3,,0.49,11.0
147473,,,,
147491,,,,
147505,47.7,0.02,4.06,47.0
147508,43.0,-0.38,3.63,32.0
147515,,,,
147524,2.6,-1.57,0.14,0.0
147531,46.1,-0.22,3.83,42.0
147532,46.6,-0.52,4.07,45.0
147533,44.9,-0.34,3.85,42.0
147535,35.8,-0.46,2.97,21.0
147536,34.3,0.12,3.33,26.0
147537,50.4,0.29,4.79,54.0
147538,45.4,-0.02,3.89,44.0
147540,32.1,-0.99,2.9,16.0
147541,49.9,0.06,4.62,60.0
147543,,,,
147544,31.0,-1.54,2.6,25.0
147546,,,,
147547,,,,
147565,38.7,-0.81,3.33,27.0
147574,44.0,-0.21,3.71,33.0
147577,1.1,-1.63,0.09,0.0
147581,41.4,-0.25,3.49,36.0
147582,,,,
147604,45.9,,5.19,43.0
147607,,,,
147615,,,,
147627,,,,
147635,,,,
147643,39.3,-0.21,3.53,27.0
147648,,,,
147650,30.7,-0.42,2.69,8.0
147653,46.0,0.71,4.28,44.0
147654,33.0,-0.7,2.72,9.0
147655,,,,
147660,,,,
147661,,,,
147662,47.8,,4.47,31.0
147663,7.8,,0.88,0.0
147664,,,,
147665,,,,
147666,,,,
147670,54.5,0.59,4.78,57.0
147675,4.7,-1.77,0.14,0.0
147676,34.6,-0.51,2.81,22.0
147679,5.3,-2.83,0.28,0.0
147681,,,,
147683,42.7,-0.5,3.44,39.0
147685,37.6,-0.5,2.92,34.0
147690,,,,
147697,,,,
147702,,,,
147703,,,,
147704,,,,
147705,,,,
147707,40.5,-0.21,3.29,26.0
147711,47.8,-0.26,3.74,39.0
147720,5.5,-2.31,0.32,3.0
147724,45.8,-0.26,3.81,39.0
147728,9.7,-1.47,0.78,17.0
147732,,,,
147733,,,,
147736,,,,
147737,,,,
147757,44.0,-0.08,4.02,46.0
147780,,,,
147783,58.9,,5.4,62.0
147785,36.8,-0.28,3.29,30.0
147787,10.2,,0.73,0.0
147788,46.8,-0.45,4.02,53.0
147789,,,,
147793,1.5,,0.05,0.0
147796,38.3,-0.38,2.99,22.0
147801,50.8,0.44,4.56,53.0
147819,,,,
147821,,,,
147829,,,,
147832,,,,
147838,45.2,-0.05,3.27,36.0
147847,,,,
147848,,,,
147849,0.3,,0.0,0.0
147853,,,,
147854,5.3,-2.52,0.48,0.0
147858,,,,
147859,,,,
147860,,,,
147863,,,,
147864,,,,
147870,14.4,-2.47,1.25,0.0
147872,,,,
147874,,,,
147875,40.4,-0.51,3.29,34.0
147881,45.2,-0.13,3.5,46.0
147883,40.3,-0.58,3.36,29.0
147888,41.0,0.18,3.75,39.0
147894,54.7,0.66,4.66,60.0
147896,,,,
147897,38.6,-0.06,3.16,29.0
147902,41.2,-0.53,3.4,53.0
147905,31.2,-0.68,2.57,14.0
147906,,,,
147908,,,,
147914,,,,
147935,51.7,0.72,4.42,55.0
147942,44.3,-0.08,3.71,37.0
147944,,,,
147949,,,,
147951,,,,
147957,20.3,,0.89,0.0
147963,,,,
147967,42.7,-0.33,3.56,33.0
147977,,,,
147980,,,,
147983,,,,
147989,24.1,,1.63,0.0
147991,,,,
148002,46.1,-0.16,4.29,49.0
148003,46.7,0.2,4.12,50.0
148006,,,,
148010,,,,
148026,41.5,-0.43,3.43,33.0
148027,,,,
148031,8.3,,0.64,0.0
148032,,,,
148035,,,,
148036,35.7,-0.06,2.98,23.0
148038,,,,
148041,,,,
148047,,,,
148049,44.5,-0.27,3.84,33.0
148050,48.6,0.11,4.09,48.0
148056,,,,
148058,,,,
148059,4.0,,0.29,0.0
148062,1.3,,0.08,0.0
148064,9.5,,0.81,0.0
148069,14.5,,1.03,19.0
148070,,,,
148071,,,,
148079,,,,
148094,54.8,0.45,5.08,67.0
148097,49.4,0.01,4.45,55.0
148109,48.3,-0.18,4.16,44.0
148128,,,,
148131,,,,
148135,41.5,-0.63,3.77,46.0
148145,,,,
148149,,,,
148155,,,,
148156,,,,
148157,,,,
148165,15.6,-1.31,0.51,0.0
148167,38.6,-0.67,3.02,33.0
148171,8.6,-2.46,0.46,3.0
148175,,,,
148176,,,,
148179,34.2,-0.75,2.86,20.0
148180,,,,
148181,,,,
148185,41.3,0.08,3.27,25.0
148186,33.9,-0.51,2.85,25.0
148187,28.6,-1.16,2.57,17.0
148189,,,,
148220,30.8,-0.87,2.39,15.0
148221,46.6,0.01,4.01,45.0
148224,42.1,-0.45,3.56,33.0
148225,,,,
148226,31.6,-1.34,2.55,15.0
148236,1.4,-1.97,0.17,0.0
148241,,,,
148244,45.9,,3.81,50.0
148245,,,,
148248,,,,
148252,,,,
148254,43.5,-0.43,3.78,43.0
148255,,,,
148267,41.3,-0.36,3.57,34.0
148294,38.5,-0.99,3.38,28.0
148295,38.7,-0.59,3.41,23.0
148299,50.2,0.09,4.47,59.0
148304,42.6,-0.13,3.65,36.0
148322,7.9,-2.09,0.32,0.0
148327,35.9,-0.55,3.05,25.0
148332,3.6,-2.59,0.25,0.0
148335,50.2,0.08,4.27,49.0
148337,45.7,-0.04,3.96,50.0
148338,42.3,0.43,3.3,38.0
148341,,,,
148342,,,,
148346,,,,
148347,,,,
148349,,,,
148353,44.3,-0.15,3.72,43.0
148354,32.6,-0.87,2.75,27.0
148356,,,,
148362,40.1,-0.45,3.48,31.0
148369,65.6,0.19,6.03,89.0
148377,53.1,0.38,5.04,57.0
148378,,,,
148389,37.1,-0.83,3.17,25.0
148393,40.5,-0.65,3.38,36.0
148394,,,,
148398,,,,
148402,39.5,-0.62,3.05,27.0
148407,44.0,0.08,3.69,34.0
148415,,,,
148417,41.2,-0.41,3.53,33.0
148418,,,,
148420,,,,
148422,,,,
148423,33.4,-0.93,2.98,18.0
148424,,,,
148429,34.5,-0.93,2.78,27.0
148430,34.0,-0.86,2.9,30.0
148431,41.0,-0.59,3.59,32.0
148433,33.2,-0.29,2.85,17.0
148437,2.7,-2.42,0.06,0.0
148453,42.9,-0.35,3.74,44.0
148476,8.5,-1.5,0.77,7.0
148497,,,,
148499,54.3,0.38,5.02,64.0
148508,45.2,0.08,4.03,43.0
148521,39.4,-0.5,3.54,35.0
148522,43.9,-0.05,3.88,36.0
148526,42.7,-0.35,3.85,39.0
148527,51.0,0.52,4.33,56.0
148532,37.1,-0.8,2.91,24.0
148534,33.9,-1.11,2.79,23.0
148537,,,,
148538,27.5,-0.96,2.38,15.0
148539,,,,
148542,,,,
148544,,,,
148545,40.8,-0.02,3.31,35.0
148546,,,,
148547,34.1,-0.54,2.71,15.0
148548,,,,
148549,43.0,-0.5,3.89,38.0
148552,,,,
148553,,,,
148556,,,,
148560,,,,
148561,,,,
148562,,,,
148563,,,,
148566,,,,
148568,12.8,,0.82,8.0
148573,,,,
148577,,,,
148587,,,,
148589,,,,
148590,,,,
148591,,,,
148593,,,,
148596,,,,
148599,,,,
148602,49.5,0.06,4.37,52.0
148616,,,,
148617,,,,
148618,,,,
148620,,,,
148621,,,,
148630,,,,
148632,33.7,,1.95,17.0
148639,53.9,0.22,4.69,66.0
148641,10.2,,0.53,0.0
148642,,,,
148644,,,,
148646,,,,
148654,8.0,-0.96,0.58,0.0
148655,30.2,-1.42,2.65,18.0
148662,2.5,,0.14,17.0
148684,42.3,-0.17,3.73,35.0
148692,38.9,-0.41,3.22,37.0
148693,38.5,-0.54,3.65,33.0
148702,41.3,-0.55,3.5,29.0
148703,43.4,-0.31,3.51,33.0
148706,43.7,-0.52,3.36,32.0
148712,42.7,0.05,3.64,38.0
148728,47.5,-0.29,4.32,51.0
148729,,,,
148732,,,,
148734,,,,
148736,,,,
148737,44.2,0.08,3.72,38.0
148753,56.1,0.66,4.86,57.0
148756,,,,
148758,,,,
148759,,,,
148767,,,,
148768,10.2,-1.39,0.37,0.0
148772,6.1,-1.69,0.23,0.0
148790,39.9,-0.05,3.41,27.0
148792,35.0,-0.86,3.11,27.0
148793,34.9,-0.85,2.92,23.0
148796,,,,
148802,,,,
148804,,,,
148826,40.9,-0.29,3.84,41.0
148827,,,,
148828,,,,
148829,,,,
148830,47.2,0.16,4.2,46.0
148831,,,,
148835,35.0,-1.18,2.97,26.0
148838,,,,
148839,,,,
148840,,,,
148847,41.1,-0.14,3.57,35.0
148850,45.3,-0.27,3.77,40.0
148851,34.3,-0.93,2.83,25.0
148855,53.5,0.17,4.95,54.0
148860,,,,
148866,47.6,-0.21,4.31,46.0
148888,,,,
148894,,,,
148901,48.0,0.29,4.07,51.0
148902,49.1,-0.05,4.48,50.0
148921,36.1,-0.79,2.87,20.0
148922,43.1,-0.37,3.55,37.0
148931,,,,
148932,45.1,-0.46,3.3,50.0
148936,0.6,-1.59,0.05,0.0
148945,45.3,-0.13,4.15,43.0
148965,39.9,-0.44,3.32,26.0
149011,32.2,-0.98,2.65,32.0
149017,,,,
149019,,,,
149020,,,,
149026,,,,
149027,,,,
149028,,,,
149031,35.7,-0.7,2.76,29.0
149032,39.3,-0.62,3.31,26.0
149039,,,,
149042,,,,
149047,42.1,-0.57,3.42,34.0
149070,,,,
149071,,,,
149075,,,,
149078,,,,
149083,,,,
149094,,,,
149102,,,,
149104,,,,
149106,,,,
149107,,,,
149109,3.5,,0.35,9.0
149137,,,,
149146,,,,
149151,2.0,,0.1,0.0
149155,31.5,-0.93,2.7,19.0
149162,43.0,-0.39,3.65,35.0
149188,7.2,-1.83,0.54,0.0
149194,8.4,,0.12,0.0
149197,43.7,-0.02,3.63,29.0
149204,45.6,0.27,4.27,41.0
149205,34.5,-0.62,3.08,25.0
149208,,,,
149217,,,,
149220,,,,
149235,42.1,-0.41,3.67,46.0
149247,47.0,-0.01,3.98,45.0
149285,53.2,0.5,4.96,55.0
149299,32.2,-0.82,2.63,15.0
149319,39.7,-0.22,3.28,27.0
149322,,,,
149328,38.7,-0.53,3.27,24.0
149331,,,,
149335,,,,
149336,,,,
149340,,,,
149380,37.6,-0.45,2.84,25.0
149391,,,,
149392,,,,
149396,6.8,-2.62,0.39,0.0
149427,,,,
149429,32.5,-0.79,2.87,27.0
149430,,,,
149431,49.8,-0.45,4.76,57.0
149433,40.1,-0.32,3.53,31.0
149435,48.4,0.29,4.47,51.0
149436,39.4,0.08,3.18,22.0
149437,35.6,-0.62,3.06,27.0
149474,,,,
149486,,,,
149530,,,,
149531,,,,
149554,,,,
149631,,,,
149632,,,,
149635,,,,
149678,,,,
149695,,,,
149697,,,,
149717,,,,
149719,,,,
149720,,,,
149736,,,,
149745,,,,
149746,,,,
149751,,,,
149753,,,,
149754,,,,
149767,,,,
149771,,,,
149775,,,,
149777,,,,
149782,,,,
149783,,,,
149784,,,,
149825,,,,
149827,,,,
149839,,,,
149840,,,,
149842,,,,
149873,,,,
149893,,,,
149897,,,,
149898,,,,
149899,,,,
150038,,,,
150055,,,,
150133,,,,
150134,,,,
150261,,,,
150263,,,,
150268,,,,
150277,,,,
150278,,,,
