lsoa_code,category,count,month
Bath and North East Somerset 025C,anti-social-behaviour,2,2026-05
Bath and North East Somerset 025C,violent-crime,1,2026-05
Bath and North East Somerset 023C,anti-social-behaviour,6,2026-05
Bath and North East Somerset 023C,criminal-damage-arson,1,2026-05
Bath and North East Somerset 023C,public-order,2,2026-05
Bath and North East Somerset 023C,vehicle-crime,1,2026-05
Bath and North East Somerset 023C,violent-crime,3,2026-05
Bath and North East Somerset 025D,anti-social-behaviour,8,2026-05
Bath and North East Somerset 025D,shoplifting,6,2026-05
Bath and North East Somerset 025D,violent-crime,8,2026-05
Bath and North East Somerset 025D,criminal-damage-arson,2,2026-05
Bath and North East Somerset 025D,public-order,1,2026-05
Bath and North East Somerset 025D,robbery,1,2026-05
Bath and North East Somerset 025D,vehicle-crime,1,2026-05
Bath and North East Somerset 027C,anti-social-behaviour,2,2026-05
Bath and North East Somerset 027C,burglary,1,2026-05
Bath and North East Somerset 027C,other-theft,2,2026-05
Bath and North East Somerset 027C,violent-crime,3,2026-05
Bath and North East Somerset 027B,anti-social-behaviour,3,2026-05
Bath and North East Somerset 027B,burglary,1,2026-05
Bath and North East Somerset 027B,criminal-damage-arson,2,2026-05
Bath and North East Somerset 027B,other-theft,2,2026-05
Bath and North East Somerset 027B,possession-of-weapons,1,2026-05
Bath and North East Somerset 027B,public-order,1,2026-05
Bath and North East Somerset 027B,robbery,1,2026-05
Bath and North East Somerset 027B,violent-crime,6,2026-05
Bath and North East Somerset 027B,other-crime,2,2026-05
Bath and North East Somerset 027A,anti-social-behaviour,2,2026-05
Bath and North East Somerset 027A,criminal-damage-arson,1,2026-05
Bath and North East Somerset 027A,vehicle-crime,1,2026-05
Bath and North East Somerset 027A,violent-crime,3,2026-05
Bath and North East Somerset 026D,anti-social-behaviour,15,2026-05
Bath and North East Somerset 026D,bicycle-theft,1,2026-05
Bath and North East Somerset 026D,burglary,1,2026-05
Bath and North East Somerset 026D,violent-crime,8,2026-05
Bath and North East Somerset 026D,criminal-damage-arson,2,2026-05
Bath and North East Somerset 026D,possession-of-weapons,1,2026-05
Bath and North East Somerset 025B,burglary,1,2026-05
Bath and North East Somerset 025B,violent-crime,4,2026-05
Bath and North East Somerset 025B,vehicle-crime,1,2026-05
Bath and North East Somerset 025B,other-crime,1,2026-05
Bath and North East Somerset 026B,violent-crime,6,2026-05
Bath and North East Somerset 026B,anti-social-behaviour,1,2026-05
Bath and North East Somerset 026B,criminal-damage-arson,1,2026-05
Bath and North East Somerset 026B,possession-of-weapons,1,2026-05
Bath and North East Somerset 025A,violent-crime,4,2026-05
Bath and North East Somerset 025A,criminal-damage-arson,1,2026-05
Bath and North East Somerset 026A,anti-social-behaviour,1,2026-05
Bath and North East Somerset 026A,criminal-damage-arson,1,2026-05
Bath and North East Somerset 026A,other-theft,1,2026-05
Bath and North East Somerset 026A,public-order,1,2026-05
Bath and North East Somerset 026A,violent-crime,1,2026-05
Bath and North East Somerset 026C,anti-social-behaviour,2,2026-05
Bath and North East Somerset 026C,violent-crime,5,2026-05
Bath and North East Somerset 026C,drugs,1,2026-05
Bath and North East Somerset 026C,possession-of-weapons,1,2026-05
Bath and North East Somerset 026C,public-order,1,2026-05
Bath and North East Somerset 024D,anti-social-behaviour,3,2026-05
Bath and North East Somerset 024D,bicycle-theft,1,2026-05
Bath and North East Somerset 024D,burglary,1,2026-05
Bath and North East Somerset 024D,public-order,2,2026-05
Bath and North East Somerset 024D,robbery,2,2026-05
Bath and North East Somerset 024D,shoplifting,1,2026-05
Bath and North East Somerset 024D,vehicle-crime,1,2026-05
Bath and North East Somerset 024D,violent-crime,2,2026-05
Bath and North East Somerset 024A,criminal-damage-arson,1,2026-05
Bath and North East Somerset 024A,possession-of-weapons,1,2026-05
Bath and North East Somerset 024A,public-order,1,2026-05
Bath and North East Somerset 024A,violent-crime,4,2026-05
Bath and North East Somerset 024A,other-theft,1,2026-05
Bath and North East Somerset 024A,anti-social-behaviour,1,2026-05
Bath and North East Somerset 024C,anti-social-behaviour,2,2026-05
Bath and North East Somerset 024C,criminal-damage-arson,1,2026-05
Bath and North East Somerset 024C,violent-crime,2,2026-05
Bath and North East Somerset 024B,drugs,1,2026-05
Bath and North East Somerset 024B,public-order,1,2026-05
Bath and North East Somerset 024B,violent-crime,6,2026-05
Bath and North East Somerset 021D,burglary,1,2026-05
Bath and North East Somerset 021D,possession-of-weapons,1,2026-05
Bath and North East Somerset 021D,vehicle-crime,1,2026-05
Bath and North East Somerset 021D,violent-crime,2,2026-05
Bath and North East Somerset 021D,other-crime,1,2026-05
Bath and North East Somerset 021D,anti-social-behaviour,1,2026-05
Bath and North East Somerset 023D,vehicle-crime,1,2026-05
Bath and North East Somerset 023D,violent-crime,6,2026-05
Bath and North East Somerset 023D,anti-social-behaviour,1,2026-05
Bath and North East Somerset 023D,criminal-damage-arson,2,2026-05
Bath and North East Somerset 023D,other-theft,1,2026-05
Bath and North East Somerset 023D,public-order,1,2026-05
Bath and North East Somerset 023E,criminal-damage-arson,3,2026-05
Bath and North East Somerset 023E,drugs,1,2026-05
Bath and North East Somerset 023E,public-order,1,2026-05
Bath and North East Somerset 023E,vehicle-crime,1,2026-05
Bath and North East Somerset 023E,violent-crime,5,2026-05
Bath and North East Somerset 023E,other-crime,1,2026-05
Bath and North East Somerset 022E,anti-social-behaviour,2,2026-05
Bath and North East Somerset 022E,violent-crime,7,2026-05
Bath and North East Somerset 022E,criminal-damage-arson,1,2026-05
Bath and North East Somerset 022E,public-order,1,2026-05
Bath and North East Somerset 022D,violent-crime,2,2026-05
Bath and North East Somerset 022D,anti-social-behaviour,1,2026-05
Bath and North East Somerset 010H,criminal-damage-arson,2,2026-05
Bath and North East Somerset 010H,other-theft,1,2026-05
Bath and North East Somerset 021B,bicycle-theft,1,2026-05
Bath and North East Somerset 021B,vehicle-crime,1,2026-05
Mendip 005B,violent-crime,4,2026-05
Bath and North East Somerset 020C,anti-social-behaviour,1,2026-05
Bath and North East Somerset 020C,burglary,1,2026-05
Bath and North East Somerset 020C,violent-crime,3,2026-05
Bath and North East Somerset 020B,criminal-damage-arson,1,2026-05
Bath and North East Somerset 020B,other-theft,1,2026-05
Bath and North East Somerset 023B,anti-social-behaviour,1,2026-05
Bath and North East Somerset 023B,violent-crime,1,2026-05
Bath and North East Somerset 023A,anti-social-behaviour,1,2026-05
Bath and North East Somerset 022C,shoplifting,6,2026-05
Bath and North East Somerset 022C,violent-crime,2,2026-05
Bath and North East Somerset 022C,other-crime,1,2026-05
Bath and North East Somerset 022B,violent-crime,2,2026-05
Bath and North East Somerset 021C,anti-social-behaviour,1,2026-05
Bath and North East Somerset 021C,drugs,2,2026-05
Bath and North East Somerset 021C,other-theft,1,2026-05
Bath and North East Somerset 020A,anti-social-behaviour,1,2026-05
Bath and North East Somerset 020A,public-order,2,2026-05
Bath and North East Somerset 020A,violent-crime,1,2026-05
Bath and North East Somerset 016F,drugs,1,2026-05
Bath and North East Somerset 016F,violent-crime,4,2026-05
Bath and North East Somerset 016G,shoplifting,8,2026-05
Bath and North East Somerset 022G,violent-crime,1,2026-05
Bath and North East Somerset 016A,drugs,1,2026-05
Bath and North East Somerset 016A,violent-crime,3,2026-05
Bath and North East Somerset 016A,criminal-damage-arson,1,2026-05
Bath and North East Somerset 016A,vehicle-crime,3,2026-05
Wiltshire 023C,violent-crime,3,2026-05
Bath and North East Somerset 021A,anti-social-behaviour,4,2026-05
Bath and North East Somerset 021A,burglary,1,2026-05
Bath and North East Somerset 021A,criminal-damage-arson,1,2026-05
Bath and North East Somerset 021A,vehicle-crime,3,2026-05
Bath and North East Somerset 021A,violent-crime,3,2026-05
Bath and North East Somerset 021A,other-theft,2,2026-05
Bath and North East Somerset 021A,shoplifting,1,2026-05
Bath and North East Somerset 019A,anti-social-behaviour,1,2026-05
Bath and North East Somerset 019A,criminal-damage-arson,3,2026-05
Bath and North East Somerset 019A,public-order,2,2026-05
Bath and North East Somerset 019A,robbery,1,2026-05
Bath and North East Somerset 019A,vehicle-crime,1,2026-05
Bath and North East Somerset 019A,violent-crime,5,2026-05
Bath and North East Somerset 017B,anti-social-behaviour,4,2026-05
Bath and North East Somerset 017B,burglary,2,2026-05
Bath and North East Somerset 017B,criminal-damage-arson,4,2026-05
Bath and North East Somerset 017B,other-theft,1,2026-05
Bath and North East Somerset 017B,public-order,3,2026-05
Bath and North East Somerset 017B,robbery,1,2026-05
Bath and North East Somerset 017B,shoplifting,4,2026-05
Bath and North East Somerset 017B,violent-crime,13,2026-05
Bath and North East Somerset 017B,other-crime,1,2026-05
Bath and North East Somerset 017B,vehicle-crime,1,2026-05
Bath and North East Somerset 019C,anti-social-behaviour,3,2026-05
Bath and North East Somerset 019C,criminal-damage-arson,3,2026-05
Bath and North East Somerset 019C,other-theft,1,2026-05
Bath and North East Somerset 019C,possession-of-weapons,1,2026-05
Bath and North East Somerset 019C,violent-crime,5,2026-05
Bath and North East Somerset 019B,anti-social-behaviour,2,2026-05
Bath and North East Somerset 019B,criminal-damage-arson,1,2026-05
Bath and North East Somerset 019B,other-theft,3,2026-05
Bath and North East Somerset 019B,possession-of-weapons,1,2026-05
Bath and North East Somerset 019B,violent-crime,3,2026-05
Bath and North East Somerset 019D,criminal-damage-arson,1,2026-05
Bath and North East Somerset 019D,vehicle-crime,1,2026-05
Bath and North East Somerset 018A,vehicle-crime,2,2026-05
Bath and North East Somerset 018A,anti-social-behaviour,2,2026-05
Bath and North East Somerset 018A,burglary,1,2026-05
Bath and North East Somerset 018A,criminal-damage-arson,2,2026-05
Bath and North East Somerset 018A,other-theft,1,2026-05
Bath and North East Somerset 018A,possession-of-weapons,2,2026-05
Bath and North East Somerset 018A,public-order,4,2026-05
Bath and North East Somerset 018A,robbery,1,2026-05
Bath and North East Somerset 018A,shoplifting,2,2026-05
Bath and North East Somerset 018A,violent-crime,6,2026-05
Bath and North East Somerset 018A,drugs,2,2026-05
Bath and North East Somerset 018D,anti-social-behaviour,1,2026-05
Bath and North East Somerset 018D,burglary,1,2026-05
Bath and North East Somerset 018D,criminal-damage-arson,2,2026-05
Bath and North East Somerset 018D,public-order,1,2026-05
Bath and North East Somerset 018D,violent-crime,10,2026-05
Bath and North East Somerset 018D,bicycle-theft,1,2026-05
Bath and North East Somerset 013D,anti-social-behaviour,2,2026-05
Bath and North East Somerset 014C,anti-social-behaviour,1,2026-05
Bath and North East Somerset 014C,burglary,4,2026-05
Bath and North East Somerset 014C,other-theft,2,2026-05
Bath and North East Somerset 014C,public-order,1,2026-05
Bath and North East Somerset 014C,vehicle-crime,1,2026-05
Bath and North East Somerset 014C,violent-crime,9,2026-05
Bath and North East Somerset 015C,anti-social-behaviour,1,2026-05
Bath and North East Somerset 015C,burglary,2,2026-05
Bath and North East Somerset 015C,criminal-damage-arson,1,2026-05
Bath and North East Somerset 015C,public-order,5,2026-05
Bath and North East Somerset 015C,shoplifting,22,2026-05
Bath and North East Somerset 015C,violent-crime,2,2026-05
Bath and North East Somerset 017A,anti-social-behaviour,1,2026-05
Bath and North East Somerset 017A,burglary,1,2026-05
Bath and North East Somerset 017A,violent-crime,3,2026-05
Bath and North East Somerset 017A,public-order,1,2026-05
Bath and North East Somerset 017A,shoplifting,20,2026-05
Bath and North East Somerset 017A,vehicle-crime,2,2026-05
Bath and North East Somerset 017A,theft-from-the-person,1,2026-05
Bath and North East Somerset 015A,burglary,3,2026-05
Bath and North East Somerset 015A,other-theft,4,2026-05
Bath and North East Somerset 015A,violent-crime,10,2026-05
Bath and North East Somerset 015A,other-crime,1,2026-05
Bath and North East Somerset 015A,drugs,1,2026-05
Bath and North East Somerset 015A,shoplifting,1,2026-05
Bath and North East Somerset 015B,burglary,2,2026-05
Bath and North East Somerset 015B,criminal-damage-arson,2,2026-05
Bath and North East Somerset 015B,robbery,1,2026-05
Bath and North East Somerset 015B,shoplifting,3,2026-05
Bath and North East Somerset 017C,burglary,1,2026-05
Bath and North East Somerset 017C,other-theft,1,2026-05
Bath and North East Somerset 017C,public-order,2,2026-05
Bath and North East Somerset 017C,shoplifting,9,2026-05
Bath and North East Somerset 017C,violent-crime,4,2026-05
Bath and North East Somerset 017C,anti-social-behaviour,1,2026-05
Bath and North East Somerset 014D,burglary,1,2026-05
Bath and North East Somerset 014D,criminal-damage-arson,2,2026-05
Bath and North East Somerset 014D,other-theft,1,2026-05
Bath and North East Somerset 014D,public-order,1,2026-05
Bath and North East Somerset 014D,vehicle-crime,1,2026-05
Bath and North East Somerset 014D,violent-crime,3,2026-05
Bath and North East Somerset 014B,criminal-damage-arson,1,2026-05
Bath and North East Somerset 014B,violent-crime,2,2026-05
Bath and North East Somerset 012D,anti-social-behaviour,2,2026-05
Bath and North East Somerset 012D,criminal-damage-arson,1,2026-05
Bath and North East Somerset 012D,public-order,1,2026-05
Bath and North East Somerset 018C,anti-social-behaviour,3,2026-05
Bath and North East Somerset 018C,other-theft,1,2026-05
Bath and North East Somerset 018C,robbery,1,2026-05
Bath and North East Somerset 018C,shoplifting,1,2026-05
Bath and North East Somerset 018C,violent-crime,4,2026-05
Bath and North East Somerset 018C,burglary,1,2026-05
Bath and North East Somerset 018B,anti-social-behaviour,1,2026-05
Bath and North East Somerset 018B,criminal-damage-arson,1,2026-05
Bath and North East Somerset 018B,violent-crime,1,2026-05
Bath and North East Somerset 010G,violent-crime,1,2026-05
Bath and North East Somerset 010G,other-theft,1,2026-05
Bath and North East Somerset 020D,possession-of-weapons,1,2026-05
Bath and North East Somerset 020D,violent-crime,4,2026-05
Bath and North East Somerset 011A,anti-social-behaviour,1,2026-05
Bath and North East Somerset 011A,burglary,1,2026-05
Bath and North East Somerset 011A,vehicle-crime,1,2026-05
Bath and North East Somerset 011A,violent-crime,6,2026-05
Bath and North East Somerset 011A,other-crime,1,2026-05
Bath and North East Somerset 011D,anti-social-behaviour,4,2026-05
Bath and North East Somerset 011D,bicycle-theft,1,2026-05
Bath and North East Somerset 011D,burglary,3,2026-05
Bath and North East Somerset 011D,criminal-damage-arson,4,2026-05
Bath and North East Somerset 011D,other-theft,2,2026-05
Bath and North East Somerset 011D,public-order,1,2026-05
Bath and North East Somerset 011D,shoplifting,3,2026-05
Bath and North East Somerset 011D,vehicle-crime,1,2026-05
Bath and North East Somerset 011D,violent-crime,7,2026-05
Bath and North East Somerset 015D,anti-social-behaviour,2,2026-05
Bath and North East Somerset 015D,criminal-damage-arson,1,2026-05
Bath and North East Somerset 015D,drugs,1,2026-05
Bath and North East Somerset 015D,other-theft,1,2026-05
Bath and North East Somerset 015D,violent-crime,2,2026-05
Bath and North East Somerset 013A,anti-social-behaviour,1,2026-05
Bath and North East Somerset 013A,public-order,1,2026-05
Bath and North East Somerset 013A,vehicle-crime,1,2026-05
Bath and North East Somerset 013A,violent-crime,1,2026-05
Bath and North East Somerset 011B,anti-social-behaviour,2,2026-05
Bath and North East Somerset 011B,drugs,2,2026-05
Bath and North East Somerset 011B,other-theft,2,2026-05
Bath and North East Somerset 011B,public-order,1,2026-05
Bath and North East Somerset 011B,vehicle-crime,2,2026-05
Bath and North East Somerset 011B,violent-crime,6,2026-05
Bath and North East Somerset 012F,anti-social-behaviour,3,2026-05
Bath and North East Somerset 012F,burglary,2,2026-05
Bath and North East Somerset 012F,other-theft,4,2026-05
Bath and North East Somerset 012F,vehicle-crime,1,2026-05
Bath and North East Somerset 012F,violent-crime,2,2026-05
Bath and North East Somerset 012F,shoplifting,1,2026-05
Bath and North East Somerset 013F,anti-social-behaviour,1,2026-05
Bath and North East Somerset 013F,burglary,1,2026-05
Bath and North East Somerset 013F,criminal-damage-arson,1,2026-05
Bath and North East Somerset 013F,drugs,2,2026-05
Bath and North East Somerset 013F,public-order,5,2026-05
Bath and North East Somerset 013F,other-crime,1,2026-05
Bath and North East Somerset 009A,burglary,3,2026-05
Bath and North East Somerset 009A,criminal-damage-arson,1,2026-05
Bath and North East Somerset 009A,public-order,1,2026-05
Bath and North East Somerset 009A,shoplifting,2,2026-05
Bath and North East Somerset 009A,violent-crime,3,2026-05
Bath and North East Somerset 013B,criminal-damage-arson,2,2026-05
Bath and North East Somerset 013B,violent-crime,3,2026-05
Bath and North East Somerset 013B,other-crime,1,2026-05
Bath and North East Somerset 013E,drugs,1,2026-05
Bath and North East Somerset 013E,vehicle-crime,1,2026-05
Bath and North East Somerset 013E,anti-social-behaviour,3,2026-05
Bath and North East Somerset 013E,bicycle-theft,1,2026-05
Bath and North East Somerset 013E,violent-crime,1,2026-05
Bath and North East Somerset 014A,other-theft,2,2026-05
Bath and North East Somerset 014A,shoplifting,3,2026-05
Bath and North East Somerset 014A,violent-crime,1,2026-05
Bath and North East Somerset 022F,other-theft,1,2026-05
Bath and North East Somerset 022F,possession-of-weapons,1,2026-05
Bath and North East Somerset 011C,violent-crime,10,2026-05
Bath and North East Somerset 011C,anti-social-behaviour,6,2026-05
Bath and North East Somerset 011C,burglary,1,2026-05
Bath and North East Somerset 011C,criminal-damage-arson,1,2026-05
Bath and North East Somerset 011C,possession-of-weapons,1,2026-05
Bath and North East Somerset 012C,anti-social-behaviour,3,2026-05
Bath and North East Somerset 012C,burglary,1,2026-05
Bath and North East Somerset 012C,criminal-damage-arson,1,2026-05
Bath and North East Somerset 012C,robbery,1,2026-05
Bath and North East Somerset 012C,vehicle-crime,1,2026-05
Bath and North East Somerset 012C,violent-crime,2,2026-05
Bath and North East Somerset 009C,anti-social-behaviour,12,2026-05
Bath and North East Somerset 009C,burglary,1,2026-05
Bath and North East Somerset 009C,criminal-damage-arson,4,2026-05
Bath and North East Somerset 009C,other-theft,2,2026-05
Bath and North East Somerset 009C,possession-of-weapons,2,2026-05
Bath and North East Somerset 009C,public-order,10,2026-05
Bath and North East Somerset 009C,shoplifting,7,2026-05
Bath and North East Somerset 009C,vehicle-crime,4,2026-05
Bath and North East Somerset 009C,violent-crime,25,2026-05
Bath and North East Somerset 009C,drugs,1,2026-05
Bath and North East Somerset 009C,robbery,5,2026-05
Bath and North East Somerset 009E,criminal-damage-arson,2,2026-05
Bath and North East Somerset 009E,public-order,6,2026-05
Bath and North East Somerset 009E,violent-crime,13,2026-05
Bath and North East Somerset 009E,other-crime,2,2026-05
Bath and North East Somerset 009E,anti-social-behaviour,10,2026-05
Bath and North East Somerset 009E,other-theft,2,2026-05
Bath and North East Somerset 009E,robbery,2,2026-05
Bath and North East Somerset 009E,drugs,2,2026-05
Bath and North East Somerset 009E,possession-of-weapons,1,2026-05
Bath and North East Somerset 009E,vehicle-crime,1,2026-05
Bath and North East Somerset 007A,anti-social-behaviour,33,2026-05
Bath and North East Somerset 007A,burglary,3,2026-05
Bath and North East Somerset 007A,criminal-damage-arson,5,2026-05
Bath and North East Somerset 007A,drugs,1,2026-05
Bath and North East Somerset 007A,other-theft,12,2026-05
Bath and North East Somerset 007A,public-order,16,2026-05
Bath and North East Somerset 007A,robbery,3,2026-05
Bath and North East Somerset 007A,shoplifting,48,2026-05
Bath and North East Somerset 007A,theft-from-the-person,2,2026-05
Bath and North East Somerset 007A,violent-crime,32,2026-05
Bath and North East Somerset 007A,other-crime,3,2026-05
Bath and North East Somerset 012E,anti-social-behaviour,6,2026-05
Bath and North East Somerset 012E,shoplifting,2,2026-05
Bath and North East Somerset 012E,violent-crime,3,2026-05
Bath and North East Somerset 007B,anti-social-behaviour,22,2026-05
Bath and North East Somerset 007B,bicycle-theft,1,2026-05
Bath and North East Somerset 007B,burglary,2,2026-05
Bath and North East Somerset 007B,criminal-damage-arson,5,2026-05
Bath and North East Somerset 007B,drugs,2,2026-05
Bath and North East Somerset 007B,other-theft,3,2026-05
Bath and North East Somerset 007B,possession-of-weapons,1,2026-05
Bath and North East Somerset 007B,public-order,16,2026-05
Bath and North East Somerset 007B,robbery,2,2026-05
Bath and North East Somerset 007B,shoplifting,9,2026-05
Bath and North East Somerset 007B,theft-from-the-person,2,2026-05
Bath and North East Somerset 007B,violent-crime,30,2026-05
Bath and North East Somerset 007B,other-crime,1,2026-05
Bath and North East Somerset 012B,anti-social-behaviour,1,2026-05
Bath and North East Somerset 012B,criminal-damage-arson,2,2026-05
Bath and North East Somerset 012B,public-order,7,2026-05
Bath and North East Somerset 012B,shoplifting,1,2026-05
Bath and North East Somerset 012B,violent-crime,2,2026-05
Bath and North East Somerset 007C,criminal-damage-arson,5,2026-05
Bath and North East Somerset 007C,theft-from-the-person,1,2026-05
Bath and North East Somerset 007C,anti-social-behaviour,3,2026-05
Bath and North East Somerset 007C,bicycle-theft,2,2026-05
Bath and North East Somerset 007C,burglary,3,2026-05
Bath and North East Somerset 007C,other-theft,4,2026-05
Bath and North East Somerset 007C,possession-of-weapons,1,2026-05
Bath and North East Somerset 007C,public-order,5,2026-05
Bath and North East Somerset 007C,shoplifting,7,2026-05
Bath and North East Somerset 007C,violent-crime,4,2026-05
Bath and North East Somerset 008A,anti-social-behaviour,1,2026-05
Bath and North East Somerset 008D,burglary,4,2026-05
Bath and North East Somerset 008D,criminal-damage-arson,1,2026-05
Bath and North East Somerset 008D,public-order,1,2026-05
Bath and North East Somerset 008D,violent-crime,5,2026-05
Bath and North East Somerset 008B,public-order,2,2026-05
Bath and North East Somerset 008B,vehicle-crime,1,2026-05
Bath and North East Somerset 008B,violent-crime,6,2026-05
Bath and North East Somerset 008C,violent-crime,1,2026-05
Bath and North East Somerset 007F,anti-social-behaviour,3,2026-05
Bath and North East Somerset 007F,criminal-damage-arson,2,2026-05
Bath and North East Somerset 007F,violent-crime,3,2026-05
Bath and North East Somerset 007D,anti-social-behaviour,2,2026-05
Bath and North East Somerset 007D,vehicle-crime,1,2026-05
Bath and North East Somerset 007D,other-theft,1,2026-05
Bath and North East Somerset 005C,vehicle-crime,1,2026-05
Bath and North East Somerset 005C,burglary,1,2026-05
Bath and North East Somerset 006D,anti-social-behaviour,6,2026-05
Bath and North East Somerset 006D,burglary,1,2026-05
Bath and North East Somerset 006D,criminal-damage-arson,1,2026-05
Bath and North East Somerset 006D,possession-of-weapons,1,2026-05
Bath and North East Somerset 006D,violent-crime,5,2026-05
Bath and North East Somerset 006B,violent-crime,4,2026-05
Bath and North East Somerset 006B,anti-social-behaviour,4,2026-05
Bath and North East Somerset 006B,burglary,2,2026-05
Bath and North East Somerset 006B,other-theft,1,2026-05
Bath and North East Somerset 006B,public-order,1,2026-05
Bath and North East Somerset 006C,anti-social-behaviour,17,2026-05
Bath and North East Somerset 006C,public-order,1,2026-05
Bath and North East Somerset 006C,robbery,2,2026-05
Bath and North East Somerset 006C,shoplifting,9,2026-05
Bath and North East Somerset 006C,violent-crime,5,2026-05
Bath and North East Somerset 006A,anti-social-behaviour,6,2026-05
Bath and North East Somerset 006A,criminal-damage-arson,1,2026-05
Bath and North East Somerset 006A,other-theft,2,2026-05
Bath and North East Somerset 006A,robbery,1,2026-05
Bath and North East Somerset 006A,vehicle-crime,1,2026-05
Bath and North East Somerset 006A,violent-crime,2,2026-05
Bath and North East Somerset 012A,anti-social-behaviour,1,2026-05
Bath and North East Somerset 012A,drugs,1,2026-05
Bath and North East Somerset 012A,violent-crime,1,2026-05
Bath and North East Somerset 012A,other-crime,1,2026-05
Bath and North East Somerset 005D,anti-social-behaviour,1,2026-05
Bath and North East Somerset 005D,criminal-damage-arson,1,2026-05
Bath and North East Somerset 005D,vehicle-crime,1,2026-05
Bath and North East Somerset 005D,violent-crime,3,2026-05
Bath and North East Somerset 005A,burglary,1,2026-05
Bath and North East Somerset 005A,public-order,2,2026-05
Bath and North East Somerset 005A,anti-social-behaviour,1,2026-05
Bath and North East Somerset 005A,violent-crime,1,2026-05
Bath and North East Somerset 005B,violent-crime,6,2026-05
Bath and North East Somerset 005B,public-order,1,2026-05
Bath and North East Somerset 007E,violent-crime,1,2026-05
Bath and North East Somerset 007E,criminal-damage-arson,1,2026-05
Bath and North East Somerset 007E,vehicle-crime,1,2026-05
Bath and North East Somerset 007E,anti-social-behaviour,2,2026-05
Bath and North East Somerset 007E,other-theft,1,2026-05
Bath and North East Somerset 004A,other-theft,2,2026-05
Bath and North East Somerset 004A,violent-crime,1,2026-05
Bath and North East Somerset 004A,anti-social-behaviour,4,2026-05
Bath and North East Somerset 004A,criminal-damage-arson,2,2026-05
Bath and North East Somerset 004B,violent-crime,2,2026-05
Bath and North East Somerset 004B,vehicle-crime,1,2026-05
Bath and North East Somerset 004C,anti-social-behaviour,11,2026-05
Bath and North East Somerset 004C,criminal-damage-arson,1,2026-05
Bath and North East Somerset 004C,other-theft,1,2026-05
Bath and North East Somerset 004C,public-order,2,2026-05
Bath and North East Somerset 004C,shoplifting,7,2026-05
Bath and North East Somerset 004C,burglary,1,2026-05
Bath and North East Somerset 004C,violent-crime,2,2026-05
Bath and North East Somerset 010E,anti-social-behaviour,1,2026-05
Bath and North East Somerset 010E,violent-crime,1,2026-05
Bath and North East Somerset 010E,burglary,1,2026-05
Bath and North East Somerset 010E,public-order,1,2026-05
Bath and North East Somerset 016C,anti-social-behaviour,5,2026-05
Bath and North East Somerset 016C,vehicle-crime,1,2026-05
Bath and North East Somerset 016C,violent-crime,4,2026-05
Bath and North East Somerset 016D,anti-social-behaviour,4,2026-05
Bath and North East Somerset 016D,criminal-damage-arson,1,2026-05
Bath and North East Somerset 016D,public-order,2,2026-05
Bath and North East Somerset 016D,robbery,2,2026-05
Bath and North East Somerset 016D,shoplifting,2,2026-05
Bath and North East Somerset 016D,vehicle-crime,2,2026-05
Bath and North East Somerset 016D,violent-crime,1,2026-05
Bath and North East Somerset 003D,burglary,1,2026-05
Bath and North East Somerset 003D,other-theft,3,2026-05
Bath and North East Somerset 003D,shoplifting,3,2026-05
Bath and North East Somerset 003D,criminal-damage-arson,5,2026-05
Bath and North East Somerset 003D,anti-social-behaviour,5,2026-05
Bath and North East Somerset 003D,drugs,5,2026-05
Bath and North East Somerset 003D,public-order,1,2026-05
Bath and North East Somerset 003D,violent-crime,13,2026-05
Bath and North East Somerset 003D,other-crime,1,2026-05
Bath and North East Somerset 016E,drugs,1,2026-05
Bath and North East Somerset 010C,criminal-damage-arson,1,2026-05
Bath and North East Somerset 010D,anti-social-behaviour,2,2026-05
Bath and North East Somerset 010D,violent-crime,1,2026-05
Bath and North East Somerset 010B,anti-social-behaviour,1,2026-05
Bath and North East Somerset 010B,other-theft,2,2026-05
Bath and North East Somerset 010B,public-order,1,2026-05
Bath and North East Somerset 010A,violent-crime,2,2026-05
North Somerset 013A,anti-social-behaviour,1,2026-05
North Somerset 013A,drugs,1,2026-05
Bristol 050B,anti-social-behaviour,5,2026-05
Bristol 050B,criminal-damage-arson,1,2026-05
Bristol 050B,other-theft,1,2026-05
Bristol 050B,vehicle-crime,1,2026-05
Bristol 050B,violent-crime,11,2026-05
Bristol 046C,anti-social-behaviour,1,2026-05
Bristol 046C,burglary,2,2026-05
Bristol 046C,criminal-damage-arson,1,2026-05
Bristol 046C,public-order,3,2026-05
Bristol 046C,vehicle-crime,1,2026-05
Bristol 046C,violent-crime,2,2026-05
Bristol 051D,anti-social-behaviour,5,2026-05
Bristol 051D,burglary,2,2026-05
Bristol 051D,criminal-damage-arson,3,2026-05
Bristol 051D,other-theft,1,2026-05
Bristol 051D,public-order,2,2026-05
Bristol 051D,shoplifting,4,2026-05
Bristol 051D,violent-crime,13,2026-05
Bristol 048A,anti-social-behaviour,1,2026-05
Bristol 048A,bicycle-theft,2,2026-05
Bristol 048A,criminal-damage-arson,2,2026-05
Bristol 048A,other-theft,3,2026-05
Bristol 048A,public-order,7,2026-05
Bristol 048A,robbery,3,2026-05
Bristol 048A,shoplifting,29,2026-05
Bristol 048A,vehicle-crime,1,2026-05
Bristol 048A,violent-crime,16,2026-05
Bristol 051B,anti-social-behaviour,1,2026-05
Bristol 051B,criminal-damage-arson,5,2026-05
Bristol 051B,vehicle-crime,1,2026-05
Bristol 051B,violent-crime,4,2026-05
Bristol 050D,anti-social-behaviour,5,2026-05
Bristol 050D,criminal-damage-arson,3,2026-05
Bristol 050D,public-order,3,2026-05
Bristol 050D,violent-crime,6,2026-05
Bristol 050D,other-crime,2,2026-05
Bristol 050A,anti-social-behaviour,1,2026-05
Bristol 050A,burglary,1,2026-05
Bristol 050A,criminal-damage-arson,3,2026-05
Bristol 050A,other-theft,3,2026-05
Bristol 050A,public-order,1,2026-05
Bristol 050A,violent-crime,13,2026-05
Bristol 051C,anti-social-behaviour,3,2026-05
Bristol 051C,burglary,1,2026-05
Bristol 051C,criminal-damage-arson,2,2026-05
Bristol 051C,drugs,1,2026-05
Bristol 051C,other-theft,1,2026-05
Bristol 051C,public-order,2,2026-05
Bristol 051C,vehicle-crime,2,2026-05
Bristol 051C,violent-crime,4,2026-05
Bristol 051C,other-crime,1,2026-05
Bristol 046D,anti-social-behaviour,1,2026-05
Bristol 046D,criminal-damage-arson,1,2026-05
Bristol 046D,other-theft,1,2026-05
Bristol 046D,violent-crime,9,2026-05
Bristol 046D,other-crime,1,2026-05
Bristol 050C,criminal-damage-arson,1,2026-05
Bristol 050C,drugs,1,2026-05
Bristol 050C,public-order,1,2026-05
Bristol 050C,violent-crime,11,2026-05
Bristol 050C,other-crime,2,2026-05
Bristol 048D,criminal-damage-arson,5,2026-05
Bristol 048D,other-theft,3,2026-05
Bristol 048D,public-order,2,2026-05
Bristol 048D,shoplifting,11,2026-05
Bristol 048D,vehicle-crime,2,2026-05
Bristol 048D,violent-crime,6,2026-05
Bristol 048C,criminal-damage-arson,1,2026-05
Bristol 048C,drugs,1,2026-05
Bristol 048C,other-theft,1,2026-05
Bristol 048C,possession-of-weapons,3,2026-05
Bristol 048C,public-order,2,2026-05
Bristol 048C,violent-crime,7,2026-05
Bristol 048C,anti-social-behaviour,1,2026-05
Bristol 053B,anti-social-behaviour,9,2026-05
Bristol 053B,criminal-damage-arson,2,2026-05
Bristol 053B,drugs,1,2026-05
Bristol 053B,other-theft,1,2026-05
Bristol 053B,possession-of-weapons,1,2026-05
Bristol 053B,public-order,2,2026-05
Bristol 053B,shoplifting,7,2026-05
Bristol 053B,vehicle-crime,1,2026-05
Bristol 053B,violent-crime,17,2026-05
Bristol 048B,anti-social-behaviour,16,2026-05
Bristol 048B,criminal-damage-arson,1,2026-05
Bristol 048B,other-theft,1,2026-05
Bristol 048B,public-order,3,2026-05
Bristol 048B,shoplifting,6,2026-05
Bristol 048B,vehicle-crime,4,2026-05
Bristol 048B,violent-crime,6,2026-05
Bristol 046B,anti-social-behaviour,1,2026-05
Bristol 046B,other-theft,1,2026-05
Bristol 046B,public-order,1,2026-05
Bristol 046B,vehicle-crime,3,2026-05
Bristol 046B,violent-crime,4,2026-05
Bristol 046B,other-crime,1,2026-05
Bristol 046B,burglary,1,2026-05
Bristol 051A,anti-social-behaviour,3,2026-05
Bristol 051A,criminal-damage-arson,1,2026-05
Bristol 051A,public-order,2,2026-05
Bristol 051A,violent-crime,6,2026-05
Bristol 053E,anti-social-behaviour,7,2026-05
Bristol 053E,criminal-damage-arson,3,2026-05
Bristol 053E,public-order,6,2026-05
Bristol 053E,theft-from-the-person,1,2026-05
Bristol 053E,violent-crime,31,2026-05
Bristol 053E,other-crime,3,2026-05
Bristol 053E,burglary,2,2026-05
Bristol 053E,drugs,1,2026-05
Bristol 053F,anti-social-behaviour,7,2026-05
Bristol 053F,burglary,4,2026-05
Bristol 053F,criminal-damage-arson,7,2026-05
Bristol 053F,other-theft,6,2026-05
Bristol 053F,public-order,6,2026-05
Bristol 053F,robbery,1,2026-05
Bristol 053F,shoplifting,3,2026-05
Bristol 053F,vehicle-crime,2,2026-05
Bristol 053F,violent-crime,24,2026-05
Bristol 045B,anti-social-behaviour,4,2026-05
Bristol 045B,burglary,1,2026-05
Bristol 045B,criminal-damage-arson,4,2026-05
Bristol 045B,other-theft,2,2026-05
Bristol 045B,vehicle-crime,4,2026-05
Bristol 045B,violent-crime,5,2026-05
Bristol 045B,public-order,1,2026-05
Bristol 053C,anti-social-behaviour,1,2026-05
Bristol 053C,burglary,1,2026-05
Bristol 053C,criminal-damage-arson,1,2026-05
Bristol 053C,other-theft,1,2026-05
Bristol 053C,public-order,1,2026-05
Bristol 053C,violent-crime,12,2026-05
Bristol 045C,burglary,1,2026-05
Bristol 045C,criminal-damage-arson,3,2026-05
Bristol 045C,public-order,4,2026-05
Bristol 045C,violent-crime,8,2026-05
Bristol 045C,drugs,1,2026-05
Bristol 045C,other-theft,2,2026-05
Bristol 045C,anti-social-behaviour,2,2026-05
Bristol 045C,bicycle-theft,1,2026-05
Bristol 045C,vehicle-crime,1,2026-05
Bristol 045C,other-crime,1,2026-05
Bristol 047A,violent-crime,18,2026-05
Bristol 047A,anti-social-behaviour,14,2026-05
Bristol 047A,criminal-damage-arson,1,2026-05
Bristol 047A,public-order,1,2026-05
Bristol 047A,shoplifting,3,2026-05
Bristol 047A,vehicle-crime,3,2026-05
Bristol 047A,other-crime,3,2026-05
Bristol 047A,bicycle-theft,1,2026-05
Bristol 047A,other-theft,2,2026-05
Bristol 047A,robbery,1,2026-05
Bristol 045D,anti-social-behaviour,13,2026-05
Bristol 045D,vehicle-crime,4,2026-05
Bristol 045D,violent-crime,12,2026-05
Bristol 045D,burglary,1,2026-05
Bristol 045D,criminal-damage-arson,4,2026-05
Bristol 045D,possession-of-weapons,1,2026-05
Bristol 045D,other-theft,1,2026-05
Bristol 045D,public-order,1,2026-05
Bristol 045A,anti-social-behaviour,2,2026-05
Bristol 045A,burglary,2,2026-05
Bristol 045A,other-crime,1,2026-05
Bristol 045A,criminal-damage-arson,2,2026-05
Bristol 045A,other-theft,3,2026-05
Bristol 045A,possession-of-weapons,1,2026-05
Bristol 045A,violent-crime,3,2026-05
Bristol 047B,anti-social-behaviour,4,2026-05
Bristol 047B,bicycle-theft,1,2026-05
Bristol 047B,burglary,2,2026-05
Bristol 047B,criminal-damage-arson,3,2026-05
Bristol 047B,possession-of-weapons,1,2026-05
Bristol 047B,public-order,3,2026-05
Bristol 047B,shoplifting,1,2026-05
Bristol 047B,vehicle-crime,3,2026-05
Bristol 047B,violent-crime,5,2026-05
Bristol 047B,other-crime,1,2026-05
Bristol 052E,anti-social-behaviour,1,2026-05
Bristol 052E,shoplifting,1,2026-05
Bristol 052E,violent-crime,1,2026-05
Bristol 052E,other-crime,1,2026-05
Bristol 044B,anti-social-behaviour,6,2026-05
Bristol 044B,criminal-damage-arson,5,2026-05
Bristol 044B,public-order,3,2026-05
Bristol 044B,violent-crime,8,2026-05
Bristol 044B,burglary,1,2026-05
Bristol 044B,other-crime,1,2026-05
Bristol 044B,other-theft,1,2026-05
Bristol 052C,burglary,1,2026-05
Bristol 052C,violent-crime,3,2026-05
Bristol 052B,criminal-damage-arson,2,2026-05
Bristol 052B,violent-crime,4,2026-05
Bristol 052B,anti-social-behaviour,1,2026-05
Bristol 052A,public-order,1,2026-05
Bristol 052A,vehicle-crime,1,2026-05
Bristol 052A,violent-crime,2,2026-05
Bristol 052D,shoplifting,2,2026-05
Bristol 052D,vehicle-crime,1,2026-05
Bristol 052D,violent-crime,2,2026-05
Bristol 047C,violent-crime,3,2026-05
Bristol 047C,criminal-damage-arson,2,2026-05
Bristol 047C,drugs,2,2026-05
Bristol 047C,other-theft,2,2026-05
Bristol 047C,public-order,1,2026-05
Bristol 047C,other-crime,2,2026-05
Bath and North East Somerset 020E,anti-social-behaviour,2,2026-05
Bath and North East Somerset 020E,violent-crime,7,2026-05
Bath and North East Somerset 020E,shoplifting,1,2026-05
Bristol 047F,burglary,1,2026-05
Bristol 047F,public-order,2,2026-05
Bristol 047F,vehicle-crime,1,2026-05
Bristol 047F,violent-crime,3,2026-05
Bristol 047D,criminal-damage-arson,1,2026-05
Bristol 047D,drugs,1,2026-05
Bristol 047D,other-theft,1,2026-05
Bristol 047D,public-order,1,2026-05
Bristol 047D,vehicle-crime,4,2026-05
Bristol 047D,violent-crime,5,2026-05
Bristol 049C,other-theft,2,2026-05
Bristol 049C,theft-from-the-person,1,2026-05
Bristol 049C,public-order,1,2026-05
Bristol 049C,violent-crime,2,2026-05
Bristol 049G,anti-social-behaviour,2,2026-05
Bristol 049G,criminal-damage-arson,1,2026-05
Bristol 049G,drugs,1,2026-05
Bristol 049G,other-theft,2,2026-05
Bristol 049G,public-order,1,2026-05
Bristol 049G,vehicle-crime,1,2026-05
Bristol 049G,violent-crime,9,2026-05
Bristol 049E,anti-social-behaviour,2,2026-05
Bristol 049E,burglary,1,2026-05
Bristol 049E,criminal-damage-arson,1,2026-05
Bristol 049E,drugs,1,2026-05
Bristol 049E,other-theft,1,2026-05
Bristol 049E,public-order,1,2026-05
Bristol 049E,violent-crime,11,2026-05
Bristol 049E,other-crime,3,2026-05
Bristol 049B,anti-social-behaviour,2,2026-05
Bristol 049B,other-theft,2,2026-05
Bristol 049B,public-order,4,2026-05
Bristol 049B,violent-crime,7,2026-05
Bristol 049B,criminal-damage-arson,1,2026-05
Bristol 049B,vehicle-crime,1,2026-05
Bristol 047E,other-crime,1,2026-05
Bristol 047E,anti-social-behaviour,1,2026-05
Bristol 047E,other-theft,1,2026-05
Bristol 047E,vehicle-crime,1,2026-05
Bristol 049D,anti-social-behaviour,1,2026-05
Bristol 049D,other-theft,1,2026-05
Bristol 049D,vehicle-crime,1,2026-05
Bristol 049D,violent-crime,3,2026-05
Bristol 049A,anti-social-behaviour,2,2026-05
Bristol 049A,criminal-damage-arson,3,2026-05
Bristol 049A,public-order,1,2026-05
Bristol 049A,violent-crime,3,2026-05
Bristol 049F,criminal-damage-arson,1,2026-05
Bristol 049F,other-theft,1,2026-05
Bristol 049F,robbery,1,2026-05
Bristol 049F,violent-crime,4,2026-05
Bath and North East Somerset 001A,drugs,1,2026-05
Bath and North East Somerset 001A,possession-of-weapons,1,2026-05
Bath and North East Somerset 001A,violent-crime,8,2026-05
Bath and North East Somerset 001A,anti-social-behaviour,2,2026-05
Bath and North East Somerset 002B,anti-social-behaviour,5,2026-05
Bath and North East Somerset 002B,criminal-damage-arson,3,2026-05
Bath and North East Somerset 002B,other-theft,1,2026-05
Bath and North East Somerset 002B,public-order,1,2026-05
Bath and North East Somerset 002B,shoplifting,1,2026-05
Bath and North East Somerset 002B,theft-from-the-person,1,2026-05
Bath and North East Somerset 002B,violent-crime,2,2026-05
Bath and North East Somerset 001C,anti-social-behaviour,1,2026-05
Bath and North East Somerset 001C,other-theft,1,2026-05
Bath and North East Somerset 001C,vehicle-crime,1,2026-05
Bath and North East Somerset 001C,violent-crime,8,2026-05
Bath and North East Somerset 002E,anti-social-behaviour,6,2026-05
Bath and North East Somerset 002E,vehicle-crime,1,2026-05
Bath and North East Somerset 002E,violent-crime,4,2026-05
Bath and North East Somerset 001B,anti-social-behaviour,13,2026-05
Bath and North East Somerset 001B,drugs,2,2026-05
Bath and North East Somerset 001B,other-theft,2,2026-05
Bath and North East Somerset 001B,public-order,1,2026-05
Bath and North East Somerset 001B,shoplifting,14,2026-05
Bath and North East Somerset 001B,vehicle-crime,2,2026-05
Bath and North East Somerset 001B,violent-crime,7,2026-05
Bath and North East Somerset 001B,other-crime,1,2026-05
Bath and North East Somerset 002C,anti-social-behaviour,4,2026-05
Bath and North East Somerset 002C,burglary,2,2026-05
Bath and North East Somerset 002C,criminal-damage-arson,3,2026-05
Bath and North East Somerset 002C,public-order,3,2026-05
Bath and North East Somerset 002C,violent-crime,12,2026-05
Bath and North East Somerset 003C,anti-social-behaviour,1,2026-05
Bath and North East Somerset 003C,criminal-damage-arson,1,2026-05
Bath and North East Somerset 003C,public-order,1,2026-05
Bath and North East Somerset 003C,violent-crime,2,2026-05
Bath and North East Somerset 003B,anti-social-behaviour,1,2026-05
Bath and North East Somerset 003B,burglary,1,2026-05
Bath and North East Somerset 003B,criminal-damage-arson,1,2026-05
Bath and North East Somerset 003B,shoplifting,1,2026-05
Bath and North East Somerset 003B,violent-crime,3,2026-05
Bath and North East Somerset 002D,shoplifting,2,2026-05
Bath and North East Somerset 002D,vehicle-crime,1,2026-05
Bath and North East Somerset 002D,violent-crime,2,2026-05
Bath and North East Somerset 003A,other-theft,1,2026-05
Bristol 041A,anti-social-behaviour,3,2026-05
Bristol 041A,burglary,1,2026-05
Bristol 041A,drugs,1,2026-05
Bristol 041A,public-order,1,2026-05
Bristol 041A,violent-crime,5,2026-05
Bristol 041A,other-theft,2,2026-05
Bristol 041A,vehicle-crime,1,2026-05
Bristol 041A,other-crime,1,2026-05
Bristol 046A,burglary,2,2026-05
Bristol 046A,criminal-damage-arson,2,2026-05
Bristol 046A,public-order,1,2026-05
Bristol 046A,shoplifting,2,2026-05
Bristol 046A,vehicle-crime,1,2026-05
Bristol 046A,violent-crime,2,2026-05
Bristol 046A,other-crime,2,2026-05
Bristol 039A,burglary,2,2026-05
Bristol 039A,anti-social-behaviour,1,2026-05
Bristol 039A,vehicle-crime,3,2026-05
Bristol 039A,violent-crime,1,2026-05
Bristol 041D,other-theft,6,2026-05
Bristol 041D,robbery,1,2026-05
Bristol 041D,shoplifting,4,2026-05
Bristol 041D,vehicle-crime,1,2026-05
Bristol 041D,violent-crime,5,2026-05
Bristol 041D,anti-social-behaviour,2,2026-05
Bristol 039B,other-theft,1,2026-05
Bristol 039B,public-order,2,2026-05
Bristol 039B,vehicle-crime,1,2026-05
Bristol 039B,anti-social-behaviour,4,2026-05
Bristol 039B,drugs,1,2026-05
Bristol 039B,other-crime,1,2026-05
Bristol 039B,violent-crime,9,2026-05
Bristol 045E,criminal-damage-arson,3,2026-05
Bristol 045E,violent-crime,6,2026-05
Bristol 045E,drugs,1,2026-05
Bristol 045E,other-theft,1,2026-05
Bristol 045E,public-order,2,2026-05
Bristol 040A,other-theft,4,2026-05
Bristol 040A,violent-crime,5,2026-05
Bristol 040A,public-order,1,2026-05
Bristol 040A,anti-social-behaviour,2,2026-05
Bristol 040A,robbery,1,2026-05
Bristol 044A,anti-social-behaviour,2,2026-05
Bristol 044A,other-theft,1,2026-05
Bristol 044A,vehicle-crime,2,2026-05
Bristol 044A,violent-crime,6,2026-05
Bristol 044A,criminal-damage-arson,1,2026-05
Bristol 044A,possession-of-weapons,1,2026-05
Bristol 044A,public-order,2,2026-05
Bristol 044A,shoplifting,1,2026-05
Bristol 044C,anti-social-behaviour,3,2026-05
Bristol 044C,public-order,1,2026-05
Bristol 044C,vehicle-crime,2,2026-05
Bristol 044C,violent-crime,7,2026-05
Bristol 044C,other-crime,2,2026-05
Bristol 044C,burglary,1,2026-05
Bristol 044C,criminal-damage-arson,1,2026-05
Bristol 044D,anti-social-behaviour,1,2026-05
Bristol 044D,bicycle-theft,1,2026-05
Bristol 044D,other-theft,2,2026-05
Bristol 044D,vehicle-crime,2,2026-05
Bristol 044D,violent-crime,7,2026-05
Bristol 044D,other-crime,1,2026-05
Bristol 042B,anti-social-behaviour,2,2026-05
Bristol 042B,drugs,1,2026-05
Bristol 042B,other-theft,2,2026-05
Bristol 042B,violent-crime,5,2026-05
Bristol 042B,public-order,2,2026-05
Bristol 042C,anti-social-behaviour,8,2026-05
Bristol 042C,public-order,1,2026-05
Bristol 042C,violent-crime,5,2026-05
Bristol 042C,burglary,3,2026-05
Bristol 042C,other-theft,1,2026-05
Bristol 042C,vehicle-crime,2,2026-05
Bristol 044E,anti-social-behaviour,1,2026-05
Bristol 044E,criminal-damage-arson,1,2026-05
Bristol 044E,public-order,1,2026-05
Bristol 044E,robbery,1,2026-05
Bristol 044E,violent-crime,3,2026-05
Bristol 042A,anti-social-behaviour,1,2026-05
Bristol 042A,drugs,1,2026-05
Bristol 042A,other-theft,2,2026-05
Bristol 042A,public-order,6,2026-05
Bristol 042A,violent-crime,4,2026-05
Bristol 042A,other-crime,1,2026-05
Bristol 043C,anti-social-behaviour,5,2026-05
Bristol 043C,criminal-damage-arson,3,2026-05
Bristol 043C,other-theft,2,2026-05
Bristol 043C,public-order,17,2026-05
Bristol 043C,vehicle-crime,1,2026-05
Bristol 043C,violent-crime,29,2026-05
Bristol 043C,bicycle-theft,1,2026-05
Bristol 043C,shoplifting,1,2026-05
Bristol 043C,drugs,1,2026-05
Bristol 043C,robbery,1,2026-05
Bristol 042E,anti-social-behaviour,1,2026-05
Bristol 042E,violent-crime,3,2026-05
Bristol 043D,anti-social-behaviour,4,2026-05
Bristol 043D,other-theft,2,2026-05
Bristol 043D,robbery,1,2026-05
Bristol 043D,shoplifting,3,2026-05
Bristol 043D,violent-crime,15,2026-05
Bristol 043D,burglary,1,2026-05
Bristol 043B,anti-social-behaviour,3,2026-05
Bristol 043B,other-theft,1,2026-05
Bristol 043B,violent-crime,3,2026-05
Bristol 043B,criminal-damage-arson,2,2026-05
Bristol 043B,vehicle-crime,1,2026-05
Bristol 043B,bicycle-theft,1,2026-05
Bristol 043B,robbery,1,2026-05
Bristol 043B,shoplifting,2,2026-05
South Gloucestershire 024A,violent-crime,1,2026-05
Bristol 036A,anti-social-behaviour,6,2026-05
Bristol 036A,burglary,1,2026-05
Bristol 036A,criminal-damage-arson,2,2026-05
Bristol 036A,other-theft,16,2026-05
Bristol 036A,robbery,1,2026-05
Bristol 036A,theft-from-the-person,2,2026-05
Bristol 036A,vehicle-crime,2,2026-05
Bristol 036A,violent-crime,9,2026-05
Bristol 036A,other-crime,1,2026-05
Bristol 036A,public-order,2,2026-05
Bristol 041B,anti-social-behaviour,1,2026-05
Bristol 041B,criminal-damage-arson,2,2026-05
Bristol 041B,public-order,1,2026-05
Bristol 041B,vehicle-crime,1,2026-05
Bristol 041B,other-crime,1,2026-05
Bristol 036E,anti-social-behaviour,2,2026-05
Bristol 036E,criminal-damage-arson,3,2026-05
Bristol 036E,public-order,1,2026-05
Bristol 036E,robbery,1,2026-05
Bristol 036E,shoplifting,3,2026-05
Bristol 036E,vehicle-crime,1,2026-05
Bristol 036E,violent-crime,3,2026-05
North Somerset 006C,burglary,2,2026-05
North Somerset 006C,criminal-damage-arson,1,2026-05
North Somerset 006C,vehicle-crime,1,2026-05
Bristol 036B,anti-social-behaviour,3,2026-05
Bristol 036B,burglary,1,2026-05
Bristol 036B,criminal-damage-arson,2,2026-05
Bristol 036B,other-theft,1,2026-05
Bristol 036B,public-order,1,2026-05
Bristol 036B,shoplifting,7,2026-05
Bristol 036B,theft-from-the-person,1,2026-05
Bristol 036B,vehicle-crime,4,2026-05
Bristol 036B,violent-crime,1,2026-05
Bristol 039F,anti-social-behaviour,6,2026-05
Bristol 039F,burglary,3,2026-05
Bristol 039F,criminal-damage-arson,4,2026-05
Bristol 039F,drugs,1,2026-05
Bristol 039F,other-theft,3,2026-05
Bristol 039F,possession-of-weapons,1,2026-05
Bristol 039F,public-order,9,2026-05
Bristol 039F,shoplifting,3,2026-05
Bristol 039F,violent-crime,9,2026-05
Bristol 039F,other-crime,1,2026-05
Bristol 037D,anti-social-behaviour,2,2026-05
Bristol 037D,other-theft,1,2026-05
Bristol 037D,vehicle-crime,1,2026-05
Bristol 037D,violent-crime,5,2026-05
Bristol 037D,burglary,1,2026-05
Bristol 039G,anti-social-behaviour,2,2026-05
Bristol 039G,burglary,3,2026-05
Bristol 039G,criminal-damage-arson,2,2026-05
Bristol 039G,other-theft,3,2026-05
Bristol 039G,public-order,4,2026-05
Bristol 039G,robbery,1,2026-05
Bristol 039G,shoplifting,2,2026-05
Bristol 039G,vehicle-crime,1,2026-05
Bristol 039G,violent-crime,6,2026-05
Bristol 039E,anti-social-behaviour,7,2026-05
Bristol 039E,burglary,4,2026-05
Bristol 039E,criminal-damage-arson,5,2026-05
Bristol 039E,other-theft,7,2026-05
Bristol 039E,public-order,7,2026-05
Bristol 039E,shoplifting,11,2026-05
Bristol 039E,vehicle-crime,4,2026-05
Bristol 039E,violent-crime,14,2026-05
Bristol 039E,robbery,2,2026-05
Bristol 040C,anti-social-behaviour,2,2026-05
Bristol 040C,burglary,1,2026-05
Bristol 040C,criminal-damage-arson,2,2026-05
Bristol 040C,other-theft,1,2026-05
Bristol 040C,public-order,2,2026-05
Bristol 040C,vehicle-crime,2,2026-05
Bristol 040C,violent-crime,3,2026-05
Bristol 040D,anti-social-behaviour,2,2026-05
Bristol 040D,shoplifting,1,2026-05
Bristol 040D,vehicle-crime,2,2026-05
Bristol 040D,violent-crime,6,2026-05
Bristol 036C,burglary,1,2026-05
Bristol 036C,other-theft,4,2026-05
Bristol 036C,vehicle-crime,1,2026-05
Bristol 036C,violent-crime,3,2026-05
Bristol 039H,criminal-damage-arson,2,2026-05
Bristol 039H,theft-from-the-person,1,2026-05
Bristol 039H,vehicle-crime,2,2026-05
Bristol 039H,violent-crime,3,2026-05
Bristol 040B,criminal-damage-arson,1,2026-05
Bristol 040B,other-theft,1,2026-05
Bristol 040B,possession-of-weapons,1,2026-05
Bristol 040B,vehicle-crime,3,2026-05
Bristol 040B,violent-crime,1,2026-05
Bristol 041C,public-order,1,2026-05
Bristol 041C,robbery,1,2026-05
Bristol 041C,violent-crime,1,2026-05
Bristol 042D,anti-social-behaviour,1,2026-05
Bristol 042D,criminal-damage-arson,1,2026-05
Bristol 042D,other-theft,1,2026-05
Bristol 042D,vehicle-crime,2,2026-05
Bristol 042D,violent-crime,2,2026-05
Bristol 037B,anti-social-behaviour,3,2026-05
Bristol 037B,other-theft,2,2026-05
Bristol 037B,public-order,3,2026-05
Bristol 037B,vehicle-crime,1,2026-05
Bristol 037B,violent-crime,6,2026-05
Bristol 037B,burglary,1,2026-05
Bristol 037A,criminal-damage-arson,1,2026-05
Bristol 037A,vehicle-crime,1,2026-05
Bristol 037A,violent-crime,9,2026-05
Bristol 037A,anti-social-behaviour,1,2026-05
Bristol 037A,burglary,1,2026-05
Bristol 037A,other-theft,1,2026-05
Bristol 037A,public-order,2,2026-05
Bristol 037C,other-theft,1,2026-05
Bristol 037C,violent-crime,5,2026-05
Bristol 037C,burglary,2,2026-05
Bristol 037C,vehicle-crime,1,2026-05
Bristol 054B,burglary,3,2026-05
Bristol 054B,anti-social-behaviour,6,2026-05
Bristol 054B,possession-of-weapons,2,2026-05
Bristol 054B,violent-crime,16,2026-05
Bristol 054B,bicycle-theft,4,2026-05
Bristol 054B,criminal-damage-arson,4,2026-05
Bristol 054B,public-order,11,2026-05
Bristol 054B,robbery,5,2026-05
Bristol 054B,shoplifting,5,2026-05
Bristol 054B,vehicle-crime,2,2026-05
Bristol 054B,drugs,2,2026-05
Bristol 054B,other-theft,3,2026-05
Bristol 035D,anti-social-behaviour,4,2026-05
Bristol 035D,criminal-damage-arson,2,2026-05
Bristol 035D,other-theft,2,2026-05
Bristol 035D,public-order,2,2026-05
Bristol 035D,robbery,1,2026-05
Bristol 035D,shoplifting,1,2026-05
Bristol 035D,violent-crime,4,2026-05
Bristol 043A,anti-social-behaviour,7,2026-05
Bristol 043A,criminal-damage-arson,3,2026-05
Bristol 043A,other-theft,2,2026-05
Bristol 043A,shoplifting,6,2026-05
Bristol 043A,vehicle-crime,1,2026-05
Bristol 043A,violent-crime,4,2026-05
Bristol 043A,other-crime,1,2026-05
Bristol 038E,anti-social-behaviour,3,2026-05
Bristol 038E,other-theft,1,2026-05
Bristol 038E,violent-crime,4,2026-05
Bristol 038E,burglary,1,2026-05
Bristol 038E,drugs,2,2026-05
Bristol 038E,vehicle-crime,1,2026-05
Bristol 038E,other-crime,1,2026-05
Bristol 038C,criminal-damage-arson,3,2026-05
Bristol 038C,other-theft,2,2026-05
Bristol 038C,violent-crime,2,2026-05
Bristol 038C,other-crime,1,2026-05
Bristol 035E,criminal-damage-arson,1,2026-05
Bristol 035E,vehicle-crime,1,2026-05
Bristol 035E,violent-crime,1,2026-05
Bristol 038A,violent-crime,3,2026-05
Bristol 038A,anti-social-behaviour,1,2026-05
Bristol 038D,anti-social-behaviour,5,2026-05
Bristol 038D,burglary,3,2026-05
Bristol 038D,criminal-damage-arson,1,2026-05
Bristol 038D,drugs,1,2026-05
Bristol 038D,other-theft,1,2026-05
Bristol 038D,violent-crime,10,2026-05
Bristol 038B,anti-social-behaviour,1,2026-05
Bristol 038B,burglary,2,2026-05
Bristol 038B,other-theft,3,2026-05
Bristol 038B,shoplifting,1,2026-05
Bristol 038B,violent-crime,5,2026-05
South Gloucestershire 031F,bicycle-theft,1,2026-05
South Gloucestershire 031F,violent-crime,1,2026-05
Wiltshire 018E,burglary,1,2026-05
Wiltshire 018E,criminal-damage-arson,1,2026-05
Wiltshire 018E,violent-crime,3,2026-05
Bristol 034A,anti-social-behaviour,2,2026-05
Bristol 034A,criminal-damage-arson,4,2026-05
Bristol 034A,other-theft,1,2026-05
Bristol 034A,vehicle-crime,2,2026-05
Bristol 034A,violent-crime,11,2026-05
Bristol 036D,anti-social-behaviour,2,2026-05
Bristol 036D,burglary,1,2026-05
Bristol 036D,criminal-damage-arson,1,2026-05
Bristol 036D,other-theft,2,2026-05
Bristol 036D,robbery,1,2026-05
Bristol 036D,shoplifting,2,2026-05
Bristol 036D,vehicle-crime,2,2026-05
Bristol 036D,violent-crime,3,2026-05
Bristol 030D,anti-social-behaviour,2,2026-05
Bristol 030D,criminal-damage-arson,2,2026-05
Bristol 030D,robbery,1,2026-05
Bristol 030D,vehicle-crime,2,2026-05
Bristol 030D,burglary,1,2026-05
Bristol 030D,other-theft,2,2026-05
Bristol 030D,violent-crime,3,2026-05
Bristol 034C,burglary,1,2026-05
Bristol 034C,criminal-damage-arson,1,2026-05
Bristol 034C,vehicle-crime,1,2026-05
Bristol 034C,violent-crime,9,2026-05
Bristol 061D,burglary,2,2026-05
Bristol 061D,criminal-damage-arson,2,2026-05
Bristol 061D,public-order,1,2026-05
Bristol 061D,shoplifting,1,2026-05
Bristol 061D,violent-crime,13,2026-05
Bristol 061D,drugs,2,2026-05
Bristol 061D,other-theft,2,2026-05
Bristol 061D,vehicle-crime,2,2026-05
North Somerset 004A,violent-crime,2,2026-05
North Somerset 004A,burglary,1,2026-05
Bristol 030C,anti-social-behaviour,4,2026-05
Bristol 030C,burglary,1,2026-05
Bristol 030C,criminal-damage-arson,5,2026-05
Bristol 030C,other-theft,1,2026-05
Bristol 030C,public-order,1,2026-05
Bristol 030C,vehicle-crime,4,2026-05
Bristol 030C,violent-crime,2,2026-05
Bristol 030C,other-crime,1,2026-05
Bristol 061C,anti-social-behaviour,37,2026-05
Bristol 061C,criminal-damage-arson,11,2026-05
Bristol 061C,vehicle-crime,4,2026-05
Bristol 061C,violent-crime,54,2026-05
Bristol 061C,burglary,6,2026-05
Bristol 061C,drugs,5,2026-05
Bristol 061C,other-theft,22,2026-05
Bristol 061C,possession-of-weapons,2,2026-05
Bristol 061C,public-order,13,2026-05
Bristol 061C,robbery,4,2026-05
Bristol 061C,shoplifting,5,2026-05
Bristol 061C,theft-from-the-person,5,2026-05
Bristol 036F,anti-social-behaviour,1,2026-05
Bristol 036F,bicycle-theft,1,2026-05
Bristol 036F,burglary,1,2026-05
Bristol 036F,criminal-damage-arson,3,2026-05
Bristol 036F,other-theft,2,2026-05
Bristol 036F,public-order,1,2026-05
Bristol 036F,vehicle-crime,2,2026-05
Bristol 060E,anti-social-behaviour,5,2026-05
Bristol 060E,criminal-damage-arson,1,2026-05
Bristol 060E,other-theft,1,2026-05
Bristol 060E,public-order,3,2026-05
Bristol 060E,shoplifting,2,2026-05
Bristol 060E,violent-crime,2,2026-05
Bristol 034B,criminal-damage-arson,1,2026-05
Bristol 034B,other-theft,2,2026-05
Bristol 034B,public-order,1,2026-05
Bristol 034B,violent-crime,2,2026-05
Bristol 060D,public-order,5,2026-05
Bristol 060D,violent-crime,16,2026-05
Bristol 060D,anti-social-behaviour,6,2026-05
Bristol 060D,bicycle-theft,1,2026-05
Bristol 060D,burglary,3,2026-05
Bristol 060D,criminal-damage-arson,3,2026-05
Bristol 060D,other-theft,8,2026-05
Bristol 060D,theft-from-the-person,4,2026-05
Bristol 060D,vehicle-crime,1,2026-05
Bristol 061E,anti-social-behaviour,6,2026-05
Bristol 061E,burglary,2,2026-05
Bristol 061E,criminal-damage-arson,2,2026-05
Bristol 061E,other-theft,2,2026-05
Bristol 061E,public-order,1,2026-05
Bristol 061E,shoplifting,1,2026-05
Bristol 061E,vehicle-crime,1,2026-05
Bristol 061E,violent-crime,8,2026-05
Bristol 054E,anti-social-behaviour,10,2026-05
Bristol 054E,criminal-damage-arson,1,2026-05
Bristol 054E,public-order,2,2026-05
Bristol 054E,robbery,1,2026-05
Bristol 054E,shoplifting,1,2026-05
Bristol 054E,violent-crime,18,2026-05
Bristol 054E,burglary,2,2026-05
Bristol 054E,other-theft,1,2026-05
Bristol 054E,other-crime,1,2026-05
Bristol 061B,anti-social-behaviour,16,2026-05
Bristol 061B,burglary,2,2026-05
Bristol 061B,vehicle-crime,4,2026-05
Bristol 061B,violent-crime,17,2026-05
Bristol 061B,bicycle-theft,3,2026-05
Bristol 061B,criminal-damage-arson,2,2026-05
Bristol 061B,other-theft,8,2026-05
Bristol 061B,public-order,5,2026-05
Bristol 061B,shoplifting,1,2026-05
Bristol 061A,anti-social-behaviour,35,2026-05
Bristol 061A,criminal-damage-arson,16,2026-05
Bristol 061A,other-theft,22,2026-05
Bristol 061A,shoplifting,15,2026-05
Bristol 061A,violent-crime,61,2026-05
Bristol 061A,theft-from-the-person,7,2026-05
Bristol 061A,bicycle-theft,6,2026-05
Bristol 061A,burglary,16,2026-05
Bristol 061A,public-order,27,2026-05
Bristol 061A,drugs,2,2026-05
Bristol 061A,possession-of-weapons,2,2026-05
Bristol 061A,robbery,10,2026-05
Bristol 061A,vehicle-crime,2,2026-05
Bristol 061A,other-crime,1,2026-05
Bristol 054G,anti-social-behaviour,10,2026-05
Bristol 054G,bicycle-theft,2,2026-05
Bristol 054G,burglary,2,2026-05
Bristol 054G,criminal-damage-arson,1,2026-05
Bristol 054G,drugs,1,2026-05
Bristol 054G,public-order,1,2026-05
Bristol 054G,violent-crime,9,2026-05
Bristol 054G,other-theft,1,2026-05
Bristol 054G,robbery,1,2026-05
Bristol 054F,anti-social-behaviour,7,2026-05
Bristol 054F,bicycle-theft,1,2026-05
Bristol 054F,burglary,3,2026-05
Bristol 054F,drugs,3,2026-05
Bristol 054F,other-theft,6,2026-05
Bristol 054F,possession-of-weapons,1,2026-05
Bristol 054F,public-order,3,2026-05
Bristol 054F,theft-from-the-person,1,2026-05
Bristol 054F,violent-crime,13,2026-05
Bristol 054A,criminal-damage-arson,2,2026-05
Bristol 054A,violent-crime,17,2026-05
Bristol 054A,anti-social-behaviour,7,2026-05
Bristol 054A,other-theft,2,2026-05
Bristol 054A,bicycle-theft,2,2026-05
Bristol 054A,burglary,1,2026-05
Bristol 054A,vehicle-crime,2,2026-05
Bristol 054A,public-order,1,2026-05
Bristol 056B,anti-social-behaviour,7,2026-05
Bristol 056B,criminal-damage-arson,1,2026-05
Bristol 056B,other-theft,2,2026-05
Bristol 056B,public-order,3,2026-05
Bristol 056B,robbery,3,2026-05
Bristol 056B,shoplifting,13,2026-05
Bristol 056B,vehicle-crime,2,2026-05
Bristol 056B,violent-crime,5,2026-05
Bristol 035F,anti-social-behaviour,1,2026-05
Bristol 035F,criminal-damage-arson,2,2026-05
Bristol 035F,public-order,1,2026-05
Bristol 035F,violent-crime,6,2026-05
Bristol 035A,vehicle-crime,3,2026-05
Bristol 035A,other-crime,3,2026-05
Bristol 035A,anti-social-behaviour,2,2026-05
Bristol 035A,burglary,1,2026-05
Bristol 035A,criminal-damage-arson,1,2026-05
Bristol 035A,violent-crime,3,2026-05
Bristol 035A,public-order,1,2026-05
Bristol 035A,robbery,1,2026-05
Bristol 056D,violent-crime,14,2026-05
Bristol 056D,anti-social-behaviour,12,2026-05
Bristol 056D,burglary,1,2026-05
Bristol 056D,other-theft,5,2026-05
Bristol 056D,public-order,1,2026-05
Bristol 056D,robbery,1,2026-05
Bristol 056D,criminal-damage-arson,1,2026-05
Bristol 035B,anti-social-behaviour,3,2026-05
Bristol 035B,burglary,1,2026-05
Bristol 035B,criminal-damage-arson,2,2026-05
Bristol 035B,drugs,1,2026-05
Bristol 035B,public-order,1,2026-05
Bristol 035B,violent-crime,1,2026-05
Bristol 035C,anti-social-behaviour,1,2026-05
Bristol 035C,criminal-damage-arson,1,2026-05
Bristol 035C,vehicle-crime,1,2026-05
Bristol 035C,violent-crime,2,2026-05
Bristol 035C,other-crime,1,2026-05
Bristol 033A,anti-social-behaviour,3,2026-05
Bristol 033A,public-order,1,2026-05
South Gloucestershire 031C,bicycle-theft,1,2026-05
South Gloucestershire 031C,violent-crime,4,2026-05
South Gloucestershire 031C,anti-social-behaviour,1,2026-05
South Gloucestershire 031D,criminal-damage-arson,1,2026-05
South Gloucestershire 031D,shoplifting,2,2026-05
South Gloucestershire 031D,violent-crime,2,2026-05
South Gloucestershire 031A,violent-crime,5,2026-05
South Gloucestershire 031A,public-order,1,2026-05
Bristol 033D,violent-crime,1,2026-05
Bristol 026D,anti-social-behaviour,2,2026-05
Bristol 026D,bicycle-theft,1,2026-05
Bristol 026D,burglary,6,2026-05
Bristol 026D,criminal-damage-arson,5,2026-05
Bristol 026D,other-theft,1,2026-05
Bristol 026D,public-order,1,2026-05
Bristol 026D,vehicle-crime,3,2026-05
Bristol 026D,violent-crime,1,2026-05
Bristol 034D,anti-social-behaviour,1,2026-05
Bristol 034D,violent-crime,4,2026-05
Bristol 060C,anti-social-behaviour,6,2026-05
Bristol 060C,bicycle-theft,3,2026-05
Bristol 060C,burglary,6,2026-05
Bristol 060C,criminal-damage-arson,5,2026-05
Bristol 060C,other-theft,7,2026-05
Bristol 060C,public-order,2,2026-05
Bristol 060C,robbery,3,2026-05
Bristol 060C,shoplifting,36,2026-05
Bristol 060C,theft-from-the-person,7,2026-05
Bristol 060C,vehicle-crime,3,2026-05
Bristol 060C,violent-crime,13,2026-05
Bristol 060C,other-crime,2,2026-05
Bristol 030B,anti-social-behaviour,2,2026-05
Bristol 030B,burglary,1,2026-05
Bristol 030B,other-theft,3,2026-05
Bristol 030B,public-order,2,2026-05
Bristol 030B,vehicle-crime,3,2026-05
Bristol 030B,violent-crime,6,2026-05
Bristol 026B,anti-social-behaviour,2,2026-05
Bristol 026B,possession-of-weapons,1,2026-05
Bristol 026B,public-order,1,2026-05
Bristol 026B,vehicle-crime,3,2026-05
Bristol 026B,violent-crime,1,2026-05
Bristol 026B,burglary,2,2026-05
Bristol 026B,shoplifting,3,2026-05
Bristol 026A,anti-social-behaviour,1,2026-05
Bristol 026A,bicycle-theft,1,2026-05
Bristol 026A,burglary,1,2026-05
Bristol 026A,criminal-damage-arson,1,2026-05
Bristol 026A,other-theft,1,2026-05
Bristol 026A,shoplifting,1,2026-05
Bristol 026A,theft-from-the-person,1,2026-05
Bristol 026A,vehicle-crime,3,2026-05
Bristol 026A,violent-crime,3,2026-05
Bristol 030A,burglary,1,2026-05
Bristol 030A,other-theft,2,2026-05
Bristol 030A,vehicle-crime,3,2026-05
Bristol 030A,violent-crime,1,2026-05
Bristol 030A,bicycle-theft,1,2026-05
Bristol 060A,criminal-damage-arson,4,2026-05
Bristol 060A,other-theft,1,2026-05
Bristol 060A,vehicle-crime,2,2026-05
Bristol 060A,anti-social-behaviour,1,2026-05
Bristol 060A,burglary,2,2026-05
Bristol 060A,shoplifting,3,2026-05
Bristol 060A,violent-crime,1,2026-05
Bristol 059D,anti-social-behaviour,34,2026-05
Bristol 059D,bicycle-theft,4,2026-05
Bristol 059D,burglary,7,2026-05
Bristol 059D,criminal-damage-arson,3,2026-05
Bristol 059D,other-theft,8,2026-05
Bristol 059D,public-order,12,2026-05
Bristol 059D,shoplifting,19,2026-05
Bristol 059D,theft-from-the-person,1,2026-05
Bristol 059D,vehicle-crime,1,2026-05
Bristol 059D,violent-crime,22,2026-05
Bristol 059D,drugs,3,2026-05
Bristol 059D,robbery,1,2026-05
Bristol 059D,other-crime,1,2026-05
Bristol 060B,anti-social-behaviour,7,2026-05
Bristol 060B,bicycle-theft,5,2026-05
Bristol 060B,burglary,3,2026-05
Bristol 060B,criminal-damage-arson,9,2026-05
Bristol 060B,other-theft,5,2026-05
Bristol 060B,public-order,7,2026-05
Bristol 060B,robbery,2,2026-05
Bristol 060B,shoplifting,8,2026-05
Bristol 060B,theft-from-the-person,1,2026-05
Bristol 060B,vehicle-crime,1,2026-05
Bristol 060B,violent-crime,19,2026-05
Bristol 025E,anti-social-behaviour,30,2026-05
Bristol 025E,bicycle-theft,3,2026-05
Bristol 025E,burglary,3,2026-05
Bristol 025E,criminal-damage-arson,9,2026-05
Bristol 025E,drugs,3,2026-05
Bristol 025E,other-theft,13,2026-05
Bristol 025E,possession-of-weapons,1,2026-05
Bristol 025E,public-order,18,2026-05
Bristol 025E,robbery,8,2026-05
Bristol 025E,shoplifting,26,2026-05
Bristol 025E,theft-from-the-person,4,2026-05
Bristol 025E,vehicle-crime,2,2026-05
Bristol 025E,violent-crime,32,2026-05
Bristol 059C,anti-social-behaviour,6,2026-05
Bristol 059C,burglary,5,2026-05
Bristol 059C,criminal-damage-arson,4,2026-05
Bristol 059C,other-theft,4,2026-05
Bristol 059C,public-order,1,2026-05
Bristol 059C,violent-crime,16,2026-05
Bristol 059C,drugs,2,2026-05
Bristol 059C,theft-from-the-person,1,2026-05
Bristol 059C,vehicle-crime,2,2026-05
Bristol 025A,anti-social-behaviour,5,2026-05
Bristol 025A,criminal-damage-arson,4,2026-05
Bristol 025A,public-order,1,2026-05
Bristol 025A,vehicle-crime,2,2026-05
Bristol 025A,violent-crime,8,2026-05
Bristol 054D,anti-social-behaviour,23,2026-05
Bristol 054D,burglary,5,2026-05
Bristol 054D,criminal-damage-arson,3,2026-05
Bristol 054D,other-theft,7,2026-05
Bristol 054D,public-order,5,2026-05
Bristol 054D,robbery,7,2026-05
Bristol 054D,shoplifting,29,2026-05
Bristol 054D,vehicle-crime,8,2026-05
Bristol 054D,violent-crime,37,2026-05
Bristol 054D,bicycle-theft,3,2026-05
Bristol 054D,drugs,1,2026-05
Bristol 054D,possession-of-weapons,1,2026-05
Bristol 054D,theft-from-the-person,1,2026-05
Bristol 054D,other-crime,1,2026-05
Bristol 025F,anti-social-behaviour,7,2026-05
Bristol 025F,criminal-damage-arson,6,2026-05
Bristol 025F,other-theft,3,2026-05
Bristol 025F,public-order,3,2026-05
Bristol 025F,robbery,1,2026-05
Bristol 025F,violent-crime,12,2026-05
Bristol 025F,drugs,1,2026-05
Bristol 025F,shoplifting,1,2026-05
Bristol 025F,vehicle-crime,4,2026-05
Bristol 022A,anti-social-behaviour,1,2026-05
Bristol 022A,vehicle-crime,3,2026-05
Bristol 022A,violent-crime,2,2026-05
Bristol 022A,robbery,1,2026-05
Bristol 022B,burglary,6,2026-05
Bristol 022B,anti-social-behaviour,3,2026-05
Bristol 022B,other-theft,3,2026-05
Bristol 022B,robbery,1,2026-05
Bristol 022B,violent-crime,3,2026-05
Bristol 056A,anti-social-behaviour,8,2026-05
Bristol 056A,burglary,4,2026-05
Bristol 056A,criminal-damage-arson,4,2026-05
Bristol 056A,drugs,2,2026-05
Bristol 056A,other-theft,8,2026-05
Bristol 056A,public-order,5,2026-05
Bristol 056A,robbery,1,2026-05
Bristol 056A,shoplifting,1,2026-05
Bristol 056A,vehicle-crime,1,2026-05
Bristol 056A,violent-crime,18,2026-05
Bristol 059A,anti-social-behaviour,8,2026-05
Bristol 059A,violent-crime,8,2026-05
Bristol 059A,burglary,2,2026-05
Bristol 059A,criminal-damage-arson,2,2026-05
Bristol 059A,drugs,1,2026-05
Bristol 059A,public-order,4,2026-05
Bristol 059A,shoplifting,3,2026-05
Bristol 059A,vehicle-crime,2,2026-05
Bristol 059A,other-theft,2,2026-05
Bristol 059A,possession-of-weapons,1,2026-05
Bristol 059B,anti-social-behaviour,7,2026-05
Bristol 059B,criminal-damage-arson,1,2026-05
Bristol 059B,other-theft,1,2026-05
Bristol 059B,burglary,2,2026-05
Bristol 059B,violent-crime,4,2026-05
Bristol 059B,other-crime,1,2026-05
Bristol 059B,vehicle-crime,1,2026-05
Bristol 056C,other-theft,3,2026-05
Bristol 056C,anti-social-behaviour,8,2026-05
Bristol 056C,bicycle-theft,2,2026-05
Bristol 056C,burglary,1,2026-05
Bristol 056C,criminal-damage-arson,3,2026-05
Bristol 056C,drugs,2,2026-05
Bristol 056C,public-order,2,2026-05
Bristol 056C,robbery,2,2026-05
Bristol 056C,vehicle-crime,2,2026-05
Bristol 056C,violent-crime,12,2026-05
Bristol 058C,anti-social-behaviour,7,2026-05
Bristol 058C,theft-from-the-person,2,2026-05
Bristol 058C,vehicle-crime,5,2026-05
Bristol 058C,violent-crime,21,2026-05
Bristol 058C,bicycle-theft,1,2026-05
Bristol 058C,criminal-damage-arson,4,2026-05
Bristol 058C,drugs,1,2026-05
Bristol 058C,public-order,8,2026-05
Bristol 058C,burglary,2,2026-05
Bristol 058C,other-theft,1,2026-05
Bristol 055B,anti-social-behaviour,10,2026-05
Bristol 055B,bicycle-theft,1,2026-05
Bristol 055B,criminal-damage-arson,8,2026-05
Bristol 055B,drugs,1,2026-05
Bristol 055B,other-theft,5,2026-05
Bristol 055B,public-order,11,2026-05
Bristol 055B,robbery,1,2026-05
Bristol 055B,shoplifting,2,2026-05
Bristol 055B,vehicle-crime,2,2026-05
Bristol 055B,violent-crime,16,2026-05
Bristol 055B,possession-of-weapons,1,2026-05
Bristol 029C,burglary,1,2026-05
Bristol 029C,shoplifting,1,2026-05
Bristol 029C,theft-from-the-person,1,2026-05
Bristol 029C,violent-crime,6,2026-05
Bristol 029C,vehicle-crime,1,2026-05
Bristol 029A,other-theft,3,2026-05
Bristol 029A,public-order,2,2026-05
Bristol 029A,violent-crime,7,2026-05
Bristol 029A,anti-social-behaviour,3,2026-05
Bristol 029A,burglary,1,2026-05
Bristol 029A,criminal-damage-arson,1,2026-05
Bristol 029A,theft-from-the-person,1,2026-05
Bristol 029A,vehicle-crime,4,2026-05
Bristol 029D,anti-social-behaviour,8,2026-05
Bristol 029D,burglary,3,2026-05
Bristol 029D,criminal-damage-arson,2,2026-05
Bristol 029D,drugs,3,2026-05
Bristol 029D,public-order,4,2026-05
Bristol 029D,robbery,1,2026-05
Bristol 029D,shoplifting,36,2026-05
Bristol 029D,violent-crime,13,2026-05
Bristol 029D,other-crime,1,2026-05
Bristol 029D,theft-from-the-person,1,2026-05
Bristol 029D,vehicle-crime,1,2026-05
Bristol 055C,anti-social-behaviour,3,2026-05
Bristol 055C,public-order,2,2026-05
Bristol 055C,vehicle-crime,2,2026-05
Bristol 055C,violent-crime,13,2026-05
Bristol 055C,bicycle-theft,1,2026-05
Bristol 055C,drugs,2,2026-05
Bristol 055C,other-theft,1,2026-05
Bristol 055C,possession-of-weapons,1,2026-05
Bristol 055C,other-crime,1,2026-05
Bristol 029B,anti-social-behaviour,4,2026-05
Bristol 029B,drugs,1,2026-05
Bristol 029B,public-order,3,2026-05
Bristol 029B,robbery,2,2026-05
Bristol 029B,vehicle-crime,3,2026-05
Bristol 029B,violent-crime,13,2026-05
Bristol 029B,burglary,1,2026-05
Bristol 029B,other-theft,2,2026-05
Bristol 057A,anti-social-behaviour,9,2026-05
Bristol 057A,other-theft,6,2026-05
Bristol 057A,public-order,5,2026-05
Bristol 057A,violent-crime,20,2026-05
Bristol 057A,bicycle-theft,2,2026-05
Bristol 057A,burglary,5,2026-05
Bristol 057A,criminal-damage-arson,4,2026-05
Bristol 057A,drugs,1,2026-05
Bristol 057A,robbery,2,2026-05
Bristol 057A,shoplifting,1,2026-05
Bristol 057A,theft-from-the-person,1,2026-05
Bristol 055A,anti-social-behaviour,1,2026-05
Bristol 055A,criminal-damage-arson,2,2026-05
Bristol 055A,other-theft,4,2026-05
Bristol 055A,vehicle-crime,3,2026-05
Bristol 055A,violent-crime,7,2026-05
Bristol 029E,other-theft,2,2026-05
Bristol 029E,anti-social-behaviour,2,2026-05
Bristol 029E,criminal-damage-arson,1,2026-05
Bristol 029E,public-order,4,2026-05
Bristol 029E,violent-crime,8,2026-05
Bristol 028B,anti-social-behaviour,3,2026-05
Bristol 028B,criminal-damage-arson,1,2026-05
Bristol 028B,drugs,3,2026-05
Bristol 028B,other-theft,4,2026-05
Bristol 028B,violent-crime,7,2026-05
Bristol 028B,other-crime,1,2026-05
Bristol 057C,burglary,1,2026-05
Bristol 057C,other-theft,1,2026-05
Bristol 057C,public-order,1,2026-05
Bristol 057C,vehicle-crime,3,2026-05
Bristol 057C,violent-crime,8,2026-05
Bristol 057C,anti-social-behaviour,7,2026-05
Bristol 033B,drugs,1,2026-05
Bristol 033B,public-order,1,2026-05
Bristol 033B,violent-crime,3,2026-05
Bristol 033B,criminal-damage-arson,1,2026-05
Bristol 033B,other-theft,1,2026-05
Bristol 033B,shoplifting,6,2026-05
Bristol 028D,other-theft,1,2026-05
Bristol 028D,violent-crime,7,2026-05
Bristol 028D,anti-social-behaviour,1,2026-05
Bristol 028D,criminal-damage-arson,1,2026-05
Bristol 028D,drugs,3,2026-05
Bristol 028A,violent-crime,8,2026-05
Bristol 028A,anti-social-behaviour,2,2026-05
Bristol 028A,burglary,1,2026-05
Bristol 028A,criminal-damage-arson,1,2026-05
Bristol 028A,other-theft,1,2026-05
Bristol 027D,anti-social-behaviour,1,2026-05
Bristol 027D,vehicle-crime,1,2026-05
Bristol 027D,violent-crime,1,2026-05
South Gloucestershire 028B,anti-social-behaviour,3,2026-05
South Gloucestershire 028B,violent-crime,1,2026-05
Bristol 033C,anti-social-behaviour,1,2026-05
Bristol 033C,criminal-damage-arson,1,2026-05
Bristol 033C,violent-crime,1,2026-05
Bristol 028E,anti-social-behaviour,3,2026-05
Bristol 028E,bicycle-theft,2,2026-05
Bristol 028E,criminal-damage-arson,3,2026-05
Bristol 028E,other-theft,2,2026-05
Bristol 028E,possession-of-weapons,1,2026-05
Bristol 028E,public-order,1,2026-05
Bristol 028E,shoplifting,29,2026-05
Bristol 028E,violent-crime,4,2026-05
Bristol 022E,anti-social-behaviour,3,2026-05
Bristol 022E,violent-crime,4,2026-05
Bristol 026E,anti-social-behaviour,3,2026-05
Bristol 026E,bicycle-theft,1,2026-05
Bristol 026E,criminal-damage-arson,1,2026-05
Bristol 026E,other-theft,2,2026-05
Bristol 026E,vehicle-crime,5,2026-05
Bristol 026E,violent-crime,4,2026-05
Bristol 022D,anti-social-behaviour,1,2026-05
Bristol 022D,burglary,2,2026-05
Bristol 022D,criminal-damage-arson,1,2026-05
Bristol 022D,drugs,1,2026-05
Bristol 022D,other-theft,1,2026-05
Bristol 022D,public-order,3,2026-05
Bristol 022D,vehicle-crime,2,2026-05
Bristol 022D,violent-crime,2,2026-05
Bristol 026C,anti-social-behaviour,3,2026-05
Bristol 026C,burglary,2,2026-05
Bristol 026C,criminal-damage-arson,1,2026-05
Bristol 026C,shoplifting,4,2026-05
Bristol 026C,vehicle-crime,2,2026-05
Bristol 026C,violent-crime,6,2026-05
Bristol 022C,burglary,1,2026-05
Bristol 022C,criminal-damage-arson,1,2026-05
Bristol 022C,robbery,1,2026-05
Bristol 022C,shoplifting,3,2026-05
Bristol 022C,vehicle-crime,1,2026-05
Bristol 022C,violent-crime,3,2026-05
Bristol 015A,criminal-damage-arson,1,2026-05
Bristol 015A,burglary,1,2026-05
Bristol 015B,criminal-damage-arson,1,2026-05
Bristol 015B,violent-crime,1,2026-05
Bristol 015B,vehicle-crime,1,2026-05
Bristol 017E,public-order,1,2026-05
Bristol 017E,criminal-damage-arson,1,2026-05
Bristol 017E,vehicle-crime,1,2026-05
Bristol 017E,anti-social-behaviour,2,2026-05
Bristol 017E,violent-crime,1,2026-05
Bristol 025D,anti-social-behaviour,4,2026-05
Bristol 025D,burglary,3,2026-05
Bristol 025D,criminal-damage-arson,3,2026-05
Bristol 025D,public-order,1,2026-05
Bristol 025D,vehicle-crime,4,2026-05
Bristol 025D,violent-crime,10,2026-05
Bristol 025D,other-crime,1,2026-05
Bristol 020A,burglary,1,2026-05
Bristol 020A,drugs,1,2026-05
Bristol 020A,criminal-damage-arson,2,2026-05
Bristol 020A,shoplifting,1,2026-05
Bristol 020A,vehicle-crime,3,2026-05
Bristol 020A,violent-crime,1,2026-05
Bristol 025C,criminal-damage-arson,2,2026-05
Bristol 025C,public-order,1,2026-05
Bristol 025C,theft-from-the-person,1,2026-05
Bristol 025C,vehicle-crime,1,2026-05
Bristol 025C,violent-crime,3,2026-05
Bristol 020D,criminal-damage-arson,2,2026-05
Bristol 020D,vehicle-crime,1,2026-05
Bristol 020D,violent-crime,1,2026-05
Bristol 020E,vehicle-crime,2,2026-05
Bristol 020E,violent-crime,1,2026-05
Bristol 020E,criminal-damage-arson,1,2026-05
Bristol 058B,anti-social-behaviour,7,2026-05
Bristol 058B,criminal-damage-arson,3,2026-05
Bristol 058B,other-theft,7,2026-05
Bristol 058B,possession-of-weapons,1,2026-05
Bristol 058B,public-order,1,2026-05
Bristol 058B,vehicle-crime,3,2026-05
Bristol 058B,violent-crime,10,2026-05
Bristol 058B,burglary,2,2026-05
Bristol 058B,drugs,1,2026-05
Bristol 058B,robbery,1,2026-05
Bristol 020C,anti-social-behaviour,2,2026-05
Bristol 020C,criminal-damage-arson,2,2026-05
Bristol 020C,other-theft,2,2026-05
Bristol 020C,shoplifting,7,2026-05
Bristol 020C,violent-crime,4,2026-05
Bristol 020C,burglary,1,2026-05
Bristol 020F,anti-social-behaviour,2,2026-05
Bristol 020F,burglary,2,2026-05
Bristol 020F,public-order,1,2026-05
Bristol 020F,robbery,1,2026-05
Bristol 020F,shoplifting,1,2026-05
Bristol 020F,theft-from-the-person,1,2026-05
Bristol 020F,violent-crime,3,2026-05
Bristol 020F,other-theft,1,2026-05
Bristol 020B,anti-social-behaviour,1,2026-05
Bristol 020B,burglary,1,2026-05
Bristol 020B,criminal-damage-arson,1,2026-05
Bristol 020B,other-theft,2,2026-05
Bristol 020B,public-order,1,2026-05
Bristol 020B,vehicle-crime,1,2026-05
Bristol 020B,violent-crime,4,2026-05
Bristol 058A,anti-social-behaviour,3,2026-05
Bristol 058A,criminal-damage-arson,2,2026-05
Bristol 058A,other-theft,2,2026-05
Bristol 058A,public-order,1,2026-05
Bristol 058A,shoplifting,2,2026-05
Bristol 058A,violent-crime,12,2026-05
Bristol 057B,anti-social-behaviour,2,2026-05
Bristol 057B,burglary,2,2026-05
Bristol 057B,criminal-damage-arson,3,2026-05
Bristol 057B,public-order,3,2026-05
Bristol 057B,shoplifting,2,2026-05
Bristol 057B,other-theft,2,2026-05
Bristol 057B,possession-of-weapons,1,2026-05
Bristol 057B,vehicle-crime,2,2026-05
Bristol 057B,violent-crime,7,2026-05
Bristol 057D,anti-social-behaviour,10,2026-05
Bristol 057D,burglary,2,2026-05
Bristol 057D,criminal-damage-arson,5,2026-05
Bristol 057D,drugs,1,2026-05
Bristol 057D,other-theft,3,2026-05
Bristol 057D,possession-of-weapons,1,2026-05
Bristol 057D,robbery,1,2026-05
Bristol 057D,shoplifting,1,2026-05
Bristol 057D,violent-crime,10,2026-05
Bristol 057D,vehicle-crime,2,2026-05
Bristol 014D,shoplifting,23,2026-05
Bristol 014D,anti-social-behaviour,8,2026-05
Bristol 014D,bicycle-theft,2,2026-05
Bristol 014D,other-theft,4,2026-05
Bristol 014D,public-order,2,2026-05
Bristol 014D,robbery,2,2026-05
Bristol 014D,violent-crime,10,2026-05
Bristol 014D,burglary,1,2026-05
Bristol 014D,drugs,2,2026-05
Bristol 019C,anti-social-behaviour,18,2026-05
Bristol 019C,bicycle-theft,1,2026-05
Bristol 019C,criminal-damage-arson,5,2026-05
Bristol 019C,other-theft,10,2026-05
Bristol 019C,public-order,3,2026-05
Bristol 019C,shoplifting,2,2026-05
Bristol 019C,vehicle-crime,2,2026-05
Bristol 019C,violent-crime,18,2026-05
Bristol 019C,burglary,1,2026-05
Bristol 019D,anti-social-behaviour,7,2026-05
Bristol 019D,bicycle-theft,1,2026-05
Bristol 019D,burglary,1,2026-05
Bristol 019D,other-theft,4,2026-05
Bristol 019D,public-order,2,2026-05
Bristol 019D,vehicle-crime,4,2026-05
Bristol 019D,violent-crime,6,2026-05
Bristol 021C,criminal-damage-arson,1,2026-05
Bristol 021C,other-theft,3,2026-05
Bristol 021C,vehicle-crime,2,2026-05
Bristol 021C,anti-social-behaviour,3,2026-05
Bristol 021C,bicycle-theft,2,2026-05
Bristol 021C,burglary,4,2026-05
Bristol 021C,public-order,2,2026-05
Bristol 021C,robbery,1,2026-05
Bristol 021C,shoplifting,2,2026-05
Bristol 021C,violent-crime,13,2026-05
Bristol 021C,other-crime,1,2026-05
Bristol 019B,anti-social-behaviour,1,2026-05
Bristol 019B,burglary,1,2026-05
Bristol 019B,criminal-damage-arson,1,2026-05
Bristol 019B,vehicle-crime,2,2026-05
Bristol 019B,violent-crime,7,2026-05
Bristol 019B,bicycle-theft,1,2026-05
Bristol 019B,drugs,1,2026-05
Bristol 019B,other-theft,3,2026-05
Bristol 019B,public-order,2,2026-05
Bristol 019B,robbery,1,2026-05
Bristol 028C,other-theft,1,2026-05
Bristol 028C,robbery,1,2026-05
Bristol 028C,shoplifting,8,2026-05
Bristol 028C,violent-crime,3,2026-05
Bristol 028C,other-crime,1,2026-05
Bristol 027B,anti-social-behaviour,4,2026-05
Bristol 027B,drugs,1,2026-05
Bristol 027B,public-order,2,2026-05
Bristol 027B,robbery,1,2026-05
Bristol 027B,vehicle-crime,1,2026-05
Bristol 027B,violent-crime,13,2026-05
Bristol 027B,criminal-damage-arson,1,2026-05
Bristol 021B,anti-social-behaviour,1,2026-05
Bristol 021B,other-theft,1,2026-05
Bristol 021B,public-order,1,2026-05
Bristol 021B,shoplifting,1,2026-05
Bristol 021B,violent-crime,9,2026-05
Bristol 021B,other-crime,1,2026-05
Bristol 021B,burglary,1,2026-05
Bristol 021B,vehicle-crime,1,2026-05
Bristol 027C,burglary,1,2026-05
Bristol 027C,criminal-damage-arson,2,2026-05
Bristol 027C,drugs,1,2026-05
Bristol 027C,vehicle-crime,1,2026-05
Bristol 027C,violent-crime,8,2026-05
Bristol 021D,criminal-damage-arson,1,2026-05
Bristol 021D,other-theft,3,2026-05
Bristol 021D,public-order,3,2026-05
Bristol 021D,violent-crime,8,2026-05
Bristol 021D,anti-social-behaviour,6,2026-05
Bristol 021D,bicycle-theft,1,2026-05
Bristol 021D,burglary,1,2026-05
Bristol 021D,drugs,1,2026-05
Bristol 021D,shoplifting,11,2026-05
Bristol 021D,vehicle-crime,3,2026-05
Bristol 021A,criminal-damage-arson,4,2026-05
Bristol 021A,violent-crime,10,2026-05
Bristol 021A,anti-social-behaviour,3,2026-05
Bristol 021A,other-theft,1,2026-05
South Gloucestershire 028D,anti-social-behaviour,11,2026-05
South Gloucestershire 028D,burglary,3,2026-05
South Gloucestershire 028D,criminal-damage-arson,1,2026-05
South Gloucestershire 028D,drugs,1,2026-05
South Gloucestershire 028D,public-order,2,2026-05
South Gloucestershire 028D,robbery,1,2026-05
South Gloucestershire 028D,shoplifting,9,2026-05
South Gloucestershire 028D,vehicle-crime,1,2026-05
South Gloucestershire 028D,violent-crime,12,2026-05
South Gloucestershire 028C,anti-social-behaviour,1,2026-05
South Gloucestershire 028C,burglary,1,2026-05
South Gloucestershire 028C,criminal-damage-arson,2,2026-05
South Gloucestershire 028C,public-order,1,2026-05
South Gloucestershire 028C,theft-from-the-person,1,2026-05
South Gloucestershire 028C,vehicle-crime,3,2026-05
South Gloucestershire 028C,violent-crime,2,2026-05
South Gloucestershire 028C,other-theft,1,2026-05
Bristol 027A,anti-social-behaviour,1,2026-05
Bristol 027A,burglary,1,2026-05
Bristol 027A,criminal-damage-arson,1,2026-05
Bristol 027A,drugs,1,2026-05
Bristol 027A,public-order,2,2026-05
Bristol 027A,shoplifting,5,2026-05
Bristol 027A,vehicle-crime,3,2026-05
Bristol 027A,violent-crime,11,2026-05
South Gloucestershire 028A,anti-social-behaviour,3,2026-05
South Gloucestershire 028A,vehicle-crime,1,2026-05
South Gloucestershire 028A,violent-crime,3,2026-05
South Gloucestershire 028A,public-order,1,2026-05
South Gloucestershire 026C,burglary,3,2026-05
South Gloucestershire 026C,criminal-damage-arson,4,2026-05
South Gloucestershire 026C,drugs,2,2026-05
South Gloucestershire 026C,robbery,2,2026-05
South Gloucestershire 026C,shoplifting,1,2026-05
South Gloucestershire 026C,vehicle-crime,1,2026-05
South Gloucestershire 026C,violent-crime,12,2026-05
Bristol 018A,public-order,3,2026-05
Bristol 018A,vehicle-crime,1,2026-05
Bristol 018A,violent-crime,4,2026-05
Bristol 018A,burglary,1,2026-05
South Gloucestershire 031B,anti-social-behaviour,2,2026-05
South Gloucestershire 031B,criminal-damage-arson,1,2026-05
South Gloucestershire 031B,other-theft,1,2026-05
South Gloucestershire 031B,violent-crime,1,2026-05
South Gloucestershire 029F,other-theft,2,2026-05
South Gloucestershire 029F,public-order,2,2026-05
South Gloucestershire 029F,violent-crime,5,2026-05
South Gloucestershire 027B,other-theft,3,2026-05
South Gloucestershire 027B,violent-crime,2,2026-05
South Gloucestershire 027B,other-crime,1,2026-05
Bristol 018E,other-theft,2,2026-05
Bristol 018E,other-crime,2,2026-05
Bristol 018E,anti-social-behaviour,5,2026-05
Bristol 018E,public-order,1,2026-05
Bristol 018E,violent-crime,14,2026-05
South Gloucestershire 026B,other-theft,1,2026-05
South Gloucestershire 026B,public-order,1,2026-05
South Gloucestershire 026B,anti-social-behaviour,1,2026-05
South Gloucestershire 027C,public-order,1,2026-05
South Gloucestershire 027C,robbery,1,2026-05
South Gloucestershire 027C,violent-crime,2,2026-05
South Gloucestershire 027C,criminal-damage-arson,1,2026-05
South Gloucestershire 026A,violent-crime,2,2026-05
Bristol 017B,anti-social-behaviour,2,2026-05
Bristol 017B,burglary,2,2026-05
Bristol 017B,criminal-damage-arson,2,2026-05
Bristol 017B,other-theft,1,2026-05
Bristol 017B,public-order,2,2026-05
Bristol 017B,vehicle-crime,3,2026-05
Bristol 017B,violent-crime,1,2026-05
Bristol 015F,burglary,1,2026-05
Bristol 015F,other-theft,1,2026-05
Bristol 017A,criminal-damage-arson,1,2026-05
Bristol 017A,public-order,1,2026-05
Bristol 011D,drugs,1,2026-05
Bristol 011D,vehicle-crime,3,2026-05
Bristol 011D,criminal-damage-arson,1,2026-05
Bristol 011D,violent-crime,1,2026-05
Bristol 017D,public-order,1,2026-05
Bristol 017D,vehicle-crime,1,2026-05
Bristol 017D,other-crime,1,2026-05
Bristol 017C,vehicle-crime,3,2026-05
Bristol 017C,criminal-damage-arson,2,2026-05
Bristol 017C,violent-crime,2,2026-05
Bristol 016E,anti-social-behaviour,4,2026-05
Bristol 016E,burglary,1,2026-05
Bristol 016E,public-order,1,2026-05
Bristol 016E,vehicle-crime,2,2026-05
Bristol 016B,anti-social-behaviour,1,2026-05
Bristol 016B,burglary,1,2026-05
Bristol 016B,criminal-damage-arson,1,2026-05
Bristol 016B,other-theft,1,2026-05
Bristol 016B,vehicle-crime,3,2026-05
Bristol 016B,violent-crime,6,2026-05
Bristol 016B,other-crime,6,2026-05
Bristol 016G,anti-social-behaviour,1,2026-05
Bristol 016G,burglary,2,2026-05
Bristol 016G,public-order,4,2026-05
Bristol 016G,shoplifting,2,2026-05
Bristol 016G,vehicle-crime,3,2026-05
Bristol 016G,violent-crime,7,2026-05
Bristol 016G,other-crime,1,2026-05
Bristol 016A,anti-social-behaviour,3,2026-05
Bristol 016A,criminal-damage-arson,3,2026-05
Bristol 016A,vehicle-crime,2,2026-05
Bristol 016A,violent-crime,6,2026-05
Bristol 016A,burglary,3,2026-05
Bristol 016A,other-theft,2,2026-05
Bristol 016A,public-order,2,2026-05
Bristol 016D,criminal-damage-arson,1,2026-05
Bristol 016D,public-order,2,2026-05
Bristol 016D,vehicle-crime,1,2026-05
Bristol 016D,violent-crime,2,2026-05
Bristol 011A,criminal-damage-arson,1,2026-05
Bristol 011A,robbery,1,2026-05
Bristol 011A,vehicle-crime,2,2026-05
Bristol 011A,shoplifting,4,2026-05
Bristol 016C,public-order,1,2026-05
Bristol 016C,bicycle-theft,1,2026-05
Bristol 016C,burglary,1,2026-05
Bristol 016C,criminal-damage-arson,2,2026-05
Bristol 016C,robbery,1,2026-05
Bristol 016F,public-order,1,2026-05
Bristol 016F,violent-crime,1,2026-05
Bristol 016F,other-crime,1,2026-05
Bristol 014C,anti-social-behaviour,6,2026-05
Bristol 014C,criminal-damage-arson,4,2026-05
Bristol 014C,drugs,2,2026-05
Bristol 014C,other-theft,1,2026-05
Bristol 014C,public-order,3,2026-05
Bristol 014C,vehicle-crime,3,2026-05
Bristol 014C,violent-crime,30,2026-05
Bristol 014C,other-crime,1,2026-05
Bristol 014C,possession-of-weapons,2,2026-05
Bristol 014C,robbery,1,2026-05
Bristol 014C,shoplifting,13,2026-05
Bristol 010A,criminal-damage-arson,1,2026-05
Bristol 010A,violent-crime,2,2026-05
Bristol 010A,anti-social-behaviour,2,2026-05
Bristol 010A,other-theft,1,2026-05
Bristol 010D,violent-crime,2,2026-05
Bristol 010D,burglary,1,2026-05
Bristol 010D,other-theft,2,2026-05
Bristol 014B,vehicle-crime,1,2026-05
Bristol 014B,violent-crime,16,2026-05
Bristol 014B,other-theft,3,2026-05
Bristol 014B,anti-social-behaviour,8,2026-05
Bristol 014B,burglary,3,2026-05
Bristol 014B,criminal-damage-arson,2,2026-05
Bristol 014B,public-order,3,2026-05
Bristol 019A,anti-social-behaviour,7,2026-05
Bristol 019A,burglary,2,2026-05
Bristol 019A,drugs,1,2026-05
Bristol 019A,other-theft,1,2026-05
Bristol 019A,public-order,3,2026-05
Bristol 019A,vehicle-crime,2,2026-05
Bristol 019A,violent-crime,6,2026-05
Bristol 019A,criminal-damage-arson,1,2026-05
Bristol 019A,possession-of-weapons,1,2026-05
Bristol 019A,shoplifting,2,2026-05
Bristol 012B,anti-social-behaviour,1,2026-05
Bristol 012B,violent-crime,3,2026-05
Bristol 012B,public-order,2,2026-05
Bristol 012A,vehicle-crime,1,2026-05
Bristol 012A,violent-crime,6,2026-05
Bristol 012A,anti-social-behaviour,2,2026-05
Bristol 012A,bicycle-theft,1,2026-05
Bristol 012A,criminal-damage-arson,4,2026-05
Bristol 012A,public-order,1,2026-05
Bristol 012A,shoplifting,2,2026-05
Bristol 012A,other-theft,1,2026-05
Bristol 013A,anti-social-behaviour,8,2026-05
Bristol 013A,burglary,3,2026-05
Bristol 013A,criminal-damage-arson,6,2026-05
Bristol 013A,drugs,2,2026-05
Bristol 013A,other-theft,5,2026-05
Bristol 013A,public-order,11,2026-05
Bristol 013A,robbery,3,2026-05
Bristol 013A,shoplifting,45,2026-05
Bristol 013A,theft-from-the-person,2,2026-05
Bristol 013A,vehicle-crime,2,2026-05
Bristol 013A,violent-crime,27,2026-05
Bristol 018D,anti-social-behaviour,5,2026-05
Bristol 018D,criminal-damage-arson,1,2026-05
Bristol 018D,other-theft,2,2026-05
Bristol 018D,public-order,2,2026-05
Bristol 018D,violent-crime,7,2026-05
Bristol 013C,anti-social-behaviour,5,2026-05
Bristol 013C,burglary,5,2026-05
Bristol 013C,criminal-damage-arson,3,2026-05
Bristol 013C,drugs,1,2026-05
Bristol 013C,other-theft,6,2026-05
Bristol 013C,public-order,5,2026-05
Bristol 013C,shoplifting,2,2026-05
Bristol 013C,violent-crime,9,2026-05
Bristol 013C,other-crime,1,2026-05
South Gloucestershire 026F,anti-social-behaviour,4,2026-05
South Gloucestershire 026F,other-theft,3,2026-05
South Gloucestershire 026F,violent-crime,4,2026-05
South Gloucestershire 026F,criminal-damage-arson,1,2026-05
South Gloucestershire 026F,vehicle-crime,1,2026-05
Bristol 013E,burglary,2,2026-05
Bristol 013E,criminal-damage-arson,1,2026-05
Bristol 013E,drugs,1,2026-05
Bristol 013E,other-theft,4,2026-05
Bristol 013E,public-order,5,2026-05
Bristol 013E,robbery,1,2026-05
Bristol 013E,shoplifting,3,2026-05
Bristol 013E,vehicle-crime,1,2026-05
Bristol 013E,violent-crime,3,2026-05
South Gloucestershire 026E,violent-crime,7,2026-05
South Gloucestershire 026E,anti-social-behaviour,4,2026-05
South Gloucestershire 026E,bicycle-theft,2,2026-05
South Gloucestershire 026E,burglary,1,2026-05
South Gloucestershire 026E,drugs,1,2026-05
South Gloucestershire 026E,other-theft,2,2026-05
South Gloucestershire 026E,public-order,6,2026-05
South Gloucestershire 026E,shoplifting,1,2026-05
South Gloucestershire 026E,vehicle-crime,1,2026-05
South Gloucestershire 026D,anti-social-behaviour,1,2026-05
South Gloucestershire 026D,burglary,1,2026-05
South Gloucestershire 026D,violent-crime,3,2026-05
South Gloucestershire 026D,vehicle-crime,1,2026-05
South Gloucestershire 026D,other-crime,1,2026-05
South Gloucestershire 025E,anti-social-behaviour,4,2026-05
South Gloucestershire 025E,burglary,2,2026-05
South Gloucestershire 025E,violent-crime,13,2026-05
South Gloucestershire 025E,criminal-damage-arson,3,2026-05
South Gloucestershire 025E,possession-of-weapons,1,2026-05
South Gloucestershire 025E,shoplifting,4,2026-05
South Gloucestershire 025E,theft-from-the-person,1,2026-05
South Gloucestershire 025B,anti-social-behaviour,2,2026-05
South Gloucestershire 025B,public-order,1,2026-05
South Gloucestershire 025B,robbery,1,2026-05
South Gloucestershire 025B,violent-crime,1,2026-05
South Gloucestershire 027E,other-theft,1,2026-05
South Gloucestershire 027E,vehicle-crime,2,2026-05
South Gloucestershire 027E,violent-crime,5,2026-05
South Gloucestershire 027E,anti-social-behaviour,2,2026-05
South Gloucestershire 027E,criminal-damage-arson,2,2026-05
South Gloucestershire 027E,public-order,1,2026-05
Bristol 013D,vehicle-crime,1,2026-05
Bristol 013D,criminal-damage-arson,2,2026-05
Bristol 013D,other-theft,1,2026-05
Bristol 013D,anti-social-behaviour,2,2026-05
Bristol 013D,public-order,1,2026-05
Bristol 013D,violent-crime,4,2026-05
Bristol 013D,other-crime,1,2026-05
South Gloucestershire 022D,violent-crime,2,2026-05
South Gloucestershire 022D,drugs,1,2026-05
South Gloucestershire 022D,vehicle-crime,1,2026-05
South Gloucestershire 022B,anti-social-behaviour,5,2026-05
South Gloucestershire 022B,violent-crime,5,2026-05
South Gloucestershire 022B,shoplifting,4,2026-05
South Gloucestershire 022B,vehicle-crime,1,2026-05
South Gloucestershire 025D,anti-social-behaviour,3,2026-05
South Gloucestershire 025D,public-order,5,2026-05
South Gloucestershire 025D,vehicle-crime,1,2026-05
South Gloucestershire 025D,violent-crime,2,2026-05
South Gloucestershire 025A,anti-social-behaviour,1,2026-05
South Gloucestershire 025A,public-order,1,2026-05
South Gloucestershire 027A,anti-social-behaviour,1,2026-05
South Gloucestershire 027A,bicycle-theft,1,2026-05
South Gloucestershire 027A,burglary,1,2026-05
South Gloucestershire 027A,criminal-damage-arson,1,2026-05
South Gloucestershire 027A,other-theft,2,2026-05
South Gloucestershire 027A,public-order,1,2026-05
South Gloucestershire 027A,violent-crime,1,2026-05
South Gloucestershire 019G,burglary,1,2026-05
South Gloucestershire 028E,criminal-damage-arson,2,2026-05
South Gloucestershire 028E,other-theft,1,2026-05
South Gloucestershire 028E,violent-crime,5,2026-05
South Gloucestershire 029E,criminal-damage-arson,1,2026-05
South Gloucestershire 029D,other-theft,2,2026-05
South Gloucestershire 029D,violent-crime,1,2026-05
South Gloucestershire 029D,other-crime,1,2026-05
South Gloucestershire 019F,public-order,1,2026-05
South Gloucestershire 019F,violent-crime,6,2026-05
South Gloucestershire 027D,public-order,1,2026-05
South Gloucestershire 027D,violent-crime,2,2026-05
Bristol 007A,anti-social-behaviour,1,2026-05
Bristol 007A,other-theft,3,2026-05
Bristol 007A,public-order,4,2026-05
Bristol 007A,violent-crime,3,2026-05
Bristol 007A,burglary,1,2026-05
Bristol 007A,criminal-damage-arson,1,2026-05
Bristol 015C,anti-social-behaviour,4,2026-05
Bristol 015C,burglary,1,2026-05
Bristol 015C,violent-crime,2,2026-05
Bristol 007C,anti-social-behaviour,2,2026-05
Bristol 007C,other-theft,3,2026-05
Bristol 007C,violent-crime,4,2026-05
Bristol 015E,anti-social-behaviour,1,2026-05
Bristol 015E,criminal-damage-arson,1,2026-05
Bristol 015E,violent-crime,2,2026-05
Bristol 008A,anti-social-behaviour,3,2026-05
Bristol 008A,criminal-damage-arson,3,2026-05
Bristol 008A,public-order,2,2026-05
Bristol 008A,robbery,3,2026-05
Bristol 008A,vehicle-crime,3,2026-05
Bristol 008A,violent-crime,6,2026-05
Bristol 008A,other-crime,2,2026-05
Bristol 008A,other-theft,1,2026-05
Bristol 008D,burglary,1,2026-05
Bristol 008D,other-theft,2,2026-05
Bristol 008D,violent-crime,2,2026-05
Bristol 015D,criminal-damage-arson,2,2026-05
Bristol 015D,public-order,1,2026-05
Bristol 015D,violent-crime,3,2026-05
Bristol 007D,criminal-damage-arson,1,2026-05
Bristol 007D,vehicle-crime,1,2026-05
Bristol 007D,violent-crime,4,2026-05
Bristol 009A,bicycle-theft,1,2026-05
Bristol 009A,robbery,1,2026-05
Bristol 009A,violent-crime,2,2026-05
Bristol 009C,burglary,1,2026-05
Bristol 009B,burglary,2,2026-05
Bristol 006B,burglary,5,2026-05
Bristol 006B,shoplifting,7,2026-05
Bristol 006B,vehicle-crime,2,2026-05
Bristol 006B,violent-crime,5,2026-05
Bristol 006A,other-theft,1,2026-05
Bristol 006A,public-order,2,2026-05
Bristol 006A,shoplifting,17,2026-05
Bristol 006A,vehicle-crime,2,2026-05
Bristol 006A,violent-crime,1,2026-05
Bristol 011C,vehicle-crime,1,2026-05
Bristol 011C,anti-social-behaviour,1,2026-05
Bristol 011C,other-theft,1,2026-05
Bristol 011C,public-order,1,2026-05
Bristol 011C,violent-crime,1,2026-05
Bristol 006D,vehicle-crime,1,2026-05
Bristol 006D,criminal-damage-arson,3,2026-05
Bristol 006D,drugs,1,2026-05
Bristol 006D,other-theft,6,2026-05
Bristol 006D,shoplifting,4,2026-05
Bristol 006D,violent-crime,2,2026-05
Bristol 006C,drugs,1,2026-05
Bristol 006C,violent-crime,2,2026-05
Bristol 006C,anti-social-behaviour,2,2026-05
Bristol 006C,public-order,1,2026-05
Bristol 004C,other-theft,2,2026-05
Bristol 004C,violent-crime,3,2026-05
Bristol 004C,anti-social-behaviour,1,2026-05
Bristol 004C,drugs,1,2026-05
Bristol 004C,vehicle-crime,3,2026-05
Bristol 004C,criminal-damage-arson,2,2026-05
Bristol 011B,violent-crime,1,2026-05
Bristol 004D,anti-social-behaviour,3,2026-05
Bristol 004D,burglary,1,2026-05
Bristol 004D,public-order,1,2026-05
Bristol 004D,robbery,1,2026-05
Bristol 004D,vehicle-crime,2,2026-05
Bristol 004D,violent-crime,9,2026-05
Bristol 004D,other-crime,1,2026-05
Bristol 010C,anti-social-behaviour,1,2026-05
Bristol 010C,criminal-damage-arson,1,2026-05
Bristol 010C,public-order,1,2026-05
Bristol 010C,vehicle-crime,1,2026-05
Bristol 010C,violent-crime,3,2026-05
Bristol 010C,other-crime,1,2026-05
Bristol 004B,burglary,3,2026-05
Bristol 004B,bicycle-theft,2,2026-05
Bristol 004B,vehicle-crime,3,2026-05
Bristol 004B,criminal-damage-arson,2,2026-05
Bristol 004B,drugs,1,2026-05
Bristol 004B,other-theft,5,2026-05
Bristol 004B,public-order,4,2026-05
Bristol 004B,robbery,3,2026-05
Bristol 004B,violent-crime,15,2026-05
Bristol 004B,other-crime,1,2026-05
Bristol 004B,anti-social-behaviour,2,2026-05
Bristol 004B,shoplifting,2,2026-05
Bristol 010B,criminal-damage-arson,6,2026-05
Bristol 010B,drugs,2,2026-05
Bristol 010B,public-order,2,2026-05
Bristol 010B,violent-crime,8,2026-05
Bristol 010B,anti-social-behaviour,2,2026-05
Bristol 010B,burglary,4,2026-05
Bristol 010B,other-theft,2,2026-05
Bristol 010B,vehicle-crime,4,2026-05
Bristol 005D,anti-social-behaviour,2,2026-05
Bristol 005D,violent-crime,18,2026-05
Bristol 005D,burglary,2,2026-05
Bristol 005D,criminal-damage-arson,3,2026-05
Bristol 005D,other-theft,2,2026-05
Bristol 005D,vehicle-crime,1,2026-05
Bristol 005D,other-crime,1,2026-05
Bristol 005B,vehicle-crime,2,2026-05
Bristol 005B,violent-crime,6,2026-05
Bristol 005B,criminal-damage-arson,1,2026-05
Bristol 005B,other-theft,1,2026-05
Bristol 005B,burglary,1,2026-05
Bristol 014A,anti-social-behaviour,4,2026-05
Bristol 014A,drugs,1,2026-05
Bristol 014A,vehicle-crime,5,2026-05
Bristol 014A,violent-crime,9,2026-05
Bristol 014A,burglary,2,2026-05
Bristol 014A,criminal-damage-arson,1,2026-05
Bristol 014A,other-theft,2,2026-05
Bristol 014A,public-order,2,2026-05
Bristol 014A,shoplifting,2,2026-05
Bristol 012D,bicycle-theft,1,2026-05
Bristol 012D,other-theft,1,2026-05
Bristol 012D,violent-crime,1,2026-05
Bristol 012D,anti-social-behaviour,1,2026-05
Bristol 013B,anti-social-behaviour,8,2026-05
Bristol 013B,criminal-damage-arson,1,2026-05
Bristol 013B,violent-crime,14,2026-05
Bristol 013B,other-crime,1,2026-05
Bristol 013B,public-order,1,2026-05
Bristol 012C,anti-social-behaviour,8,2026-05
Bristol 012C,burglary,1,2026-05
Bristol 012C,other-theft,2,2026-05
Bristol 012C,public-order,2,2026-05
Bristol 012C,violent-crime,7,2026-05
Bristol 012C,other-crime,1,2026-05
South Gloucestershire 035E,anti-social-behaviour,1,2026-05
South Gloucestershire 035E,burglary,1,2026-05
South Gloucestershire 035E,criminal-damage-arson,2,2026-05
South Gloucestershire 035E,drugs,2,2026-05
South Gloucestershire 035E,violent-crime,5,2026-05
South Gloucestershire 035E,other-theft,1,2026-05
South Gloucestershire 035E,vehicle-crime,1,2026-05
South Gloucestershire 022C,anti-social-behaviour,1,2026-05
South Gloucestershire 022C,criminal-damage-arson,5,2026-05
South Gloucestershire 022C,other-theft,1,2026-05
South Gloucestershire 022C,robbery,1,2026-05
South Gloucestershire 022C,shoplifting,5,2026-05
South Gloucestershire 022C,vehicle-crime,1,2026-05
South Gloucestershire 022C,violent-crime,3,2026-05
South Gloucestershire 022A,violent-crime,1,2026-05
South Gloucestershire 022A,criminal-damage-arson,1,2026-05
South Gloucestershire 022A,possession-of-weapons,1,2026-05
Bristol 008B,anti-social-behaviour,5,2026-05
Bristol 008B,burglary,1,2026-05
Bristol 008B,other-theft,1,2026-05
Bristol 008B,shoplifting,1,2026-05
Bristol 008B,vehicle-crime,1,2026-05
Bristol 008B,violent-crime,6,2026-05
North Somerset 004D,anti-social-behaviour,7,2026-05
North Somerset 004D,criminal-damage-arson,1,2026-05
North Somerset 004D,shoplifting,2,2026-05
North Somerset 004D,violent-crime,4,2026-05
North Somerset 004D,burglary,2,2026-05
North Somerset 004D,other-theft,1,2026-05
Bristol 008E,anti-social-behaviour,2,2026-05
Bristol 008E,burglary,2,2026-05
Bristol 008E,criminal-damage-arson,3,2026-05
Bristol 008E,drugs,1,2026-05
Bristol 008E,other-theft,1,2026-05
Bristol 008E,public-order,3,2026-05
Bristol 008E,violent-crime,8,2026-05
Bristol 008E,other-crime,1,2026-05
Bristol 008E,possession-of-weapons,1,2026-05
Bristol 003B,anti-social-behaviour,3,2026-05
Bristol 003B,criminal-damage-arson,2,2026-05
Bristol 003B,public-order,2,2026-05
Bristol 003B,violent-crime,14,2026-05
Bristol 003B,other-crime,1,2026-05
Bristol 008F,anti-social-behaviour,1,2026-05
Bristol 008F,burglary,2,2026-05
Bristol 008F,drugs,1,2026-05
Bristol 008F,other-theft,3,2026-05
Bristol 008F,possession-of-weapons,1,2026-05
Bristol 008F,shoplifting,1,2026-05
Bristol 008F,vehicle-crime,2,2026-05
Bristol 008F,violent-crime,12,2026-05
North Somerset 004C,anti-social-behaviour,2,2026-05
North Somerset 004C,burglary,1,2026-05
North Somerset 004C,criminal-damage-arson,3,2026-05
North Somerset 004C,other-theft,1,2026-05
North Somerset 004C,public-order,2,2026-05
North Somerset 004C,violent-crime,13,2026-05
North Somerset 004C,other-crime,2,2026-05
Bristol 008C,burglary,1,2026-05
Bristol 008C,public-order,1,2026-05
Bristol 008C,violent-crime,1,2026-05
North Somerset 004B,burglary,1,2026-05
Bristol 003A,burglary,1,2026-05
Bristol 003A,criminal-damage-arson,1,2026-05
Bristol 003A,violent-crime,7,2026-05
Bristol 003A,anti-social-behaviour,3,2026-05
Bristol 003A,vehicle-crime,1,2026-05
Bristol 003C,anti-social-behaviour,7,2026-05
Bristol 003C,criminal-damage-arson,3,2026-05
Bristol 003C,possession-of-weapons,1,2026-05
Bristol 003C,public-order,5,2026-05
Bristol 003C,vehicle-crime,3,2026-05
Bristol 003C,violent-crime,12,2026-05
Bristol 003C,drugs,2,2026-05
Bristol 003C,other-theft,1,2026-05
Bristol 003C,shoplifting,3,2026-05
Bristol 003C,other-crime,1,2026-05
Bristol 003C,theft-from-the-person,1,2026-05
Bristol 007B,anti-social-behaviour,1,2026-05
Bristol 007B,public-order,1,2026-05
Bristol 007B,violent-crime,4,2026-05
Bristol 007B,other-crime,1,2026-05
Bristol 003D,violent-crime,9,2026-05
Bristol 003D,shoplifting,2,2026-05
Bristol 003D,other-crime,1,2026-05
Bristol 003D,anti-social-behaviour,1,2026-05
Bristol 002A,anti-social-behaviour,8,2026-05
Bristol 002A,burglary,1,2026-05
Bristol 002A,criminal-damage-arson,3,2026-05
Bristol 002A,other-theft,2,2026-05
Bristol 002A,public-order,3,2026-05
Bristol 002A,vehicle-crime,1,2026-05
Bristol 002A,violent-crime,13,2026-05
Bristol 002D,anti-social-behaviour,5,2026-05
Bristol 002D,burglary,1,2026-05
Bristol 002D,criminal-damage-arson,2,2026-05
Bristol 002D,drugs,1,2026-05
Bristol 002D,public-order,4,2026-05
Bristol 002D,vehicle-crime,3,2026-05
Bristol 002D,violent-crime,15,2026-05
Bristol 002B,anti-social-behaviour,3,2026-05
Bristol 002B,criminal-damage-arson,2,2026-05
Bristol 002B,drugs,1,2026-05
Bristol 002B,shoplifting,8,2026-05
Bristol 002B,violent-crime,10,2026-05
Bristol 004A,public-order,2,2026-05
Bristol 004A,violent-crime,6,2026-05
Bristol 004A,anti-social-behaviour,2,2026-05
Bristol 004A,burglary,1,2026-05
Bristol 004A,criminal-damage-arson,1,2026-05
Bristol 004A,vehicle-crime,1,2026-05
Bristol 002G,robbery,1,2026-05
Bristol 002G,violent-crime,3,2026-05
Bristol 002G,criminal-damage-arson,2,2026-05
Bristol 002G,public-order,1,2026-05
Bristol 002G,vehicle-crime,1,2026-05
Bristol 009D,violent-crime,1,2026-05
Bristol 002E,anti-social-behaviour,2,2026-05
Bristol 002E,drugs,1,2026-05
Bristol 002E,vehicle-crime,3,2026-05
Bristol 002E,violent-crime,6,2026-05
Bristol 002E,other-crime,1,2026-05
Bristol 002E,burglary,1,2026-05
Bristol 002E,public-order,1,2026-05
Bristol 005A,anti-social-behaviour,3,2026-05
Bristol 005A,criminal-damage-arson,2,2026-05
Bristol 005A,drugs,1,2026-05
Bristol 005A,other-theft,1,2026-05
Bristol 005A,vehicle-crime,1,2026-05
Bristol 005A,violent-crime,15,2026-05
Bristol 005C,anti-social-behaviour,2,2026-05
Bristol 005C,criminal-damage-arson,3,2026-05
Bristol 005C,other-theft,1,2026-05
Bristol 005C,public-order,1,2026-05
Bristol 005C,shoplifting,1,2026-05
Bristol 005C,vehicle-crime,4,2026-05
Bristol 005C,violent-crime,7,2026-05
South Gloucestershire 018E,robbery,1,2026-05
South Gloucestershire 018E,violent-crime,10,2026-05
South Gloucestershire 018E,anti-social-behaviour,1,2026-05
South Gloucestershire 018E,bicycle-theft,1,2026-05
South Gloucestershire 018E,burglary,1,2026-05
South Gloucestershire 018E,public-order,2,2026-05
South Gloucestershire 018F,violent-crime,6,2026-05
South Gloucestershire 018F,anti-social-behaviour,2,2026-05
South Gloucestershire 018F,criminal-damage-arson,2,2026-05
South Gloucestershire 018F,drugs,1,2026-05
South Gloucestershire 018F,other-theft,2,2026-05
South Gloucestershire 018F,vehicle-crime,1,2026-05
South Gloucestershire 035D,anti-social-behaviour,4,2026-05
South Gloucestershire 035D,burglary,3,2026-05
South Gloucestershire 035D,criminal-damage-arson,1,2026-05
South Gloucestershire 035D,other-theft,1,2026-05
South Gloucestershire 035D,public-order,1,2026-05
South Gloucestershire 035D,vehicle-crime,1,2026-05
South Gloucestershire 035D,violent-crime,3,2026-05
South Gloucestershire 035D,other-crime,1,2026-05
South Gloucestershire 018D,anti-social-behaviour,3,2026-05
South Gloucestershire 018D,burglary,1,2026-05
South Gloucestershire 018D,criminal-damage-arson,5,2026-05
South Gloucestershire 018D,possession-of-weapons,2,2026-05
South Gloucestershire 018D,vehicle-crime,2,2026-05
South Gloucestershire 018D,violent-crime,2,2026-05
South Gloucestershire 018D,drugs,1,2026-05
South Gloucestershire 035C,burglary,1,2026-05
South Gloucestershire 035C,vehicle-crime,2,2026-05
South Gloucestershire 035C,violent-crime,1,2026-05
South Gloucestershire 036C,anti-social-behaviour,2,2026-05
South Gloucestershire 036C,other-theft,2,2026-05
South Gloucestershire 036C,public-order,1,2026-05
South Gloucestershire 036C,vehicle-crime,1,2026-05
South Gloucestershire 036C,violent-crime,5,2026-05
South Gloucestershire 036C,other-crime,1,2026-05
South Gloucestershire 036D,anti-social-behaviour,1,2026-05
South Gloucestershire 036D,violent-crime,3,2026-05
South Gloucestershire 036D,burglary,1,2026-05
South Gloucestershire 036D,criminal-damage-arson,1,2026-05
South Gloucestershire 036D,other-theft,1,2026-05
South Gloucestershire 036D,possession-of-weapons,1,2026-05
South Gloucestershire 036D,other-crime,2,2026-05
South Gloucestershire 035B,anti-social-behaviour,1,2026-05
South Gloucestershire 035B,violent-crime,3,2026-05
South Gloucestershire 020C,criminal-damage-arson,4,2026-05
South Gloucestershire 020C,violent-crime,1,2026-05
South Gloucestershire 020B,other-theft,1,2026-05
South Gloucestershire 020B,public-order,1,2026-05
South Gloucestershire 020B,violent-crime,1,2026-05
Bristol 003E,anti-social-behaviour,3,2026-05
Bristol 003E,burglary,1,2026-05
Bristol 003E,drugs,1,2026-05
Bristol 003E,other-theft,1,2026-05
Bristol 003E,public-order,2,2026-05
Bristol 003E,violent-crime,7,2026-05
Bristol 001B,anti-social-behaviour,1,2026-05
Bristol 001B,criminal-damage-arson,1,2026-05
Bristol 001B,other-theft,2,2026-05
Bristol 001B,public-order,1,2026-05
Bristol 001B,shoplifting,16,2026-05
Bristol 001B,violent-crime,13,2026-05
Bristol 001E,anti-social-behaviour,6,2026-05
Bristol 001E,burglary,1,2026-05
Bristol 001E,criminal-damage-arson,3,2026-05
Bristol 001E,drugs,1,2026-05
Bristol 001E,other-theft,1,2026-05
Bristol 001E,possession-of-weapons,2,2026-05
Bristol 001E,public-order,2,2026-05
Bristol 001E,shoplifting,9,2026-05
Bristol 001E,vehicle-crime,2,2026-05
Bristol 001E,violent-crime,18,2026-05
Bristol 001E,other-crime,1,2026-05
Bristol 001A,anti-social-behaviour,6,2026-05
Bristol 001A,criminal-damage-arson,2,2026-05
Bristol 001A,other-theft,2,2026-05
Bristol 001A,vehicle-crime,1,2026-05
Bristol 001A,violent-crime,11,2026-05
Bristol 001A,other-crime,1,2026-05
Bristol 001C,anti-social-behaviour,2,2026-05
Bristol 001C,criminal-damage-arson,7,2026-05
Bristol 001C,other-theft,3,2026-05
Bristol 001C,public-order,1,2026-05
Bristol 001C,violent-crime,4,2026-05
Bristol 001C,burglary,1,2026-05
Bristol 001H,anti-social-behaviour,2,2026-05
Bristol 001H,drugs,1,2026-05
Bristol 001H,other-theft,1,2026-05
Bristol 001H,public-order,3,2026-05
Bristol 001H,shoplifting,8,2026-05
Bristol 001H,violent-crime,7,2026-05
Bristol 002C,anti-social-behaviour,3,2026-05
Bristol 002C,vehicle-crime,3,2026-05
Bristol 002C,violent-crime,3,2026-05
Bristol 002C,burglary,1,2026-05
Bristol 002C,public-order,1,2026-05
Bristol 001G,anti-social-behaviour,4,2026-05
Bristol 001G,other-theft,3,2026-05
Bristol 001G,violent-crime,6,2026-05
Bristol 002F,anti-social-behaviour,2,2026-05
Bristol 002F,vehicle-crime,1,2026-05
Bristol 002F,violent-crime,4,2026-05
South Gloucestershire 018C,anti-social-behaviour,4,2026-05
South Gloucestershire 018C,criminal-damage-arson,6,2026-05
South Gloucestershire 018C,other-theft,3,2026-05
South Gloucestershire 018C,possession-of-weapons,2,2026-05
South Gloucestershire 018C,public-order,3,2026-05
South Gloucestershire 018C,shoplifting,8,2026-05
South Gloucestershire 018C,vehicle-crime,2,2026-05
South Gloucestershire 018C,violent-crime,15,2026-05
South Gloucestershire 018C,drugs,1,2026-05
South Gloucestershire 018C,robbery,1,2026-05
South Gloucestershire 018B,anti-social-behaviour,2,2026-05
South Gloucestershire 018B,criminal-damage-arson,1,2026-05
South Gloucestershire 018B,other-theft,1,2026-05
South Gloucestershire 018B,possession-of-weapons,1,2026-05
South Gloucestershire 018B,violent-crime,3,2026-05
South Gloucestershire 018A,vehicle-crime,1,2026-05
South Gloucestershire 018G,violent-crime,1,2026-05
South Gloucestershire 018G,burglary,1,2026-05
South Gloucestershire 005A,burglary,3,2026-05
South Gloucestershire 005A,other-theft,3,2026-05
South Gloucestershire 005A,anti-social-behaviour,5,2026-05
South Gloucestershire 005A,shoplifting,25,2026-05
South Gloucestershire 005A,violent-crime,7,2026-05
South Gloucestershire 005A,criminal-damage-arson,2,2026-05
South Gloucestershire 034E,anti-social-behaviour,1,2026-05
South Gloucestershire 034E,bicycle-theft,1,2026-05
South Gloucestershire 034E,burglary,1,2026-05
South Gloucestershire 034E,vehicle-crime,3,2026-05
South Gloucestershire 034E,violent-crime,2,2026-05
