ref,name,address,town,county,postcode,type,management,lat,lng,enrolment,ptr
1AB0427,174 Trust Playgroup,"Duncairn Complex, 1 Duncairn Avenue",BELFAST,ANTRIM,BT14 6BP,VP Pre-schools,Other,54.61253,-5.93645,,
5420059,Abbey Christian Brothers Grammar School,77a Ashgrove Road,NEWRY,DOWN,BT34 2QN,Secondary (grammar) school,Voluntary,54.19349,-6.32846,850,15.81
3210313,Abbey Community College,"Bridge Road, Monkstown",NEWTOWNABBEY,ANTRIM,BT37 0EA,Secondary (non-grammar) school,Controlled,54.69015,-5.91848,820,13.5
4016399,Abbey Primary School,90 MOVILLA ROAD,NEWTOWNARDS,DOWN,BT23 8RQ,Primary school,Controlled,54.59601,-5.66723,610,24.83
3010862,Abbots Cross Primary School,86 DOAGH ROAD,NEWTOWNABBEY,ANTRIM,BT37 9QW,Primary school,Controlled,54.66801,-5.91408,523,19.06
5011594,Abercorn Primary School,NEWRY ROAD,BANBRIDGE,DOWN,BT32 3HR,Primary school,Controlled,54.34449101,-6.274800943,434,23.67
4016201,Academy Primary School,194 LISTOODER ROAD,SAINTFIELD,DOWN,BT24 7JA,Primary school,Controlled,54.45582,-5.83136,395,25.75
3066568,Acorn Integrated Primary School,110 VICTORIA ROAD,CARRICKFERGUS,ANTRIM,BT38 7JL,Primary school,Grant Maintained Integrated,54.73025,-5.79689,203,22.82
3AB0128,Aghadowey Pre-School Playgroup,"32 Mullaghinch Road, Aghadowey",COLERAINE,LONDONDERRY,BT51 4AP,VP Pre-schools,Other,55.02852,-6.61896,,
2011873,Aghadrumsee Primary School,14 AGHADRUMSEE ROAD,ENNISKILLEN,FERMANAGH,BT92 7AU,Primary school,Controlled,54.22984,-7.27745,81,15
5BB0202,Aghagallon Pre-School,"St Patricks Primary School, 3 Aghalee Road, Aghagallon",CRAIGAVON,ARMAGH,BT67 0AR,VP Pre-schools,Other,54.50933,-6.29315,,
3AB0640,Ahoghill & District Community Pre-School Playgroup,58 Cardonaghy Road,BALLYMENA,ANTRIM,BT42 1EF,VP Pre-schools,Voluntary,54.86877,-6.36601,,
4013046,Alexander Dickson Primary School,"COMBER ROAD, BALLYGOWAN",NEWTOWNARDS,DOWN,BT23 5TN,Primary school,Controlled,54.50364,-5.78846,145,20.11
4056541,All Childrens Integrated Primary School,3A King Street,NEWCASTLE,DOWN,BT33 0HD,Primary school,Controlled Integrated,54.20117,-5.8931,203,23.6
2036557,All Saints Primary School,42 TATTYSALLAGH ROAD,OMAGH,TYRONE,BT78 5BR,Primary school,Roman Catholic Maintained,54.56059,-7.40137,111,20.4
3AB0353,Alphabet Playgroup,"Community Centre, 15a Glassillan Grove",GREENISLAND,ANTRIM,BT38 8TE,VP Pre-schools,Other,54.6975,-5.87108,,
2032722,Altishane Primary School,"139 DUNNYBOE ROAD, DUNAMANAGH",STRABANE,TYRONE,BT82 0RE,Primary school,Roman Catholic Maintained,54.83664,-7.28007,48,8.5
3012234,Ampertaine Primary School,"94 KILREA ROAD, UPPERLANDS",MAGHERA,LONDONDERRY,BT46 5SB,Primary school,Controlled,54.88365,-6.63151,138,23.33
4AB0431,Anahilt Pre-School Playgroup,"29a West Winds Terrace, Anahilt",HILLSBOROUGH,DOWN,BT26 6BS,VP Pre-schools,Other,54.43622,-5.99911,,
4011608,Anahilt Primary School,248 BALLYNAHINCH ROAD,HILLSBOROUGH,DOWN,BT26 6BP,Primary school,Controlled,54.43679,-6.00042,300,21.28
3032257,Anahorish Primary School,"120 DEERPARK ROAD, TOOMEBRIDGE",ANTRIM,ANTRIM,BT41 3SS,Primary school,Roman Catholic Maintained,54.76633,-6.50263,174,22.75
5031146,Anamar Primary School,"67 KILTYBANE ROAD, CROSSMAGLEN",NEWRY,DOWN,BT35 9BH,Primary school,Roman Catholic Maintained,54.11035,-6.61837,91,11.67
4016126,Andrews Memorial Primary School,"4 BALLYGOWAN ROAD, COMBER",NEWTOWNARDS,DOWN,BT23 5PG,Primary school,Controlled,54.54686,-5.75425,368,24.14
5011684,Annalong Primary School,31 KILKEEL ROAD,NEWRY,DOWN,BT34 4TH,Primary school,Controlled,54.10725,-5.90284,185,26.07
4053009,Annsborough Primary School,51 BALLYLOUGH ROAD,CASTLEWELLAN,DOWN,BT31 9NN,Primary school,Controlled Integrated,54.26768,-5.92063,85,14
3410209,Antrim Grammar School,10 STEEPLE ROAD,ANTRIM,ANTRIM,BT41 1AF,Secondary (grammar) school,Controlled,54.72363,-6.21251,740,16.08
3010829,Antrim Primary School,31 STATION ROAD,ANTRIM,ANTRIM,BT41 4AB,Primary school,Controlled,54.71678,-6.21577,600,24.92
4BB0310,Apple Blossom Pre-School,"St Joseph's Primary School, 4 Ballynahinch Road, Crossgar",DOWNPATRICK,DOWN,BT30 9HS,VP Pre-schools,Other,54.39775,-5.76448,,
3CB0567,Appletree Childcare,"37 - 39 Tirkeeran Road, Garvagh",COLERAINE,LONDONDERRY,BT51 5AX,VP Pre-schools,Other,54.96866,-6.70652,,
1420277,Aquinas Diocesan Grammar School,518 RAVENHILL ROAD,BELFAST,ANTRIM,BT6 0BY,Secondary (grammar) school,Voluntary,54.57617,-5.90744,770,15.3
4BB0158,Ardglass Community Playgroup,21 Downpatrick Road,ARDGLASS,DOWN,BT30 7SF,VP Pre-schools,Other,54.26602,-5.61502,,
4310019,Ardmore House Special School,95A SAUL STREET,DOWNPATRICK,DOWN,BT30 6NJ,Special school,Controlled,54.33057,-5.71065,,0.17
2316695,Ardnashee School and College,15 Racecourse Road,LONDONDERRY,LONDONDERRY,BT48 7RE,Special school,Controlled,55.01788,-7.31656,,6.75
2BB0444,Ardstraw Community Playgroup,"11A Deerpark Road, Newtownstewart",OMAGH,TYRONE,BT78 4LL,VP Pre-schools,Other,54.73214,-7.45286,,
2016701,Ardstraw Jubilee Primary School,"Deerpark Road, Newtownstewart",OMAGH,TYRONE,BT78 4LA,Primary school,Controlled,54.73214,-7.45286,108,25.46
1110001,Arellian Nursery School,"50 BENTHAM DRIVE, DONEGALL ROAD",BELFAST,ANTRIM,BT12 5NS,Nursery school,Controlled,54.59053,-5.94569,,30
3AB0354,Armoy Cross Community Playgroup,"12 Main Street, Armoy",BALLYMONEY,ANTRIM,BT53 8RQ,VP Pre-schools,Other,55.13109,-6.32632,,
3016040,Armoy Primary School,"2 GRACEHILL ROAD, ARMOY",BALLYMONEY,ANTRIM,BT53 8TD,Primary school,Controlled,55.12789,-6.32796,116,18.94
5011115,Armstrong Primary School,6 COLLEGE HILL,ARMAGH,ARMAGH,BT61 9DF,Primary school,Controlled,54.35171,-6.65128,443,21.54
2016068,Artigarvan Primary School,31 BERRYHILL ROAD,STRABANE,TYRONE,BT82 0HN,Primary school,Controlled,54.85488,-7.41044,175,20.31
2316661,Arvalee School and Resource Centre,17 DEVERNEY ROAD,OMAGH,TYRONE,BT79 0ND,Special school,Controlled,54.59421,-7.25847,,6.17
1210015,Ashfield Boys' High School,395 HOLYWOOD ROAD,BELFAST,ANTRIM,BT4 2LY,Secondary (non-grammar) school,Controlled,54.60831,-5.86252,600,15.9
1210014,Ashfield Girls' High School,397 HOLYWOOD ROAD,BELFAST,ANTRIM,BT4 2LY,Secondary (non-grammar) school,Controlled,54.6096,-5.86554,660,16.03
3116214,Ashgrove Nursery School,"57 ASHGROVE ROAD, CARNMONEY",NEWTOWNABBEY,ANTRIM,BT36 6LJ,Nursery school,Controlled,54.67707,-5.95022,,26
5116112,Ashgrove Nursery School,23 CHESTNUT GROVE,NEWRY,DOWN,BT34 1JT,Nursery school,Controlled,54.18765,-6.32456,,18.97
5AB0604,Ashgrove Pre-School Playgroup,157 Garvaghey Road,PORTADOWN,ARMAGH,BT62 1EZ,VP Pre-schools,Other,54.43219,-6.45427,,
3016244,Ashgrove Primary School,ASHGROVE ROAD,NEWTOWNABBEY,ANTRIM,BT36 6LJ,Primary school,Controlled,54.67753,-5.94897,374,22.9
2016124,Ashlea Primary School,"163 STEVENSON PARK, TULLYALLY",LONDONDERRY,LONDONDERRY,BT47 3QT,Primary school,Controlled,54.97365,-7.28592,230,21.67
4420086,Assumption Grammar School,22-24 BELFAST ROAD,BALLYNAHINCH,DOWN,BT24 8EA,Secondary (grammar) school,Voluntary,54.40531,-5.8967,840,15.68
5AB0232,Atticall Pre-School Playgroup,"Atticall Community Centre, 140 Tullyframe Road, Kilkeel",NEWRY,DOWN,BT34 4RZ,VP Pre-schools,Other,54.10391,-6.06233,,
5012635,Augher Central Primary School,17 KNOCKMANY ROAD,AUGHER,TYRONE,BT77 0BE,Primary school,Controlled,54.43229,-7.13576,100,18.29
5210153,Aughnacloy High School,23 CARNTEEL ROAD,AUGHNACLOY,TYRONE,BT69 6DX,Secondary (non-grammar) school,Controlled,54.41909,-6.965,232,11.49
5AB0233,Aughnacloy Playgroup Ltd,"Unit 1, 12B Carnteel Road, Aughnacloy",DUNGANNON,TYRONE,BT69 6DU,VP Pre-schools,Other,54.41801,-6.97037,,
5012621,Aughnacloy Primary School,1 CARNTEEL ROAD,AUGHNACLOY,TYRONE,BT69 6DU,Primary school,Controlled,54.41641,-6.97006,116,22.83
3AB0568,Ballee pre-School Playgroup,20 Antrim Road,BALLYMENA,ANTRIM,BT42 2BJ,VP Pre-schools,Other,54.85359,-6.27464,,
2011893,Ballinamallard Primary School,"19 BARAGH ROAD, BALLINAMALLARD",ENNISKILLEN,FERMANAGH,BT94 2NY,Primary school,Controlled,54.42414,-7.59608,198,20.41
3AB0101,Ballinascreen Early Years,"The Business Park, Tobermore Rd, Draperstown",MAGHERAFELT,LONDONDERRY,BT45 7AG,VP Pre-schools,Other,54.79559,-6.7815,,
5AB0217,Ballinderry Playgroup,"Ballinderry Parochial Centre, Ballinderry Bridge Road, Coagh",COOKSTOWN,TYRONE,BT80 0AY,VP Pre-schools,Other,54.66954,-6.54657,,
4016202,Ballinderry Primary School,"8D CRUMLIN ROAD, BALLINDERRY",LISBURN,ANTRIM,BT28 2BF,Primary school,Controlled,54.54562,-6.25691,261,21.66
2012095,Ballougry Primary School,30A MULLENAN ROAD,LONDONDERRY,LONDONDERRY,BT48 9XN,Primary school,Controlled,54.97118,-7.38495,84,26.33
4AB0151,Ballybeen Women's Centre Pre-School,"34 Ballybeen Square, Dundonald",BELFAST,ANTRIM,BT16 2QE,VP Pre-schools,Other,54.59088,-5.79129,,
4010720,Ballycarrickmaddy Primary School,"1A KILLULTAGH ROAD, BALLINDERRY UPPER",LISBURN,ANTRIM,BT28 2NX,Primary school,Controlled,54.55026,-6.14451,203,26.43
3AB0116,Ballycarry Playgroup,"Old Presbyterian Church Hall, 57 Main Street, Ballycarry",CARRICKFERGUS,ANTRIM,BT38 9HG,VP Pre-schools,Other,54.77188,-5.75148,,
3010809,Ballycarry Primary School,"23 HILLHEAD ROAD, BALLYCARRY",CARRICKFERGUS,ANTRIM,BT38 9HE,Primary school,Controlled,54.77627,-5.75245,116,28.17
3210124,Ballycastle High School,33 RATHLIN ROAD,BALLYCASTLE,ANTRIM,BT54 6LD,Secondary (non-grammar) school,Controlled,55.20399,-6.24967,460,14.87
3053333,Ballycastle Integrated Primary School,43 QUAY ROAD,BALLYCASTLE,ANTRIM,BT54 6BJ,Primary school,Controlled Integrated,55.20358,-6.24199,158,22.54
3410008,Ballyclare High School,31 RASHEE ROAD,BALLYCLARE,ANTRIM,BT39 9HJ,Secondary (grammar) school,Controlled,54.75463,-6.00355,1210,15.89
3116220,Ballyclare Nursery School,GRANGE DRIVE,BALLYCLARE,ANTRIM,BT39 9EY,Nursery school,Controlled,54.75323,-6.0125,,18.97
3010631,Ballyclare Primary School,DOAGH ROAD,BALLYCLARE,ANTRIM,BT39 9BG,Primary school,Controlled,54.75168,-6.00229,572,25.52
3210134,Ballyclare Secondary School,19 DOAGH ROAD,BALLYCLARE,ANTRIM,BT39 9BG,Secondary (non-grammar) school,Controlled,54.7504,-6.00279,960,13.69
3013331,Ballycraigy Primary School,"22 BRACKEN AVENUE, MUCKAMORE",ANTRIM,ANTRIM,BT41 1PU,Primary school,Controlled,54.70699,-6.18977,326,17.23
4AB0171,Ballycrochan Playgroup,"Ballycrochan Presbyterian Church, Silverbirch Road",BANGOR,DOWN,BT19 6EU,VP Pre-schools,Other,54.65186,-5.63399,,
5011617,Ballydown Primary School,64 LISNAREE ROAD,BANBRIDGE,DOWN,BT32 4JN,Primary school,Controlled,54.3433,-6.23255,319,25.22
5AB0205,Ballygawley Early Years,"Fairfield House Playing Fields, 95 Main Street",BALLYGAWLEY,TYRONE,BT70 2HD,VP Pre-schools,Other,54.46082,-7.03081,,
4BB0167,Ballygowan Community Playgroup,"Alexander Dickson Primary School, Comber Road, Ballygowan",NEWTOWNARDS,DOWN,BT23 5TN,VP Pre-schools,Other,54.50364,-5.78846,,
3032104,Ballyhackett Primary School,"50 ALTIKEERAGH ROAD, CASTLEROCK",COLERAINE,LONDONDERRY,BT51 4SR,Primary school,Roman Catholic Maintained,55.13868,-6.81702,67,13.67
3116166,Ballyhenry Nursery School,GLENVARNA COURT,NEWTOWNABBEY,ANTRIM,BT36 5JD,Nursery school,Controlled,54.67917,-5.96781,,26.5
3016170,Ballyhenry Primary School,"BALLYHENRY AVENUE, GLENGORMLEY",NEWTOWNABBEY,ANTRIM,BT36 5AZ,Primary school,Controlled,54.67977,-5.96866,317,19.63
5031558,Ballyholland Primary School,60 BETTYS HILL ROAD,NEWRY,DOWN,BT34 2ND,Primary school,Roman Catholic Maintained,54.15413,-6.29348,244,25.66
4AB0275,Ballyholme Presbyterian Church Playgroup,"Ballyholme Presbyterian Church, GLENBURN PARK",BANGOR,DOWN,BT20 5RD,VP Pre-schools,Other,54.66252,-5.6395,,
4011650,Ballyholme Primary School,GLENBURN PARK,BANGOR,DOWN,BT20 5RG,Primary school,Controlled,54.66313,-5.63886,630,24.79
3013315,Ballykeel Primary School,22 CREBILLY ROAD,BALLYMENA,ANTRIM,BT42 4DN,Primary school,Controlled,54.85935,-6.25591,406,20.38
2012298,Ballykelly Primary School,"8 GLENHEAD ROAD, BALLYKELLY",LIMAVADY,LONDONDERRY,BT49 9JS,Primary school,Controlled,55.04296,-7.01616,586,20.96
4AB0374,Ballykinlar Cross Community Preschool,"The Playing Fields, 27 Marion Park, BALLYKINLAR",DOWNPATRICK,DOWN,BT30 8DJ,VP Pre-schools,Other,54.25647,-5.79357,,
5032208,Ballylifford Primary School,142 BALLINDERRY BRIDGE ROAD,COOKSTOWN,TYRONE,BT80 0AY,Primary school,Roman Catholic Maintained,54.66968,-6.54753,93,20.25
4016441,Ballymacash Primary School,16 BROKERSTOWN ROAD,LISBURN,ANTRIM,BT28 2EE,Primary school,Controlled,54.52508,-6.08215,350,27.85
4030823,Ballymacrickett Primary School,"44 SCROGGY ROAD, GLENAVY",CRUMLIN,ANTRIM,BT29 4NE,Primary school,Roman Catholic Maintained,54.5782,-6.22423,370,23.6
4BB0173,Ballymacward Pre-School Playgroup,"Ballymacward Primary School, 22 Rock Road, Stoneyford",LISBURN,ANTRIM,BT28 3SU,VP Pre-schools,Other,54.58002,-6.10589,,
4030573,Ballymacward Primary School,22 ROCK ROAD,LISBURN,ANTRIM,BT28 3SU,Primary school,Roman Catholic Maintained,54.58002,-6.10589,145,16
4016430,Ballymagee Primary School,77 ASHBURY AVENUE,BANGOR,DOWN,BT19 6ZG,Primary school,Controlled,54.64566,-5.63473,406,25.37
3420011,Ballymena Academy,89 GALGORM ROAD,BALLYMENA,ANTRIM,BT42 1AJ,Secondary (grammar) school,Voluntary,54.86499,-6.29292,1200,15.88
3110037,Ballymena Nursery School,"TROSTAN AVENUE, THE DEMESNE",BALLYMENA,ANTRIM,BT43 7BL,Nursery school,Controlled,54.86246,-6.26794,,20.8
3010875,Ballymena Primary School,101 BALLYMONEY ROAD,BALLYMENA,ANTRIM,BT43 5BX,Primary school,Controlled,54.87066,-6.2817,369,26.23
3AB0355,Ballymoney & District Community Playgroup,"Trinity Church Hall, Rodeing Foot",BALLYMONEY,ANTRIM,BT53 6BY,VP Pre-schools,Other,55.071,-6.50887,,
3050866,Ballymoney Controlled Integrated Primary School,23 NORTH ROAD,BALLYMONEY,ANTRIM,BT53 6BW,Primary school,Controlled Integrated,55.07209,-6.52423,414,21.3
3210133,Ballymoney High School,17 GARRYDUFF ROAD,BALLYMONEY,ANTRIM,BT53 7AN,Secondary (non-grammar) school,Controlled,55.06822,-6.5033,670,14.32
3116034,Ballymoney Nursery School,NORTH ROAD,BALLYMONEY,ANTRIM,BT53 6BW,Nursery school,Controlled,55.07225,-6.52333,,21.11
4011567,Ballynahinch Primary School,CROOB PARK,BALLYNAHINCH,DOWN,BT24 8BB,Primary school,Controlled,54.3991,-5.90373,438,21.13
3010802,Ballynure Primary School,"2 LISMENARY ROAD, BALLYNURE",BALLYCLARE,ANTRIM,BT39 9UE,Primary school,Controlled,54.77371,-5.95419,154,19
5016117,Ballyoran Primary School,BALLYORAN PARK,PORTADOWN,ARMAGH,BT62 1JY,Primary school,Controlled,54.43281,-6.4525,400,18.53
3AB0264,Ballyronan Community Playgroup,"Marine Centre, 135 Shore Road, Ballyronan",MAGHERAFELT,LONDONDERRY,BT45 6JA,VP Pre-schools,Other,54.70916,-6.52962,,
3116263,Ballysally Nursery School,"BALLYSALLY LANE, BALLYSALLY ESTATE",COLERAINE,LONDONDERRY,BT52 2QA,Nursery school,Controlled,55.14988,-6.66046,,26
3016252,Ballysally Primary School,DANE'S HILL ROAD,COLERAINE,LONDONDERRY,BT52 2QU,Primary school,Controlled,55.14639,-6.66074,304,15.25
1016076,Ballysillan Primary School,BALLYSILLAN PARK,BELFAST,ANTRIM,BT14 8LT,Primary school,Controlled,54.63236,-5.96992,290,22.37
3010892,Ballytober Primary School,60 PRIESTLAND ROAD,BUSHMILLS,ANTRIM,BT57 8UR,Primary school,Controlled,55.1852,-6.55429,87,22.5
5012615,Ballytrea Primary School,"52 GORTNASKEA ROAD, STEWARTSTOWN",DUNGANNON,TYRONE,BT71 5NY,Primary school,Controlled,54.61112,-6.65606,143,17.96
4011265,Ballyvester Primary School,244 KILLAUGHEY ROAD,DONAGHADEE,DOWN,BT21 0NF,Primary school,Controlled,54.62597,-5.55909,109,21.48
4BB0432,Ballywalter Pre-School Unit,"C/O Ballywalter Primary School, 12 Stump Road, BALLYWALTER",NEWTOWNARDS,DOWN,BT22 2NT,VP Pre-schools,Other,54.54533,-5.48737,,
4011566,Ballywalter Primary School,"12 STUMP ROAD, BALLYWALTER",NEWTOWNARDS,DOWN,BT22 2NT,Primary school,Controlled,54.54533,-5.48737,199,21.13
3016447,Balnamore Primary School,80 BALNAMORE ROAD,BALLYMONEY,ANTRIM,BT53 7PT,Primary school,Controlled,55.06492,-6.56349,111,19.51
2AB0299,Banagher Community Playgroup,4a Beechmount,FEENY,LONDONDERRY,BT47 4TZ,VP Pre-schools,Other,54.89287,-7.02161,,
3AB0106,Banana Bunch Playgroup,"Whitehead Presbyterian Church Hall, 8 Kings Road, Whitehead",CARRICKFERGUS,ANTRIM,BT38 9PU,VP Pre-schools,Other,54.75353,-5.71312,,
5410013,Banbridge Academy,LURGAN ROAD,BANBRIDGE,DOWN,BT32 4AQ,Secondary (grammar) school,Controlled,54.35685,-6.2707,1320,17.09
5210047,Banbridge High School,69A PRIMROSE GARDENS,BANBRIDGE,DOWN,BT32 3EW,Secondary (non-grammar) school,Controlled,54.34497,-6.27792,680,12.33
5116238,Banbridge Nursery School,3A LURGAN ROAD,BANBRIDGE,DOWN,BT32 4AF,Nursery school,Controlled,54.35565,-6.26825,,26
4AB0472,Bangor Abbey Pre-School Centre,"Temporary Accommodation, Rooms 18/19 Clandeboye PS, Clandeboye Road",BANGOR,DOWN,BT20 3JW,VP Pre-schools,Other,54.65172,-5.6817,,
4210296,Bangor Academy and 6th Form College,2 Castle Park Road,BANGOR,DOWN,BT20 4TB,Secondary (non-grammar) school,Controlled,54.65724,-5.66469,1420,16.32
4051680,Bangor Central Integrated Primary School,6 CASTLE PARK ROAD,BANGOR,DOWN,BT20 4TF,Primary school,Controlled Integrated,54.65818,-5.66693,618,24.19
4110029,Bangor Central Nursery School,4 Castle Park Road,BANGOR,DOWN,BT20 4TF,Nursery school,Controlled,54.65856,-5.66741,,26.25
4420015,Bangor Grammar School,Gransha Road,BANGOR,DOWN,BT19 7QU,Secondary (grammar) school,Voluntary,54.64262,-5.64773,850,16.74
4AB0164,Bangor West Nursery Playgroup,"West Church Halls, Rathmore Road",BANGOR,DOWN,BT19 1DF,VP Pre-schools,Other,54.66011,-5.70287,,
4116018,Barbour Nursery School,73 ASHMOUNT GARDENS,LISBURN,ANTRIM,BT27 5BZ,Nursery school,Controlled,54.51173,-6.02837,,26
3030800,Barnish Primary School,100 CUSHENDALL ROAD,BALLYCASTLE,ANTRIM,BT54 6QY,Primary school,Roman Catholic Maintained,55.20007,-6.18979,115,17.67
5AB0505,Beacon Playgroup,52 Milburn Close,COOKSTOWN,TYRONE,BT80 8HF,VP Pre-schools,Other,54.65094,-6.75227,,
4310008,Beechlawn Special School,3 DROMORE ROAD,HILLSBOROUGH,DOWN,BT26 6PA,Special school,Controlled,54.4585,-6.08623,,7.71
4AB0433,Bees Nees Early Years Centre,"8a Glenard Road, Glen Estate",NEWTOWNARDS,DOWN,BT23 4HS,VP Pre-schools,Other,54.5992,-5.69927,,
2AB0320,Belcoo Playgroup,"Community Centre, Garrison Road, Belcoo",ENNISKILLEN,FERMANAGH,BT93 5DS,VP Pre-schools,Other,54.30158,-7.87875,,
1210022,Belfast Boys' Model School,BALLYSILLAN ROAD,BELFAST,ANTRIM,BT14 6RB,Secondary (non-grammar) school,Controlled,54.63248,-5.96157,905,13.45
3420077,Belfast High School,740 SHORE ROAD,NEWTOWNABBEY,ANTRIM,BT37 0PX,Secondary (grammar) school,Voluntary,54.68683,-5.87643,930,15.89
1210021,Belfast Model School For Girls,35 Dunowen Gardens,BELFAST,ANTRIM,BT14 6NQ,Secondary (non-grammar) school,Controlled,54.62444,-5.95533,950,14.14
1420028,Belfast Royal Academy,5-17 CLIFTONVILLE ROAD,BELFAST,ANTRIM,BT14 6JL,Secondary (grammar) school,Voluntary,54.61479,-5.93908,1410,16.88
3012290,Bellaghy Primary School,"79 WILLIAM STREET, BELLAGHY",MAGHERAFELT,LONDONDERRY,BT45 8HZ,Primary school,Controlled,54.81133,-6.5142,115,14
2012087,Bellarena Primary School,260 SEACOAST ROAD,LIMAVADY,LONDONDERRY,BT49 0JB,Primary school,Controlled,55.11761,-6.95377,74,19.5
2AB0319,Belleek Pre-School Playgroup,"Stepping Stones Centre, Station Road",BELLEEK,FERMANAGH,BT93 3FY,VP Pre-schools,Other,54.47978,-8.09047,,
2011860,Belleek(2) Primary School,"CORRY, BELLEEK",ENNISKILLEN,FERMANAGH,BT93 3EZ,Primary school,Controlled,54.47058,-8.0956,46,14.17
2116345,Belmont Nursery School,19B RACECOURSE ROAD,LONDONDERRY,LONDONDERRY,BT48 8NF,Nursery school,Controlled,55.01799,-7.31897,,27.5
1BB0494,Belmont Playcare,215 Belmont Road,BELFAST,ANTRIM,BT4 2DG,VP Pre-schools,Other,54.59878,-5.86641,,
1010012,Belmont Primary School,215 BELMONT ROAD,BELFAST,ANTRIM,BT4 2AG,Primary school,Controlled,54.59878,-5.86641,252,23.52
4013013,Belvoir Park Primary School,BELVOIR DRIVE,BELFAST,ANTRIM,BT8 7DL,Primary school,Controlled,54.55143,-5.93096,370,17.13
1620028,Ben Madigan Preparatory School,690 ANTRIM ROAD,BELFAST,ANTRIM,BT15 5GP,Preparatory Schools,Voluntary,54.64413,-5.93679,,17.75
5AB0406,Benburb Community Playgroup,"3 Drumgoose Road, Benburb",DUNGANNON,TYRONE,BT71 7JT,VP Pre-schools,Other,54.4143,-6.74519,,
1BB0024,Benmore Playgroup,"C/O Finaghy Primary Campus, 38 Finaghy Road South",BELFAST,ANTRIM,BT10 0DR,VP Pre-schools,Other,54.55943,-5.98179,,
5011179,Bessbrook Primary School,14 CHURCH ROAD,NEWRY,DOWN,BT35 7AQ,Primary school,Controlled,54.19491,-6.39713,145,22.73
1130027,Bethlehem Nursery School,516 RAVENHILL ROAD,BELFAST,ANTRIM,BT6 0BW,Nursery school,Roman Catholic Maintained,54.5788,-5.9105,,26
4CA0616,Big Red Balloon Day Nursery,64 Broadway,BANGOR,DOWN,BT20 4RG,VP Pre-schools,Other,54.65836,-5.65631,,
5011174,Birches Primary School,"14 CLONMAKATE ROAD, PORTADOWN",CRAIGAVON,ARMAGH,BT62 1LR,Primary school,Controlled,54.48833,-6.54945,161,23.86
1016059,Blackmountain Primary School,BLACK MOUNTAIN PLACE,BELFAST,ANTRIM,BT13 3TT,Primary school,Controlled,54.6008,-5.97868,280,13.63
4260309,Blackwater Integrated College,"12 Old Belfast Road, Downpatrick",DOWNPATRICK,DOWN,BT30 6SG,Secondary (non-grammar) school,Grant Maintained Integrated,54.33884,-5.71559,400,10.45
5011602,Bleary Primary School,"6 DEAN'S ROAD, LURGAN",CRAIGAVON,ARMAGH,BT66 8TD,Primary school,Controlled,54.42462,-6.34141,145,17.69
5032463,Blessed Patrick O'loughran Primary School,"136 OLD CAULFIELD ROAD, CASTLECAULFIELD",DUNGANNON,TYRONE,BT70 3NQ,Primary school,Roman Catholic Maintained,54.5053,-6.82981,116,20.89
2116266,Bligh's Lane Nursery School,3 BLIGH'S LANE,LONDONDERRY,LONDONDERRY,BT48 9PJ,Nursery school,Controlled,54.99551,-7.33831,,28
1410315,Bloomfield Collegiate,8 ASTORIA GARDENS,BELFAST,ANTRIM,BT5 6HW,Secondary (grammar) school,Controlled,54.59413,-5.86458,710,15.8
4013023,Bloomfield Primary School,BLOOMFIELD ROAD SOUTH,BANGOR,DOWN,BT19 7PN,Primary school,Controlled,54.6445,-5.65864,408,21.41
1016207,Blythefield Primary School,BLYTHE STREET,BELFAST,ANTRIM,BT12 5HX,Primary school,Controlled,54.59156,-5.94318,513,18
2AB0528,Bo Peeps Playgroup,"Boho Community Hall, 184 Boho Road, Tullyholvin",ENNISKILLEN,FERMANAGH,BT74 5BE,VP Pre-schools,Other,54.34517,-7.80708,,
4AB0165,Bo-Peep Corner Pre-School Playgroup,"St Gall's Church, 171 Crawfordsburn Road",BANGOR,DOWN,BT19 1BT,VP Pre-schools,Other,54.66037,-5.71267,,
5016138,Bocombra Primary School,1 OLD LURGAN ROAD,PORTADOWN,ARMAGH,BT63 5SG,Primary school,Controlled,54.43029,-6.41221,300,24.88
5BB0324,Bosco Community Playgroup,19 Loy Street,COOKSTOWN,TYRONE,BT80 8PZ,VP Pre-schools,Other,54.64324,-6.74537,,
1016499,Botanic Primary School,6 BOTANIC COURT,BELFAST,ANTRIM,BT7 1QY,Primary school,Controlled,54.58172,-5.92933,210,17.62
5016098,Brackenagh West Primary School,22 CHURCH ROAD,KILKEEL,DOWN,BT34 4QB,Primary school,Controlled,54.09891,-5.97042,170,22.48
3066551,Braidside Integrated Primary School,87 FRY'S ROAD,BALLYMENA,ANTRIM,BT43 7EN,Primary school,Grant Maintained Integrated,54.88092,-6.26168,348,20.76
2BB0342,Brambly Hedge Community Playgroup,"12 Cloughboy Road, Bready",STRABANE,TYRONE,BT82 0DN,VP Pre-schools,Other,54.92131,-7.42196,,
4011683,Braniel Primary School,RAVENSWOOD PARK,BELFAST,ANTRIM,BT5 7JU,Primary school,Controlled,54.57745,-5.8606,408,21.02
2016645,Bready Jubilee Primary School,"12 CLOUGHBOY ROAD, BREADY",STRABANE,TYRONE,BT82 0DN,Primary school,Controlled,54.92131,-7.42196,145,25.42
4210316,Breda Academy,NEWTOWNBREDA ROAD,BELFAST,ANTRIM,BT8 6PY,Secondary (non-grammar) school,Controlled,54.55493,-5.91503,1000,14.03
1110028,Brefne Nursery School,111 SALISBURY AVE,BELFAST,ANTRIM,BT15 5EB,Nursery school,Controlled,54.63051,-5.94188,,26
5066540,Bridge Integrated Primary School,70 BALLYGOWAN ROAD,BANBRIDGE,DOWN,BT32 3EL,Primary school,Grant Maintained Integrated,54.34448,-6.28375,406,25.08
1CA0635,Bright Sparks,"Skainos Building, 239 NEWTOWNARDS ROAD",BELFAST,ANTRIM,BT5 4HR,VP Pre-schools,Other,54.59843,-5.89944,,
4BB0584,Bright Sparks Pre-School,"Crawfordsburn Primary School, 4 Cootehall Road, Crawfordsburn",BANGOR,DOWN,BT19 1JA,VP Pre-schools,Other,54.65785,-5.72436,,
2032278,Broadbridge Primary School,"3 COOLAFINNY ROAD, EGLINTON",LONDONDERRY,LONDONDERRY,BT47 3PG,Primary school,Roman Catholic Maintained,55.03198,-7.18514,398,23.17
5AA0197,Brockagh Playgroup,"Brockagh Youth Centre, 11 Mountjoy Road, Coalisland",DUNGANNON,TYRONE,BT71 5DQ,VP Pre-schools,Other,54.55519,-6.6072,,
5016612,Bronte Primary School,"39 BALLINASKEAGH ROAD, BALLINASKEAGH",BANBRIDGE,DOWN,BT32 5BL,Primary school,Controlled,54.26302,-6.23987,174,25.78
2AB0318,Brookeborough & District Community Playgroup,"Station House, 2A Main Street",BROOKEBOROUGH,FERMANAGH,BT94 4EZ,VP Pre-schools,Other,54.31437,-7.40822,,
2011894,Brookeborough Primary School,BROOKEBOROUGH,ENNISKILLEN,FERMANAGH,BT94 4EZ,Primary school,Controlled,54.31494,-7.40359,116,23
4316022,Brookfield Special School,"65 HALFPENNY GATE ROAD, MOIRA",CRAIGAVON,ARMAGH,BT67 0HP,Special school,Controlled,54.48972,-6.18449,,9.35
4016503,Brooklands Primary School,"2A BROOKLANDS AVENUE, DUNDONALD",BELFAST,ANTRIM,BT16 2PA,Primary school,Controlled,54.59455,-5.7918,665,22.7
3AB0142,Broughshane Centre of Early Learning,"Community Centre, 23 Knockan Road, Broughshane",BALLYMENA,ANTRIM,BT42 4JY,VP Pre-schools,Other,54.89339,-6.21508,,
3013310,Broughshane Primary School,"46A HOUSTON PARK, BROUGHSHANE",BALLYMENA,ANTRIM,BT42 4LB,Primary school,Controlled,54.89154,-6.21572,319,22.56
4BA0602,Brownlee Playgroup by Little Rays,"C/O Brownlee Primary School, Wallace Avenue",LISBURN,ANTRIM,BT27 4AA,VP Pre-schools,Other,54.5134,-6.04277,,
4010762,Brownlee Primary School,WALLACE AVENUE,LISBURN,ANTRIM,BT27 4AA,Primary school,Controlled,54.5134,-6.04277,196,24.25
5250216,Brownlow Int College,TULLYGALLY ROAD,CRAIGAVON,ARMAGH,BT65 5BS,Secondary (non-grammar) school,Controlled Integrated,54.44838,-6.36382,450,10.11
2CA0621,Buddies Childtime Centre,18 Woodbank Road,OMAGH,TYRONE,BT79 0NB,VP Pre-schools,Other,54.591,-7.24856,,
3010714,Buick Memorial Primary School,"62 MAIN STREET, CULLYBACKEY",BALLYMENA,ANTRIM,BT42 1BW,Primary school,Controlled,54.8873,-6.35288,472,19.7
2AB0445,Bunnahone Bunnies Cross Community Playgroup,"Tir Navar Complex, 8C Creamery Road, Derrygonnelly",ENNISKILLEN,FERMANAGH,BT93 6HW,VP Pre-schools,Other,54.41871,-7.82086,,
5046597,Bunscoil an Iuir,74 KILMOREY STREET,NEWRY,DOWN,BT34 2DH,Primary school,Other Maintained,54.16904,-6.33377,129,19.77
2046669,Bunscoil an Traonaigh,"Drumbrughas North, Enniskillen Road",LISNASKEA,FERMANAGH,BT92 OPE,Primary school,Other Maintained,54.26303,-7.4621,58,15
1046593,Bunscoil An Tsleibhe Dhuibh,15A Ballymurphy Road,BELFAST,ANTRIM,BT12 7JL,Primary school,Other Maintained,54.59268,-5.97886,203,19.18
1046596,Bunscoil Bheann Mhadagain,WYNDHAM DRIVE,BELFAST,ANTRIM,BT14 6HP,Primary school,Other Maintained,54.61834,-5.95029,145,19.38
4046648,Bunscoil Bheanna Boirche,27 Bunker's Hill,CASTLEWELLAN,DOWN,BT31 9EB,Primary school,Other Maintained,54.25386,-5.93764,87,17.2
2036574,Bunscoil Cholmcille,40A STEELSTOWN ROAD,LONDONDERRY,LONDONDERRY,BT48 8EX,Primary school,Roman Catholic Maintained,55.02862,-7.30803,196,18.17
1016647,Bunscoil Mhic Reachtain,10A LANCASTER STREET,BELFAST,ANTRIM,BT15 1EZ,Primary school,Controlled,54.60577,-5.92862,87,21
1046501,Bunscoil Phobal Feirste,11 ROSGOILL PARK,BELFAST,ANTRIM,BT11 9QS,Primary school,Other Maintained,54.57356,-6.00466,406,24.23
5016391,Bush Primary School,31 MULLAGHTEIGE ROAD,DUNGANNON,TYRONE,BT71 6QU,Primary school,Controlled,54.51682,-6.72426,198,23.33
3010873,Bushmills Primary School,5 PRIESTLAND ROAD,BUSHMILLS,ANTRIM,BT57 8QW,Primary school,Controlled,55.20497,-6.52783,226,19.33
3016594,Bushvalley Primary School,"175 BALLINLEA ROAD, STRANOCUM",BALLYMONEY,ANTRIM,BT53 8PR,Primary school,Controlled,55.11761,-6.41426,174,17.57
3BB0359,Busy Bee Playgroup,15 Station Road,MAGHERA,LONDONDERRY,BT46 5BS,VP Pre-schools,Other,54.84416,-6.66862,,
2AA0063,Busy Bees Nursery,"61 Farnamullen Road, Lisbellaw",ENNISKILLEN,FERMANAGH,BT94 5DZ,VP Pre-schools,Other,54.30877,-7.5411,,
4AB0508,Busy Bees Playgroup,"Elim Pentecostal Church, 85 Moira Road",HILLSBOROUGH,DOWN,BT26 6DY,VP Pre-schools,Other,54.46841,-6.1165,,
5AB0228,Busy Bees Playgroup (Burren),"St Mary's Hall, Bridge Road, Burren",WARRENPOINT,DOWN,BT34 3QT,VP Pre-schools,Other,54.13485,-6.26024,,
5AB0200,Buttonmoon Pre-School Playgroup,"Recreation Centre, 24 Madden Road, Tandragee",TANDRAGEE,ARMAGH,BT62 2DG,VP Pre-schools,Other,54.35419,-6.40982,,
4CA0634,Cabbage Patch Day Nursery,2B Ballycrochan Road,BANGOR,DOWN,BT19 6NF,VP Pre-schools,Voluntary,54.65664,-5.6276,,
3016269,Cairncastle Primary School,"12 CAIRNCASTLE ROAD, BALLYGALLY",LARNE,ANTRIM,BT40 2RB,Primary school,Controlled,54.89732,-5.86449,137,22.43
4013024,Cairnshill Primary School,6A CAIRNSHILL DRIVE,BELFAST,ANTRIM,BT8 6RT,Primary school,Controlled,54.55194,-5.90177,583,22.53
5AB0238,Caledon Playgroup,13a Derrycourtney Road,CALEDON,TYRONE,BT68 4UF,VP Pre-schools,Other,54.35114,-6.83891,,
3410297,Cambridge House Grammar School,1 CAMBRIDGE AVENUE,BALLYMENA,ANTRIM,BT42 2EH,Secondary (grammar) school,Controlled,54.85743,-6.29346,1030,19.15
1420020,Campbell College,BELMONT ROAD,BELFAST,ANTRIM,BT4 2ND,Secondary (grammar) school,Voluntary,54.60128,-5.84923,950,13.79
1620020,Campbell College Junior School,562-594 Upper Newtownards Road,BELFAST,ANTRIM,BT4 3HJ,Preparatory Schools,Voluntary,54.5961,-5.84849,,17.12
3013322,Camphill Primary School,65 CAROLHILL PARK,BALLYMENA,ANTRIM,BT42 2DG,Primary school,Controlled,54.84979,-6.28019,406,24.05
2AB0066,Carebears Community Playgroup,"c/o Newtownstewart Centre, 17 Moyle Road, Newtownstewart",OMAGH,TYRONE,BT78 4AP,VP Pre-schools,Other,54.71517,-7.37718,,
3052071,Carhill Integrated Primary School,"78 CARHILL ROAD, GARVAGH",COLERAINE,LONDONDERRY,BT51 5PQ,Primary school,Controlled Integrated,54.9517,-6.68022,94,16.75
3010825,Carnaghts Primary School,"48 VALLEY ROAD, SHANKBRIDGE",BALLYMENA,ANTRIM,BT42 2LX,Primary school,Controlled,54.81895,-6.26447,118,21.52
3010470,Carnalbanagh Primary School,"1 GLENVIEW ROAD, GLENARM",BALLYMENA,ANTRIM,BT44 0DL,Primary school,Controlled,54.90468,-6.02302,58,16.25
3012049,Carnalridge Primary School,135 ATLANTIC ROAD,PORTRUSH,ANTRIM,BT56 8PB,Primary school,Controlled,55.18367,-6.65748,230,22.86
2116267,Carnhill Nursery School,1 VILLAGE LANE GLENGALLIAGH ROAD,LONDONDERRY,LONDONDERRY,BT48 8DU,Nursery school,Controlled,55.02667,-7.31763,,26
3016129,Carniny Primary School,61 OLD CULLYBACKEY ROAD,BALLYMENA,ANTRIM,BT43 5JR,Primary school,Controlled,54.87282,-6.29797,283,25.11
3050519,Carnlough Controlled Integrated Primary School,"9 HARBOUR ROAD, CARNLOUGH",BALLYMENA,ANTRIM,BT44 0EU,Primary school,Controlled Integrated,54.99249,-5.98958,62,15
3013301,Carnmoney Primary School,275 CARNMONEY ROAD,NEWTOWNABBEY,ANTRIM,BT36 6JS,Primary school,Controlled,54.68269,-5.95008,448,25.56
5012696,Carntall Primary School,5 AGHINTAIN ROAD,CLOGHER,TYRONE,BT76 0UY,Primary school,Controlled,54.42756,-7.20393,82,15.91
4011584,Carr Primary School,336 COMBER ROAD,LISBURN,ANTRIM,BT27 6TB,Primary school,Controlled,54.49833,-5.93402,100,17.06
1010282,Carr's Glen Primary School,629-633 OLDPARK ROAD,BELFAST,ANTRIM,BT14 6QX,Primary school,Controlled,54.62518,-5.96208,472,22.9
5BB0538,Carrick Pre-School,"63 Ballydesland Road, Burren",WARRENPOINT,DOWN,BT34 3QA,VP Pre-schools,Other,54.13488,-6.25926,,
5011127,Carrick Primary School,SLOAN AVENUE,LURGAN,ARMAGH,BT66 8NY,Primary school,Controlled,54.45802,-6.34223,423,18.45
5031609,Carrick Primary School,61 BALLYDESLAND ROAD,WARRENPOINT,DOWN,BT34 3QA,Primary school,Roman Catholic Maintained,54.13434,-6.25802,406,25.87
3010841,Carrickfergus Central Primary School,THOMAS STREET,CARRICKFERGUS,ANTRIM,BT38 8AL,Primary school,Controlled,54.7167,-5.81217,232,16.36
3210091,Carrickfergus College,110 NORTH ROAD,CARRICKFERGUS,ANTRIM,BT38 7QX,Secondary (non-grammar) school,Controlled,54.72753,-5.81326,900,15.87
3410098,Carrickfergus Grammar School,120 NORTH ROAD,CARRICKFERGUS,ANTRIM,BT38 7RA,Secondary (grammar) school,Controlled,54.72995,-5.81712,800,16.38
3010553,Carrickfergus Model Primary School,4 BELFAST ROAD,CARRICKFERGUS,ANTRIM,BT38 8BU,Primary school,Controlled,54.71222,-5.81635,406,24.88
4011310,Carrickmannon Primary School,77 CARRICKMANNON ROAD,NEWTOWNARDS,DOWN,BT23 6JJ,Primary school,Controlled,54.48021,-5.77834,100,22.95
4BB0375,Carrowdore Early Years Centre,"Carrowdore Primary School, Castle Place, Carrowdore",NEWTOWNARDS,DOWN,BT22 2JJ,VP Pre-schools,Other,54.57844,-5.55324,,
4016020,Carrowdore Primary School,CASTLE PLACE,CARROWDORE,DOWN,BT22 2JJ,Primary school,Controlled,54.57844,-5.55324,194,21.32
3010572,Carrowreagh Primary School,110B FINVOY ROAD,BALLYMONEY,ANTRIM,BT53 7JL,Primary school,Controlled,55.02146,-6.50692,102,27.67
4BB0170,Carryduff Pre-School Playgroup,"20a Church Road, Carryduff",BELFAST,ANTRIM,BT8 8DT,VP Pre-schools,Other,54.51461,-5.88592,,
4013044,Carryduff Primary School,"KILLYNURE ROAD, CARRYDUFF",BELFAST,ANTRIM,BT8 8EE,Primary school,Controlled,54.51509,-5.88525,333,18.34
4011462,Castle Gardens Primary School,69 BOWTOWN ROAD,NEWTOWNARDS,DOWN,BT23 8SH,Primary school,Controlled,54.58707,-5.67272,420,22.62
3013704,Castledawson Primary School,"72 MAIN STREET, CASTLEDAWSON",MAGHERAFELT,LONDONDERRY,BT45 8AB,Primary school,Controlled,54.77725,-6.56013,145,18.6
2210065,Castlederg High School,16 CASTLEGORE ROAD,CASTLEDERG,TYRONE,BT81 7RU,Secondary (non-grammar) school,Controlled,54.70197,-7.59535,450,13.76
4116240,Castlereagh Nursery School,135 CLONDUFF DRIVE,BELFAST,ANTRIM,BT6 9NR,Nursery school,Controlled,54.57586,-5.88086,,26
3AB0119,Castlerock Community Playgroup,"Peter Thompson Hall, Castlewalk, Castlerock",COLERAINE,LONDONDERRY,BT51 4TP,VP Pre-schools,Other,55.16556,-6.78944,,
3012288,Castleroe Primary School,120 CASTLEROE ROAD,COLERAINE,LONDONDERRY,BT51 3RN,Primary school,Controlled,55.10539,-6.65661,98,19.1
3BB0607,Castletower Pre-School,"Castletower Special School, 91 Fry's Road",BALLYMENA,ANTRIM,BT43 7EN,VP Pre-schools,Other,54.88263,-6.2638,,
3316676,Castletower School,91 Fry's Road,BALLYMENA,ANTRIM,BT43 7EN,Special school,Controlled,54.88263,-6.2638,,6.43
4AB0435,Castlewellan Community Playgroup,32 Circular Road,CASTLEWELLAN,DOWN,BT31 9ED,VP Pre-schools,Other,54.25628,-5.94009,,
4011599,Castlewellan Primary School,2 CHURCH STREET,CASTLEWELLAN,DOWN,BT31 9EG,Primary school,Controlled,54.25745,-5.9387,110,11.15
3CA0631,Causeway Pre-School,113 Causeway Street,PORTRUSH,ANTRIM,BT56 8JE,VP Pre-schools,Other,55.20241,-6.64701,,
1010831,Cavehill Primary School,UPPER CASTLE PARK,BELFAST,ANTRIM,BT15 5FG,Primary school,Controlled,54.63589,-5.9449,406,24.58
5316521,Ceara Special School,SLOAN STREET,LURGAN,ARMAGH,BT66 8NY,Special school,Controlled,54.45926,-6.34297,,6.02
4066588,Cedar Integrated Primary School,29 KILMORE ROAD,CROSSGAR,DOWN,BT30 9HJ,Primary school,Grant Maintained Integrated,54.39374,-5.76483,196,22.13
1310003,Cedar Lodge Special School,"24 Landsdowne Park North, Belfast",BELFAST,ANTRIM,BT15 4AE,Special school,Controlled,54.63519,-5.92768,,9.46
2BB0565,Chapel Road Community Playgroup,Knockdara Park,LONDONDERRY,LONDONDERRY,BT47 2BD,VP Pre-schools,Other,54.99006,-7.30775,,
2036465,Chapel Road Primary School,"KNOCKDARA PARK, WATERSIDE",LONDONDERRY,LONDONDERRY,BT47 2BD,Primary school,Roman Catholic Maintained,54.99006,-7.30775,276,20.83
1CA0636,Child's Play Day Nursery,14 Dundela Avenue,BELFAST,ANTRIM,BT4 3BQ,VP Pre-schools,Other,54.59959,-5.8802,,
5CA0596,Child's Play Pre-School,"St Teresa Parish Church, Ballygowan Road",BANBRIDGE,DOWN,BT32 3AF,VP Pre-schools,Other,54.34539,-6.26686,,
4AB0283,Chirpy Chicks Playgroup,"Village Hall, 62 Newtownards Road, Greyabbey",NEWTOWNARDS,DOWN,BT22 2QH,VP Pre-schools,Other,54.53725,-5.56694,,
2036449,Christ the King Primary School,34 GORTIN ROAD,OMAGH,TYRONE,BT79 7HX,Primary school,Roman Catholic Maintained,54.61349,-7.30183,337,17.08
4031328,Christ the King Primary School,9 DRUMSNADE ROAD,BALLYNAHINCH,DOWN,BT24 8NG,Primary school,Roman Catholic Maintained,54.36199,-5.86291,197,20.6
4036618,Christ the Redeemer Primary School,"LAGMORE DRIVE, DUNMURRAY",BELFAST,ANTRIM,BT17 0TG,Primary school,Roman Catholic Maintained,54.5501,-6.0329,630,23.26
1230146,Christian Brothers School,GLEN ROAD,BELFAST,ANTRIM,BT11 8BW,Secondary (non-grammar) school,Roman Catholic Maintained,54.57998,-5.99733,750,16.06
2420064,Christian Brothers' Grammar School,KEVLIN ROAD,OMAGH,TYRONE,BT78 1LD,Secondary (grammar) school,Voluntary,54.59776,-7.30239,950,15.32
5031110,Christian Brothers' Primary School,GREENPARK KEADY ROAD,ARMAGH,ARMAGH,BT60 4AB,Primary school,Roman Catholic Maintained,54.34214,-6.66019,440,19.62
4BB0174,Chuckles Playgroup,51 Abbeydale Park,NEWTOWNARDS,DOWN,BT23 8RE,VP Pre-schools,Other,54.59622,-5.67224,,
5012538,Churchill Primary School,4 CHURCH HILL ROAD,CALEDON,TYRONE,BT68 4UY,Primary school,Controlled,54.35323,-6.8372,82,17.06
5016141,Churchtown Primary School,36 MUFF ROAD,COOKSTOWN,TYRONE,BT80 9XA,Primary school,Controlled,54.68544,-6.74773,82,13.33
5210121,City Armagh High School,88-96 ALEXANDER ROAD,ARMAGH,ARMAGH,BT61 7JH,Secondary (non-grammar) school,Controlled,54.3568,-6.65167,650,11.5
5AB0399,Clady Tiny Tots Playgroup,"88 Cladymore Road, Mowham",ARMAGH,ARMAGH,BT60 2EP,VP Pre-schools,Other,54.25664,-6.56298,,
4011670,Clandeboye Primary School,CLANDEBOYE ROAD,BANGOR,DOWN,BT20 3JW,Primary school,Controlled,54.65172,-5.6817,406,22.38
1316584,Clarawood Special School,CLARAWOOD PARK,BELFAST,ANTRIM,BT5 6FR,Special school,Controlled,54.58638,-5.86859,,1.9
5011142,Clare Primary School,58 CLOGHOGE ROAD,TANDRAGEE,ARMAGH,BT62 2HB,Primary school,Controlled,54.32668,-6.44942,143,25.52
5031108,Clea Primary School,85 CLAY ROAD,KEADY,ARMAGH,BT60 3QX,Primary school,Roman Catholic Maintained,54.21835,-6.71433,101,25.5
4316518,Clifton Special School,292A OLD BELFAST ROAD,BANGOR,DOWN,BT19 BT1,Special school,Controlled,54.64931,-5.71198,,6.43
1056483,Cliftonville Integrated Primary School,93 CLIFTONVILLE ROAD,BELFAST,ANTRIM,BT14 6JQ,Primary school,Controlled Integrated,54.61774,-5.94405,338,18.41
5031080,Clintyclay Primary School,81 CLONMORE ROAD,DUNGANNON,TYRONE,BT71 6HX,Primary school,Roman Catholic Maintained,54.47091,-6.6425,47,17.73
5AB0331,Clogher Valley Playgroup,7 Tullybroom Road,CLOGHER,TYRONE,BT76 0UW,VP Pre-schools,Other,54.4167,-7.17229,,
5031086,Clonalig Primary School,120 CONCESSION ROAD,NEWRY,DOWN,BT35 9JE,Primary school,Roman Catholic Maintained,54.05648,-6.62205,168,20.22
5AB0203,Clonduff Playgroup,"Carcullion House, 25 Rostrevor Road, Hilltown",NEWRY,DOWN,BT34 5TU,VP Pre-schools,Other,54.19183,-6.14373,,
3010834,Clough Primary School,"20 DRUMAGROVE ROAD, CLOUGH",BALLYMENA,ANTRIM,BT44 9RY,Primary school,Controlled,54.96555,-6.28482,161,19.85
3BB0360,Cloughmills Early Years,"Youth Wing, Cloughmills Primary School 34 Main Street, Cloughmills",BALLYMENA,ANTRIM,BT44 9LF,VP Pre-schools,Other,54.99773,-6.33014,,
3016260,Cloughmills Primary School,"MAIN STREET, CLOUGHMILLS",BALLYMENA,ANTRIM,BT44 9LF,Primary school,Controlled,54.99773,-6.33014,143,17
5031130,Cloughoge Primary School,81 CHANCELLORS ROAD,NEWRY,DOWN,BT35 8NG,Primary school,Roman Catholic Maintained,54.16185,-6.35627,406,25.74
5210043,Clounagh Junior High School,BROWNSTOWN ROAD,PORTADOWN,ARMAGH,BT62 3QA,Secondary (non-grammar) school,Controlled,54.41735,-6.45874,660,16.41
5012649,Coagh Primary School,31 URBAL ROAD,COOKSTOWN,TYRONE,BT80 0DW,Primary school,Controlled,54.64633,-6.62074,106,19.32
1240291,Colaiste Feirste,"7 BEECHVIEW PARK, FALLS ROAD",BELFAST,ANTRIM,BT12 7PY,Secondary (non-grammar) school,Other Maintained,54.59182,-5.97117,600,13.15
3210300,Coleraine College,14 CARTHALL ROAD,COLERAINE,LONDONDERRY,BT51 3LR,Secondary (non-grammar) school,Controlled,55.13247,-6.68634,600,10.29
3420317,Coleraine Grammar,23-33 CASTLEROCK ROAD,COLERAINE,LONDONDERRY,BT51 3LA,Secondary (grammar) school,Voluntary,55.13662,-6.68562,1480,16.5
5136607,College Farm Nursery School,LOWER DESART LANE,ARMAGH,ARMAGH,BT61 8AN,Nursery school,Roman Catholic Maintained,54.35388,-6.66276,,26
4011588,Comber Primary School,"DARRAGH ROAD, COMBER",NEWTOWNARDS,DOWN,BT23 5BX,Primary school,Controlled,54.55251,-5.74308,409,22
4136212,Convent of Mercy Nursery School,FOLLY LANE,DOWNPATRICK,DOWN,BT30 6NF,Nursery school,Roman Catholic Maintained,54.32587,-5.71439,,26
5210230,Cookstown High School,"COOLNAFRANKIE DEMESNE, MOLESWORTH STREET",COOKSTOWN,TYRONE,BT80 8PQ,Secondary (non-grammar) school,Controlled,54.64335,-6.73708,1100,14.1
5116237,Cookstown Nursery School,COOLNAFRANKY ESTATE,COOKSTOWN,TYRONE,BT80 8PF,Nursery school,Controlled,54.64243,-6.7415,,26
5012726,Cookstown Primary School,"COOLNAFRANKY DEMESNE, MOLESWORTH STREET",COOKSTOWN,TYRONE,BT80 8PF,Primary school,Controlled,54.64338,-6.74127,719,21.25
2016663,Cooley Primary School,"90 COOLEY ROAD, COOLEY",OMAGH,TYRONE,BT79 9DH,Primary school,Controlled,54.55651,-7.12651,174,20.88
1230262,Corpus Christi College,ARD NA VA ROAD,BELFAST,ANTRIM,BT12 6FF,Secondary (non-grammar) school,Roman Catholic Maintained,54.59343,-5.96872,600,12.83
3066561,Corran Integrated Primary School,"BLACKCAVE NORTH, OLD GLENARM ROAD",LARNE,ANTRIM,BT40 1TP,Primary school,Grant Maintained Integrated,54.86974,-5.82302,203,17
5011175,Cortamlet Primary School,"19 CORTAMLET ROAD, ALTNAMACHIN",NEWRY,DOWN,BT35 0EE,Primary school,Controlled,54.17829,-6.62446,111,22.05
4CA0570,Country Kids Day Nursery,223 Killaughey Road,DONAGHADEE,DOWN,BT21 0LJ,VP Pre-schools,Other,54.63126,-5.54938,,
5210282,Craigavon Senior High School,26-34 LURGAN ROAD,PORTADOWN,ARMAGH,BT63 5HJ,Secondary (non-grammar) school,Controlled,54.43108,-6.42344,620,13.85
1066580,Cranmore Integrated Primary School,47 FINAGHY ROAD NORTH,BELFAST,ANTRIM,BT10 0JB,Primary school,Grant Maintained Integrated,54.56725,-5.9836,203,23
1BB0507,Cranmore Integrated Primary School Playgroup,47 Finaghy Road North,BELFAST,ANTRIM,BT10 0JB,VP Pre-schools,Other,54.56725,-5.9836,,
4AB0509,Crawfordsburn Playgroup,"Ballygilbert Presbyterian Church, 367 Belfast Road",BANGOR,DOWN,BT19 1UH,VP Pre-schools,Other,54.65273,-5.74653,,
4011645,Crawfordsburn Primary School,"4 COOTEHALL ROAD, CRAWFORDSBURN",BANGOR,DOWN,BT19 1JA,Primary school,Controlled,54.65785,-5.72436,221,24.25
3010741,Creavery Primary School,38 THORNHILL ROAD,ANTRIM,ANTRIM,BT41 2LH,Primary school,Controlled,54.76154,-6.22925,76,21.74
4BB0162,Cregagh Pre-School Playgroup,"Cregagh Youth & Community Centre, Mount Merrion Avenue",BELFAST,ANTRIM,BT6 0FL,VP Pre-schools,Other,54.57548,-5.90085,,
4011632,Cregagh Primary School,MOUNT MERRION AVENUE,BELFAST,ANTRIM,BT6 0FL,Primary school,Controlled,54.57548,-5.90085,203,16.53
3030434,Creggan Primary School,"118 STAFFORDSTOWN ROAD, RANDALSTOWN",ANTRIM,ANTRIM,BT41 3LH,Primary school,Roman Catholic Maintained,54.72271,-6.35563,116,20.89
3230227,Cross and Passion College,10 MOYLE ROAD,BALLYCASTLE,ANTRIM,BT54 6LA,Secondary (non-grammar) school,Roman Catholic Maintained,55.2031,-6.25414,720,15.33
4BB0185,Crossgar Community Playgroup,"Glasswater Primary School, 6 John Street, Crossgar",DOWNPATRICK,DOWN,BT30 9EG,VP Pre-schools,Other,54.39676,-5.75754,,
3032218,Crossroads Primary School,"157 DRUMAGARNER ROAD, KILREA",COLERAINE,LONDONDERRY,BT51 5TW,Primary school,Roman Catholic Maintained,54.92022,-6.59187,145,18.67
3BB0127,Crow's Nest Community Playgroup,"127 Curragh Road, Aghadowey",COLERAINE,LONDONDERRY,BT51 4BT,VP Pre-schools,Other,55.05484,-6.6082,,
3050859,Crumlin Controlled Intergrated Primary School,27 MILL ROAD,CRUMLIN,ANTRIM,BT29 4XL,Primary school,Controlled Integrated,54.62205,-6.21367,286,16.05
3250149,Crumlin Integrated College,10 GLENAVY ROAD,CRUMLIN,ANTRIM,BT29 4LA,Secondary (non-grammar) school,Controlled Integrated,54.61855,-6.21954,400,6.33
3BB0573,Crumlin Integrated Pre School,27 Mill Road,CRUMLIN,ANTRIM,BT29 4XL,VP Pre-schools,Other,54.62205,-6.21367,,
3012065,Culcrow Primary School,"129 CURRAGH ROAD, AGHADOWEY",COLERAINE,LONDONDERRY,BT51 4BT,Primary school,Controlled,55.05484,-6.6082,77,21.36
3210172,Cullybackey College,"44 POTTINGER STREET, CULLYBACKEY",BALLYMENA,ANTRIM,BT42 1BP,Secondary (non-grammar) school,Controlled,54.8865,-6.35363,700,15.76
2012052,Culmore Primary School,181 CULMORE ROAD,LONDONDERRY,LONDONDERRY,BT48 8JH,Primary school,Controlled,55.05097,-7.27161,95,15.68
3012282,Culnady Primary School,"79 BALLYMACILCURR ROAD, UPPERLANDS",MAGHERA,LONDONDERRY,BT46 5TT,Primary school,Controlled,54.86399,-6.62283,63,8.64
2016372,Cumber Claudy Primary School,"20 CREGG ROAD, CLAUDY",LONDONDERRY,LONDONDERRY,BT47 4HX,Primary school,Controlled,54.91154,-7.16525,199,19.86
4016650,Cumran Primary School,"17 THE SQUARE, CLOUGH, DOWNPATRICK",DOWNPATRICK,DOWN,BT30 8RB,Primary school,Controlled,54.29124,-5.84095,203,15.23
1010063,Currie Primary School,111-113 LIMESTONE ROAD,BELFAST,ANTRIM,BT15 3AB,Primary school,Controlled,54.61657,-5.93176,193,15.63
3012284,D H Christie Memorial Primary School,45 BALLYCAIRN ROAD,COLERAINE,LONDONDERRY,BT51 3HX,Primary school,Controlled,55.14019,-6.68186,452,22.89
5CA0629,Daisy Chain Day Care,"Unit 1 61 Concession Road, Culloville, Crossmaglen",NEWRY,DOWN,BT35 9AP,VP Pre-schools,Other,54.06101,-6.64348,,
3420012,Dalriada School,ST JAMES ROAD,BALLYMONEY,ANTRIM,BT53 6BL,Secondary (grammar) school,Voluntary,55.07271,-6.52242,815,16.6
3012225,Damhead Primary School,34 DAMHEAD ROAD,COLERAINE,LONDONDERRY,BT52 1UF,Primary school,Controlled,55.10793,-6.60685,203,25.13
5AB0188,Dara Playgroup,17 Drumarg Villas,ARMAGH,ARMAGH,BT60 4AL,VP Pre-schools,Other,54.34473,-6.66407,,
5011119,Darkley Primary School,"71 MOSS ROW, DARKLEY",ARMAGH,ARMAGH,BT60 3BG,Primary school,Controlled,54.22341,-6.6816,172,18
1230182,De La Salle College,EDENMORE DRIVE,BELFAST,ANTRIM,BT11 8LT,Secondary (non-grammar) school,Roman Catholic Maintained,54.57683,-5.99793,1025,15.07
4230224,De La Salle High School,28 STRUELL ROAD,DOWNPATRICK,DOWN,BT30 6JR,Secondary (non-grammar) school,Roman Catholic Maintained,54.33016,-5.70611,430,14
2230138,Dean Maguirc College,"26 TERMON ROAD, CARRICKMORE SIXMILECROSS",OMAGH,TYRONE,BT79 9JR,Secondary (non-grammar) school,Roman Catholic Maintained,54.59354,-7.04372,440,15.56
2BB0385,Denamona Pre-School,"Denamona Primary School, 31 Craigavon Road, Fintona",OMAGH,TYRONE,BT78 2BN,VP Pre-schools,Other,54.49854,-7.30851,,
2012660,Denamona Primary School,"31 CRAIGAVON ROAD, FINTONA",OMAGH,TYRONE,BT78 2BN,Primary school,Controlled,54.49854,-7.30851,131,19.33
4011578,Derryboy Primary School,20 MANSE ROAD,CROSSGAR,DOWN,BT30 9LY,Primary school,Controlled,54.43735,-5.73081,95,15.8
5032713,Derrychrin Primary School,"30 DRUMENNY ROAD, COAGH",COOKSTOWN,TYRONE,BT80 0BX,Primary school,Roman Catholic Maintained,54.65373,-6.56076,206,20.88
2011899,Derrygonnelly Primary School,22 CALDRUM ROAD,ENNISKILLEN,FERMANAGH,BT93 6HY,Primary school,Controlled,54.41873,-7.81491,98,18.53
5011157,Derryhale Primary School,116 DERRYHALE ROAD,PORTADOWN,ARMAGH,BT62 3SR,Primary school,Controlled,54.37914,-6.4767,105,17.67
5032387,Derrylatinee Primary School,50 DERRYLATINEE ROAD,DUNGANNON,TYRONE,BT70 1PS,Primary school,Roman Catholic Maintained,54.45067,-6.84959,106,21.99
5BB0416,Derrytrasna Playgroup,191 Derrytrasna Road,LURGAN,ARMAGH,BT66 6NR,Peripatetic,Other,54.50277,-6.4667,,
3BB0361,Dervock Community Playgroup,"William Pinkerton Memorial Primary School, 182 Knock Road, Dervock",BALLYMONEY,ANTRIM,BT53 8BB,VP Pre-schools,Other,55.12384,-6.47294,,
3042162,Desertmartin Primary School,"20 DROMORE ROAD, DESERTMARTIN",MAGHERAFELT,LONDONDERRY,BT45 5JZ,Primary school,Other Maintained,54.77786,-6.66786,48,12.05
2210312,Devenish College,"1 Alego Drive, Derrychara",ENNISKILLEN,FERMANAGH,BT74 6JL,Secondary (non-grammar) school,Controlled,54.33862,-7.63278,665,14.58
5016065,Dickson Primary School,POLLOCK DRIVE,LURGAN,ARMAGH,BT66 8LJ,Primary school,Controlled,54.45193,-6.33401,227,21.94
5AB0417,Discovering Kids Playgroup,"100 Loup Road, Moneymore",MAGHERAFELT,LONDONDERRY,BT45 7ST,VP Pre-schools,Other,54.69927,-6.60019,,
3010754,Doagh Primary School,"20 MAIN STREET, DOAGH",BALLYCLARE,ANTRIM,BT39 0QL,Primary school,Controlled,54.73887,-6.04299,138,16.4
5AB0498,Dominican @ Orana Playgroup,"Orana Family Centre, 2 Warrenpoint Road",NEWRY,DOWN,BT34 2PF,VP Pre-schools,Other,54.16708,-6.33307,,
1420082,Dominican College,38 FORTWILLIAM PARK,BELFAST,ANTRIM,BT15 4AQ,Secondary (grammar) school,Voluntary,54.62885,-5.9323,1050,15.96
3420068,Dominican College,2 STRAND ROAD,PORTSTEWART,LONDONDERRY,BT55 7PF,Secondary (grammar) school,Voluntary,55.18193,-6.72091,480,13.62
5016178,Donacloney Primary School,"BAIRD AVENUE, DONACLONEY",CRAIGAVON,ARMAGH,BT66 7LP,Primary school,Controlled,54.42003,-6.2566,240,23.11
2AB0339,Donagh 'Wee Folk' Playgroup,"101 Royal Oak Road, Donagh",LISNASKEA,FERMANAGH,BT92 5BG,VP Pre-schools,Other,54.21859,-7.39318,,
4011654,Donaghadee Primary School,NORTHFIELD ROAD,DONAGHADEE,DOWN,BT21 0BD,Primary school,Controlled,54.63986,-5.53948,466,25.54
5016224,Donaghey Primary School,28 KILLYGARVIN ROAD,DUNGANNON,TYRONE,BT71 4DA,Primary school,Controlled,54.58587,-6.74812,142,19.33
5012632,Donaghmore Primary School,"35 MAIN STREET, DONAGHMORE",DUNGANNON,TYRONE,BT70 3EZ,Primary school,Controlled,54.53155,-6.81148,87,15.68
5316520,Donard Special School,22A CASTLEWELLAN ROAD,BANBRIDGE,DOWN,BT32 4XY,Special school,Controlled,54.34878,-6.26346,,5.92
1016060,Donegall Road Primary School,MALDON STREET,BELFAST,ANTRIM,BT12 6HE,Primary school,Controlled,54.5894,-5.9526,316,17.04
2012711,Donemana Primary School,"29 LONGLAND ROAD, DONEMANA",STRABANE,TYRONE,BT82 0PH,Primary school,Controlled,54.87727,-7.30363,162,18.33
4410085,Down High School,MOUNT CRESCENT,DOWNPATRICK,DOWN,BT30 6EU,Secondary (grammar) school,Controlled,54.33104,-5.71873,934,17.17
1620023,Downey House School,9 PIRRIE PARK GARDENS,BELFAST,ANTRIM,BT6 0AG,Preparatory Schools,Voluntary,54.58039,-5.90589,,12.19
4116176,Downpatrick Nursery School,5-7 MOUNT CRESCENT,DOWNPATRICK,DOWN,BT30 6AF,Nursery school,Controlled,54.3295,-5.71837,,26
4016235,Downpatrick Primary School,10 MOUNT CRESCENT,DOWNPATRICK,DOWN,BT30 6AF,Primary school,Controlled,54.32954,-5.72009,200,17.17
5116256,Downshire Nursery School,PRIMROSE GARDENS,BANBRIDGE,DOWN,BT32 3EN,Nursery school,Controlled,54.34643,-6.27628,,26
4016649,Downshire Primary School Hillsborough,7 BALLYNAHINCH ROAD,HILLSBOROUGH,DOWN,BT26 6AR,Primary school,Controlled,54.46469,-6.08016,610,26.4
3210232,Downshire School,DOWNSHIRE ROAD,CARRICKFERGUS,ANTRIM,BT38 7DA,Secondary (non-grammar) school,Controlled,54.72867,-5.79025,800,14.51
5046241,Drelincourt Infants School,23A BALLINAHONE AVENUE,ARMAGH,ARMAGH,BT60 1EE,Primary school,Other Maintained,54.3448,-6.63745,58,13
4BA0178,Dromara Playgroup,"Dromara Primary School, 36 Hillsborough Road",DROMARA,DOWN,BT25 2BL,VP Pre-schools,Other,54.38212,-6.01801,,
4011619,Dromara Primary School,36 HILLSBOROUGH ROAD,DROMARA,DOWN,BT25 2BL,Primary school,Controlled,54.38212,-6.01801,203,22.24
5031088,Dromintee Primary School,8 BALLYNAMADDA ROAD,NEWRY,DOWN,BT35 8TD,Primary school,Roman Catholic Maintained,54.08802,-6.41832,174,22.63
5011575,Dromore Central Primary School,2 BANBRIDGE ROAD,DROMORE,DOWN,BT25 1AD,Primary school,Controlled,54.41366,-6.15247,710,24.84
2AB0292,Dromore Community Playgroup,14 Omagh Road,DROMORE,TYRONE,BT78 3AH,VP Pre-schools,Other,54.515,-7.4571,,
5210064,Dromore High School,31 BANBRIDGE ROAD,DROMORE,DOWN,BT25 1ND,Secondary (non-grammar) school,Controlled,54.41224,-6.15618,850,15.34
5116625,Dromore Nursery School,18A BANBRIDGE ROAD,DROMORE,DOWN,BT25 1NB,Nursery school,Controlled,54.41355,-6.15549,,26.5
2012707,Dromore Primary School,"25 GALBALLY ROAD, DROMORE",OMAGH,TYRONE,BT78 3EE,Primary school,Controlled,54.51078,-7.4545,91,19.53
5011520,Dromore Road Primary School,UPPER DROMORE ROAD,WARRENPOINT,DOWN,BT34 3JH,Primary school,Controlled,54.10342,-6.25193,76,17.08
2016029,Drumachose Primary School,ALEXANDER ROAD,LIMAVADY,LONDONDERRY,BT49 0BS,Primary school,Controlled,55.05118,-6.94439,413,23.63
5016616,Drumadonnell Primary School,"133 DROMARA ROAD, BALLYRONEY",BANBRIDGE,DOWN,BT32 5EY,Primary school,Controlled,54.28632,-6.08939,203,21.89
2BB0448,Drumahoe Community Playgroup,"C/O Drumahoe Primary School, 31 Drumahoe Road, Drumahoe",LONDONDERRY,LONDONDERRY,BT47 3SD,VP Pre-schools,Other,54.97848,-7.27609,,
2012227,Drumahoe Primary School,"31 DRUMAHOE ROAD, DRUMAHOE",LONDONDERRY,LONDONDERRY,BT47 3SD,Primary school,Controlled,54.97848,-7.27609,290,22.3
4BB0436,Drumaness Cross-Community Playgroup,"9a Drumsnade Road, DRUMANESS",BALLYNAHINCH,DOWN,BT24 8NG,VP Pre-schools,Other,54.36196,-5.86302,,
5230256,Drumcree College,4 MOY ROAD,PORTADOWN,ARMAGH,BT62 1QQ,Secondary (non-grammar) school,Roman Catholic Maintained,54.4311,-6.46351,800,9.53
2032639,Drumduff Primary School,"47 BRACKEY ROAD, SIXMILECROSS",OMAGH,TYRONE,BT79 9PH,Primary school,Roman Catholic Maintained,54.5879,-7.15982,74,15
5210231,Drumglass High School,24-38 CARLAND ROAD,DUNGANNON,TYRONE,BT71 4AA,Secondary (non-grammar) school,Controlled,54.51422,-6.77119,500,14.17
5016080,Drumgor Primary School,"DRUMGOR ROAD, BROWNLOW",CRAIGAVON,ARMAGH,BT65 5BP,Primary school,Controlled,54.44606,-6.37686,375,24
5016027,Drumhillery Primary School,"58 DRUMHILLERY ROAD, MIDDLETOWN",ARMAGH,ARMAGH,BT60 3QB,Primary school,Controlled,54.26904,-6.78521,111,23.06
4066668,Drumlins Integrated Primary School,43 Lisburn Road,BALLYNAHINCH,DOWN,BT24 8TT,Primary school,Grant Maintained Integrated,54.40934,-5.9096,174,19.22
2032677,Drumlish Primary School,"109 CAMDERRY ROAD, DROMORE",OMAGH,TYRONE,BT78 3BJ,Primary school,Roman Catholic Maintained,54.54445,-7.45381,51,16.58
5136631,Drumnamoe Nursery School,58 LEVIN ROAD,LURGAN,ARMAGH,BT67 9EU,Nursery school,Roman Catholic Maintained,54.47416,-6.32564,,26.33
2260283,Drumragh Integrated College,70 Crevenagh Road,OMAGH,TYRONE,BT79 0GW,Secondary (non-grammar) school,Grant Maintained Integrated,54.58711,-7.27411,580,15.83
2016656,Drumrane Primary School,"286 Drumrane Road, Dungiven",LONDONDERRY,LONDONDERRY,BT47 4NL,Primary school,Controlled,54.96749,-6.93683,116,22.86
5011117,Drumsallen Primary School,"1 DERNASIGH ROAD, KILLYLEA",ARMAGH,ARMAGH,BT60 4PA,Primary school,Controlled,54.37608,-6.76007,93,11.67
3210208,Dunclug College,DOURY ROAD,BALLYMENA,ANTRIM,BT43 6SU,Secondary (non-grammar) school,Controlled,54.87893,-6.27633,810,14.37
3116165,Dunclug Nursery School,"95 DOURY ROAD, DUNCLUG",BALLYMENA,ANTRIM,BT43 6SU,Nursery school,Controlled,54.8796,-6.27833,,26.25
3016063,Dunclug Primary School,DOURY ROAD,BALLYMENA,ANTRIM,BT43 6SU,Primary school,Controlled,54.87977,-6.27586,261,22.33
1016242,Dundela Infants School,WILGAR STREET,BELFAST,ANTRIM,BT4 3BL,Primary school,Controlled,54.59915,-5.8765,252,21.29
4210262,Dundonald High School,"764 UPPER NEWTOWNARDS ROAD, DUNDONALD",BELFAST,ANTRIM,BT16 1TH,Secondary (non-grammar) school,Controlled,54.5966,-5.79028,600,12.43
4011587,Dundonald Primary School,10 CHURCH GREEN,BELFAST,ANTRIM,BT16 2LP,Primary school,Controlled,54.59156,-5.80484,780,25.04
4AB0276,Dundrum Cross Community Playgroup,"27a Main Street, Dundrum",NEWCASTLE,DOWN,BT33 0LU,VP Pre-schools,Other,54.26173,-5.84064,,
3010558,Duneane Primary School,"166 CHURCH ROAD, TOOMEBRIDGE",ANTRIM,ANTRIM,BT41 3RD,Primary school,Controlled,54.75083,-6.41475,80,15.45
5116236,Dungannon Nursery School,CIRCULAR ROAD,DUNGANNON,TYRONE,BT71 6BE,Nursery school,Controlled,54.50994,-6.76395,,27
5012720,Dungannon Primary School,CIRCULAR ROAD,DUNGANNON,TYRONE,BT71 6BE,Primary school,Controlled,54.50935,-6.76255,223,16.22
2AB0057,Dungiven Community Playgroup,"42a Mitchel Park, Dungiven",LONDONDERRY,LONDONDERRY,BT47 4LW,VP Pre-schools,Other,54.93029,-6.92204,,
3210222,Dunluce School,16 DUNLUCE ROAD,BUSHMILLS,ANTRIM,BT57 8QQ,Secondary (non-grammar) school,Controlled,55.20553,-6.53122,550,14.54
2012378,Dunmullan Primary School,"42 DUNMULLAN ROAD, KNOCKMOYLE",OMAGH,TYRONE,BT79 7TE,Primary school,Controlled,54.66583,-7.30553,78,11.33
4010788,Dunmurry Primary School,"GLENBURN ROAD, DUNMURRY",BELFAST,ANTRIM,BT17 9AN,Primary school,Controlled,54.548,-6.00393,262,21.07
5AB0404,Dunnaman Childrens Centre,"37-39 Fearon Close, Scrogg Road",KILKEEL,DOWN,BT34 4ER,VP Pre-schools,Other,54.06362,-6.02124,,
3010726,Dunseverick Primary School,"215 WHITEPARK ROAD, DUNSEVERICK",BUSHMILLS,ANTRIM,BT57 8SR,Primary school,Controlled,55.22594,-6.45539,166,19.61
3016249,Earlview Primary School,"2 MANSE DRIVE, NEW MOSSLEY",NEWTOWNABBEY,ANTRIM,BT36 5US,Primary school,Controlled,54.68913,-5.95654,221,21.02
3AA0108,Early Days Country Playgroup,"67 Garryduff Road, Dunloy",BALLYMONEY,ANTRIM,BT53 7DB,VP Pre-schools,Other,55.05151,-6.47706,,
4BB0172,Early Days Playgroup,"Ballymagee Primary School, 77 Ashbury Avenue",BANGOR,DOWN,BT19 6ZG,VP Pre-schools,Other,54.64566,-5.63473,,
1CA0411,Early Learners Day Nursery,30 Lower Windsor Avenue,BELFAST,ANTRIM,BT9 1DX,VP Pre-schools,Other,54.5797,-5.94826,,
5AB0213,Earlybird Pre-School,Jenny's Row,ARMAGH,ARMAGH,BT61 9AP,VP Pre-schools,Other,54.34873,-6.65263,,
2010382,Ebrington Controlled Primary School,"12 ULSTERVILLE AVENUE, WATERSIDE",LONDONDERRY,LONDONDERRY,BT47 6EU,Primary school,Controlled,54.99713,-7.30448,450,24.13
3010785,Eden Primary School,LARNE ROAD,CARRICKFERGUS,ANTRIM,BT38 7NL,Primary school,Controlled,54.72849,-5.77508,213,26.9
3010796,Eden Primary School,33 VOW ROAD,BALLYMONEY,ANTRIM,BT53 7PB,Primary school,Controlled,55.03063,-6.56329,95,18.2
1010323,Edenbrooke Primary School,230 TENNENT STREET,BELFAST,ANTRIM,BT13 3GG,Primary school,Controlled,54.60966,-5.95421,408,17.25
1110003,Edenderry Nursery School,4-22 UPPER RIGA STREET,BELFAST,ANTRIM,BT13 3GW,Nursery school,Controlled,54.6054,-5.95585,,26
5110021,Edenderry Nursery School,PRINCESS WAY,PORTADOWN,ARMAGH,BT63 5EP,Nursery school,Controlled,54.42269,-6.4159,,26
5011189,Edenderry Primary School,"PRINCESS WAY, PORTADOWN",CRAIGAVON,ARMAGH,BT63 5EP,Primary school,Controlled,54.42297,-6.41591,370,20.05
5013019,Edenderry Primary School,1A LURGAN ROAD,BANBRIDGE,DOWN,BT32 4AF,Primary school,Controlled,54.355,-6.26863,420,21.37
5032585,Edendork Primary School,181 COALISLAND ROAD,DUNGANNON,TYRONE,BT71 4DP,Primary school,Roman Catholic Maintained,54.52954,-6.73795,320,24.31
3230203,Edmund Rice College,96-100 HIGHTOWN ROAD,NEWTOWNABBEY,ANTRIM,BT36 7AU,Secondary (non-grammar) school,Roman Catholic Maintained,54.66655,-5.96845,600,15.26
2012638,Edwards Primary School,26 HOSPITAL ROAD,CASTLEDERG,TYRONE,BT81 7HY,Primary school,Controlled,54.71104,-7.58981,203,22.3
2AB0051,Eglinton Community Pre-School Centre,"Unit 4 Benbow Estate, 15 Killylane Road, Eglinton",LONDONDERRY,LONDONDERRY,BT47 3DW,VP Pre-schools,Other,55.02818,-7.16752,,
2012245,Eglinton Primary School,"22 WOODVALE ROAD, EGLINTON",LONDONDERRY,LONDONDERRY,BT47 3AH,Primary school,Controlled,55.02477,-7.18154,232,23.96
1010255,Elmgrove Primary School,289 BEERSBRIDGE ROAD,BELFAST,ANTRIM,BT5 4RS,Primary school,Controlled,54.5908,-5.89035,724,19.12
2066549,Enniskillen Integrated Primary School,2 DERRYGORE ROAD DRUMCOO,ENNISKILLEN,FERMANAGH,BT74 4FH,Primary school,Grant Maintained Integrated,54.35907,-7.64108,285,22.32
2016152,Enniskillen Model Primary School,5 CASTLECOOLE ROAD,ENNISKILLEN,FERMANAGH,BT74 6HZ,Primary school,Controlled,54.34186,-7.6252,482,25.71
2116608,Enniskillen Nursery,29B DUBLIN ROAD,ENNISKILLEN,FERMANAGH,BT74 6HH,Nursery school,Controlled,54.34285,-7.62889,,25.9
2012617,Erganagh Primary School,7 LISTYMORE ROAD,CASTLEDERG,TYRONE,BT81 7JG,Primary school,Controlled,54.71816,-7.55202,107,15.67
2260280,Erne Integrated College,5A DERRYGORE ROAD DRUMCOO,ENNISKILLEN,FERMANAGH,BT74 4FY,Secondary (non-grammar) school,Grant Maintained Integrated,54.36125,-7.63835,400,12.32
1010146,Euston Street Primary School,163 EUSTON STREET,BELFAST,ANTRIM,BT6 9AG,Primary school,Controlled,54.58806,-5.89842,359,20.63
5016599,Fair Hill Primary School,"4 TULLYNISKEY ROAD, DROMARA",DROMORE,DOWN,BT25 2PJ,Primary school,Controlled,54.3803,-6.0741,320,24.28
3016414,Fairview Primary School,"25 HILLMOUNT AVENUE, RASHEE ROAD",BALLYCLARE,ANTRIM,BT39 9HS,Primary school,Controlled,54.7547,-6.00974,525,21.31
1016205,Fane Street Primary School,FANE STREET,BELFAST,ANTRIM,BT9 7BW,Primary school,Controlled,54.58526,-5.94985,495,14.78
2033706,Faughanvale Primary School,"3 VALE ROAD, GREYSTEEL",LONDONDERRY,LONDONDERRY,BT47 3EE,Primary school,Roman Catholic Maintained,55.03392,-7.10138,279,28.43
1010806,Finaghy Primary School,38 FINAGHY ROAD SOUTH,BELFAST,ANTRIM,BT10 0DR,Primary school,Controlled,54.55943,-5.98179,465,24.2
2AB0293,First Steps Children's Centre,"1 Munie Road, Killen",CASTLEDERG,TYRONE,BT81 7QJ,VP Pre-schools,Other,54.67804,-7.62048,,
4CA0612,First Steps Day Nursery,"Ward 15, Lagan Valley Hospital, Hillsborough Road",LISBURN,ANTRIM,BT28 1JP,VP Pre-schools,Other,54.50518,-6.04397,,
4CA0638,First Steps Day Nursery,"Ulster Hospital, Upper Newtownards Road, Dundonald",NEWTOWNARDS,DOWN,BT16 1RH,VP Pre-schools,Other,54.59582,-5.81262,,
1AB0321,First Steps Playgroup,"Horn Drive Community Centre, 44a Horn Drive",BELFAST,ANTRIM,BT11 9GS,VP Pre-schools,Other,54.56961,-6.01041,,
3AB0118,First Steps Playgroup,"St Joseph's Early Years Centre, 90 Doury Road",BALLYMENA,ANTRIM,BT43 6JE,VP Pre-schools,Other,54.88073,-6.28079,,
5210097,Fivemiletown College,"51 COLEBROOK ROAD, Corcreevy Demense",FIVEMILETOWN,TYRONE,BT75 0SB,Secondary (non-grammar) school,Controlled,54.3759,-7.32289,425,16.01
5116198,Fivemiletown Nursery School,166A BALLAGH ROAD,FIVEMILETOWN,TYRONE,BT75 0QP,Nursery school,Controlled,54.37857,-7.31181,,27
5016088,Fivemiletown Primary School,166 BALLAGH ROAD,FIVEMILETOWN,TYRONE,BT75 0QP,Primary school,Controlled,54.37884,-7.31113,203,20.78
1310012,Fleming Fulton Special School,35 UPPER MALONE ROAD,BELFAST,ANTRIM,BT9 6TY,Special school,Controlled,54.55731,-5.96605,,4.85
2011881,Florencecourt Primary School,Drumlaghy Two,ENNISKILLEN,FERMANAGH,BT92 1BZ,Primary school,Controlled,54.26583,-7.71574,116,19.96
1AB0610,Flutterbies Playgroup,"The Centre, Cregagh Methodist Church",BELFAST,ANTRIM,BT6 9EQ,VP Pre-schools,Other,54.58459,-5.89857,,
5010909,Foley County Primary School,"60 BALLYMACNAB ROAD, TASSAGH",ARMAGH,ARMAGH,BT60 2QS,Primary school,Controlled,54.27581,-6.61327,147,15.67
5AB0397,Forever Friends Cross-Community Playgroup,"Gortgonis Citizen's Centre, 2 Gortgonis Road",COALISLAND,TYRONE,BT71 4QG,VP Pre-schools,Other,54.53562,-6.69604,,
1BB0491,Forge Integrated Playgroup,20 Carolan Road,BELFAST,ANTRIM,BT7 3HE,VP Pre-schools,Other,54.56922,-5.91808,,
1056535,Forge Integrated Primary School,20 CAROLAN ROAD,BELFAST,ANTRIM,BT7 3HE,Primary school,Controlled Integrated,54.56922,-5.91808,340,22.43
5AB0401,Forkhill Pre-School Playgroup,"Community Centre, 2 Bog Road, Forkhill",NEWRY,DOWN,BT35 9SZ,VP Pre-schools,Other,54.08498,-6.45563,,
4250072,Fort Hill College,BELFAST ROAD,LISBURN,ANTRIM,BT27 4TL,Secondary (non-grammar) school,Controlled Integrated,54.51541,-6.03148,850,13.52
4053308,Fort Hill Integrated Primary School,LOW ROAD,LISBURN,ANTRIM,BT27 4TJ,Primary school,Controlled Integrated,54.51593,-6.03339,240,23.58
1010205,Forth River Primary School,100 CAIRNMARTIN ROAD,BELFAST,ANTRIM,BT13 3PQ,Primary school,Controlled,54.61293,-5.97142,232,21.66
2016564,Fountain Primary School,"18 HAWKIN STREET, THE FOUNTAIN",LONDONDERRY,LONDONDERRY,BT48 6RE,Primary school,Controlled,54.99326,-7.32287,141,19.81
3010891,Fourtowns Primary School,"59 CULLYBACKEY ROAD, AHOGHILL",BALLYMENA,ANTRIM,BT42 1LA,Primary school,Controlled,54.8542,-6.36705,290,23.17
2420229,Foyle College,122 NORTHLAND ROAD,LONDONDERRY,LONDONDERRY,BT48 0AW,Secondary (grammar) school,Voluntary,55.01287,-7.33562,865,15.63
4620050,Friend's School,6 MAGHERALAVE ROAD,LISBURN,ANTRIM,BT28 3BH,Preparatory Schools,Voluntary,54.51717,-6.04595,,21.08
4420050,Friends' School,6 MAGHERALAVE ROAD,LISBURN,ANTRIM,BT28 3BH,Secondary (grammar) school,Voluntary,54.51736,-6.04544,970,16.55
1620022,Fullerton House Preparatory School,1 MALONE ROAD,BELFAST,ANTRIM,BT9 6BY,Preparatory Schools,Voluntary,54.58388,-5.94271,,17.26
2240319,Gaelchol??iste Dhoire,"Dungiven Castle, 145 Main Street, Dungiven",LONDONDERRY,LONDONDERRY,BT47 4LF,Secondary (non-grammar) school,Other Maintained,54.92481,-6.92116,35,4.17
3046653,Gaelscoil an Chaistil,5 BOTHAR AN HAITHE,BALLYCASTLE,ANTRIM,BT54 6QQ,Primary school,Other Maintained,55.19764,-6.25607,116,15.43
1046672,Gaelscoil an Lonnain,"61 Falls Road, Belfast",BELFAST,ANTRIM,BT12 4PD,Primary school,Other Maintained,54.598,-5.95341,71,13.5
3046691,Gaelscoil an tSeancha??,40 Meeting Street,MAGHERAFELT,LONDONDERRY,BT45 6BW,Primary school,Other Maintained,54.75379,-6.60427,87,17.86
5046695,Gaelscoil Aodha Rua,97 Donaghmore Road,DUNGANNON,TYRONE,BT70 1HD,Primary school,Other Maintained,54.50889,-6.77811,87,19.13
2046646,Gaelscoil Eadain Mhoir,128 LECKY ROAD,LONDONDERRY,LONDONDERRY,BT48 6NP,Primary school,Other Maintained,54.99263,-7.33075,145,18.65
3046685,Gaelscoil Eanna,"C/O St Enda's GAA, 108 Hightown Road, Glengormley",NEWTOWNABBEY,ANTRIM,BT36 7AU,Primary school,Other Maintained,54.66259,-5.97056,174,18.37
5046699,Gaelscoil Eoghain,32A Chapel Street,COOKSTOWN,TYRONE,BT80 8QD,Primary school,Other Maintained,54.64152,-6.74296,87,13.4
3046684,Gaelscoil Ghleann Darach,"15 Glenavy Road, Crumlin",CRUMLIN,ANTRIM,BT29 4LA,Primary school,Other Maintained,54.61612,-6.22492,105,15.4
2046689,Gaelscoil Leim an Mhadaidh,57 Church Street,LIMAVADY,LONDONDERRY,BT49 0BX,Primary school,Other Maintained,55.05116,-6.94322,75,16.19
1046571,Gaelscoil Na Bhfal,34A IVEAGH CRESCENT,BELFAST,ANTRIM,BT12 6AW,Primary school,Other Maintained,54.58999,-5.96154,290,17.36
2046687,Gaelscoil na Daroige,"Corr??n U?? Nuall??in, Baile Mhic Rabhartaigh, Doire",LONDONDERRY,LONDONDERRY,BT48 0ND,Primary school,Other Maintained,55.02146,-7.34477,81,14.88
2046677,Gaelscoil na gCrann,"DUN ULADH CULTURAL HERITAGE CENTRE, BALLYNAMULLAN",OMAGH,TYRONE,BT79 0GZ,Primary school,Other Maintained,54.6004,-7.25446,138,18.72
5046692,Gaelscoil na mBeann,139a Newcastle Road,KILKEEL,DOWN,BT34 4NL,Primary school,Other Maintained,54.07313,-5.98079,58,15.33
1046671,Gaelscoil na Mona,1 MONAGH LINK,BELFAST,ANTRIM,BT11 8QB,Primary school,Other Maintained,54.58617,-5.99312,125,14.57
3046678,Gaelscoil na Sp??ir??n??,"82 Sixtowns Road, Straw, Ballinascreen",MAGHERAFELT,LONDONDERRY,BT45 7BB,Primary school,Other Maintained,54.82181,-6.84075,58,15.31
2016700,Gaelscoil Neachtain,"8 Chapel Road, DUNGIVEN",LONDONDERRY,LONDONDERRY,BT47 4RF,Primary school,Controlled,54.92248,-6.91373,107,17.2
2046638,Gaelscoil U?? Dhochartaigh,115A BALLYCOLMAN ESTATE,STRABANE,TYRONE,BT82 9AQ,Primary school,Other Maintained,54.81981,-7.45892,150,15.9
5046637,Gaelscoil U?? Neill,104 WASHINGBAY ROAD,COALISLAND,TYRONE,BT71 4PU,Primary school,Other Maintained,54.53529,-6.67621,174,21.22
2116336,Galliagh Nursery School,"1 HEATHER ROAD, GALLIAGH",LONDONDERRY,LONDONDERRY,BT48 8NX,Nursery school,Controlled,55.03209,-7.32465,,22
3010594,Garryduff Primary School,133 GARRYDUFF ROAD,BALLYMONEY,ANTRIM,BT53 7DR,Primary school,Controlled,55.0343,-6.45373,70,17.26
3BB0266,Garvagh Pre-School Playgroup,"Garvagh Primary School, 1 Coleraine Road, Garvagh",COLERAINE,LONDONDERRY,BT51 5HP,VP Pre-schools,Other,54.98559,-6.68427,,
3016119,Garvagh Primary School,"1 COLERAINE ROAD, GARVAGH",COLERAINE,LONDONDERRY,BT51 5HP,Primary school,Controlled,54.98559,-6.68427,236,18.7
2016089,Gibson Primary School,64 OLD MOUNTFIELD ROAD,OMAGH,TYRONE,BT79 7EG,Primary school,Controlled,54.60565,-7.29229,436,18.75
5CA0549,Giggles Day Care Centre,103 Camlough Road,NEWRY,DOWN,BT35 7EE,VP Pre-schools,Other,54.18521,-6.39001,,
5011596,Gilford Primary School,"CASTLE HILL, GILFORD",CRAIGAVON,ARMAGH,BT63 6HH,Primary school,Controlled,54.37556,-6.35987,173,17.45
2012648,Gillygooley Primary School,71 GILLYGOOLEY ROAD,OMAGH,TYRONE,BT78 5PX,Primary school,Controlled,54.61183,-7.37551,98,12.73
4011606,Gilnahirk Primary School,148 GILNAHIRK ROAD,BELFAST,ANTRIM,BT5 7QQ,Primary school,Controlled,54.58391,-5.8401,445,26.89
4016681,Glasswater Primary School,"6 John Street, Crossgar",DOWNPATRICK,DOWN,BT30 9EG,Primary school,Controlled,54.39676,-5.75754,97,17.15
4210046,Glastry College,14 VICTORIA ROAD,NEWTOWNARDS,DOWN,BT22 1DQ,Secondary (non-grammar) school,Controlled,54.48793,-5.47683,600,15.99
3030708,Glenann Primary School,"8 GLENANN ROAD, CUSHENDALL",BALLYMENA,ANTRIM,BT44 0TG,Primary school,Roman Catholic Maintained,55.09204,-6.09012,61,15.79
3AB0133,Glenarm Community Pre-School,"Glenarm Orange Hall, Mark Street, Glenarm",BALLYMENA,ANTRIM,BT44 0AU,VP Pre-schools,Other,54.96702,-5.9519,,
1110007,Glenbank Nursery School,LIGONIEL ROAD,BELFAST,ANTRIM,BT14 8BW,Nursery school,Controlled,54.62606,-5.97987,,26
4116307,Glenbrook Nursery School,33 GLENARD ROAD,NEWTOWNARDS,DOWN,BT23 4HS,Nursery school,Controlled,54.59844,-5.69821,,26
4BB0175,Glencraig Integrated Playgroup,"Glencraig Integrated PS, 34 Seahill Road",HOLYWOOD,DOWN,BT18 0DJ,VP Pre-schools,Other,54.66197,-5.76818,,
4053020,Glencraig Integrated Primary School,34 SEAHILL ROAD,HOLYWOOD,DOWN,BT18 0DJ,Primary school,Controlled Integrated,54.66197,-5.76818,252,23.67
2032212,Glendermott Primary School,"50 ARDMORE ROAD, BALLYSHASKY",LONDONDERRY,LONDONDERRY,BT47 3QZ,Primary school,Roman Catholic Maintained,54.96621,-7.26746,197,21.88
1116074,Glendhu Nursery School,"GLENDHU MANOR, GARNERVILLE ROAD",BELFAST,ANTRIM,BT4 2RJ,Nursery school,Controlled,54.61536,-5.85986,,26
3210202,Glengormley High School,134 BALLYCLARE ROAD,NEWTOWNABBEY,ANTRIM,BT36 5HP,Secondary (non-grammar) school,Controlled,54.6785,-5.96272,1250,14.01
3050791,Glengormley Integrated Primary School,166 CHURCH ROAD,NEWTOWNABBEY,ANTRIM,BT36 6HJ,Primary school,Controlled Integrated,54.67067,-5.95589,446,24.12
3BB0094,Glengormley IPS Playgroup,"Glengormley Primary School, 166 Church Road, Glengormley",NEWTOWNABBEY,ANTRIM,BT36 6HJ,VP Pre-schools,Other,54.67067,-5.95589,,
4410097,Glenlola Collegiate,"2 VALENTINE ROAD, CASTLE PARK ROAD, CASTLE PARK",BANGOR,DOWN,BT20 4TH,Secondary (grammar) school,Controlled,54.65387,-5.66207,1100,16.32
5AB0212,Glenn & Barr Playgroup,"24 School Road, Jerrettspass",NEWRY,DOWN,BT34 1SX,VP Pre-schools,Other,54.23249,-6.33532,,
3AB0241,Gleno Pre-School,"Young Farmers Hall, 15 Gleno Village, Gleno",LARNE,ANTRIM,BT40 3LG,VP Pre-schools,Other,54.79788,-5.83316,,
3AB0362,Glenravel Community Playgroup,"143a Glenravel Road, Cairgan",BALLYMENA,ANTRIM,BT43 6RA,VP Pre-schools,Other,54.98464,-6.18775,,
1316569,Glenveagh Special School,HARBERTON PARK,BELFAST,ANTRIM,BT9 6TX,Special school,Controlled,54.55939,-5.96326,,6.37
3AB0084,Glenview Pre-School Centre,"National Hall, 45a Glen Road",MAGHERA,LONDONDERRY,BT46 5AP,VP Pre-schools,Other,54.8458,-6.67785,,
1016485,Glenwood Primary School,4-22 UPPER RIGA STREET,BELFAST,ANTRIM,BT13 3GW,Primary school,Controlled,54.6054,-5.95585,630,19.07
3010808,Glynn Primary School,"26 MAIN ROAD, GLYNN",LARNE,ANTRIM,BT40 3HF,Primary school,Controlled,54.82795,-5.81264,103,15.36
4136286,Good Shepherd Nursery School,"11 GOOD SHEPHERD ROAD, POLEGLASS DUNMURRY",BELFAST,ANTRIM,BT17 0PL,Nursery school,Roman Catholic Maintained,54.56775,-6.02607,,28.89
2036288,Good Shepherd Primary School and Nursery School,"42 DUNGIVEN ROAD, WATERSIDE",LONDONDERRY,LONDONDERRY,BT47 6BW,Primary school,Roman Catholic Maintained,54.99312,-7.30714,408,22.8
3016055,Gorran Primary School,"2 GORRAN ROAD, BLACKHILL",COLERAINE,LONDONDERRY,BT51 4HA,Primary school,Controlled,55.02671,-6.68226,120,19.77
2016395,Gortin Primary School,"9 CULVACULLION ROAD, GORTIN",OMAGH,TYRONE,BT79 8QB,Primary school,Controlled,54.71919,-7.23504,106,17.33
3AB0111,Gracehill and Galgorm Playgroup,"Community Centre, 3 Raphael Way, Galgorm",BALLYMENA,ANTRIM,BT42 1GQ,VP Pre-schools,Other,54.85838,-6.32304,,
3010794,Gracehill Primary School,19 CHURCH ROAD,BALLYMENA,ANTRIM,BT42 2NL,Primary school,Controlled,54.85357,-6.32949,406,25.08
3AB0115,Gran Tots Playgroup,"15d Main Street, Swatragh",MAGHERA,LONDONDERRY,BT46 5QB,VP Pre-schools,Other,54.90989,-6.66669,,
4013045,Grange Park Primary School,GRANGE PARK,BANGOR,DOWN,BT20 3QG,Primary school,Controlled,54.65765,-5.6873,402,26.59
5031589,Grange Primary School,"20 LURGANCONARY ROAD, KILKEEL",NEWRY,DOWN,BT34 4LL,Primary school,Roman Catholic Maintained,54.0398,-6.05646,145,20.19
2AB0315,Green Elves Playgroup,"Old School House, 279 Crockanboy Road, Greencastle",OMAGH,TYRONE,BT79 7QP,VP Pre-schools,Other,54.68992,-7.08058,,
3CA0588,Greendale Day Nursery,"633 Antrim Road, Glengormley",NEWTOWNABBEY,ANTRIM,BT36 4RF,VP Pre-schools,Other,54.68641,-5.99696,,
3BB0086,Greengables Playgroup,"Central Primary School, Thomas Street",CARRICKFERGUS,ANTRIM,BT38 8AL,VP Pre-schools,Other,54.7167,-5.81217,,
2016071,Greenhaw Primary School,CARNHILL ESTATE,LONDONDERRY,LONDONDERRY,BT48 8BA,Primary school,Controlled,55.02262,-7.31651,254,20.13
3010817,Greenisland Primary School,"UPPER STATION ROAD, GREENISLAND",CARRICKFERGUS,ANTRIM,BT38 8RA,Primary school,Controlled,54.70127,-5.87385,401,26.12
3AB0129,Greenlough Early Years,"St Oliver Plunkett Hall, 232 Mayogall Road",PORTGLENONE,ANTRIM,BT44 8NN,VP Pre-schools,Other,54.86922,-6.5115,,
3032275,Greenlough Primary School (St Mary's),"220 MAYOGALL ROAD, CLADY PORTGLENONE",BALLYMENA,ANTRIM,BT44 8NN,Primary school,Roman Catholic Maintained,54.8674,-6.5191,196,23.16
1310017,Greenwood House Assessment Centre,"10 GREENWOOD AVENUE, UPPER NEWTOWNARDS ROAD",BELFAST,ANTRIM,BT4 3JJ,Special school,Controlled,54.59634,-5.86151,,8
1010304,Greenwood Primary School,436-456 UPPER NEWTOWNARDS ROAD,BELFAST,ANTRIM,BT4 3HS,Primary school,Controlled,54.59561,-5.8611,261,24.7
4011300,Grey Abbey Primary School,"3 THE SQUARE, GREYABBEY",NEWTOWNARDS,DOWN,BT22 2QA,Primary school,Controlled,54.53444,-5.56123,90,17.83
2AB0060,Greysteel Playgroup,"St Columbas Walk, Gortgar Greysteel",LONDONDERRY,LONDONDERRY,BT47 3TS,VP Pre-schools,Other,55.03233,-7.11504,,
3016037,Greystone Primary School,56 GREYSTONE ROAD,ANTRIM,ANTRIM,BT41 1JW,Primary school,Controlled,54.71275,-6.18921,394,21.51
2052035,Groarty Primary School,17 COSHQUIN ROAD,LONDONDERRY,LONDONDERRY,BT48 0ND,Primary school,Controlled Integrated,55.02366,-7.34662,63,11.25
3010822,Groggan Primary School,"179 PORTGLENONE ROAD, RANDALSTOWN",ANTRIM,ANTRIM,BT41 3EU,Primary school,Controlled,54.77964,-6.35978,137,20.66
4AB0537,Groomsport Playgroup,"Orange Hall, 9 Springwell Road, GROOMSPORT",BANGOR,DOWN,BT19 6LY,VP Pre-schools,Other,54.67204,-5.61473,,
1410079,Grosvenor Grammar School,50 Marina Park,BELFAST,ANTRIM,BT5 6BA,Secondary (grammar) school,Controlled,54.58358,-5.87609,1075,16.77
4AB0145,Grove Community Playgroup,"Grove Activity Centre, 15 Ballinderry Park",LISBURN,ANTRIM,BT28 1ST,VP Pre-schools,Other,54.50995,-6.07098,,
5016179,Hamiltonsbawn Primary School,"113 ANNAREAGH ROAD, HAMILTONSBAWN",ARMAGH,ARMAGH,BT61 9SA,Primary school,Controlled,54.34399,-6.54389,169,19.38
3AB0274,Hansel and Gretel Pre-School,"Glynn Village Hall, 24 Main Road, Glynn",LARNE,ANTRIM,BT40 3HF,VP Pre-schools,Other,54.82789,-5.8119,,
3AB0102,Happitots Playgroup,"37 Elmwood, Cullybackey",BALLYMENA,ANTRIM,BT43 5PY,VP Pre-schools,Other,54.89202,-6.35258,,
5AB0187,Happy Days Playgroup,"29B School Lane, Brackaville, Coalisland",DUNGANNON,TYRONE,BT71 4NW,VP Pre-schools,Other,54.54557,-6.70714,,
5AB0462,Happy Days Playgroup (Newry),"Meadow Armagh Road Community Centre, Killeavey Road",NEWRY,DOWN,BT35 6ET,VP Pre-schools,Other,54.18385,-6.34615,,
5CA0599,Happy Faces Daycare Nursery,"3 Silverbridge Road, Crossmaglen",NEWRY,DOWN,BT35 9LE,VP Pre-schools,Other,54.07253,-6.54105,,
2BB0449,Happy Faces Playgroup,"83a Bellspark Road, Clady",STRABANE,TYRONE,BT82 9QY,VP Pre-schools,Other,54.79361,-7.53068,,
4BB0637,Happy Feet Pre-School,"St Marys Primary School, 20 Killinchy Street, Comber",NEWTOWNARDS,DOWN,BT23 5AP,VP Pre-schools,Voluntary,54.54745,-5.74206,,
5AB0647,Happy Tots Playgroup,36 Edward Street,PORTADOWN,ARMAGH,BT62 3NE,VP Pre-schools,Voluntary,54.421,-6.44187,,
1310014,Harberton Special School,HARBERTON PARK,BELFAST,ANTRIM,BT9 6TX,Special school,Controlled,54.56037,-5.9644,,7.92
3AB0123,Harbour Bears Pre-School,"Curran Park Bowling Pavilion, Curran Road",LARNE,ANTRIM,BT40 1BS,VP Pre-schools,Other,54.85147,-5.80759,,
1010232,Harding Memorial Primary School,105 - 107 CREGAGH ROAD,BELFAST,ANTRIM,BT6 8PZ,Primary school,Controlled,54.58296,-5.8987,210,21.45
5011112,Hardy Memorial Primary School,"22 THE NEW LINE, RICHHILL",ARMAGH,ARMAGH,BT61 9QR,Primary school,Controlled,54.37027,-6.54847,515,26.06
4013305,Harmony Hill Primary School,50 HARMONY HILL,LISBURN,ANTRIM,BT27 4ES,Primary school,Controlled,54.52512,-6.03486,588,22.73
1016604,Harmony Primary School,FORTHRIVER CRESCENT,BELFAST,ANTRIM,BT13 3SY,Primary school,Controlled,54.61503,-5.98215,375,16.88
3016052,Harpurs Hill Primary School,BALLYCASTLE ROAD,COLERAINE,LONDONDERRY,BT52 2ER,Primary school,Controlled,55.13528,-6.65181,224,16.76
5116190,Harrison Nursery School,LOWER TOBERHEWNEY LANE,LURGAN,ARMAGH,BT66 8SU,Nursery school,Controlled,54.45364,-6.32773,,24.6
3010781,Harryville Primary School,CASEMENT STREET,BALLYMENA,ANTRIM,BT42 4BY,Primary school,Controlled,54.85906,-6.27207,254,19.53
5011129,Hart Memorial Primary School,"CHARLES STREET, PORTADOWN",CRAIGAVON,ARMAGH,BT62 4BD,Primary school,Controlled,54.42327,-6.45876,445,26.62
3016444,Hazelbank Primary School,"20 HAZELBANK ROAD, AUGHAFATTEN",BALLYMENA,ANTRIM,BT42 4LP,Primary school,Controlled,54.90336,-6.11121,120,18.79
1260269,Hazelwood College,70 WHITEWELL ROAD,NEWTOWNABBEY,ANTRIM,BT36 7ES,Secondary (non-grammar) school,Grant Maintained Integrated,54.64696,-5.92753,850,14.25
1066531,Hazelwood Primary School,242 WHITEWELL ROAD,NEWTOWNABBEY,ANTRIM,BT36 7EN,Primary school,Grant Maintained Integrated,54.65425,-5.93293,406,23.74
4CA0653,Helping Hands Daycare,"6 Tullynacross Road, Lambeg",LISBURN,ANTRIM,BT27 5SP,VP Pre-schools,Voluntary,54.52776,-6.02267,,
3012229,Hezlett Primary School,"1 BALLYWOOLEN ROAD, CASTLEROCK",COLERAINE,LONDONDERRY,BT51 4TZ,Primary school,Controlled,55.15344,-6.78388,295,24.3
3AB0363,High Kirk Community Playgroup,65-71 Thomas Street,BALLYMENA,ANTRIM,BT43 6AZ,VP Pre-schools,Other,54.87181,-6.27754,,
3BB0655,Hilcroft Special School (pre-school),3 Manse Way,NEWTOWNABBEY,ANTRIM,BT36 5UW,VP Pre-schools,Other,54.68982,-5.95485,,
3316510,Hill Croft Special School,3 MANSE WAY,NEWTOWNABBEY,ANTRIM,BT36 5UW,Special school,Controlled,54.68982,-5.95485,,6.48
1CA0633,Hillcrest Pre-School,14 Annadale Avenue,BELFAST,ANTRIM,BT7 3JH,VP Pre-schools,Other,54.56754,-5.91567,,
3BB0654,Hollybank Pre-School,"c/o Hollybank Primary School, Devenish Drive, Monkstown",NEWTOWNABBEY,ANTRIM,BT37 0HF,VP Pre-schools,Voluntary,54.68656,-5.90863,,
3016038,Hollybank Primary School,"DEVENISH DRIVE, MONKSTOWN",NEWTOWNABBEY,ANTRIM,BT37 0HF,Primary school,Controlled,54.68656,-5.90863,440,17.76
2036533,Hollybush Primary School,"10 ARDAN ROAD, CULMORE",LONDONDERRY,LONDONDERRY,BT48 8JN,Primary school,Roman Catholic Maintained,55.05228,-7.26714,396,22.86
1136316,Holy Child Nursery School,"40 SLIEVEGALLION DRIVE, ANDERSONSTOWN ROAD",BELFAST,ANTRIM,BT11 8JP,Nursery school,Roman Catholic Maintained,54.57524,-5.99465,,26
1036576,Holy Child Primary School,"5 SOUTH GREEN, ANDERSONSTOWN",BELFAST,ANTRIM,BT11 8JF,Primary school,Roman Catholic Maintained,54.57722,-5.99206,775,22.34
2030381,Holy Child Primary School,"4 CENTRAL DRIVE, CREGGAN ESTATE",LONDONDERRY,LONDONDERRY,BT48 9QQ,Primary school,Roman Catholic Maintained,54.99564,-7.34541,404,21.33
1030194,Holy Cross Boys' Primary School,BROOKFIELD STREET,BELFAST,ANTRIM,BT14 7EX,Primary school,Roman Catholic Maintained,54.61437,-5.95909,445,18.25
2230301,Holy Cross College,35 Melmount Road,STRABANE,TYRONE,BT82 9EF,Secondary (non-grammar) school,Roman Catholic Maintained,54.81553,-7.47589,1830,15.18
1030331,Holy Cross Girls' Primary School,ARDOYNE ROAD,BELFAST,ANTRIM,BT14 7HZ,Primary school,Roman Catholic Maintained,54.6203,-5.96865,487,16.9
1136360,Holy Cross Nursery School,BUTLER WALK,BELFAST,ANTRIM,BT14 7NZ,Nursery school,Roman Catholic Maintained,54.61471,-5.95848,,26
1AB0006,Holy Cross Pre-School Playgroup,"3 Flax Street, Crumlin Road",BELFAST,ANTRIM,BT14 7EL,VP Pre-schools,Other,54.61436,-5.95655,,
5031694,Holy Cross Primary School,"6 ATTICAL BOG ROAD, KILKEEL",NEWRY,DOWN,BT34 4HT,Primary school,Roman Catholic Maintained,54.10961,-6.04327,116,21.07
4036702,Holy Evangelist Primary School,"Glasvey Drive, Twinbrook, Dunmurry",BELFAST,ANTRIM,BT17 9PA,Primary school,Roman Catholic Maintained,54.55613,-6.02117,594,18.5
1036566,Holy Family Primary School,14 NEWINGTON AVENUE,BELFAST,ANTRIM,BT15 2HP,Primary school,Roman Catholic Maintained,54.6161,-5.93558,420,18.91
2036472,Holy Family Primary School,"3 AILEACH ROAD, SHANTALLOW BALLYMAGROARTY",LONDONDERRY,LONDONDERRY,BT48 0AZ,Primary school,Roman Catholic Maintained,55.01816,-7.34537,640,21.74
2036674,Holy Family Primary School,Brookmount Road,OMAGH,TYRONE,BT78 5HZ,Primary school,Roman Catholic Maintained,54.60144,-7.31296,380,24.75
3036562,Holy Family Primary School,1A CASTLEDAWSON ROAD,MAGHERAFELT,LONDONDERRY,BT45 6AX,Primary school,Roman Catholic Maintained,54.75645,-6.60174,622,23.38
5032714,Holy Family Primary School Aughamullan,88 COOLE ROAD,DUNGANNON,TYRONE,BT71 5DR,Primary school,Roman Catholic Maintained,54.53919,-6.62238,92,21
1136289,Holy Rosary Nursery School,SUNNYSIDE CRESCENT,BELFAST,ANTRIM,BT7 3DB,Nursery school,Roman Catholic Maintained,54.57504,-5.92491,,26
1030327,Holy Rosary Primary School,70 SUNNYSIDE CRESCENT,BELFAST,ANTRIM,BT7 3DB,Primary school,Roman Catholic Maintained,54.57518,-5.92439,508,18.6
5230278,Holy Trinity College,CHAPEL STREET,COOKSTOWN,TYRONE,BT80 8QB,Secondary (non-grammar) school,Roman Catholic Maintained,54.64178,-6.74498,960,15.75
4136317,Holy Trinity Nursery School,"4 TRINITY TERRACE, LONGSTONE STREET",LISBURN,ANTRIM,BT28 1DG,Nursery school,Roman Catholic Maintained,54.51048,-6.05491,,24.14
2BB0589,Holy Trinity Pre School,"C/O Holy Trinity Primary School, Derrin Road, Cornagrade",ENNISKILLEN,FERMANAGH,BT74 6AZ,VP Pre-schools,Other,54.35118,-7.64197,,
1036623,Holy Trinity Primary School,MONAGH ROAD,BELFAST,ANTRIM,BT11 8EG,Primary school,Roman Catholic Maintained,54.58744,-5.99373,600,15.04
2036632,Holy Trinity Primary School,"DERRIN ROAD  CORNAGRADE, ENNISKILLEN",ENNISKILLEN,FERMANAGH,BT74 6AZ,Primary school,Roman Catholic Maintained,54.35118,-7.64197,935,21.5
5036567,Holy Trinity Primary School,44 FAIRHILL ROAD,COOKSTOWN,TYRONE,BT80 8AG,Primary school,Roman Catholic Maintained,54.6428,-6.74843,794,20.63
4110030,Holywood Nursery School,66 CHURCH ROAD,HOLYWOOD,DOWN,BT18 9BU,Nursery school,Controlled,54.641,-5.83125,,26
4011631,Holywood Primary School,HILLVIEW PLACE,HOLYWOOD,DOWN,BT18 9DL,Primary school,Controlled,54.63932,-5.8307,523,24.1
1116155,Hope Nursery School,104 HOPEWELL CRESCENT,BELFAST,ANTRIM,BT13 1DP,Nursery school,Controlled,54.60632,-5.94287,,26
5012646,Howard Primary School,"2 MAIN ROAD, MOYGASHEL",DUNGANNON,TYRONE,BT71 7QR,Primary school,Controlled,54.48771,-6.74694,319,24.62
3BB0267,Humpty Dumpty Playgroup,"Downshire School, Downshire Road",CARRICKFERGUS,ANTRIM,BT38 7DA,VP Pre-schools,Other,54.72867,-5.79025,,
5AB0466,Humpty Dumpty Pre-school Playgroup,"Holy Trinity Parish Church Hall, Lurgan Road",BANBRIDGE,DOWN,BT32 4AA,VP Pre-schools,Other,54.3524,-6.26769,,
4AA0526,Hundred Acre Wood Playgroup,"38 Ballystockart Road, Comber",NEWTOWNARDS,DOWN,BT23 5QY,VP Pre-schools,Other,54.56288,-5.78162,,
1420265,Hunterhouse College,UPPER LISBURN ROAD,BELFAST,ANTRIM,BT10 0LE,Secondary (grammar) school,Voluntary,54.55646,-5.98772,710,15.99
1620027,Inchmarlo,CRANMORE PARK,BELFAST,ANTRIM,BT9 6JR,Preparatory Schools,Voluntary,54.57151,-5.95224,,19.52
5260286,Integrated College Dungannon,21 GORTMERRON LINK ROAD,DUNGANNON,TYRONE,BT71 6LS,Secondary (non-grammar) school,Grant Maintained Integrated,54.49616,-6.74759,500,14.26
3016264,Irish Society's Primary School,"3 RUGBY AVENUE, MOUNTSANDEL",COLERAINE,LONDONDERRY,BT52 1JL,Primary school,Controlled,55.12215,-6.66089,427,22.46
2AB0079,Irvinestown Playgroup,"2 Scallen Road, Drumharvey, IRVINESTOWN",ENNISKILLEN,FERMANAGH,BT94 1ED,VP Pre-schools,Other,54.4739,-7.62684,,
2016151,Irvinestown Primary School,"24 BURFITS HILL, IRVINESTOWN",ENNISKILLEN,FERMANAGH,BT94 1DY,Primary school,Controlled,54.47158,-7.6419,182,20.74
5011611,Iveagh Primary School,"17 CASTLE HILL, RATHFRILAND",NEWRY,DOWN,BT34 5NH,Primary school,Controlled,54.23775,-6.15724,274,22.93
2AB0291,Jack and Jill Community Playgroup,"Old Schoolhouse, 4 Dergbrough Road, Plumbridge",OMAGH,TYRONE,BT79 8EF,VP Pre-schools,Other,54.76782,-7.24855,,
5AB0201,Jack and Jill Playgroup,21 Loy Street,COOKSTOWN,TYRONE,BT80 8PZ,VP Pre-schools,Other,54.64266,-6.74552,,
3AB0245,Jack Horner Community Playgroup,"Sheskburn Community Centre, 7 Mary Street",BALLYCASTLE,ANTRIM,BT54 6QH,VP Pre-schools,Other,55.20287,-6.23806,,
4BA0600,Jiminy Crickets Pre-School,"C/O Andrews Memorial Primary School, 4 Ballygowan Road, Comber",NEWTOWNARDS,DOWN,BT23 5PG,VP Pre-schools,Other,54.54686,-5.75425,,
1036697,John Paul II Primary School,Whiterock Road,BELFAST,ANTRIM,BT12 7FW,Primary school,Roman Catholic Maintained,54.59321,-5.98863,319,15.17
5CA0195,Jolly Jester's Day Nursery,13 Castle Street,DROMORE,DOWN,BT25 1AF,VP Pre-schools,Other,54.4135,-6.15129,,
4CA0603,Jolly Rodgers Pre-School,47 Antrim Road,LISBURN,ANTRIM,BT28 3EB,VP Pre-schools,Other,54.51775,-6.05565,,
5BB0402,Jolly Tots Playgroup,"4 Old Road, MAYOBRIDGE",NEWRY,DOWN,BT34 2HE,VP Pre-schools,Other,54.18245,-6.22493,,
2016003,Jones Memorial Primary School,MULLYLOGAN,ENNISKILLEN,FERMANAGH,BT74 5QF,Primary school,Controlled,54.32966,-7.65959,373,18.85
5036122,Jonesborough Primary School,"54 THE VILLAGE, JONESBOROUGH",NEWRY,DOWN,BT35 8HR,Primary school,Roman Catholic Maintained,54.08971,-6.36995,174,21.8
3340002,Jordanstown Special School,85 JORDANSTOWN ROAD,NEWTOWNABBEY,ANTRIM,BT37 0QE,Special school,Other Maintained,54.68785,-5.89006,,5.29
5AB0405,Keady Community Playgroup,"The Den in the Glen, Glen Road, Keady",ARMAGH,ARMAGH,BT60 3UA,VP Pre-schools,Other,54.25055,-6.70164,,
3AB0372,Kells & Connor Pre-School,"Unit 1, 19 Main Street, Kells",BALLYMENA,ANTRIM,BT42 3JH,VP Pre-schools,Other,54.8078,-6.22027,,
3010835,Kells & Connor Primary School,"145 LIMINARY ROAD, KELLS",BALLYMENA,ANTRIM,BT42 3LS,Primary school,Controlled,54.81248,-6.22069,203,20.68
3BB0090,Kenbaan Community Playgroup,"St Brigids Primary School, Broughshane Road",BALLYMENA,ANTRIM,BT43 6JE,VP Pre-schools,Other,54.87637,-6.26731,,
2011787,Kesh Primary School,"44 CREVENISH ROAD, KESH",ENNISKILLEN,FERMANAGH,BT93 1RF,Primary school,Controlled,54.5183,-7.72229,220,20.63
3AB0104,Kiddies Castle Early Years,"Workplace Units 1-4, Parker Avenue, Castledawson",MAGHERAFELT,LONDONDERRY,BT45 8AR,VP Pre-schools,Other,54.77792,-6.55537,,
5CA0598,Kiddiwinkles Pre-School,52 Killyman Road,DUNGANNON,TYRONE,BT71 6DE,VP Pre-schools,Other,54.50446,-6.75693,,
1CA0609,Kids @ BT9 Day Nursery,58-60 Ulsterville Avenue,BELFAST,ANTRIM,BT9 7AQ,VP Pre-schools,Other,54.58516,-5.94642,,
1CA0649,Kids First Daycare,"50 Kingsway, Dunmurry",BELFAST,ANTRIM,BT10 0HT,VP Pre-schools,Voluntary,54.55381,-5.99555,,
4AB0176,Kids Kabin Pre-School,"21 Chapel Lane, Drumaroad",CASTLEWELLAN,DOWN,BT31 9PQ,VP Pre-schools,Other,54.32317,-5.8982,,
5AB0415,Kids R Us Cross Community Playgroup,15 Cooneen Road,FIVEMILETOWN,TYRONE,BT75 0ND,VP Pre-schools,Other,54.37632,-7.31611,,
5AB0497,Kidzone Playgroup,"20B Millvale Road, Bessbrook",NEWRY,DOWN,BT35 7NH,VP Pre-schools,Other,54.18926,-6.37139,,
3AB0366,Kilbride Playgroup,"1 Moyra Road, Burnside",BALLYCLARE,ANTRIM,BT39 0SD,VP Pre-schools,Other,54.76186,-6.04991,,
3010828,Kilbride Primary School,"56 MOYRA ROAD, DOAGH",BALLYCLARE,ANTRIM,BT39 0SQ,Primary school,Controlled,54.75969,-6.05449,135,19.45
5056013,Kilbroney Integrated Primary School,"15 CLOUGHMORE ROAD, ROSTREVOR",NEWRY,DOWN,BT34 3EL,Primary school,Controlled Integrated,54.09893,-6.19519,140,20.16
4016002,Kilcooley Primary School,GANAWAY AVENUE,BANGOR,DOWN,BT19 1QS,Primary school,Controlled,54.64734,-5.69859,205,15.7
5210016,Kilkeel High School,"KNOCKCHREE AVENUE, KILKEEL",NEWRY,DOWN,BT34 4BP,Secondary (non-grammar) school,Controlled,54.05878,-6.00061,830,14.78
5116197,Kilkeel Nursery School,"124 HARBOUR ROAD, KILKEEL",NEWRY,DOWN,BT34 4AT,Nursery school,Controlled,54.06068,-6.00084,,27.5
5011649,Kilkeel Primary School,130 HARBOUR ROAD,KILKEEL,DOWN,BT34 4AT,Primary school,Controlled,54.05985,-5.99949,611,23.12
4310013,Killard House Special School,CANNYREAGH ROAD,DONAGHADEE,DOWN,BT21 0AU,Special school,Controlled,54.63866,-5.53853,,6.92
5AB0541,Killean Playgroup,"2 Kellys Road, Killean",NEWRY,DOWN,BT35 8RY,VP Pre-schools,Other,54.11476,-6.34271,,
5031154,Killean Primary School,29 KILLEAN SCHOOL ROAD,NEWRY,DOWN,BT35 8RX,Primary school,Roman Catholic Maintained,54.11481,-6.3416,131,23.39
2012641,Killen Primary School,"76 LEARMORE ROAD, KILLEN",CASTLEDERG,TYRONE,BT81 7SD,Primary school,Controlled,54.67362,-7.62674,145,18.33
5210054,Killicomaine Junior High School,UPPER CHURCH LANE,PORTADOWN,ARMAGH,BT63 5JE,Secondary (non-grammar) school,Controlled,54.43102,-6.41936,680,16.65
4016396,Killinchy Primary School,"MAIN STREET, KILLINCHY",NEWTOWNARDS,DOWN,BT23 6PN,Primary school,Controlled,54.47051,-5.67624,350,25.86
4BB0388,Killough Playgroup,"St Joseph's Primary School, 58-62 Main Street",KILLOUGH,DOWN,BT30 7QD,VP Pre-schools,Other,54.25558,-5.64655,,
3012237,Killowen Primary School,55 SHUTTLE HILL,COLERAINE,LONDONDERRY,BT51 3BZ,Primary school,Controlled,55.127,-6.67586,195,25
4016145,Killowen Primary School,20 LAURELHILL ROAD,LISBURN,ANTRIM,BT28 2UH,Primary school,Controlled,54.52227,-6.07187,420,23.6
5031318,Killowen Primary School,"88 KILLOWEN OLD ROAD, ROSTREVOR",NEWRY,DOWN,BT34 3AE,Primary school,Roman Catholic Maintained,54.07233,-6.15211,116,22.75
2031897,Killyhommon Primary School,"51 AGHAHERRISH ROAD, BOHO",ENNISKILLEN,FERMANAGH,BT74 8BZ,Primary school,Roman Catholic Maintained,54.36408,-7.80345,116,17.5
5011132,Killylea Primary School,150 KILLYLEA ROAD,ARMAGH,ARMAGH,BT60 4LN,Primary school,Controlled,54.34832,-6.77489,92,13.64
4BB0376,Killyleagh Early Years Playgroup,"Killyleagh Primary School, 12 Shrigley Road, Killyleagh",DOWNPATRICK,DOWN,BT30 9SR,VP Pre-schools,Other,54.40413,-5.6568,,
4056709,Killyleagh Integrated Primary School,"12 SHRIGLEY ROAD, KILLYLEAGH",DOWNPATRICK,DOWN,BT30 9SR,Primary school,Controlled Integrated,54.40413,-5.6568,175,19.41
5AB0419,Killyman Community Playgroup,"Griffith Hall, 43 Trewmount Road, Killyman",DUNGANNON,TYRONE,BT71 6RL,VP Pre-schools,Other,54.48822,-6.70003,,
5016680,Killyman Primary School,15 TREWMOUNT ROAD,DUNGANNON,TYRONE,BT71 6RL,Primary school,Controlled,54.49049,-6.70213,165,22.63
4016192,Kilmaine Primary School,6 LYNDALE DRIVE,BANGOR,DOWN,BT19 6EF,Primary school,Controlled,54.65324,-5.63199,610,29.45
4AB0377,Kilmood Playgroup,"St Mary's Church Hall, 28 Kilmood Church Road, Killinchy",NEWTOWNARDS,DOWN,BT23 6SA,VP Pre-schools,Other,54.49188,-5.73344,,
3010878,Kilmoyle Primary School,77 BENVARDIN ROAD,BALLYMONEY,ANTRIM,BT53 6NS,Primary school,Controlled,55.13278,-6.54272,115,18.14
3AB0143,Kilrea Community Early Years,"15 Moneygran Road, Kilrea",COLERAINE,LONDONDERRY,BT51 5SJ,VP Pre-schools,Other,54.94927,-6.55145,,
3012269,Kilrea Primary School,"5 LISNAGROT ROAD, KILREA",COLERAINE,LONDONDERRY,BT51 5SE,Primary school,Controlled,54.94874,-6.55513,127,19.53
3BB0606,Kilronan Pre-School,"Kilronan Special School, 46 BALLYRONAN ROAD",MAGHERAFELT,LONDONDERRY,BT45 6EN,VP Pre-schools,Other,54.74805,-6.5974,,
3316570,Kilronan Special School,46 KILRONAN ROAD,MAGHERAFELT,LONDONDERRY,BT45 6EN,Special school,Controlled,54.74805,-6.5974,,6
3AB0144,Kilroot Playgroup,"PO Box 61, Edenvale Avenue, Eden",CARRICKFERGUS,ANTRIM,BT38 7NP,VP Pre-schools,Other,54.72875,-5.77694,,
3013703,Kilross Primary School,"19 DUNTIBRYAN ROAD, TOBERMORE",MAGHERAFELT,LONDONDERRY,BT45 5QL,Primary school,Controlled,54.79744,-6.73308,112,13.92
2AB0408,Kindertee Community Playgroup,"131 Main Street, DERRYLIN",ENNISKILLEN,FERMANAGH,BT92 9LA,VP Pre-schools,Other,54.19316,-7.56798,,
3010880,King's Park Primary School,KING'S DRIVE,NEWTOWNABBEY,ANTRIM,BT37 0DG,Primary school,Controlled,54.67775,-5.91204,425,30.3
5011124,King's Park Primary School,24A AVENUE ROAD,LURGAN,ARMAGH,BT66 7BB,Primary school,Controlled,54.45955,-6.32101,658,24.31
4116216,King's Road Nursery School,"MELFORT DRIVE KINGS ROAD, KNOCK",BELFAST,ANTRIM,BT5 7FD,Nursery school,Controlled,54.58703,-5.82921,,26
5AB0231,Kingdom Playgroup,10 Dunnaval Road,KILKEEL,DOWN,BT34 4JT,VP Pre-schools,Other,54.04915,-6.0345,,
5011152,Kingsmills Primary School,"63 DRUMNAHUNSHIN ROAD, WHITECROSS",ARMAGH,ARMAGH,BT60 2TA,Primary school,Controlled,54.21936,-6.45081,77,15.13
4136626,Kircubbin Community Nursery School,"1 Church Grove, Kircubbin",NEWTOWNARDS,DOWN,BT22 2SU,Nursery school,Roman Catholic Maintained,54.48552,-5.53532,,26
4051569,Kircubbin Integrated Primary School,"22 COOKS BRAE, KIRCUBBIN",NEWTOWNARDS,DOWN,BT22 2SQ,Primary school,Controlled Integrated,54.48712,-5.53091,161,25.38
3BB0136,Kirkinriola Early Years,"Kirkinriola Primary School, 5 Clogher Road",BALLYMENA,ANTRIM,BT43 6TB,VP Pre-schools,Other,54.89648,-6.25876,,
3010780,Kirkinriola Primary School,5 CLOUGHER ROAD,BALLYMENA,ANTRIM,BT43 6TB,Primary school,Controlled,54.89648,-6.25876,95,15.45
4011373,Kirkistown Primary School,"MAIN ROAD, CLOUGHEY",NEWTOWNARDS,DOWN,BT22 1JA,Primary school,Controlled,54.4356,-5.47442,125,17.5
3010893,Knockahollet Primary School,"79 KNOCKAHOLLET ROAD, DUNLOY",BALLYMENA,ANTRIM,BT44 9BA,Primary school,Controlled,55.04556,-6.37086,106,19.8
2316528,Knockavoe School & Resource Centre,10A MELMOUNT GARDENS,STRABANE,TYRONE,BT82 9EB,Special school,Controlled,54.8182,-7.47491,,6.32
4116239,Knockbreda Nursery School,"WYNCHURCH ROAD, KNOCKBREDA",BELFAST,ANTRIM,BT6 0JJ,Nursery school,Controlled,54.56751,-5.90406,,27
4011674,Knockbreda Primary School,"WYNCHURCH ROAD, KNOCKBREDA",BELFAST,ANTRIM,BT6 0JJ,Primary school,Controlled,54.56798,-5.90535,225,18.68
4316516,Knockevin Special School,33 RACECOURSE HILL,DOWNPATRICK,DOWN,BT30 6PU,Special school,Controlled,54.31864,-5.71316,,4.14
3016283,Knockloughrim Primary School,"337 HILLHEAD ROAD, KNOCKLOUGHRIM",MAGHERAFELT,LONDONDERRY,BT45 8QT,Primary school,Controlled,54.81286,-6.60791,105,20.18
4013334,Knockmore Primary School,HERTFORD CRESCENT,LISBURN,ANTRIM,BT28 1SA,Primary school,Controlled,54.50844,-6.07553,212,9.93
3032197,Knocknagin Primary School,"45 TOBERMORE ROAD, DESERTMARTIN",MAGHERAFELT,LONDONDERRY,BT45 5LE,Primary school,Roman Catholic Maintained,54.77469,-6.67838,75,14.44
1013018,Knocknagoney Primary School,KNOCKNAGONEY ROAD,BELFAST,ANTRIM,BT4 2NR,Primary school,Controlled,54.61801,-5.85492,403,19.34
2032628,Knocknagor Primary School,"78 MOORFIELD ROAD, TRILLICK",OMAGH,TYRONE,BT78 3TX,Primary school,Roman Catholic Maintained,54.49181,-7.55444,65,21.5
3116215,Kylemore Nursery School,KYLEMORE ROAD,COLERAINE,LONDONDERRY,BT51 3HG,Nursery school,Controlled,55.12596,-6.68045,,25.88
2016184,Lack Primary School,6 TIRWINNY ROAD,ENNISKILLEN,FERMANAGH,BT93 0BU,Primary school,Controlled,54.54655,-7.57935,107,16.94
3CA0641,Ladybirds Playgroup,"27 Lisnafillon Road, Gracehill",BALLYMENA,ANTRIM,BT42 1JA,VP Pre-schools,Voluntary,54.85675,-6.34092,,
4260255,Lagan College,"44 MANSE ROAD, CASTLEREAGH",BELFAST,ANTRIM,BT8 6SA,Secondary (non-grammar) school,Grant Maintained Integrated,54.56094,-5.88646,1200,15.2
5032558,Laghey Primary School,5 TAMNAMORE ROAD,DUNGANNON,TYRONE,BT71 6RJ,Primary school,Roman Catholic Maintained,54.49193,-6.70163,109,19.76
4316614,Lakewood Special School,"96 Newtownards Road, Bangor",BANGOR,DOWN,BT19 1GZ,Special school,Controlled,54.6444,-5.67913,,0.86
3010795,Landhead Primary School,78 KILRAUGHTS ROAD,BALLYMONEY,ANTRIM,BT53 7HL,Primary school,Controlled,55.0731,-6.47791,60,20.14
2012671,Langfield Primary School,"2 WILLMOUNT ROAD, DRUMQUIN",OMAGH,TYRONE,BT78 4PG,Primary school,Controlled,54.61643,-7.49223,83,11.54
4010743,Largymore Primary School,HILLHALL ROAD,LISBURN,ANTRIM,BT27 5BT,Primary school,Controlled,54.50863,-6.02708,232,22.11
3010486,Larne and Inver Primary School,1a GLYNN ROAD,LARNE,ANTRIM,BT40 3AY,Primary school,Controlled,54.84945,-5.82325,237,21.11
3420046,Larne Grammar School,LOWER CAIRNCASTLE ROAD,LARNE,ANTRIM,BT40 1PQ,Secondary (grammar) school,Voluntary,54.85217,-5.83013,735,15.51
3210038,Larne High School,20 SALLAGH PARK,LARNE,ANTRIM,BT40 1NT,Secondary (non-grammar) school,Controlled,54.85833,-5.81947,750,14.98
3AB0574,Laughterland Early Years,Black Park Road,TOOMEBRIDGE,ANTRIM,BT41 3SL,VP Pre-schools,Other,54.76225,-6.50666,,
4210201,Laurelhill Community College,22 LAURELHILL ROAD,LISBURN,ANTRIM,BT28 2UH,Secondary (non-grammar) school,Controlled,54.51917,-6.06781,948,14.5
5AB0234,Laurencetown Pre-School Playgroup,"Community Centre, 10 Drumnascamph Road",LAURENCETOWN,ARMAGH,BT63 6DU,VP Pre-schools,Other,54.38079,-6.30854,,
3AB0122,Lavey Early Years Group,"63a Mayogall Road, Knockloughrim",MAGHERAFELT,LONDONDERRY,BT45 8PG,VP Pre-schools,Other,54.83868,-6.59085,,
4013043,Lead Hill Primary School,CASAELDONA PARK,BELFAST,ANTRIM,BT6 9RD,Primary school,Controlled,54.57412,-5.87183,210,19.24
3013325,Leaney Primary School,12 INTERMEDIATE ROAD,BALLYMONEY,ANTRIM,BT53 7AL,Primary school,Controlled,55.06556,-6.50376,319,22.08
4AB0438,Legacurry Playgroup,"Legacurry Church, 307 Upper Ballynahinch Road",LISBURN,ANTRIM,BT27 5EY,VP Pre-schools,Other,54.47644,-6.00768,,
5AB0420,Leitrim Community Playgroup,"Fontenoy Hall, 9 Backaderry Road, Leitrim",CASTLEWELLAN,DOWN,BT31 9SL,VP Pre-schools,Other,54.28605,-5.99569,,
1010325,Ligoniel Primary School,LIGONIEL ROAD,BELFAST,ANTRIM,BT14 8BW,Primary school,Controlled,54.62597,-5.97953,171,23.13
2016426,Limavady Central Primary School,57 SCROGGY ROAD,LIMAVADY,LONDONDERRY,BT49 0NB,Primary school,Controlled,55.0427,-6.9392,595,22.31
2410048,Limavady Grammar School,3 BALLYQUIN ROAD,LIMAVADY,LONDONDERRY,BT49 9ET,Secondary (grammar) school,Controlled,55.04231,-6.94786,910,16.59
2210302,Limavady High School,64 IRISH GREEN STREET,LIMAVADY,LONDONDERRY,BT49 9AN,Secondary (non-grammar) school,Controlled,55.04848,-6.94726,770,15.12
2116628,Limavady Nursery School,9A GREYSTONE ROAD,LIMAVADY,LONDONDERRY,BT49 0ND,Nursery school,Controlled,55.04363,-6.93977,,23.64
3010883,Linn Primary School,70-74 KILLYGLEN ROAD,LARNE,ANTRIM,BT40 2HT,Primary school,Controlled,54.86295,-5.84201,380,22.22
5316577,Lisanally Special School,85 LISANALLY LANE,ARMAGH,ARMAGH,BT61 7HF,Special school,Controlled,54.35597,-6.64644,,6.36
2016218,Lisbellaw Primary School,"40 CLOGHCOR ROAD, TATNAMALLAGHT",ENNISKILLEN,FERMANAGH,BT94 5BF,Primary school,Controlled,54.31377,-7.5422,232,24.16
4010807,Lisburn Central Primary School,52-56 HILLSBOROUGH ROAD,LISBURN,ANTRIM,BT28 1JJ,Primary school,Controlled,54.50701,-6.04933,254,18.33
5012611,Lisfearty Primary School,64 FARRITER ROAD,DUNGANNON,TYRONE,BT70 1SH,Primary school,Controlled,54.46807,-6.91282,74,11.33
3010787,Lislagan Primary School,50 LISLAGAN ROAD,BALLYMONEY,ANTRIM,BT53 7JF,Primary school,Controlled,55.04773,-6.50504,109,19.33
5230213,Lismore Comprehensive School,DRUMGASK,CRAIGAVON,ARMAGH,BT65 5DU,Secondary (non-grammar) school,Roman Catholic Maintained,54.44359,-6.36188,1200,15.12
5011153,Lisnadill Primary School,7 DRUMCONWELL ROAD,ARMAGH,ARMAGH,BT60 2PS,Primary school,Controlled,54.30865,-6.64487,145,22.5
4210051,Lisnagarvey High School,WARREN GARDENS,LISBURN,ANTRIM,BT28 1HN,Secondary (non-grammar) school,Controlled,54.50565,-6.05896,500,13.43
2116233,Lisnagelvin Nursery School,48 RICHILL PARK,LONDONDERRY,LONDONDERRY,BT47 5QZ,Nursery school,Controlled,54.99096,-7.29287,,16.56
2016203,Lisnagelvin Primary School,46 RICHILL PARK,LONDONDERRY,LONDONDERRY,BT47 5QZ,Primary school,Controlled,54.99212,-7.29153,581,23.68
4011657,Lisnasharragh Primary School,TUDOR DRIVE,BELFAST,ANTRIM,BT6 9LS,Primary school,Controlled,54.57355,-5.88516,447,21.85
2210306,Lisneal College,70 Crescent Link Road,LONDONDERRY,LONDONDERRY,BT47 5FQ,Secondary (non-grammar) school,Controlled,54.99586,-7.27386,960,13.09
5032262,Lissan (1) Primary School,6 CLAGGAN ROAD,COOKSTOWN,TYRONE,BT80 9XE,Primary school,Roman Catholic Maintained,54.6883,-6.75569,127,22.9
5AB0216,Lissan Cross-Community Playgroup,"6B Claggan Road, Churchtown",COOKSTOWN,TYRONE,BT80 9XE,VP Pre-schools,Other,54.68826,-6.75477,,
2032300,Listress Primary School,71 SLAGHTMANUS ROAD,LONDONDERRY,LONDONDERRY,BT47 3EY,Primary school,Roman Catholic Maintained,54.95399,-7.18324,50,13.5
3BB0488,Little Acorns,"The Link, 120 Castleroe Road",COLERAINE,LONDONDERRY,BT51 3RN,VP Pre-schools,Other,55.10539,-6.65661,,
5AB0630,Little Acorns Playgroup,"St Luke's Parish Hall, Bridgend Road, Coagh",COOKSTOWN,TYRONE,BT80 0EJ,VP Pre-schools,Other,54.6495,-6.62117,,
5BB0237,Little Acorns Playgroup (Killyman),"Laghey Primary School, 5 Tamnamore Road, Killyman",DUNGANNON,TYRONE,BT71 6RJ,VP Pre-schools,Other,54.49193,-6.70163,,
5BB0542,Little Acorns Playgroup Derrymore,"20a Derrymore Road, Gawleys Gate",CRAIGAVON,ARMAGH,BT67 0BW,VP Pre-schools,Other,54.53623,-6.32849,,
5AB0543,Little Acorns Playgroup Derrynoose,"38 Fergort Road, Derrynoose",ARMAGH,ARMAGH,BT60 3DN,VP Pre-schools,Other,54.2324,-6.77273,,
4BB0150,Little Acorns Pre-School Playgroup,"Clandeboye Primary School, 111 Clandeboye Road",BANGOR,DOWN,BT20 3JW,VP Pre-schools,Other,54.65172,-5.6817,,
3BB0269,Little Amps Early Years,"Ampertaine Primary School, 94 Kilrea Road, Upperlands",MAGHERA,LONDONDERRY,BT46 5SB,VP Pre-schools,Other,54.88365,-6.63151,,
4CA0615,Little Bear's Day Nursery,"Unit 2a Ashbury Shopping Centre, Ashbury Avenue",BANGOR,DOWN,BT19 6TH,VP Pre-schools,Other,54.6487,-5.63652,,
2AB0035,Little Diamonds Community Playgroup,"The Diamond Centre, 630 Barnailt Road, Claudy",LONDONDERRY,LONDONDERRY,BT47 4EA,VP Pre-schools,Other,54.91419,-7.15111,,
4AB0439,Little Doves Community Playgroup,"West Winds Community Centre, Dakota Avenue",NEWTOWNARDS,DOWN,BT23 4QX,VP Pre-schools,Other,54.58212,-5.70529,,
1AB0477,Little Ducks,"Carew II Family & Training Centre, 15 Tamar Street",BELFAST,ANTRIM,BT4 1HS,VP Pre-schools,Other,54.60044,-5.89601,,
1230089,Little Flower Girls' School,71A SOMERTON ROAD,BELFAST,ANTRIM,BT15 4DE,Secondary (non-grammar) school,Roman Catholic Maintained,54.63057,-5.93407,650,14.69
5136627,Little Flower Nursery School,"4 COOLE ROAD, KILLEN",COALISLAND,TYRONE,BT71 5DR,Nursery school,Roman Catholic Maintained,54.55044,-6.63704,,26
2AB0055,Little Flower Playgroup,"28 Peacock Road, Glebe, SION MILLS",STRABANE,TYRONE,BT82 9NW,VP Pre-schools,Other,54.78633,-7.48775,,
5AB0336,Little Folk Playgroup,"Lecture Hall, 1 Cloughmore Road",ROSTREVOR,DOWN,BT34 3EL,VP Pre-schools,Other,54.10009,-6.19673,,
2AB0295,Little Friends Playgroup,"Strathroy Community Centre, Strathroy",OMAGH,TYRONE,BT79 7XE,VP Pre-schools,Other,54.61242,-7.30907,,
5CA0559,Little Friends Private Day Care,67 Huntley Road,BANBRIDGE,DOWN,BT32 3UA,VP Pre-schools,Other,54.35714,-6.27812,,
4CA0611,Little Gems Day Nursery,"1 Dunlady Road, Dundonald",BELFAST,ANTRIM,BT16 1TT,VP Pre-schools,Other,54.59506,-5.79784,,
1CA0590,Little Hands Little Feet Ltd,"Derryvolgie House, 73 Malone Road",BELFAST,ANTRIM,BT9 6SB,VP Pre-schools,Other,54.57806,-5.94262,,
3AB0350,Little Hands Pre-School,"Parkhall Complex, Unit 5 Queens Road, Parkhall Complex",ANTRIM,ANTRIM,BT41 1AJ,VP Pre-schools,Other,54.71999,-6.19895,,
4BB0159,Little Oaks Pre-School,"109 Queensway, Lambeg",LISBURN,ANTRIM,BT27 4QS,VP Pre-schools,Other,54.53151,-6.03163,,
5AB0504,Little Oaks Pre-School Group,"Killicomaine Community Centre, Festival Road, Portadown",CRAIGAVON,ARMAGH,BT63 5HE,VP Pre-schools,Other,54.42361,-6.42333,,
5AB0192,Little People Pre-School Centre,"Ninemile Road, Newtownhamilton",NEWRY,DOWN,BT35 0HN,VP Pre-schools,Other,54.19528,-6.57747,,
3AB0525,Little Rainbows Early Years,189a Glen Road,MAGHERA,LONDONDERRY,BT46 5JN,VP Pre-schools,Other,54.84736,-6.719,,
2AB0316,Little Rascals Community Playgroup,"Drumsurn Road, Drumsurn",LIMAVADY,LONDONDERRY,BT49 0PX,VP Pre-schools,Other,54.99063,-6.8638,,
4CA0613,Little Rays Day Nursery,3 Main Street,MOIRA,DOWN,BT67 0LE,VP Pre-schools,Other,54.47814,-6.23169,,
4CA0623,Little Rays Day Nursery,"102 Queensway, Lambeg",LISBURN,ANTRIM,BT27 4QP,VP Pre-schools,Other,54.53183,-6.02898,,
3CA0271,Little Robins Pre-School,"Inver Lodge, 7 Whitla's Brae",LARNE,ANTRIM,BT40 3BY,VP Pre-schools,Other,54.84778,-5.8285,,
2AB0340,Little Smarties Pre-School,"Gilaroo Centre, 3a Gilaroo Court, Garrison",ENNISKILLEN,FERMANAGH,BT93 4ER,VP Pre-schools,Other,54.41493,-8.09011,,
4BB0470,Little Sunbeams' Playgroup,"c/o St Mary's Primary School, 27 Old Grand Jury Road, Saintfield",BALLYNAHINCH,DOWN,BT24 7JD,VP Pre-schools,Other,54.45311,-5.8265,,
2AB0407,Little Treasures Playgroup,"1 Moher Road, Lismonaghan, KINAWLEY",ENNISKILLEN,FERMANAGH,BT92 4BB,VP Pre-schools,Other,54.22653,-7.64937,,
5AB0210,Little Villagers Playgroup,"Mossfield Playing Fields, Springhill Road, Glenanne",ARMAGH,ARMAGH,BT60 2LF,VP Pre-schools,Other,54.24051,-6.50447,,
3AB0534,Little Wombles Cross Community Playgroup,"Above Library, 20 High Street, DRAPERSTOWN",MAGHERAFELT,LONDONDERRY,BT45 7AA,VP Pre-schools,Other,54.79398,-6.78193,,
3010745,Loanends Primary School,"192 SEVENMILE STRAIGHT, NUTTS CORNER",CRUMLIN,ANTRIM,BT29 4YR,Primary school,Controlled,54.66345,-6.10564,203,22.5
5AB0198,Lollipop Playgroup,"The Torrent Complex, Hillview Avenue, Donaghmore",DUNGANNON,TYRONE,BT70 3DL,VP Pre-schools,Other,54.53327,-6.8125,,
2010380,Londonderry Model Primary School,NORTHLAND ROAD,LONDONDERRY,LONDONDERRY,BT48 7HJ,Primary school,Controlled,55.00224,-7.32775,380,20.13
4016004,Londonderry Primary School,2A GLENBROOK ROAD,NEWTOWNARDS,DOWN,BT23 4EY,Primary school,Controlled,54.59888,-5.70131,368,23.46
3010466,Longstone Primary School,"82 CARNEARNEY ROAD, AHOGHILL",BALLYMENA,ANTRIM,BT42 2PN,Primary school,Controlled,54.82809,-6.42162,73,14.34
4316273,Longstone Special School,"MILLAR'S LANE, DUNDONALD",BELFAST,ANTRIM,BT16 2DA,Special school,Controlled,54.58633,-5.79359,,6.38
2036475,Longtower Primary School,BISHOP STREET,LONDONDERRY,LONDONDERRY,BT48 6QQ,Primary school,Roman Catholic Maintained,54.99306,-7.32765,605,22.33
3420034,Loreto College,CASTLEROCK ROAD,COLERAINE,LONDONDERRY,BT51 3JZ,Secondary (grammar) school,Voluntary,55.13951,-6.68982,800,16.04
2420065,Loreto Grammar School,JAMES STREET,OMAGH,TYRONE,BT78 1DL,Secondary (grammar) school,Voluntary,54.60003,-7.30908,890,15.71
2032724,Loughash Primary School,"53 AGHAFAD ROAD, DONEMANA",STRABANE,TYRONE,BT82 0QG,Primary school,Roman Catholic Maintained,54.85686,-7.22566,56,17.5
5AA0421,Loughbrickland Pre-School,"Aghaderg Road, Loughbrickland",BANBRIDGE,DOWN,BT32 4LA,VP Pre-schools,Other,54.31224,-6.29685,,
5AB0332,Loughgall Playgroup,"Ballygasey Road, Loughgall",LOUGHGALL,ARMAGH,BT61 8HY,VP Pre-schools,Other,54.40765,-6.61076,,
3AB0259,Loughgiel Early Years,"The Millennium Centre, 38 Lough Road, Loughgiel",BALLYMENA,ANTRIM,BT44 9JN,VP Pre-schools,Other,55.06113,-6.30825,,
4AB0279,Loughinisland Playgroup,35 Loughinisland Road,DOWNPATRICK,DOWN,BT30 8PZ,VP Pre-schools,Other,54.33776,-5.82431,,
4056710,Loughries Integrated Primary School,2 BALLYBLACK ROAD,NEWTOWNARDS,DOWN,BT23 8SR,Primary school,Controlled Integrated,54.5802,-5.64236,102,17.92
5BB0597,Loughshore Playgroup,84 Maghery Road,DUNGANNON,TYRONE,BT71 6PA,VP Pre-schools,Other,54.5091,-6.57176,,
4066579,Loughview Integrated Primary School,"63 CHURCH ROAD, CASTLEREAGH",BELFAST,ANTRIM,BT6 9SA,Primary school,Grant Maintained Integrated,54.56903,-5.8757,406,24.46
5AB0211,Lower Mourne Pre-School Playgroup,"Longstone Community Hall, 65-67 Longstone Road, Annalong",NEWRY,DOWN,BT34 4UZ,VP Pre-schools,Other,54.10966,-5.93294,,
1016537,Lowwood Primary School,SHERINGHURST PARK,BELFAST,ANTRIM,BT15 4BL,Primary school,Controlled,54.63515,-5.92595,203,20.7
2420287,Lumen Christi College,181 BISHOP STREET,LONDONDERRY,LONDONDERRY,BT48 6UJ,Secondary (grammar) school,Voluntary,54.99065,-7.33111,840,15.14
5410057,Lurgan College,"9 COLLEGE WALK, LURGAN",CRAIGAVON,ARMAGH,BT66 6JW,Secondary (grammar) school,Controlled,54.47197,-6.34812,440,15.17
5210271,Lurgan Junior High,TOBERHEWNY LANE LOWER,LURGAN,ARMAGH,BT66 8SU,Secondary (non-grammar) school,Controlled,54.45474,-6.32713,750,15.37
5010992,Lurgan Model Primary School,BROWNLOW TERRACE,LURGAN,ARMAGH,BT67 9AT,Primary school,Controlled,54.46767,-6.33452,196,21
3AB0135,Macosquin Community Pre-school,"Macosquin Community House, 24 Ramsey Park, Macosquin",COLERAINE,LONDONDERRY,BT51 4NF,VP Pre-schools,Other,55.10068,-6.71104,,
3013700,Macosquin Primary School,"34 DUNDERG ROAD, MACOSQUIN",COLERAINE,LONDONDERRY,BT51 4ND,Primary school,Controlled,55.10025,-6.70861,194,22.22
4016417,Maghaberry Primary School,"17A MAGHABERRY ROAD, MOIRA",CRAIGAVON,ARMAGH,BT67 0JE,Primary school,Controlled,54.50313,-6.19361,227,19.01
3012291,Maghera Primary School,15 STATION ROAD,MAGHERA,LONDONDERRY,BT46 5BS,Primary school,Controlled,54.84416,-6.66862,163,17.89
3012267,Magherafelt Controlled Primary School,32 Castledawson Road,MAGHERAFELT,LONDONDERRY,BT45 6PA,Primary school,Controlled,54.75968,-6.60241,290,25.2
3210035,Magherafelt High School,30 MONEYMORE ROAD,MAGHERAFELT,LONDONDERRY,BT45 6AF,Secondary (non-grammar) school,Controlled,54.75063,-6.61103,600,13.77
3116177,Magherafelt Nursery School,32A Castledawson Road,MAGHERAFELT,LONDONDERRY,BT45 6PA,Nursery school,Controlled,54.75978,-6.60021,,26
2032473,Magheralough Primary School,"48 MAGHERALOUGH ROAD, TRILLICK",OMAGH,TYRONE,BT78 3SZ,Primary school,Roman Catholic Maintained,54.45482,-7.52521,51,14
2AB0288,Magilligan Community Playgroup,"396 Seacoast Road, Ballyscullion",LIMAVADY,LONDONDERRY,BT49 0LA,VP Pre-schools,Other,55.13734,-6.94759,,
2016127,Maguiresbridge Primary School,"7 DRUMGOON ROAD, MAGUIRESBRIDGE",ENNISKILLEN,FERMANAGH,BT94 4PB,Primary school,Controlled,54.29525,-7.46947,104,26.75
3BB0533,Maine Integrated Playgroup,"93 Portglenone Road, Randalstown",ANTRIM,ANTRIM,BT41 3EH,VP Pre-schools,Other,54.75704,-6.33009,,
3066652,Maine Integrated Primary School,93 PORTGLENONE ROAD,RANDALSTOWN,ANTRIM,BT41 3EH,Primary school,Grant Maintained Integrated,54.75704,-6.33009,131,21.35
3AB0575,Mallusk Community Playgroup,"Academy Sports Club Grounds, 82 Mallusk Road, Mallusk",NEWTOWNABBEY,ANTRIM,BT36 4QE,VP Pre-schools,Other,54.67923,-6.00264,,
3056708,Mallusk Controlled Integrated Primary,84 MALLUSK ROAD,NEWTOWNABBEY,ANTRIM,BT36 4QE,Primary school,Controlled Integrated,54.67892,-6.00336,132,6
1260294,Malone Integrated College,45 FINAGHY ROAD,BELFAST,ANTRIM,BT10 OJB,Secondary (non-grammar) school,Grant Maintained Integrated,54.56626,-5.98026,800,14.41
1AA0423,Malone Nursery School,"The Kings Hall Complex, Lisburn Road, Balmoral",BELFAST,ANTRIM,BT9 6GW,VP Pre-schools,Other,54.56749,-5.96766,,
1016498,Malvern Primary School,25-35 FORSTER STREET,BELFAST,ANTRIM,BT13 1HW,Primary school,Controlled,54.60666,-5.94371,336,16.33
5011687,Maralin Village Primary School,"2 STEPS ROAD, MAGHERALIN",CRAIGAVON,ARMAGH,BT67 0QZ,Primary school,Controlled,54.46573,-6.25912,290,26.07
5210083,Markethill High School,"61 MOWHAN ROAD, MARKETHILL",ARMAGH,ARMAGH,BT60 1RQ,Secondary (non-grammar) school,Controlled,54.28994,-6.52152,465,15
5016436,Markethill Primary School,"14 MOWHAN ROAD, MARKETHILL",ARMAGH,ARMAGH,BT60 1RQ,Primary school,Controlled,54.29477,-6.52133,308,25.63
1136349,Matt Talbot Nursery School,NEW BARNSLEY GREEN,BELFAST,ANTRIM,BT12 7HS,Nursery school,Roman Catholic Maintained,54.5969,-5.98701,,26
1110002,Mcarthur Nursery School,SUSAN STREET,BELFAST,ANTRIM,BT5 4FE,Nursery school,Controlled,54.59833,-5.90467,,26.5
2BB0452,McClintock Children's Centre,"77 Letfern Road, Seskinore",OMAGH,TYRONE,BT78 1UQ,VP Pre-schools,Other,54.51715,-7.25384,,
2012344,Mcclintock Primary School,"LETFERN ROAD, SESKINORE",OMAGH,TYRONE,BT78 1UQ,Primary school,Controlled,54.51715,-7.25384,105,20.25
4010512,McKinney Primary School Dundrod,"3 LEATHENSTOWN ROAD, DUNDROD",CRUMLIN,ANTRIM,BT29 4HX,Primary school,Controlled,54.61365,-6.12137,145,20.53
4016636,Meadow Bridge Primary School,3 LANY ROAD,HILLSBOROUGH,DOWN,BT26 6JR,Primary school,Controlled,54.47213,-6.14389,290,25.13
5AB0329,Meigh Community Pre-School,"5A Dromintee Road, Meigh",NEWRY,DOWN,BT35 8SJ,VP Pre-schools,Other,54.12109,-6.39291,,
1230104,Mercy College Belfast,BALLYSILLAN ROAD,BELFAST,ANTRIM,BT14 7QR,Secondary (non-grammar) school,Roman Catholic Maintained,54.6242,-5.97304,650,13.68
1036041,Mercy Primary School,614 CRUMLIN ROAD,BELFAST,ANTRIM,BT14 7GL,Primary school,Roman Catholic Maintained,54.61685,-5.97155,684,17.02
1420022,Methodist College,1 MALONE ROAD,BELFAST,ANTRIM,BT9 6BY,Secondary (grammar) school,Voluntary,54.58256,-5.93825,1810,17.24
3AB0248,Millburn Community Pre-School Playgroup (formerly Brookvale),"The Community Centre, 1A Linden Avenue, Milburn",COLERAINE,LONDONDERRY,BT52 2AN,VP Pre-schools,Other,55.13896,-6.66415,,
3012264,Millburn Primary School,ARTILLERY ROAD,COLERAINE,LONDONDERRY,BT52 2AQ,Primary school,Controlled,55.13858,-6.66263,422,20.43
4066644,Millennium Integrated Primary School,139A BELFAST RD  LISDOONAN,SAINTFIELD,DOWN,BT24 7HF,Primary school,Grant Maintained Integrated,54.49471,-5.85538,277,21.46
5116189,Millington Nursery School,"CRAIGAVON AVENUE, MILLINGTON",PORTADOWN,ARMAGH,BT62 3HQ,Nursery school,Controlled,54.41888,-6.45205,,27
5016007,Millington Primary School,"CRAIGAVON AVENUE, PORTADOWN",CRAIGAVON,ARMAGH,BT62 3HQ,Primary school,Controlled,54.41905,-6.45063,666,25.96
4011681,Millisle Primary School,"ABBEY ROAD, MILLISLE",NEWTOWNARDS,DOWN,BT22 2DD,Primary school,Controlled,54.60689,-5.53079,225,24.32
3030438,Millquarter Primary School,"139 CROSSKEYS ROAD, TOOMEBRIDGE",ANTRIM,ANTRIM,BT41 3PY,Primary school,Roman Catholic Maintained,54.79915,-6.43184,145,23.28
3066544,Millstrand Integrated Primary School,33 DHU VARREN,PORTRUSH,ANTRIM,BT56 8EW,Primary school,Grant Maintained Integrated,55.19692,-6.66523,232,19.64
5011651,Milltown Primary School,167 LURGAN ROAD,BANBRIDGE,DOWN,BT32 4NR,Primary school,Controlled,54.37709,-6.28966,87,20.38
1310016,Mitchell House Special School,"1A MARMONT DRIVE, 405 HOLYWOOD ROAD",BELFAST,ANTRIM,BT4 2GT,Special school,Controlled,54.61201,-5.86157,,6.64
2011789,Moat Primary School,LISNASKEA,ENNISKILLEN,FERMANAGH,BT92 0JH,Primary school,Controlled,54.24972,-7.44426,195,19.53
4016104,Moira Primary School,21 BACKWOOD ROAD,MOIRA,DOWN,BT67 0LJ,Primary school,Controlled,54.48158,-6.2298,406,26.43
5031516,Moneydarragh Primary School,101 LONGSTONE ROAD,NEWRY,DOWN,BT34 4UZ,Primary school,Roman Catholic Maintained,54.10697,-5.93804,108,17.39
5012280,Moneymore Primary School,"2A NORTHLAND DRIVE, MONEYMORE",MAGHERAFELT,LONDONDERRY,BT45 7QT,Primary school,Controlled,54.69501,-6.66819,223,23.22
3030815,Moneynick Primary School,"104 MONEYNICK ROAD, RANDALSTOWN",ANTRIM,ANTRIM,BT41 3HS,Primary school,Roman Catholic Maintained,54.74168,-6.39104,69,20.33
4011699,Moneyrea Primary School,"36 CHURCH ROAD, MONEYREA",NEWTOWNARDS,DOWN,BT23 6BB,Primary school,Controlled,54.53275,-5.82777,200,26.58
3116219,Monkstown Nursery School,JENNINGS PARK,NEWTOWNABBEY,ANTRIM,BT37 0NB,Nursery school,Controlled,54.6911,-5.91278,,23.64
3010818,Moorfields Primary School,180 MOORFIELDS ROAD,BALLYMENA,ANTRIM,BT42 3EF,Primary school,Controlled,54.82842,-6.15559,220,24.88
3013323,Mossgrove Primary School,29 SWANSTOWN ROAD GLENGORMLEY,NEWTOWNABBEY,ANTRIM,BT36 5DN,Primary school,Controlled,54.67475,-5.97297,330,23.02
3116162,Mossley Nursery School,"2A HAZELBURN ROAD, MOSSLEY",NEWTOWNABBEY,ANTRIM,BT36 5NA,Nursery school,Controlled,54.69223,-5.94679,,25.57
3016015,Mossley Primary School,2 HAZELBURN ROAD,NEWTOWNABBEY,ANTRIM,BT36 5NA,Primary school,Controlled,54.6928,-5.94539,610,23.25
2420041,Mount Lourdes Grammar School,4 BELMORE STREET,ENNISKILLEN,FERMANAGH,BT74 6AB,Secondary (grammar) school,Voluntary,54.34507,-7.63482,760,15.06
4AA0156,Mount Oriel Playgroup,45 Saintfield Road,BELFAST,ANTRIM,BT8 6HJ,VP Pre-schools,Other,54.56012,-5.90979,,
5031126,Mount St Catherine's Primary School,11 WINDMILL HILL,ARMAGH,ARMAGH,BT60 4BR,Primary school,Roman Catholic Maintained,54.34814,-6.66276,481,18.88
3030688,Mount St Michael's Primary School,"3 CRAIGSTOWN ROAD, RANDALSTOWN",ANTRIM,ANTRIM,BT41 2AF,Primary school,Roman Catholic Maintained,54.75075,-6.31002,444,22.37
3AB0087,Mount St Nicholas Playgroup,"YMCA, 30-34 Irish Quarter West",CARRICKFERGUS,ANTRIM,BT38 8AT,VP Pre-schools,Other,54.71399,-5.81492,,
5011161,Mountnorris Primary School,"7 MAIN STREET, MOUNTNORRIS",ARMAGH,ARMAGH,BT60 2TR,Primary school,Controlled,54.25298,-6.47635,103,20
4AA0146,Movilla Abbey Playgroup,"Movilla Abbey, 63 Movilla Road",NEWTOWNARDS,DOWN,BT23 8EZ,VP Pre-schools,Other,54.59496,-5.6717,,
4210012,Movilla High School,DONAGHADEE ROAD,NEWTOWNARDS,DOWN,BT23 7HA,Secondary (non-grammar) school,Controlled,54.59543,-5.68267,600,9.4
5BB0215,Moy Area Playgroup,"12 Dungannon Road, Moy",DUNGANNON,TYRONE,BT71 7SN,VP Pre-schools,Other,54.44876,-6.69952,,
5012636,Moy Regional Primary School,"12 DUNGANNON ROAD, MOY",DUNGANNON,TYRONE,BT71 7SN,Primary school,Controlled,54.44876,-6.69952,133,20.63
5016543,Moyallon Primary School,"103 MOYALLON ROAD, PORTADOWN",CRAIGAVON,ARMAGH,BT63 5JY,Primary school,Controlled,54.3995,-6.38865,204,21.52
3010870,Moyle Primary School,18 SALLAGH PARK,LARNE,ANTRIM,BT40 1NS,Primary school,Controlled,54.85689,-5.81963,322,20.37
3AB0117,Muckamore Pre-School Playgroup,"Muckamore Community Centre, 4 Ballycraigy Road",ANTRIM,ANTRIM,BT41 1PH,VP Pre-schools,Other,54.70656,-6.18063,,
2BB0341,Mullabuoy Pre-School,"60 Lettershandoney Avenue, Drumahoe",LONDONDERRY,LONDONDERRY,BT47 3HZ,VP Pre-schools,Other,54.98001,-7.21498,,
2033707,Mullabuoy Primary School,"60 LETTERSHENDONY AVENUE, CROSS",LONDONDERRY,LONDONDERRY,BT47 3HZ,Primary school,Roman Catholic Maintained,54.98001,-7.21498,232,22
5011019,Mullaglass Primary School,8 GORAGH ROAD,NEWRY,DOWN,BT35 6PZ,Primary school,Controlled,54.2078,-6.36859,116,20
2BB0062,Mullanaskea Pre-School,"24 Fedden Road, Garvery",ENNISKILLEN,FERMANAGH,BT74 4FD,VP Pre-schools,Other,54.36087,-7.5609,,
5011095,Mullavilly Primary School,46 MULLAVILLY ROAD,TANDRAGEE,ARMAGH,BT62 2LX,Primary school,Controlled,54.37285,-6.4466,125,19.07
5AB0656,Na??scoil an Ch??ide,"Keady GAA, Gerard McGleenan Park, 26 Crossmore Road",KEADY,ARMAGH,BT60 3RH,VP Pre-schools,Voluntary,54.25307,-6.70445,,
5AB0395,Na??scoil an Chreag??in,"Silverbridge Resource Centre, Ford's Cross, Silverbridge",NEWRY,DOWN,BT35 9PQ,VP Pre-schools,Other,54.09679,-6.53756,,
5BB0235,Na??scoil an I??ir,74 Kilmorey Street,NEWRY,DOWN,BT34 2DH,VP Pre-schools,Other,54.16904,-6.33377,,
1BB0476,Na??scoil an Lonn??in,61 Falls Road,BELFAST,ANTRIM,BT12 4PD,VP Pre-schools,Other,54.598,-5.95341,,
5BB0547,Naiscoil Aodha Rua,97 Donaghmore Road,DUNGANNON,TYRONE,BT70 1HD,VP Pre-schools,Other,54.50889,-6.77811,,
3AB0114,Na??scoil Charn T??chair,131 Tirkane Road,MAGHERA,LONDONDERRY,BT46 5NH,VP Pre-schools,Other,54.87097,-6.70998,,
4AB0601,Na??scoil Chill Locha,43 Rossglass Road,KILLOUGH,DOWN,BT30 7QZ,VP Pre-schools,Other,54.25085,-5.64422,,
5BB0393,Na??scoil Chois Locha,"c/o St Francis PS, Francis Street, Lurgan",CRAIGAVON,ARMAGH,BT66 6DL,VP Pre-schools,Other,54.46388,-6.35129,,
2AB0071,Na??scoil Cholmcille,"Unit 6 NW Business Complex, Skeoge Industrial Park, Beraghmore Road",LONDONDERRY,LONDONDERRY,BT48 8SE,VP Pre-schools,Other,55.0369,-7.32421,,
2BB0345,Na??sco??l Cholmc??lle an Charraig Mhor,"2 Rockstown Road, Carrickmore",OMAGH,TYRONE,BT79 9BE,VP Pre-schools,Other,54.5977,-7.05312,,
4AB0409,Na??scoil Dhun Padraig,"St Michael's Parish Centre, 99A Irish Street",DOWNPATRICK,DOWN,BT30 6BS,VP Pre-schools,Other,54.32597,-5.71304,,
3BB0535,Na??scoil ??anna,"Hightown Road, Glengormley",NEWTOWNABBEY,ANTRIM,BT36 7AU,VP Pre-schools,Other,54.66259,-5.97056,,
3AB0642,Naiscoil Ghleann an Iolair,"9 Curraghmore Road, Glenullin",LONDONDERRY,LONDONDERRY,BT51 5DZ,VP Pre-schools,Voluntary,54.95494,-6.73598,,
3AB0523,Na??scoil Ghleann Darach,"The Mobile, 15 Glenavy Road",CRUMLIN,ANTRIM,BT29 4LA,VP Pre-schools,Other,54.61612,-6.22492,,
2BB0563,Naiscoil Leim an Mhadaidh,"57 Church Street, Limavady",CASTLEROCK,LONDONDERRY,BT49 0BX,VP Pre-schools,Other,55.05116,-6.94322,,
3AB0125,Naiscoil Mhachaire Ratha,41-43 Glen Road,MAGHERA,LONDONDERRY,BT46 5AP,VP Pre-schools,Other,54.8458,-6.67785,,
1AB0428,Naiscoil Mhic Reachtain,"174 Trust, Duncairn Avenue",BELFAST,ANTRIM,BT14 6BP,VP Pre-schools,Other,54.61253,-5.93645,,
5BB0392,Na??scoil Na Banna,250A Garvaghy Road,PORTADOWN,ARMAGH,BT62 1EB,VP Pre-schools,Other,54.43471,-6.46151,,
2BB0511,Na??scoil na Dar??ige,"Corr??n U?? Nuall??in, Baile Mhic Rabhartaigh",LONDONDERRY,LONDONDERRY,BT48 0PD,VP Pre-schools,Other,55.02146,-7.34477,,
2AB0569,Na??scoil na Deirge,30 Hospital Road,OMAGH,TYRONE,BT81 7HY,VP Pre-schools,Other,54.71216,-7.58734,,
4AB0154,Na??scoil na Fuiseoige,"6 Summerhill Road, Twinbrook, DUNMURRY",BELFAST,ANTRIM,BT17 0RL,VP Pre-schools,Other,54.55056,-6.02407,,
5BB0562,Naiscoil na mBeann,"139a Newcastle Road, Kilkeel",ARDGLASS,DOWN,BT34 4NL,VP Pre-schools,Other,54.07313,-5.98079,,
1BB0015,Na??scoil na M??na,5 Monagh Grove,BELFAST,ANTRIM,BT11 8EJ,VP Pre-schools,Other,54.58688,-5.99267,,
5BB0617,Na??scoil na P??irce Glaise,"CBS Smartees, Greenpark, Keady Road",ARMAGH,ARMAGH,BT60 4AB,VP Pre-schools,Other,54.34214,-6.66019,,
3AB0481,Na??scoil na Speir??n??,"82 Sixtowns Road, DRAPERSTOWN",MAGHERAFELT,LONDONDERRY,BT45 7BB,VP Pre-schools,Other,54.82181,-6.84075,,
3BB0648,Naiscoil Na Tamhnimoire,"30 Chapeltown Road, Tannaghmore",ANTRIM,ANTRIM,BT41 2LD,VP Pre-schools,Voluntary,54.7844,-6.23912,,
2AB0046,Na??scoil Neachtain,"55 Garvagh Road, Dungiven",LONDONDERRY,LONDONDERRY,BT47 4LU,VP Pre-schools,Other,54.93063,-6.91906,,
5AB0561,Naiscoil Shliabh gCuilinn,"The Pastoral Centre, Jonesborough",NEWRY,DOWN,BT35 8HR,VP Pre-schools,Other,54.0916,-6.36876,,
2030373,Nazareth House Primary School,BISHOP STREET,LONDONDERRY,LONDONDERRY,BT48 6UN,Primary school,Roman Catholic Maintained,54.98978,-7.32857,395,23.55
4210045,Nendrum College,"DARRAGH ROAD, COMBER",NEWTOWNARDS,DOWN,BT23 5BX,Secondary (non-grammar) school,Controlled,54.55358,-5.7434,400,14.68
1010267,Nettlefield Primary School,RADNOR STREET,BELFAST,ANTRIM,BT6 8BG,Primary school,Controlled,54.59221,-5.90629,375,20.06
1110036,New Lodge Nursery School,DUNCAIRN PARADE,BELFAST,ANTRIM,BT15 2ET,Nursery school,Controlled,54.61099,-5.93221,,26
3032109,New Row Primary School,"43 NEW ROW, CASTLEDAWSON",MAGHERAFELT,LONDONDERRY,BT45 8AP,Primary school,Roman Catholic Maintained,54.77693,-6.55648,170,20.63
5260285,New-Bridge Integrated College,"25 DONARD VIEW ROAD, LOUGHBRICKLAND",BANBRIDGE,DOWN,BT32 3LN,Secondary (non-grammar) school,Grant Maintained Integrated,54.31842,-6.31048,500,15.55
2012261,Newbuildings Primary School,"83A VICTORIA ROAD, NEWBUILDINGS",LONDONDERRY,LONDONDERRY,BT47 2RL,Primary school,Controlled,54.95796,-7.35951,355,24.17
4AB0181,Newcastle Pre-School Playgroup,10-14 Central Promenade,NEWCASTLE,DOWN,BT33 0AA,VP Pre-schools,Other,54.20912,-5.89037,,
4011698,Newcastle Primary School,SHIMNA ROAD,NEWCASTLE,DOWN,BT33 0AS,Primary school,Controlled,54.21525,-5.89108,198,17.56
5AB0186,Newmills Playgroup,"82a Annaginney Road, Newmills",DUNGANNON,TYRONE,BT71 4EA,VP Pre-schools,Other,54.5516,-6.74407,,
5012719,Newmills Primary School,96 FARLOUGH ROAD,DUNGANNON,TYRONE,BT71 4DX,Primary school,Controlled,54.55005,-6.73999,113,19.87
5210186,Newry High School,23 ASHGROVE ROAD,NEWRY,DOWN,BT34 1QN,Secondary (non-grammar) school,Controlled,54.18772,-6.33335,580,15.18
3AB0092,Newtownabbey Methodist Mission Pre-School,"35a Rathcoole Drive, Rathcoole",NEWTOWNABBEY,ANTRIM,BT37 9AQ,VP Pre-schools,Other,54.66036,-5.91656,,
4011345,Newtownards Model Primary School,SCRABO ROAD,NEWTOWNARDS,DOWN,BT23 4NW,Primary school,Controlled,54.59127,-5.70796,406,23.15
4110035,Newtownards Nursery School,2F PORTAFERRY ROAD,NEWTOWNARDS,DOWN,BT23 8NN,Nursery school,Controlled,54.59109,-5.69005,,26
2AB0222,Newtownbutler Cross Community Playgroup,Galloon Gardens,NEWTOWNBUTLER,FERMANAGH,BT92 8GT,VP Pre-schools,Other,54.18313,-7.35658,,
2011879,Newtownbutler(2) Primary School,"58 HIGH STREET, NEWTOWNBUTLER",ENNISKILLEN,FERMANAGH,BT92 8JE,Primary school,Controlled,54.18465,-7.36364,104,14
5210025,Newtownhamilton High School,"9 ARMAGH ROAD, NEWTOWNHAMILTON",NEWRY,DOWN,BT35 0DG,Secondary (non-grammar) school,Controlled,54.19669,-6.5791,175,12.38
5011137,Newtownhamilton Primary School,8 SCHOOL ROAD,NEWRY,DOWN,BT35 0DQ,Primary school,Controlled,54.1966,-6.57853,134,16.05
2016262,Newtownstewart Model Primary School,"6 BARONSCOURT ROAD, NEWTOWNSTEWART",OMAGH,TYRONE,BT78 4EX,Primary school,Controlled,54.71893,-7.38842,145,21
2BB0454,Nippers Alley Playgroup,"166 Loughmacrory Road, Loughmacrory",OMAGH,TYRONE,BT79 9LG,VP Pre-schools,Other,54.62536,-7.10823,,
3260290,North Coast Integrated College,21 CLOYFIN ROAD,COLERAINE,LONDONDERRY,BT52 2NU,Secondary (non-grammar) school,Grant Maintained Integrated,55.14141,-6.65106,500,12.17
5AB0214,O'Fiaich Playgroup,96/97 Callanbridge Road,ARMAGH,ARMAGH,BT60 4BT,VP Pre-schools,Other,54.35051,-6.67295,,
3016257,Oakfield Primary School,"OAKFIELD DRIVE, NORTH ROAD",CARRICKFERGUS,ANTRIM,BT38 7SP,Primary school,Controlled,54.73346,-5.80532,369,23.94
2260276,Oakgrove Integrated College,"STRADREAGH, GRANSHA PARK CLOONEY ROAD",LONDONDERRY,LONDONDERRY,BT47 6TG,Secondary (non-grammar) school,Grant Maintained Integrated,55.02466,-7.28004,800,14.51
2066558,Oakgrove Integrated Primary School,"RECTORY FIELD, 19D LIMAVADY ROAD",LONDONDERRY,LONDONDERRY,BT47 6JY,Primary school,Grant Maintained Integrated,54.99884,-7.30543,400,23.28
4BB0473,Oakwood Integrated Children's Centre,"48 The Cutts, Derriaghy",BELFAST,ANTRIM,BT17 9HN,VP Pre-schools,Other,54.54279,-6.02817,,
4066611,Oakwood Integrated Primary School,"48 THE CUTTS, DUNMURRAY",BELFAST,ANTRIM,BT17 9HN,Primary school,Grant Maintained Integrated,54.54279,-6.02817,203,22.11
1316582,Oakwood School and Assessment Centre,HARBERTON PARK,BELFAST,ANTRIM,BT9 6TX,Special school,Controlled,54.55793,-5.96628,,4.74
4016144,Old Warren Primary School,"147 DRUMBEG DRIVE, OLD WARREN",LISBURN,ANTRIM,BT28 1QP,Primary school,Controlled,54.50317,-6.05968,305,18.08
3010646,Olderfleet Primary School,116-128 CURRAN ROAD,LARNE,ANTRIM,BT40 1BX,Primary school,Controlled,54.85126,-5.804,198,21.74
1116159,Oldpark Nursery School,SYLVAN STREET,BELFAST,ANTRIM,BT14 6GN,Nursery school,Controlled,54.61545,-5.94765,,26
2410066,Omagh Academy,21-23 DUBLIN ROAD,OMAGH,TYRONE,BT78 1HF,Secondary (grammar) school,Controlled,54.59774,-7.29846,660,16
2012691,Omagh County Primary School,37 CAMPSIE ROAD,OMAGH,TYRONE,BT79 0AJ,Primary school,Controlled,54.60077,-7.291,393,21.86
2210125,Omagh High School,14 CREVENAGH ROAD,OMAGH,TYRONE,BT79 0EQ,Secondary (non-grammar) school,Controlled,54.59927,-7.28855,530,13.63
2066552,Omagh Integrated Primary School,"DERGMONEY LANE  9 BALLYNAHATTY ROAD, DERGMONEY",OMAGH,TYRONE,BT78 1PN,Primary school,Grant Maintained Integrated,54.5862,-7.29427,350,22.73
2116265,Omagh North Nursery School,64A OLD MOUNTFIELD ROAD,OMAGH,TYRONE,BT79 7EG,Nursery school,Controlled,54.60577,-7.29334,,33.13
1010273,Orangefield Primary School,MARINA PARK,BELFAST,ANTRIM,BT5 6BA,Primary school,Controlled,54.58542,-5.87628,406,23.11
2AB0029,Orchard Community Playgroup,"32a Hyacinth Avenue, Ballykelly",LIMAVADY,LONDONDERRY,BT49 9HT,VP Pre-schools,Other,55.04524,-7.01814,,
5016658,Orchard County Primary School,"65 BLACKISLAND ROAD, PORTADOWN",CRAIGAVON,ARMAGH,BT62 1NH,Primary school,Controlled,54.45753,-6.60733,145,23.96
5BB0500,Orchard Pre-school,14 Ballyhegan Road,LOUGHGALL,ARMAGH,BT61 8PX,VP Pre-schools,Other,54.40814,-6.56368,,
5016221,Orritor Primary School,249 ORRITOR ROAD,COOKSTOWN,TYRONE,BT80 9NE,Primary school,Controlled,54.65787,-6.81424,203,21.33
4036693,Our Lady and St Patrick Primary School,Edward Street,DOWNPATRICK,DOWN,BT30 6JD,Primary school,Roman Catholic Maintained,54.32553,-5.70866,460,21.24
4420259,Our Lady and St Patrick's College,120 Gilnahirk Road,BELFAST,ANTRIM,BT5 7DL,Secondary (grammar) school,Voluntary,54.58566,-5.83998,1260,15.06
3230075,Our Lady of Lourdes High School,CASTLE STREET,BALLYMONEY,ANTRIM,BT53 6JX,Secondary (non-grammar) school,Roman Catholic Maintained,55.06696,-6.52163,400,11.6
1030313,Our Lady of Lourdes Primary School,700 ANTRIM ROAD,BELFAST,ANTRIM,BT15 5GQ,Primary school,Roman Catholic Maintained,54.64526,-5.93634,659,23.06
2036415,Our Lady of Lourdes Primary School,"279 CROCKANBOY ROAD, GREENCASTLE",OMAGH,TYRONE,BT79 7QP,Primary school,Roman Catholic Maintained,54.69029,-7.07992,134,24.4
4036591,Our Lady Queen of Peace Primary School,"1 CHERRY ROAD DUNMURRY, UPPER DUNMURRY LANE",BELFAST,ANTRIM,BT17 0RW,Primary school,Roman Catholic Maintained,54.55602,-6.01254,348,22.02
5036639,Our Lady's and St Mochua's Primary School,91 DERRYNOOSE ROAD,KEADY,ARMAGH,BT60 3EZ,Primary school,Roman Catholic Maintained,54.23134,-6.77222,174,20.78
1030326,Our Lady's Girls' Primary School,DEANBY GARDENS,BELFAST,ANTRIM,BT14 6NN,Primary school,Roman Catholic Maintained,54.62347,-5.95411,477,19.69
5420060,Our Lady's Grammar School,CHEQUER HILL,NEWRY,DOWN,BT35 6DY,Secondary (grammar) school,Voluntary,54.18058,-6.34179,860,17.22
1136251,Our Lady's Nursery School,9 DEANBY GARDENS,BELFAST,ANTRIM,BT14 6NN,Nursery school,Roman Catholic Maintained,54.62226,-5.95389,,26
1BB0012,Our Lady's Pre-School Playgroup,"Sacred Heart Boys Primary School, Old Park Avenue",BELFAST,ANTRIM,BT14 6HH,VP Pre-schools,Other,54.61602,-5.9482,,
5036598,Our Lady's Primary School,MILTOWN ROAD,DUNGANNON,TYRONE,BT71 7NJ,Primary school,Roman Catholic Maintained,54.39145,-6.74317,175,22.36
5AB0309,Paddington Playgroup,"40 Lurgylea Road, Galbally",DUNGANNON,TYRONE,BT70 2NX,VP Pre-schools,Other,54.54345,-6.90382,,
5AB0204,Panda Cross Community Playgroup,"Unit 1 Killymaddy Centre, 190 Ballygawley Road",DUNGANNON,TYRONE,BT70 1TF,VP Pre-schools,Other,54.48603,-6.88949,,
2AB0313,Park Community Playgroup,"Learmount Resource Centre, 201c Learmount Road, Park Village",LONDONDERRY,LONDONDERRY,BT47 4BA,VP Pre-schools,Other,54.86419,-7.08551,,
1316500,Park Education Resource Centre,145 RAVENHILL ROAD,BELFAST,ANTRIM,BT6 8GH,Special school,Controlled,54.58749,-5.91164,,8.74
3010642,Parkgate Primary School,79 GRANGE ROAD,BALLYCLARE,ANTRIM,BT39 0DH,Primary school,Controlled,54.72436,-6.09232,86,18.41
3250207,Parkhall Integrated College,STEEPLE ROAD,ANTRIM,ANTRIM,BT41 1AF,Secondary (non-grammar) school,Controlled Integrated,54.72277,-6.21079,735,14.68
3016058,Parkhall Primary School,SEACASH WALK,ANTRIM,ANTRIM,BT41 1AZ,Primary school,Controlled,54.72016,-6.20111,443,18.74
4316515,Parkview Special School,2 BROKERSTOWN ROAD,LISBURN,ANTRIM,BT28 2EE,Special school,Controlled,54.51611,-6.08527,,7.67
5AB0396,Peatlands Playgroup,"2 Clonmakate Road, Birches",PORTADOWN,ARMAGH,BT62 1LR,VP Pre-schools,Other,54.48209,-6.54357,,
2AB0571,Pennyburn Community Playgroup,"C/O Maybrook A.T.C, Racecourse Road",CASTLEROCK,LONDONDERRY,BT48 8DG,VP Pre-schools,Other,55.01983,-7.31711,,
2AB0343,Peter Pan Playgroup,32 Main Street,TRILLICK,TYRONE,BT78 3SU,VP Pre-schools,Other,54.45135,-7.48766,,
4CA0614,Peter's Patch Day Nursery,31 Carnreagh,HILLSBOROUGH,DOWN,BT26 6LJ,VP Pre-schools,Other,54.46941,-6.0726,,
5066657,Phoenix Integrated Primary School,80 Fountain Street,COOKSTOWN,TYRONE,BT80 8QF,Primary school,Grant Maintained Integrated,54.64061,-6.73718,203,24.03
1BB0013,Play and Learn Playgroup,"Holy Cross Girls PS, Ardoyne Road",BELFAST,ANTRIM,BT14 7HZ,VP Pre-schools,Other,54.6203,-5.96865,,
4AB0440,Play-A-Way Childcare Centre,"Zion Hall, Zion Place",NEWTOWNARDS,DOWN,BT23 7ER,VP Pre-schools,Other,54.59378,-5.68654,,
3AB0576,Playaway Playgroup,"Islandmagee Community Centre, 66 Middle Road, Islandmagee",LARNE,ANTRIM,BT40 3BW,VP Pre-schools,Other,54.78067,-5.70775,,
3AB0260,Playhouse Activity Centre,"Coleraine West Community Centre, The Rope Walk",COLERAINE,LONDONDERRY,BT51 3EZ,VP Pre-schools,Other,55.12549,-6.68414,,
4AB0278,Playlinks Playgroup,"The Playing Fields, The Links, Strangford",DOWNPATRICK,DOWN,BT30 7NB,VP Pre-schools,Other,54.36754,-5.55607,,
2CB0294,Playtime Day Nursery & Playgroup,"Eskra Childcare Centre, 168 Newtownsaville Road, Eskra",OMAGH,TYRONE,BT78 2RJ,VP Pre-schools,Other,54.4843,-7.2042,,
5AB0206,Pomeroy Pre-School Playgroup,"5A Cavanakeeran Road, Pomeroy",DUNGANNON,TYRONE,BT70 2RD,VP Pre-schools,Other,54.59506,-6.93008,,
4116418,Pond Park Nursery School,20 REDPOLL AVENUE,LISBURN,ANTRIM,BT28 3PW,Nursery school,Controlled,54.52616,-6.06651,,26
4016401,Pond Park Primary School,63 POND PARK ROAD,LISBURN,ANTRIM,BT28 3BF,Primary school,Controlled,54.52547,-6.06745,610,25.09
4CA0378,Poppins Day Nursery,17 Chestnut Hill Road,MOIRA,DOWN,BT67 0LW,VP Pre-schools,Other,54.49553,-6.21595,,
5410067,Portadown College,"4 KILLYCOMAINE ROAD, PORTADOWN",CRAIGAVON,ARMAGH,BT63 5BU,Secondary (grammar) school,Controlled,54.42561,-6.4247,780,15.89
5066553,Portadown Integrated Primary School,1 KERNAN ROAD,PORTADOWN,ARMAGH,BT63 5RR,Primary school,Grant Maintained Integrated,54.43813,-6.41953,203,22.85
4051601,Portaferry Integrated Primary School,"HIGH STREET, PORTAFERRY",NEWTOWNARDS,DOWN,BT22 1QU,Primary school,Controlled Integrated,54.38393,-5.54018,106,14.19
4BB0180,Portaferry pre school Playgroup,"95c High Street, Portaferry",NEWTOWNARDS,DOWN,BT22 1QU,VP Pre-schools,Other,54.38376,-5.54125,,
4011507,Portavogie Primary School,"NEW HARBOUR ROAD, PORTAVOGIE",NEWTOWNARDS,DOWN,BT22 1EE,Primary school,Controlled,54.45636,-5.44871,209,23.8
3AB0253,Portglenone Community Playgroup,"Portglenone Community Centre, Gortgole Road",PORTGLENONE,ANTRIM,BT44 8HT,VP Pre-schools,Other,54.87504,-6.48059,,
3016440,Portglenone Primary School,"10 CULLYBACKEY ROAD, PORTGLENONE",BALLYMENA,ANTRIM,BT44 8AF,Primary school,Controlled,54.8741,-6.4719,204,19.81
3BB0367,Portrush Pre-School Community Playgroup,75 Crocnamac Road,PORTRUSH,ANTRIM,BT56 8JW,VP Pre-schools,Other,55.20051,-6.64755,,
3010847,Portrush Primary School,CROCKNAMACK ROAD,PORTRUSH,ANTRIM,BT56 8JW,Primary school,Controlled,55.20025,-6.64845,286,24.39
3012250,Portstewart Primary School,CENTRAL AVENUE,PORTSTEWART,LONDONDERRY,BT55 7BT,Primary school,Controlled,55.18585,-6.71458,412,22.92
5AB0330,Poyntzpass Community Playgroup,"The Meeting Place, 16-18 Church Street, Poyntzpass",NEWRY,DOWN,BT35 6SW,VP Pre-schools,Other,54.29225,-6.3744,,
5016078,Poyntzpass Primary School,1 TANDRAGEE ROAD,POYNTZPASS,DOWN,BT35 6SL,Primary school,Controlled,54.29475,-6.37353,145,21.15
5036586,Presentation Primary School,"THOMAS STREET, PORTADOWN",CRAIGAVON,ARMAGH,BT62 3AH,Primary school,Roman Catholic Maintained,54.41799,-6.44274,296,20.54
5036590,Primate Dixon Primary School,4 SCHOOL LANE,COALISLAND,TYRONE,BT71 4NW,Primary school,Roman Catholic Maintained,54.54615,-6.7085,610,19
3CA0643,Primrose Hill Day Nursery,3a Lisglass Road,BALLYCLARE,ANTRIM,BT39 9NP,VP Pre-schools,Voluntary,54.73085,-5.96134,,
4250024,Priory College,MY LADY'S MILE,HOLYWOOD,DOWN,BT18 9ER,Secondary (non-grammar) school,Controlled Integrated,54.63734,-5.83402,500,14.07
2AB0290,Puddleducks Playgroup,"13B Drudgeon Road, Clanabogan",OMAGH,TYRONE,BT78 1TJ,VP Pre-schools,Other,54.55943,-7.36116,,
5016200,Queen Elizabeth II (Pomeroy) Primary School,3 EDENDOIT ROAD,DUNGANNON,TYRONE,BT70 2RW,Primary school,Controlled,54.59344,-6.92214,104,15.42
2012669,Queen Elizabeth II Primary School,"115 KILSKEERY ROAD, TRILLICK",OMAGH,TYRONE,BT78 3RJ,Primary school,Controlled,54.44269,-7.53783,61,12.35
5110017,Railway Street Nursery School,RAILWAY STREET,ARMAGH,ARMAGH,BT61 7HP,Nursery school,Controlled,54.3529,-6.6549,,28
2AB0043,Rainbow Child Family Centre,"104 Bracken Park, Galliagh",LONDONDERRY,LONDONDERRY,BT48 8AZ,VP Pre-schools,Other,55.02757,-7.33285,,
5AB0335,Rainbow Community Childcare,"2 Stilago Road, Eglish",DUNGANNON,TYRONE,BT71 7DW,VP Pre-schools,Other,54.45026,-6.79318,,
2AB0344,Rainbow Community Playgroup,18 James Street,OMAGH,TYRONE,BT78 1QX,VP Pre-schools,Other,54.59863,-7.3092,,
4AB0441,Rainbow Corner Playgroup,2 Main Street,MOIRA,DOWN,BT67 0LE,VP Pre-schools,Other,54.47883,-6.23195,,
3AB0100,Rainbow Playgroup,"Sunnylands Community Centre, 22 Bridewell Drive",CARRICKFERGUS,ANTRIM,BT38 8JW,VP Pre-schools,Other,54.72162,-5.81254,,
5AB0194,Rainbow Pre-School Playgroup,"The Cathedral Hall, Upper Church Street",DROMORE,DOWN,BT25 1AA,VP Pre-schools,Other,54.41478,-6.15191,,
5AB0209,Rainbow Stop Playgroup,"30b Seaboughan Road, Markethill",ARMAGH,ARMAGH,BT60 1SD,VP Pre-schools,Other,54.29466,-6.52579,,
3420058,Rainey Endowed School,79 RAINEY STREET,MAGHERAFELT,LONDONDERRY,BT45 5DB,Secondary (grammar) school,Voluntary,54.75668,-6.61234,700,14.98
3010816,Randalstown Central Primary School,"4 CHURCH ROAD, RANDALSTOWN",ANTRIM,ANTRIM,BT41 3AJ,Primary school,Controlled,54.74906,-6.32477,379,22.72
3AB0097,Randalstown Community Playgroup,"Neilsbrook Community Centre, 7 Neilsbrook Road, Randalstown",ANTRIM,ANTRIM,BT41 3AE,VP Pre-schools,Other,54.75298,-6.3204,,
5AB0227,Rascals 'n' Ruffians,"10 Betty's Hill Road, Ballyholland",NEWRY,DOWN,BT34 2LY,VP Pre-schools,Other,54.16114,-6.32622,,
2AB0056,Rascals Community Playgroup,"62 Main Street, Gortin",OMAGH,TYRONE,BT79 8NH,VP Pre-schools,Other,54.71817,-7.23187,,
2AB0455,Rascals Playstation,"272 MULLAGHMEEN ROAD, BALLINAMALLARD",ENNISKILLEN,FERMANAGH,BT94 2ER,VP Pre-schools,Other,54.41901,-7.59554,,
3AB0082,Rasharkin Community Playgroup,"Bamford Park, Rasharkin",BALLYMENA,ANTRIM,BT44 8RX,VP Pre-schools,Other,54.95538,-6.47818,,
3016125,Rasharkin Primary School,"BAMFORD PARK, RASHARKIN",BALLYMENA,ANTRIM,BT44 8RX,Primary school,Controlled,54.95475,-6.47815,169,26.43
3010895,Rathcoole Primary School,DERRYCOOLE WAY,NEWTOWNABBEY,ANTRIM,BT37 9EL,Primary school,Controlled,54.6666,-5.92781,488,14.15
5210127,Rathfriland High School,"78 NEWRY STREET, RATHFRILAND",NEWRY,DOWN,BT34 5PZ,Secondary (non-grammar) school,Controlled,54.23631,-6.16655,330,14.5
5AB0398,Rathfriland Pre School Playgroup,"21A John Street, Rathfriland",NEWRY,DOWN,BT34 5QH,VP Pre-schools,Other,54.23692,-6.16285,,
4BB0277,Rathkeltair Cross Community Playgroup,"St Brigid's Primary School, 22 Rathkeltair Road",DOWNPATRICK,DOWN,BT30 6NL,VP Pre-schools,Other,54.33426,-5.70599,,
1420095,Rathmore Grammar School,"KINGSWAY, FINAGHY",BELFAST,ANTRIM,BT10 0LF,Secondary (grammar) school,Voluntary,54.54986,-5.99155,1260,16.39
4016067,Rathmore Primary School,RATHMORE ROAD,BANGOR,DOWN,BT19 1DJ,Primary school,Controlled,54.65692,-5.70236,560,23.18
5316519,Rathore School,"23 MARTIN'S LANE, CARNAGAT",NEWRY,DOWN,BT35 8PJ,Special school,Controlled,54.17772,-6.3548,,6.38
1116158,Ravenscroft Nursery School,RAVENSCROFT AVENUE,BELFAST,ANTRIM,BT5 5BA,Nursery school,Controlled,54.59596,-5.8872,,26
2032704,Recarson Primary School,68 ARVALEE ROAD,OMAGH,TYRONE,BT79 0NE,Primary school,Roman Catholic Maintained,54.59556,-7.22654,131,20.8
4410063,Regent House School,CIRCULAR ROAD,NEWTOWNARDS,DOWN,BT23 4QA,Secondary (grammar) school,Controlled,54.58988,-5.7035,1450,17.14
4610063,Regent House School,CIRCULAR ROAD,NEWTOWNARDS,DOWN,BT23 4QA,Preparatory Schools,Controlled,54.58921,-5.70326,,15
1AB0422,Resurrection Nursery and Playgroup,120 Cavehill Road,BELFAST,ANTRIM,BT15 5BU,VP Pre-schools,Other,54.63039,-5.94603,,
4AB0515,Rhyme Times Playgroup,"Thiepval Barracks, Magherlave Road",LISBURN,ANTRIM,BT28 3BN,VP Pre-schools,Other,54.52268,-6.04957,,
5011165,Rich Mount Primary School,105 MOY ROAD,PORTADOWN,ARMAGH,BT62 1QP,Primary school,Controlled,54.44104,-6.51012,139,22.22
5016643,Richmond Primary School,"1 OLD OMAGH ROAD, BALLYGAWLEY",DUNGANNON,TYRONE,BT70 2EZ,Primary school,Controlled,54.46487,-7.03456,145,20.96
5AB0646,Richmount Playgroup,Derrylettiff Road,PORTADOWN,ARMAGH,BT62 1QU,VP Pre-schools,Voluntary,54.44156,-6.51264,,
4CA0530,Right Rascals Day Nursery Unit,"17 Kilmood Church Road, KILLINCHY",NEWTOWNARDS,DOWN,BT23 6SA,VP Pre-schools,Other,54.49219,-5.7318,,
4016615,Riverdale Primary School,288 BALLYNAHINCH ROAD,LISBURN,ANTRIM,BT27 5LX,Primary school,Controlled,54.47635,-6.01417,203,24.14
3316609,Riverside Special School,FENNEL ROAD,ANTRIM,ANTRIM,BT41 4PB,Special school,Controlled,54.71199,-6.21567,,5.78
5032591,Roan St Patrick's Primary School,114 KILLYLISS ROAD,DUNGANNON,TYRONE,BT70 1LE,Primary school,Roman Catholic Maintained,54.45246,-6.79617,83,25.4
4CA0442,Rockmount Day Nursery,67 Dromore Road,BALLYNAHINCH,DOWN,BT24 8HS,VP Pre-schools,Other,54.40113,-5.91702,,
3BB0608,Roddensvale Early Years Project,"Roddensvale Special School, The Roddens",LARNE,ANTRIM,BT40 1PU,VP Pre-schools,Other,54.85657,-5.82195,,
3316514,Roddensvale Special School,THE RODDENS,LARNE,ANTRIM,BT40 1PU,Special school,Controlled,54.85657,-5.82195,,6.59
2AB0532,Roe Valley Community Playgroup,17 Rathbeg Drive,LIMAVADY,LONDONDERRY,BT49 0BB,VP Pre-schools,Other,55.04691,-6.94395,,
2066665,Roe Valley Integrated Primary School,153 ROE MILL ROAD,LIMAVADY,LONDONDERRY,BT49 9EX,Primary school,Grant Maintained Integrated,55.03966,-6.95054,174,21.25
2032723,Roscavey Primary School,"136 CLOGHERNY ROAD, BERAGH SIXMILECROSS",OMAGH,TYRONE,BT79 0RE,Primary school,Roman Catholic Maintained,54.50795,-7.15933,91,18.67
2030364,Rosemount Primary School,18 HELEN STREET,LONDONDERRY,LONDONDERRY,BT48 9DD,Primary school,Roman Catholic Maintained,55.00012,-7.33566,523,21.81
1010157,Rosetta Primary School,21-23 KNOCKBREDA ROAD,BELFAST,ANTRIM,BT6 0JA,Primary school,Controlled,54.57015,-5.91118,413,20.3
2AB0078,Roslea Cross Community Playgroup,"Community Centre, Monaghan Road",ROSLEA,FERMANAGH,BT92 7DD,VP Pre-schools,Other,54.23866,-7.17201,,
2316662,Rossmar Special School,"2 Ballyquin Road, Limavady",LIMAVADY,LONDONDERRY,BT49 9ET,Special school,Controlled,55.04349,-6.94433,,5.44
3310018,Rosstulla Special School,2-12 JORDONSTOWN ROAD,NEWTOWNABBEY,ANTRIM,BT37 0QF,Special school,Controlled,54.68204,-5.88479,,8.95
3BB0536,Round Tower Community Playgroup,"Round Tower Integrated Primary School, Durnish Road, Springfarm",ANTRIM,ANTRIM,BT41 2TH,VP Pre-schools,Other,54.73438,-6.21721,,
3056248,Round Tower Integrated Primary School,"DURNISH ROAD, SPRINGFARM ESTATE",ANTRIM,ANTRIM,BT41 2TH,Primary school,Controlled Integrated,54.73438,-6.21721,276,21.15
2AB0074,Roundabout Playgroup,"8 Beech Road, Gortnaghy",LONDONDERRY,LONDONDERRY,BT47 4QB,VP Pre-schools,Other,54.95253,-6.96945,,
4066682,Rowandale Integrated Primary School,"18 Clarehill Road, Moira",MOIRA,DOWN,BT67 OPB,Primary school,Grant Maintained Integrated,54.47731,-6.21367,231,24
5620263,Royal School,COLLEGE HILL,ARMAGH,ARMAGH,BT61 9DG,Preparatory Schools,Voluntary,54.35064,-6.64806,,15.67
2230298,Sacred Heart College,KEVLIN ROAD,OMAGH,TYRONE,BT78 1LG,Secondary (non-grammar) school,Roman Catholic Maintained,54.59435,-7.30601,950,14.28
5420076,Sacred Heart Grammar School,10 ASHGROVE AVENUE,NEWRY,DOWN,BT34 1PR,Secondary (grammar) school,Voluntary,54.18871,-6.32735,875,16.26
1036471,Sacred Heart Primary School,31-51 OLDPARK AVENUE,BELFAST,ANTRIM,BT14 6HH,Primary school,Roman Catholic Maintained,54.61602,-5.9482,436,18.22
2032721,Sacred Heart Primary School,6 LETFERN AVENUE,OMAGH,TYRONE,BT78 1LA,Primary school,Roman Catholic Maintained,54.53765,-7.29507,102,19.76
2036259,Sacred Heart Primary School,"10 TRENCH ROAD, WATERSIDE",LONDONDERRY,LONDONDERRY,BT47 2DT,Primary school,Roman Catholic Maintained,54.98409,-7.30668,553,24.63
4036133,Sacred Heart Primary School,"27 MAIN STREET, DUNDRUM",NEWCASTLE,DOWN,BT33 0LU,Primary school,Roman Catholic Maintained,54.26102,-5.84167,136,14.5
5036136,Sacred Heart Primary School,TULLYODONNELL ROAD,DUNGANNON,TYRONE,BT70 3JE,Primary school,Roman Catholic Maintained,54.59874,-6.83405,140,17.33
4CA0626,Safe 'n' Sound Day Nursery,43 Crabtree Road,BALLYNAHINCH,DOWN,BT24 8RH,VP Pre-schools,Other,54.38171,-5.86721,,
4210063,Saintfield High School,21 COMBER ROAD,SAINTFIELD,DOWN,BT24 7BB,Secondary (non-grammar) school,Controlled,54.46407,-5.8293,340,15.95
5066578,Saints & Scholars Int Primary School,"31 KILLUNEY PARK, PORTADOWN ROAD",ARMAGH,ARMAGH,BT61 9HG,Primary school,Grant Maintained Integrated,54.35209,-6.62925,310,22.97
1116160,Sandbrook Nursery School,WELLWOOD AVENUE,BELFAST,ANTRIM,BT4 1NG,Nursery school,Controlled,54.60526,-5.88067,,20.8
3BB0619,Sandelford Pre-School (Special School),4 Rugby Avenue,COLERAINE,LONDONDERRY,BT52 1JL,VP Pre-schools,Other,55.12131,-6.6546,,
3316512,Sandelford Special School,4 RUGBY AVENUE,COLERAINE,LONDONDERRY,BT52 1JL,Special school,Controlled,55.12131,-6.6546,,6.49
4BB0474,Saul Cross Community Playgroup,"38 St Patrick's Road, Saul",DOWNPATRICK,DOWN,BT30 7JQ,VP Pre-schools,Other,54.35036,-5.64959,,
5011664,Scarva Primary School,80 MAIN STREET,CRAIGAVON,ARMAGH,BT63 6NS,Primary school,Controlled,54.32905,-6.36189,100,17.05
1046641,Scoil An Droichid,22 COOKE STREET,BELFAST,ANTRIM,BT7 2EP,Primary school,Other Maintained,54.58844,-5.92313,145,16.35
4046600,Scoil na Fuiseoige,40 GARDENMORE ROAD,BELFAST,ANTRIM,BT17 0DF,Primary school,Other Maintained,54.55122,-6.02458,145,17.16
5AA0190,Scotwell House Playgroup,"Scotwell House, Umgola Road",ARMAGH,ARMAGH,BT60 4DJ,VP Pre-schools,Other,54.34428,-6.66809,,
5046137,Seagoe Primary School,83 SEAGOE ROAD,PORTADOWN,ARMAGH,BT63 5HS,Primary school,Other Maintained,54.4356,-6.42459,249,24.41
5136629,Seaview Nursery School,61 GT. GEORGE'S ST,WARRENPOINT,DOWN,BT34 3NF,Nursery school,Roman Catholic Maintained,54.09871,-6.2521,,26
1010266,Seaview Primary School,SEAVIEW DRIVE,BELFAST,ANTRIM,BT15 3NB,Primary school,Controlled,54.62653,-5.92859,420,23.29
3030899,Seaview Primary School,"11 NEW ROAD, GLENARM",BALLYMENA,ANTRIM,BT44 0AA,Primary school,Roman Catholic Maintained,54.96798,-5.95215,121,14.29
3AB0124,See-Saw Playgroup,"MOSSIDE COMMUNITY CENTRE -, 250 MOYARGET ROAD, Mosside",BALLYMONEY,ANTRIM,BT53 8QU,VP Pre-schools,Other,55.1545,-6.4067,,
4BB0495,Seymour Hill Pre-School Playgroup,"c/o Seymour Hill PS, 2 Hazel Avenue Seymour Hill, DUNMURRY",BELFAST,ANTRIM,BT17 9QX,VP Pre-schools,Other,54.5421,-6.01069,,
4010882,Seymour Hill Primary School,"2C HAZEL AVENUE, DUNMURRY",BELFAST,ANTRIM,BT17 9QX,Primary school,Controlled,54.5421,-6.01069,256,18.47
1110038,Shaftesbury Nursery School,23-25 PERCY STREET,BELFAST,ANTRIM,BT13 2HS,Nursery school,Controlled,54.60278,-5.94472,,26
4260281,Shimna Integrated College,"THE LAWNFIELD, 3 KING STREET",NEWCASTLE,DOWN,BT33 0HD,Secondary (non-grammar) school,Grant Maintained Integrated,54.20286,-5.89506,560,14.35
3016005,Silverstream Primary School,"MOYARD GARDENS, GREENISLAND",CARRICKFERGUS,ANTRIM,BT38 8XD,Primary school,Controlled,54.69297,-5.86837,225,21.36
2016442,Sion Mills Primary School,"WEST VIEW TERRACE, SION MILLS",STRABANE,TYRONE,BT82 9HP,Primary school,Controlled,54.78338,-7.47484,333,21.55
3056231,Six Mile Integrated Primary School,RATHENRAW ESTATE STILES WAY,ANTRIM,ANTRIM,BT41 2TA,Primary school,Controlled Integrated,54.72098,-6.18896,223,15.33
3260289,Slemish College,147A LARNE ROAD,BALLYMENA,ANTRIM,BT42 3HA,Secondary (non-grammar) school,Grant Maintained Integrated,54.85403,-6.26578,720,14.64
3AB0138,Slievegallion Community Pre-School,"62C Longfield Road, Desertmartin",MAGHERAFELT,LONDONDERRY,BT45 5LS,VP Pre-schools,Other,54.76564,-6.70372,,
2AB0457,Smallfry Community Playgroup,"Killyshambally, MAGUIRESBRIDGE",ENNISKILLEN,FERMANAGH,BT94 4RY,VP Pre-schools,Other,54.29603,-7.46728,,
4016123,Spa Primary School,59 BALLYMAGLAVE ROAD,BALLYNAHINCH,DOWN,BT24 8QB,Primary school,Controlled,54.3758,-5.89704,200,23.68
3260303,Sperrin Integrated College,39 POUND ROAD,MAGHERAFELT,LONDONDERRY,BT45 6NR,Secondary (non-grammar) school,Grant Maintained Integrated,54.75807,-6.59415,500,14.6
5316523,Sperrinview Special School,8 COALISLAND ROAD,DUNGANNON,TYRONE,BT71 6FA,Special school,Controlled,54.51637,-6.76294,,5.45
3066613,Spires Integrated Primary School,84 MONEYMORE ROAD,MAGHERAFELT,LONDONDERRY,BT45 6HH,Primary school,Grant Maintained Integrated,54.74288,-6.61951,203,21.86
1010221,Springfield Primary School,425 SPRINGFIELD ROAD,BELFAST,ANTRIM,BT12 7DJ,Primary school,Controlled,54.60137,-5.96919,172,20.71
1BB0531,Springfield Primary School Playgroup,"C/O Springfield Primary School, 425 Springfield Road",BELFAST,ANTRIM,BT12 7DJ,VP Pre-schools,Other,54.60137,-5.96919,,
1BB0018,Springhill Playgroup,"Springhill Primary School, 247 Ballygomartin Road",BELFAST,ANTRIM,BT13 3NH,VP Pre-schools,Other,54.60382,-5.98094,,
1010307,Springhill Primary School,247 BALLYGOMARTIN ROAD,BELFAST,ANTRIM,BT13 3NH,Primary school,Controlled,54.60382,-5.98094,370,18.38
2AA0348,Squirrels Montessori Nursery,29 Rossorry Church Road,ENNISKILLEN,FERMANAGH,BT74 7HB,VP Pre-schools,Other,54.34729,-7.65294,,
2230166,St Aidan's High School,138 MAIN STREET DERRYLIN,ENNISKILLEN,FERMANAGH,BT92 9LD,Secondary (non-grammar) school,Roman Catholic Maintained,54.19203,-7.56409,330,12.28
2033708,St Aidan's Primary School Magilligan,552 SEACOAST ROAD,LIMAVADY,LONDONDERRY,BT49 0LL,Primary school,Roman Catholic Maintained,55.152,-6.91155,82,17.67
4033306,St Aloysius Primary School,7 BALLINDERRY ROAD,LISBURN,ANTRIM,BT28 1TB,Primary school,Roman Catholic Maintained,54.5099,-6.06617,490,21.31
1030868,St Anne's Primary School,"50 KINGSWAY, LISBURN ROAD",BELFAST,ANTRIM,BT10 0NE,Primary school,Roman Catholic Maintained,54.55381,-5.99555,860,24.81
2036069,St Anne's Primary School,32-40 UPPER NASSAU STREET,LONDONDERRY,LONDONDERRY,BT48 0EY,Primary school,Roman Catholic Maintained,55.0048,-7.33421,724,23.6
3030898,St Anne's Primary School,"3 RESERVOIR ROAD, CORKEY",BALLYMENA,ANTRIM,BT44 9JE,Primary school,Roman Catholic Maintained,55.03016,-6.29374,92,16
4033008,St Anne's Primary School,9 MILLISLE ROAD,DONAGHADEE,DOWN,BT21 0HY,Primary school,Roman Catholic Maintained,54.63901,-5.53505,76,15.31
3136332,St Anthony's Nursery School,"43 FAIRWAY, ANTIVILLE CRAIGYHILL",LARNE,ANTRIM,BT40 2BG,Nursery school,Roman Catholic Maintained,54.85452,-5.83799,,26
3030900,St Anthony's Primary School,43 FAIRWAY,LARNE,ANTRIM,BT40 2BG,Primary school,Roman Catholic Maintained,54.85433,-5.83634,476,20.45
5031184,St Anthony's Primary School,"TULLYGALLY ROAD, LEGAHORY",CRAIGAVON,ARMAGH,BT65 5BL,Primary school,Roman Catholic Maintained,54.44968,-6.36825,581,21.25
3230308,St Benedict's College,"5 CRAIGSTOWN ROAD, RANDALSTOWN",RANDALSTOWN,ANTRIM,BT41 2AF,Secondary (non-grammar) school,Roman Catholic Maintained,54.75103,-6.30919,500,16.82
1136228,St Bernadette's Nursery School,GLENALINA ROAD,BELFAST,ANTRIM,BT12 7JG,Nursery school,Roman Catholic Maintained,54.59523,-5.98322,,26
2AB0040,St Bernadette's Playgroup,"65A ROSSKEEN PARK, Hazelbank",LONDONDERRY,LONDONDERRY,BT48 0RH,VP Pre-schools,Other,55.01532,-7.35268,,
4AB0381,St Bernard's Pre-School Education Centre,"St Bernard's Parish c/o St Bernard's Primary School -, 46 WYNCHURCH WALK",BELFAST,ANTRIM,BT6 0LS,VP Pre-schools,Other,54.56775,-5.90043,,
3AB0258,St Bernard's Pre-School Playgroup,"165 Antrim Road, Glengormley",NEWTOWNABBEY,ANTRIM,BT36 7QR,VP Pre-schools,Other,54.66771,-5.95106,,
3033313,St Bernard's Primary School,112A ELMFIELD ROAD,NEWTOWNABBEY,ANTRIM,BT36 6DW,Primary school,Roman Catholic Maintained,54.6688,-5.95051,575,22.9
4031676,St Bernard's Primary School,WYNCHURCH WALK,BELFAST,ANTRIM,BT6 0JS,Primary school,Roman Catholic Maintained,54.56775,-5.90043,446,26.38
5036101,St Brendan's Primary School,MOYRAVERTY WEST ROAD,CRAIGAVON,ARMAGH,BT65 5HS,Primary school,Roman Catholic Maintained,54.43765,-6.36474,564,23.79
1036075,St Bride's Primary School,36 DERRYVOLGIE AVENUE,BELFAST,ANTRIM,BT9 6FP,Primary school,Roman Catholic Maintained,54.57904,-5.94375,809,23.22
5031169,St Brigid's (Drumilly) Primary School,17 CARROWBANE ROAD,BELLEEK,DOWN,BT35 7QL,Primary school,Roman Catholic Maintained,54.18888,-6.45204,97,20.74
2230225,St Brigid's College,"1 GLENGALLIAGH ROAD, SHANTALLOW",LONDONDERRY,LONDONDERRY,BT48 8DU,Secondary (non-grammar) school,Roman Catholic Maintained,55.0262,-7.31815,720,12.58
2BB0593,St Brigid's Pre-School Centre,"4 Lenagh Road, Mountfield",OMAGH,TYRONE,BT79 7PT,VP Pre-schools,Other,54.64771,-7.16971,,
2032573,St Brigid's Primary School,"114 ALTAMUSKIN ROAD, SIXMILECROSS",OMAGH,TYRONE,BT79 9JA,Primary school,Roman Catholic Maintained,54.52682,-7.08683,80,16.75
2032662,St Brigid's Primary School,"4 LENAGH ROAD, MOUNTFIELD",OMAGH,TYRONE,BT79 7PT,Primary school,Roman Catholic Maintained,54.64771,-7.16971,94,17.22
2032685,St Brigid's Primary School,"223 GLENELLY ROAD, CRANAGH GORTIN",OMAGH,TYRONE,BT79 8LR,Primary school,Roman Catholic Maintained,54.7802,-7.08464,58,13.5
3030890,St Brigid's Primary School,"6 LOUGHILL ROAD, CLOUGHMILLS",BALLYMENA,ANTRIM,BT44 9LT,Primary school,Roman Catholic Maintained,55.0004,-6.33195,106,16.52
3033326,St Brigid's Primary School,CASTLE STREET,BALLYMONEY,ANTRIM,BT53 6JX,Primary school,Roman Catholic Maintained,55.06628,-6.51997,308,19.44
3036103,St Brigid's Primary School,"52 MAYOGALL ROAD, KNOCKLOUGHRIM",MAGHERAFELT,LONDONDERRY,BT45 8PG,Primary school,Roman Catholic Maintained,54.83832,-6.59365,245,22.73
3036679,St Brigid's Primary School,Broughshane Road,BALLYMENA,ANTRIM,BT43 7DZ,Primary school,Roman Catholic Maintained,54.87637,-6.26731,319,22.61
4033040,St Brigid's Primary School,22 RATHKELTAIR ROAD,DOWNPATRICK,DOWN,BT30 6NL,Primary school,Roman Catholic Maintained,54.33426,-5.70599,266,22.67
5031163,St Brigid's Primary School,"63 GLASSDRUMMAN ROAD, CROSSMAGLEN",NEWRY,DOWN,BT35 9DY,Primary school,Roman Catholic Maintained,54.07189,-6.53882,140,20.11
5032698,St Brigid's Primary School,166 MOUNTJOY ROAD,COALISLAND,TYRONE,BT71 5DY,Primary school,Roman Catholic Maintained,54.55822,-6.60396,161,23
5032727,St Brigid's Primary School,11 DUNROE ROAD,AUGHER,TYRONE,BT77 0ED,Primary school,Roman Catholic Maintained,54.4273,-7.13017,80,7.48
3032018,St Brigid's Primary School Tirkane,130 TIRKANE ROAD,MAGHERA,LONDONDERRY,BT46 5NH,Primary school,Roman Catholic Maintained,54.8688,-6.70965,203,21.18
2036142,St Brigid's Primary/NurserySchool,"3 GLENGALLIAGH ROAD, CARNHILL, SHANTALLOW",LONDONDERRY,LONDONDERRY,BT48 8BZ,Primary school,Roman Catholic Maintained,55.02538,-7.31698,450,18.42
5036673,St Bronagh's Primary School,"42 Church Street, Rostrevor",ROSTREVOR,DOWN,BT34 3DY,Primary school,Roman Catholic Maintained,54.10236,-6.19663,203,22.34
2032694,St Caireall's Primary School,36 TRIENAMONGAN ROAD,CASTLEDERG,TYRONE,BT81 7XF,Primary school,Roman Catholic Maintained,54.68901,-7.70325,190,18.7
2032263,St Canice's Primary School,"34 GLENEDRA ROAD, FEENY",LONDONDERRY,LONDONDERRY,BT47 4TW,Primary school,Roman Catholic Maintained,54.88649,-7.00871,162,21.48
2036045,St Canice's Primary School,"11 CURRAGH ROAD, DUNGIVEN",LONDONDERRY,LONDONDERRY,BT47 4SE,Primary school,Roman Catholic Maintained,54.92231,-6.91358,476,22.5
4031485,St Caolan's Primary School,"7 DARRAGH CROSS, SAINTFIELD",BALLYNAHINCH,DOWN,BT24 7EQ,Primary school,Roman Catholic Maintained,54.44963,-5.76392,90,17
5230218,St Catherine's College,2A CONVENT ROAD,ARMAGH,ARMAGH,BT60 4BG,Secondary (non-grammar) school,Roman Catholic Maintained,54.34902,-6.66229,1072,15.18
2036703,St Catherine???s Primary School,"c/o Parochial House, 44 Barrack Street",STRABANE,TYRONE,BT82 8HD,Primary school,Roman Catholic Maintained,54.82404,-7.4588,406,20.65
2230188,St Cecilia's College,Bligh's Lane,LONDONDERRY,LONDONDERRY,BT48 9PJ,Secondary (non-grammar) school,Roman Catholic Maintained,54.99457,-7.33658,825,13.89
5230152,St Ciaran's High School,"15 TULLYBRYAN ROAD, BALLYGAWLEY",DUNGANNON,TYRONE,BT70 2LY,Secondary (non-grammar) school,Roman Catholic Maintained,54.45721,-7.03899,760,16.27
3036268,St Ciaran's Primary School,"132 LAYDE ROAD, CUSHENDUN",BALLYMENA,ANTRIM,BT44 0NJ,Primary school,Roman Catholic Maintained,55.11983,-6.0554,105,17.67
1036630,St Clare's Primary School,"323 CUPAR STREET, CLONARD",BELFAST,ANTRIM,BT13 2SE,Primary school,Roman Catholic Maintained,54.60102,-5.96065,581,17.57
5036634,St Clare???s Abbey Primary School,1 High Street,NEWRY,DOWN,BT34 1HD,Primary school,Roman Catholic Maintained,54.1743,-6.3349,436,21.17
4230223,St Colm's High School,"70 SUMMERHILL DRIVE, TWINBROOK DUNMURRY",BELFAST,ANTRIM,BT17 0BT,Secondary (non-grammar) school,Roman Catholic Maintained,54.55187,-6.01714,680,11.86
3230132,St Colm's High School Draperstown,"2 MAGHERAFELT ROAD, DRAPERSTOWN",DRAPERSTOWN,LONDONDERRY,BT45 7AF,Secondary (non-grammar) school,Roman Catholic Maintained,54.79393,-6.77963,340,14.23
5036400,St Colman's (Bann) Primary School,"10 DRUMNASCAMPH ROAD, GILFORD",CRAIGAVON,ARMAGH,BT63 6DU,Primary school,Roman Catholic Maintained,54.3815,-6.30964,131,22.69
5420062,St Colman's College,"46 ARMAGH ROAD, VIOLET HILL",NEWRY,DOWN,BT35 6PP,Secondary (grammar) school,Voluntary,54.19006,-6.34165,860,16.49
4230161,St Colman's High and Sixth Form College,52 CROSSGAR ROAD,BALLYNAHINCH,DOWN,BT24 8XR,Secondary (non-grammar) school,Roman Catholic Maintained,54.40432,-5.88687,550,16.54
4033307,St Colman's Primary School,"109 QUEENSWAY, LAMBEG",LISBURN,ANTRIM,BT27 4QS,Primary school,Roman Catholic Maintained,54.53151,-6.03163,348,23.06
5036000,St Colman's Primary School,47 GALLOWS STREET,DROMORE,DOWN,BT25 1BD,Primary school,Roman Catholic Maintained,54.41681,-6.14795,145,22.39
5036545,St Colman's Primary School,"5 GREENCASTLE ROAD, KILKEEL",NEWRY,DOWN,BT34 4DE,Primary school,Roman Catholic Maintained,54.05908,-6.01154,454,20.9
5036572,St Colman's Primary School,"43 SHEEPTOWN ROAD, SAVAL",NEWRY,DOWN,BT34 2LA,Primary school,Roman Catholic Maintained,54.19565,-6.28944,174,19.31
5036061,St Colman's Primary School and All Saints' Nursery Unit,"24 MONTEITH ROAD, ANNACLONE",BANBRIDGE,DOWN,BT32 5LS,Primary school,Roman Catholic Maintained,54.30073,-6.19176,161,21.56
4230102,St Colmcille's High School,1 KILLYLEAGH ROAD,CROSSGAR,DOWN,BT30 9EY,Secondary (non-grammar) school,Roman Catholic Maintained,54.39752,-5.75314,450,16.75
4136211,St Colmcille's Nursery School,30 KILLOUGH ROAD,DOWNPATRICK,DOWN,BT30 6PX,Nursery school,Roman Catholic Maintained,54.31731,-5.71271,,26
1AB0306,St Colmcille's Pre-School Playgroup,191 Upper Newtownards Road,BELFAST,ANTRIM,BT4 3JB,VP Pre-schools,Other,54.59506,-5.87128,,
2032737,St Colmcille's Primary School,"2 Rockstown Road, Carrickmore, Omagh",OMAGH,TYRONE,BT79 9BE,Primary school,Roman Catholic Maintained,54.59959,-7.0463,273,21.4
2036082,St Colmcille's Primary School,"23 MAIN STREET, CLAUDY",LONDONDERRY,LONDONDERRY,BT47 4HR,Primary school,Roman Catholic Maintained,54.91198,-7.16025,348,21.09
3036666,St Colmcille's Primary School,Cullybackey Road,BALLYMENA,ANTRIM,BT43 5DG,Primary school,Roman Catholic Maintained,54.86972,-6.28553,319,27.28
4036182,St Colmcille's Primary School,68A GLEBETOWN DRIVE,DOWNPATRICK,DOWN,BT30 6PZ,Primary school,Roman Catholic Maintained,54.31652,-5.71334,338,16
3BB0369,St Colum's Pre-School Centre,"St Colum's Primary School, 22 Lever Road",PORTSTEWART,LONDONDERRY,BT55 7EF,VP Pre-schools,Other,55.18304,-6.7151,,
3032231,St Colum's Primary School,24 LEVER ROAD,PORTSTEWART,LONDONDERRY,BT55 7EF,Primary school,Roman Catholic Maintained,55.18304,-6.7151,187,20.88
2420054,St Columb's College,23 BUNCRANA ROAD,LONDONDERRY,LONDONDERRY,BT48 8NH,Secondary (grammar) school,Voluntary,55.02236,-7.32945,1540,17.59
3032205,St Columb's Primary School (Cullion),"70 INISCARN ROAD, DESERTMARTIN",MAGHERAFELT,LONDONDERRY,BT45 5NQ,Primary school,Roman Catholic Maintained,54.76419,-6.71301,113,20
4230067,St Columba's College,"2 BALLYPHILIP ROAD, PORTAFERRY",NEWTOWNARDS,DOWN,BT22 1RB,Secondary (non-grammar) school,Roman Catholic Maintained,54.38492,-5.53872,520,11.27
3BB0595,St Columba's Pre-School Group,"3 Agivey Road, Kilrea",COLERAINE,LONDONDERRY,BT51 5UT,VP Pre-schools,Other,54.95633,-6.5553,,
2032730,St Columba's Primary School,"86 BELLSPARK ROAD, CLADY",STRABANE,TYRONE,BT82 9QY,Primary school,Roman Catholic Maintained,54.79443,-7.53581,142,23.83
2036247,St Columba's Primary School,"2 DUNCASTLE ROAD, NEW BUILDINGS",LONDONDERRY,LONDONDERRY,BT47 2QS,Primary school,Roman Catholic Maintained,54.95392,-7.35292,175,16.5
3032202,St Columba's Primary School,"79 BOLERAN ROAD, GARVAGH",COLERAINE,LONDONDERRY,BT51 5EQ,Primary school,Roman Catholic Maintained,55.01986,-6.73757,144,17.41
3032268,St Columba's Primary School,"84 SIXTOWNS ROAD, DRAPERSTOWN",MAGHERAFELT,LONDONDERRY,BT45 7BB,Primary school,Roman Catholic Maintained,54.7814,-6.80878,174,23.29
3036147,St Columba's Primary School,"3 AGIVEY ROAD, KILREA",COLERAINE,LONDONDERRY,BT51 5UT,Primary school,Roman Catholic Maintained,54.95633,-6.5553,202,20.19
5230059,St Columban's College,"127 NEWCASTLE ROAD, KILKEEL",NEWRY,DOWN,BT34 4NL,Secondary (non-grammar) school,Roman Catholic Maintained,54.07188,-5.98351,550,9.29
2036213,St Columban's Primary School,"66 LATTONE ROAD, BELCOO",ENNISKILLEN,FERMANAGH,BT93 5DS,Primary school,Roman Catholic Maintained,54.30113,-7.87828,172,20.4
4230107,St Columbanus' College,BALLYMACONNELL ROAD,BANGOR,DOWN,BT20 5PU,Secondary (non-grammar) school,Roman Catholic Maintained,54.6615,-5.63351,525,15.74
3AB0351,St Comgall's Playgroup,"c/o Parochial House, 3 Oriel Road",ANTRIM,ANTRIM,BT41 4HP,VP Pre-schools,Other,54.71951,-6.22006,,
4AB0166,St Comgall's Pre-School Education Centre,"St Comgall's Parish Centre, Brunswick Road",BANGOR,DOWN,BT20 3DS,VP Pre-schools,Other,54.65787,-5.68085,,
3030832,St Comgall's Primary School,1 BALLYMENA ROAD,ANTRIM,ANTRIM,BT41 4JG,Primary school,Roman Catholic Maintained,54.72059,-6.22022,536,22.4
4036146,St Comgall's Primary School,25 BRUNSWICK ROAD,BANGOR,DOWN,BT20 3DS,Primary school,Roman Catholic Maintained,54.6578,-5.67959,290,23
2230190,St Comhghall's College,"38 NUTFIELD ROAD DERRYREE, LISNASKEA",ENNISKILLEN,FERMANAGH,BT92 0LA,Secondary (non-grammar) school,Roman Catholic Maintained,54.26235,-7.45166,430,15.03
2036116,St Conor's Primary School,109 BROOKMOUNT ROAD,OMAGH,TYRONE,BT78 5JQ,Primary school,Roman Catholic Maintained,54.59689,-7.32642,408,24.12
5036583,St Dallan's Primary School,20 CLONALLAN ROAD,WARRENPOINT,DOWN,BT34 3RP,Primary school,Roman Catholic Maintained,54.10482,-6.24806,697,23.15
2036258,St Davog's Primary School,"14 BOA ISLAND ROAD, BELLEEK",ENNISKILLEN,FERMANAGH,BT93 3FJ,Primary school,Roman Catholic Maintained,54.48318,-8.08849,175,19.2
1420029,St Dominic's High School,135-137 FALLS ROAD,BELFAST,ANTRIM,BT12 6AE,Secondary (grammar) school,Voluntary,54.59488,-5.95796,966,16.13
2036186,St Dympna's Primary School,"2 Old Creamery Road, DROMORE",OMAGH,TYRONE,BT78 3GA,Primary school,Roman Catholic Maintained,54.51352,-7.45627,205,29.14
2036473,St Eithne's Primary School,26 SPRINGTOWN ROAD,LONDONDERRY,LONDONDERRY,BT48 0LT,Primary school,Roman Catholic Maintained,55.01276,-7.35004,552,21.05
3032271,St Eoghan's Primary School,"51 MONEYNEANY ROAD, DRAPERSTOWN",MAGHERAFELT,LONDONDERRY,BT45 7DZ,Primary school,Roman Catholic Maintained,54.82113,-6.83949,127,20.33
2230180,St Eugene's College,ROSLEA,ENNISKILLEN,FERMANAGH,BT92 7AF,Secondary (non-grammar) school,Roman Catholic Maintained,54.2378,-7.17175,300,5.33
2032682,St Eugene's Primary School,"58 FYFIN ROAD, VICTORIA BRIDGE",STRABANE,TYRONE,BT82 9JH,Primary school,Roman Catholic Maintained,54.75862,-7.45828,97,17.94
2032688,St Eugene's Primary School,"40 DUNBREEN VIEW ROAD, LISLAP",OMAGH,TYRONE,BT79 7SN,Primary school,Roman Catholic Maintained,54.6769,-7.28328,48,8.44
2036555,St Eugene's Primary School,4 FRANCIS STREET,LONDONDERRY,LONDONDERRY,BT48 7DS,Primary school,Roman Catholic Maintained,54.99954,-7.32778,261,20.13
2230099,St Fanchea's College,"21Coa Road, Chanterhill",ENNISKILLEN,FERMANAGH,BT74 4AD,Secondary (non-grammar) school,Roman Catholic Maintained,54.35386,-7.61516,350,14.61
4BB0469,St Finian's Playgroup,"St Finian's Primary School, 37-39 Ann Street",NEWTOWNARDS,DOWN,BT23 7AD,VP Pre-schools,Other,54.59556,-5.69356,,
4033017,St Finian's Primary School,37-39 ANN STREET,NEWTOWNARDS,DOWN,BT23 7AD,Primary school,Roman Catholic Maintained,54.59556,-5.69356,233,18.25
2036149,St Finlough's Primary School Sistrakeel,"138 TARTNAKELLY ROAD, BALLYKELLY",LIMAVADY,LONDONDERRY,BT49 9JL,Primary school,Roman Catholic Maintained,55.01337,-7.04104,87,22.94
5036610,St Francis of Assisi Primary School,"24 MADDEN ROW, KEADY",KEADY,ARMAGH,BT60 3RW,Primary school,Roman Catholic Maintained,54.24985,-6.70633,281,17.79
5036633,St Francis Primary School,28 FRANCIS ST,LURGAN,ARMAGH,BT66 6DN,Primary school,Roman Catholic Maintained,54.46337,-6.35047,741,22.47
4031531,St Francis' Primary School,18 CHAPEL LANE,CASTLEWELLAN,DOWN,BT31 9PQ,Primary school,Roman Catholic Maintained,54.32275,-5.89818,73,16.07
5036457,St Francis' Primary School Aghderg,24 DONARD VIEW ROAD,BANBRIDGE,DOWN,BT32 3LN,Primary school,Roman Catholic Maintained,54.31765,-6.30917,175,22.5
1230155,St Genevieve's High School,"TRENCH HOUSE, 87 STEWARTSTOWN ROAD",BELFAST,ANTRIM,BT11 9JP,Secondary (non-grammar) school,Roman Catholic Maintained,54.57212,-5.99776,1000,14.86
1336548,St Gerard???s School and Support Services,Blacks Road,BELFAST,ANTRIM,BT10 0NB,Special school,Roman Catholic Maintained,54.59429,-5.99308,,7.54
4036642,St Ita's Primary School,"4 ALDERWOOD HILL, PURDYSBURN ROAD, BELFAST",BELFAST,DOWN,BT8 6YY,Primary school,Roman Catholic Maintained,54.54288,-5.91211,574,24.25
5031167,St James' Primary School,"164 DERRYRAINE ROAD, MARKETHILL",ARMAGH,ARMAGH,BT60 1QF,Primary school,Roman Catholic Maintained,54.31689,-6.53202,83,5.59
3036100,St James' Primary School and Nursery Unit,"17 KING'S WALK, FERNAGH ROAD",NEWTOWNABBEY,ANTRIM,BT37 0AS,Primary school,Roman Catholic Maintained,54.67732,-5.90658,387,21
5036121,St Jarlath's Primary School,"89 CHARLEMONT ROAD, BLACKWATERTOWN",DUNGANNON,TYRONE,BT71 7HH,Primary school,Roman Catholic Maintained,54.41417,-6.69982,190,19.3
3032246,St John Bosco Primary School Ballynease,"5 CULBANE ROAD, PORTGLENONE",BALLYMENA,ANTRIM,BT44 8NZ,Primary school,Roman Catholic Maintained,54.84575,-6.49011,106,23.2
5136217,St John the Baptist Nursery,"GARVAGHY ROAD, PORTADOWN",CRAIGAVON,ARMAGH,BT62 1EB,Nursery school,Roman Catholic Maintained,54.43471,-6.46151,,27
1036688,St John the Baptist Primary School,FINAGHY ROAD NORTH,BELFAST,ANTRIM,BT11 9EH,Primary school,Roman Catholic Maintained,54.57142,-5.99509,425,23.56
2031887,St John the Baptist Primary School,"38 ROSCOR LANE, CARRENBEG, ROSCOR",ENNISKILLEN,FERMANAGH,BT93 3DP,Primary school,Roman Catholic Maintained,54.46596,-8.03744,73,13.82
5036173,St John the Baptist Primary School,"250 GARVAGHY ROAD, PORTADOWN",CRAIGAVON,ARMAGH,BT62 1EB,Primary school,Roman Catholic Maintained,54.43443,-6.46104,495,22.17
2230148,St John's Business and Enterprise College,"37 OMAGH ROAD, DROMORE",OMAGH,TYRONE,BT78 3AL,Secondary (non-grammar) school,Roman Catholic Maintained,54.51477,-7.45333,450,11.96
5030958,St John's Eglish(1) Primary School,"57 EGLISH ROAD, PORTADOWN",CRAIGAVON,ARMAGH,BT62 1NL,Primary school,Roman Catholic Maintained,54.46532,-6.56308,50,17
1BB0003,St John's Pre-School Playgroup,"St Kevins Primary School, 464-466 Falls Road",BELFAST,ANTRIM,BT12 6EN,VP Pre-schools,Other,54.58662,-5.97152,,
2036032,St John's Primary School,BLIGH'S LANE,LONDONDERRY,LONDONDERRY,BT48 9PJ,Primary school,Roman Catholic Maintained,54.99473,-7.33789,726,19.21
3032274,St John's Primary School,"30 MONEYSHARVIN ROAD, SWATRAGH",MAGHERA,LONDONDERRY,BT46 5PY,Primary school,Roman Catholic Maintained,54.90528,-6.66688,195,23.4
3033317,St John's Primary School,"49 BAY ROAD, CARNLOUGH",BALLYMENA,ANTRIM,BT44 0HJ,Primary school,Roman Catholic Maintained,54.9896,-5.9935,192,17.95
3033709,St John's Primary School,HAZELBANK ROAD,COLERAINE,LONDONDERRY,BT51 3DX,Primary school,Roman Catholic Maintained,55.13121,-6.68102,351,17.44
5031669,St John's Primary School,"42A CASTLE HILL, GILFORD",CRAIGAVON,ARMAGH,BT63 6HH,Primary school,Roman Catholic Maintained,54.37578,-6.35734,172,19.69
5032715,St John's Primary School,"15 BENBURB ROAD, MOY",DUNGANNON,TYRONE,BT71 7SQ,Primary school,Roman Catholic Maintained,54.446,-6.69548,198,21.9
5032729,St John's Primary School,"56 REENADERRY ROAD, COALISLAND",DUNGANNON,TYRONE,BT71 4QN,Primary school,Roman Catholic Maintained,54.51708,-6.63021,191,20.56
2036187,St John's Primary School Dernaflaw,"432 FOREGLEN ROAD, DUNGIVEN",LONDONDERRY,LONDONDERRY,BT47 4PN,Primary school,Roman Catholic Maintained,54.92491,-6.96855,144,21.2
5036622,St Johns Primary School,"14 RATHTRILLICK ROAD, MIDDLETOWN",ARMAGH,ARMAGH,BT60 4HT,Primary school,Roman Catholic Maintained,54.28763,-6.83473,174,22.33
5230056,St Joseph's Boys' High School,20 ARMAGH ROAD,NEWRY,DOWN,BT35 6DH,Secondary (non-grammar) school,Roman Catholic Maintained,54.18471,-6.34034,500,13.7
2230131,St Joseph's Boys' School,WESTWAY,LONDONDERRY,LONDONDERRY,BT48 9NX,Secondary (non-grammar) school,Roman Catholic Maintained,55.00051,-7.33714,850,14.37
1230275,St Joseph's College,518-572 RAVENHILL ROAD,BELFAST,ANTRIM,BT6 0BY,Secondary (non-grammar) school,Roman Catholic Maintained,54.57675,-5.91167,664,14.66
2230100,St Joseph's College,CHANTERHILL ROAD,ENNISKILLEN,FERMANAGH,BT74 6DE,Secondary (non-grammar) school,Roman Catholic Maintained,54.35073,-7.62271,370,14.09
3230110,St Joseph's College,BERESFORD AVENUE,COLERAINE,LONDONDERRY,BT52 1HJ,Secondary (non-grammar) school,Roman Catholic Maintained,55.12558,-6.66462,490,11.02
5230192,St Joseph's College,"29 SCHOOL LANE, COALISLAND",DUNGANNON,TYRONE,BT71 4NW,Secondary (non-grammar) school,Roman Catholic Maintained,54.54554,-6.70539,680,11.55
2AB0045,St Joseph's Community Playgroup,"Church Grounds, Fairview Road, Galliagh",LONDONDERRY,LONDONDERRY,BT48 8NU,VP Pre-schools,Other,55.03162,-7.32669,,
5031340,St Joseph's Convent Primary School,19 EDWARD STREET,NEWRY,DOWN,BT35 6AN,Primary school,Roman Catholic Maintained,54.17853,-6.33999,407,20.32
5420073,St Joseph's Grammar School,"58 CASTLECAULFIELD ROAD, DONAGHMORE",DUNGANNON,TYRONE,BT70 3HE,Secondary (grammar) school,Voluntary,54.5305,-6.81744,625,16.58
5230167,St Joseph's High School,"77 DUNDALK ROAD, CROSSMAGLEN",NEWRY,DOWN,BT35 9HL,Secondary (non-grammar) school,Roman Catholic Maintained,54.07194,-6.60305,600,15.07
3136183,St Joseph's Nursery School,52 GREYSTONE ROAD,ANTRIM,ANTRIM,BT41 1JZ,Nursery school,Roman Catholic Maintained,54.71524,-6.18898,,27.19
1036246,St Joseph's Primary School,31A HOLLAND DRIVE,BELFAST,ANTRIM,BT5 6EH,Primary school,Roman Catholic Maintained,54.59463,-5.8713,423,25.13
1036621,St Joseph's Primary School,CULLINGTREE ROAD,BELFAST,ANTRIM,BT12 4LD,Primary school,Roman Catholic Maintained,54.59586,-5.94669,340,14.47
2032683,St Joseph's Primary School,"82 MOORLOUGH ROAD, GLENMORNAN",STRABANE,TYRONE,BT82 0ER,Primary school,Roman Catholic Maintained,54.84304,-7.35979,72,22.5
2032700,St Joseph's Primary School,"32 OMAGH ROAD, DRUMQUIN",OMAGH,TYRONE,BT78 4QY,Primary school,Roman Catholic Maintained,54.61112,-7.48872,175,31.43
2036070,St Joseph's Primary School,12 ARDVARNEY ROAD - EDERNEY,ENNISKILLEN,FERMANAGH,BT93 0HA,Primary school,Roman Catholic Maintained,54.53092,-7.65931,169,19.92
2036107,St Joseph's Primary School,"400 DERNAWILT ROAD - DONAGH, LISNASKEA",ENNISKILLEN,FERMANAGH,BT92 5BE,Primary school,Roman Catholic Maintained,54.217,-7.38884,158,20.68
3036026,St Joseph's Primary School,15 GLENAVY ROAD,CRUMLIN,ANTRIM,BT29 4LA,Primary school,Roman Catholic Maintained,54.61612,-6.22492,745,22.65
3036050,St Joseph's Primary School,"54 GREYSTONE ROAD, STILES",ANTRIM,ANTRIM,BT41 1JZ,Primary school,Roman Catholic Maintained,54.71558,-6.18751,762,20.14
3036243,St Joseph's Primary School,"40 BRIDGE ROAD, DUNLOY",BALLYMENA,ANTRIM,BT44 9EF,Primary school,Roman Catholic Maintained,55.00743,-6.41316,300,24.01
4030897,St Joseph's Primary School,42 CASTLE STREET,LISBURN,ANTRIM,BT27 4XE,Primary school,Roman Catholic Maintained,54.51253,-6.03709,395,30.38
4031231,St Joseph's Primary School,45 BALLYCRUTTLE ROAD,DOWNPATRICK,DOWN,BT30 7EL,Primary school,Roman Catholic Maintained,54.31163,-5.63317,76,17.47
4031550,St Joseph's Primary School,4 BALLYNAHINCH ROAD,CROSSGAR,DOWN,BT30 9HS,Primary school,Roman Catholic Maintained,54.39775,-5.76448,163,18.75
4031660,St Joseph's Primary School,"8 KNOCKBRACKEN DRIVE, SAINTFIELD ROAD CARRYDUFF",BELFAST,ANTRIM,BT8 8EX,Primary school,Roman Catholic Maintained,54.5305,-5.89321,436,24.78
4031663,St Joseph's Primary School,25 CARNACAVILLE ROAD,NEWCASTLE,DOWN,BT33 0JS,Primary school,Roman Catholic Maintained,54.2369,-5.9034,194,20.56
4033005,St Joseph's Primary School,31 DOWNPATRICK ROAD,STRANGFORD,DOWN,BT30 7LZ,Primary school,Roman Catholic Maintained,54.36913,-5.55844,91,16.33
4033037,St Joseph's Primary School,24 TYRELLA ROAD,DOWNPATRICK,DOWN,BT30 8DF,Primary school,Roman Catholic Maintained,54.27164,-5.78738,115,17.79
4036016,St Joseph's Primary School,58-62 MAIN STREET,KILLOUGH,DOWN,BT30 7QD,Primary school,Roman Catholic Maintained,54.25558,-5.64655,112,16.76
5031138,St Joseph's Primary School,50 FARNALOY ROAD,ARMAGH,ARMAGH,BT60 3LR,Primary school,Roman Catholic Maintained,54.28889,-6.74165,145,22.33
5031188,St Joseph's Primary School,"1 SEAFIN ROAD, KILLEAVY",NEWRY,DOWN,BT35 8LA,Primary school,Roman Catholic Maintained,54.12651,-6.39001,195,20.1
5031325,St Joseph's Primary School,"18 BALLYMARTIN VILLAGE, KILKEEL",NEWRY,DOWN,BT34 4PA,Primary school,Roman Catholic Maintained,54.08125,-5.95243,128,18.64
5036033,St Joseph's Primary School,"7 LURGYLEA ROAD, GALBALLY",DUNGANNON,TYRONE,BT70 2NX,Primary school,Roman Catholic Maintained,54.53933,-6.89018,213,21.3
5036108,St Joseph's Primary School,13 CLOUGHFIN ROAD,COOKSTOWN,TYRONE,BT80 9JB,Primary school,Roman Catholic Maintained,54.64647,-6.87851,170,17.34
5036110,St Joseph's Primary School,"28 CONVENT HILL, BESSBROOK",NEWRY,DOWN,BT35 7AW,Primary school,Roman Catholic Maintained,54.1957,-6.40344,362,19.84
5036463,St Joseph's Primary School,14 DERRYCOURTNEY ROAD,CALEDON,TYRONE,BT68 4UF,Primary school,Roman Catholic Maintained,54.35001,-6.83894,87,18.56
5036675,St Josephs and St James Primary School,"34 Chapel Street, Poyntzpass",NEWRY,DOWN,BT35 6SY,Primary school,Roman Catholic Maintained,54.296,-6.37569,113,19.86
1036565,St Kevin's Primary School,446 FALLS ROAD,BELFAST,ANTRIM,BT12 6EN,Primary school,Roman Catholic Maintained,54.58672,-5.97071,610,20.14
4136481,St Kieran's Nursery School,"BELL STEEL ROAD, POLEGLASS DUNMURRY",BELFAST,ANTRIM,BT17 0PB,Nursery school,Roman Catholic Maintained,54.56142,-6.03053,,27.5
4036480,St Kieran's Primary School,"9 BELL STEEL ROAD, POLEGLASS DUNMURRY",BELFAST,ANTRIM,BT17 0PB,Primary school,Roman Catholic Maintained,54.56084,-6.03081,525,16.09
3230310,ST KILLIAN'S COLLEGE,"25 TOWER ROAD, CARNLOUGH",BALLYMENA,ANTRIM,BT44 0JS,Secondary (non-grammar) school,Roman Catholic Maintained,55.04297,-5.96771,800,15.09
5036130,St Laurence O'Toole's Primary School,"31 Main Street, Beleek",NEWRY,DOWN,BT35 7PH,Primary school,Roman Catholic Maintained,54.18419,-6.48856,81,14.75
2032684,St Lawrence's Primary School,"7 TATTYMOYLE ROAD, FINTONA",OMAGH,TYRONE,BT78 2NR,Primary school,Roman Catholic Maintained,54.49441,-7.32463,243,21.67
3420010,St Louis Grammar School,"CULLYBACKEY ROAD, KINTULLAGH",BALLYMENA,ANTRIM,BT43 5DW,Secondary (grammar) school,Voluntary,54.86802,-6.28264,960,16.89
5420045,St Louis Grammar School,151 NEWRY ROAD,KILKEEL,DOWN,BT34 4EU,Secondary (grammar) school,Voluntary,54.06504,-6.03107,570,14.8
3AB0089,St Louis Playgroup,"St Joseph's Early Years Centre, 90 Doury Road",BALLYMENA,ANTRIM,BT43 6JE,VP Pre-schools,Other,54.88073,-6.28079,,
1230053,St Louise's Comprehensive College,468 FALLS ROAD,BELFAST,ANTRIM,BT12 6EN,Secondary (non-grammar) school,Roman Catholic Maintained,54.58603,-5.96892,2280,14.78
4136368,St Luke's Nursery School,"GLASVEY DRIVE, TWINBROOK DUNMURRY",BELFAST,ANTRIM,BT17 0DB,Nursery school,Roman Catholic Maintained,54.55639,-6.02252,,26
2036659,St Macartan's Primary School,Lacky Road Tattynageeragh,ROSLEA,FERMANAGH,BT92 7NQ,Primary school,Roman Catholic Maintained,54.22698,-7.25647,145,20.17
4033007,St Macartan's Primary School,"44 LOUGHINISLAND ROAD, LOUGHINISLAND",DOWNPATRICK,DOWN,BT30 8PZ,Primary school,Roman Catholic Maintained,54.33823,-5.82051,203,24.13
5032624,St Macartan's Primary School,4 BALLAGH ROAD,CLOGHER,TYRONE,BT76 0HE,Primary school,Roman Catholic Maintained,54.40866,-7.17254,136,19
3030848,St Macnisius' Primary School,"30 CHAPELTOWN ROAD, TANNAGHMORE",ANTRIM,ANTRIM,BT41 2LD,Primary school,Roman Catholic Maintained,54.7844,-6.23912,108,16
3036139,St Macnissi's Primary School,12A CHRISTINE ROAD OFF MANSE ROAD,NEWTOWNABBEY,ANTRIM,BT36 6UE,Primary school,Roman Catholic Maintained,54.69245,-5.94113,210,22.11
3036575,St Macnissi's Primary School,23/25 AGNEW ST,LARNE,ANTRIM,BT40 1RF,Primary school,Roman Catholic Maintained,54.85254,-5.81443,261,27.82
3BB0246,St MacNissis Pre-school Playgroup,12A Christine Road,NEWTOWNABBEY,ANTRIM,BT36 6UE,VP Pre-schools,Other,54.69245,-5.94113,,
1420030,St Malachy's College,36 ANTRIM ROAD,BELFAST,ANTRIM,BT15 2AE,Secondary (grammar) school,Voluntary,54.60903,-5.93835,1050,18.72
4230211,St Malachy's High School,3 DUBLIN ROAD,CASTLEWELLAN,DOWN,BT31 9AG,Secondary (non-grammar) school,Roman Catholic Maintained,54.25833,-5.95006,950,13.78
5136342,St Malachy's Nursery School,"11 MARTIN'S LANE, CARNAGAT",NEWRY,DOWN,BT35 8PJ,Nursery school,Roman Catholic Maintained,54.17569,-6.35647,,23.64
3AB0096,St Malachy's Playgroup,"Pastoral Centre, Nursery Avenue",COLERAINE,LONDONDERRY,BT52 1LR,VP Pre-schools,Other,55.1274,-6.66597,,
1036466,St Malachy's Primary School,1 ELIZA STREET,BELFAST,ANTRIM,BT7 2BJ,Primary school,Roman Catholic Maintained,54.59325,-5.92344,350,19.47
3032297,St Malachy's Primary School,BERESFORD AVENUE,COLERAINE,LONDONDERRY,BT52 1HJ,Primary school,Roman Catholic Maintained,55.12656,-6.66474,323,23.47
4031350,St Malachy's Primary School,"8 KILCLIEF ROAD, STRANGFORD",DOWNPATRICK,DOWN,BT30 7PA,Primary school,Roman Catholic Maintained,54.32596,-5.56197,69,19.74
4036036,St Malachy's Primary School,"4 BALLYMONEY ROAD, KILCOO",NEWRY,DOWN,BT34 5HU,Primary school,Roman Catholic Maintained,54.23225,-6.02974,165,21.43
4036148,St Malachy's Primary School,197 CLANDEBOYE ROAD,BANGOR,DOWN,BT19 1AA,Primary school,Roman Catholic Maintained,54.64679,-5.68745,437,24.11
4036454,St Malachy's Primary School,33 LOWER SQUARE,CASTLEWELLAN,DOWN,BT31 9DN,Primary school,Roman Catholic Maintained,54.25775,-5.9459,350,20.06
5030975,St Malachy's Primary School,"74 BALLYMOYER ROAD, WHITECROSS",ARMAGH,ARMAGH,BT60 2LA,Primary school,Roman Catholic Maintained,54.21797,-6.52207,112,16.5
5031133,St Malachy's Primary School,CHAPEL LANE,ARMAGH,ARMAGH,BT61 7EG,Primary school,Roman Catholic Maintained,54.3462,-6.65572,200,21.2
5036057,St Malachy's Primary School,75 MONEYHAW ROAD,MAGHERAFELT,LONDONDERRY,BT45 7XR,Primary school,Roman Catholic Maintained,54.64999,-6.66279,109,16.67
5036064,St Malachy's Primary School,"3 CHAPEL ROAD, CAMLOUGH",NEWRY,DOWN,BT35 7HF,Primary school,Roman Catholic Maintained,54.1811,-6.41411,254,22.7
5036433,St Malachy's Primary School,"11 MARTINS LANE, CARNAGAT",NEWRY,DOWN,BT35 8PJ,Primary school,Roman Catholic Maintained,54.17524,-6.35565,477,20.49
5032306,St Malachy's Primary School Glencull,"107 OMAGH ROAD, SESKILGREEN",DUNGANNON,TYRONE,BT70 2DB,Primary school,Roman Catholic Maintained,54.47546,-7.07378,99,17.86
1136353,St Maria Goretti Nursery School,WHITEROCK GARDENS,BELFAST,ANTRIM,BT12 7PS,Nursery school,Roman Catholic Maintained,54.59127,-5.97678,,26
5230135,St Mark's High School,"UPPER DROMORE ROAD, WARRENPOINT",NEWRY,DOWN,BT34 3PN,Secondary (non-grammar) school,Roman Catholic Maintained,54.1097,-6.25416,850,16.12
1136106,St Martin's Nursery School,"MONAGH LINK, TURF LODGE",BELFAST,ANTRIM,BT11 8EF,Nursery school,Roman Catholic Maintained,54.58787,-5.99347,,26
2036105,St Martin's Primary School,32 BROLLAGH ROAD - GARRISON,ENNISKILLEN,FERMANAGH,BT93 4AE,Primary school,Roman Catholic Maintained,54.41978,-8.08894,171,17.03
4033002,St Mary's Aughlisnafin,5 AUGHLISNAFIN ROAD,CASTLEWELLAN,DOWN,BT31 9JP,Primary school,Roman Catholic Maintained,54.27573,-5.89401,169,19.27
1420021,St Mary's Christian Brothers' Grammar School,147A GLEN ROAD,BELFAST,ANTRIM,BT11 8NR,Secondary (grammar) school,Voluntary,54.58253,-6.00084,1180,16.73
2230081,St Mary's College,35 Northland Road,LONDONDERRY,LONDONDERRY,BT48 0AN,Secondary (non-grammar) school,Roman Catholic Maintained,55.01218,-7.32904,825,14.39
2230109,St Mary's College,"40 CHURCH STREET LISNARICK ROAD, IRVINESTOWN",ENNISKILLEN,FERMANAGH,BT94 1EL,Secondary (non-grammar) school,Roman Catholic Maintained,54.47134,-7.63789,310,9.64
3230142,St Mary's College,"230 MOYAGALL ROAD, PORTGLENONE",BALLYMENA,ANTRIM,BT44 8NN,Secondary (non-grammar) school,Roman Catholic Maintained,54.86866,-6.51452,350,13.97
2036458,St Mary's Gortnaghey Primary School,"85 GORTNAGHEY ROAD, DUNGIVEN",LONDONDERRY,LONDONDERRY,BT47 4PZ,Primary school,Roman Catholic Maintained,54.95736,-6.97192,76,19
3420080,St Mary's Grammar School,3 CASTLEDAWSON ROAD,MAGHERAFELT,LONDONDERRY,BT45 6BE,Secondary (grammar) school,Voluntary,54.75753,-6.60164,1070,17.25
2230085,St Mary's High School,"160 BROLLAGH ROAD BROLLAGH, BELLEEK",ENNISKILLEN,FERMANAGH,BT93 3AH,Secondary (non-grammar) school,Roman Catholic Maintained,54.45647,-8.08934,230,7.06
4230023,St Mary's High School,23 ARDGLASS ROAD,DOWNPATRICK,DOWN,BT30 6JQ,Secondary (non-grammar) school,Roman Catholic Maintained,54.32335,-5.70816,600,15.07
5230108,St Mary's High School,UPPER CHAPEL STREET,NEWRY,DOWN,BT34 2DT,Secondary (non-grammar) school,Roman Catholic Maintained,54.16567,-6.32932,580,15.75
2230077,St Mary's Limavady,IRISH GREEN STREET,LIMAVADY,LONDONDERRY,BT49 9AN,Secondary (non-grammar) school,Roman Catholic Maintained,55.04733,-6.9467,900,14.94
1136229,St Mary's Nursery School,822 SHORE ROAD,NEWTOWNABBEY,ANTRIM,BT36 7DG,Nursery school,Roman Catholic Maintained,54.64514,-5.92135,,26.5
3BB0247,St Mary's on the Hill Playgroup,"142 Carnmoney Road, Glengormley",NEWTOWNABBEY,ANTRIM,BT36 6JU,VP Pre-schools,Other,54.67868,-5.95411,,
5BB0557,St Mary's Playgroup,"St Mary's Primary School, 38 Scarva Road",BANBRIDGE,DOWN,BT32 3AS,VP Pre-schools,Other,54.35096,-6.27736,,
2BB0346,St Mary's Pre-School Centre,"St Mary's Primary School, 20 Cloughcor Road, Ballymagorry",STRABANE,TYRONE,BT82 0BE,VP Pre-schools,Other,54.88028,-7.41426,,
1036388,St Mary's Primary School,DIVIS STREET,BELFAST,ANTRIM,BT12 4AL,Primary school,Roman Catholic Maintained,54.59959,-5.93879,130,16.75
2031869,St Mary's Primary School,NEWTOWNBUTLER,ENNISKILLEN,FERMANAGH,BT92 8JJ,Primary school,Roman Catholic Maintained,54.17908,-7.36001,244,22.88
2031876,St Mary's Primary School,"18 TEIGES HILL ROAD, BROOKEBOROUGH",ENNISKILLEN,FERMANAGH,BT94 4LR,Primary school,Roman Catholic Maintained,54.31796,-7.39996,138,19.62
2031884,St Mary's Primary School,120 TIRAVALLY ROAD,ENNISKILLEN,FERMANAGH,BT92 3ET,Primary school,Roman Catholic Maintained,54.25457,-7.69133,91,15
2031890,St Mary's Primary School,"70 ARNEY ROAD - MULLYMESKER, BELLANALECK",ENNISKILLEN,FERMANAGH,BT92 2AB,Primary school,Roman Catholic Maintained,54.29041,-7.67166,109,19.39
2031895,St Mary's Primary School,"COOLCRANNELL, MAGUIRESBRIDGE",ENNISKILLEN,FERMANAGH,BT94 4RG,Primary school,Roman Catholic Maintained,54.28987,-7.46359,134,19.4
2032294,St Mary's Primary School,"70 MONADORE ROAD, CLAUDY",LONDONDERRY,LONDONDERRY,BT47 4DP,Primary school,Roman Catholic Maintained,54.86635,-7.08083,200,19.64
2032607,St Mary's Primary School,122 OLD MOUNTFIELD ROAD,OMAGH,TYRONE,BT79 7LT,Primary school,Roman Catholic Maintained,54.60943,-7.2669,406,24.13
2036095,St Mary's Primary School,"20 CLOUGHCOR ROAD, BALLYMAGORRY",STRABANE,TYRONE,BT82 0BE,Primary school,Roman Catholic Maintained,54.88028,-7.41426,197,23.5
2036181,St Mary's Primary School,"121 TEEMORE ROAD, KINOUGHTRAGH, DERRYLIN",ENNISKILLEN,FERMANAGH,BT92 9QF,Primary school,Roman Catholic Maintained,54.1528,-7.52905,131,19.77
2036356,St Mary's Primary School,"28 EDENMORE LANE, EDENMORE, TEMPO",ENNISKILLEN,FERMANAGH,BT94 3HU,Primary school,Roman Catholic Maintained,54.38311,-7.46201,175,23.4
2036696,St Mary's Primary School,43 Melmount Road,STRABANE,TYRONE,BT82 9EF,Primary school,Roman Catholic Maintained,54.81498,-7.47177,600,24.27
3030588,St Mary's Primary School,CHURCHQUARTER RATHLIN ISLAND,BALLYCASTLE,ANTRIM,BT54 6RT,Primary school,Roman Catholic Maintained,55.29468,-6.19783,29,9
3030621,St Mary's Primary School,"16 BALLYMENA ROAD, PORTGLENONE",BALLYMENA,ANTRIM,BT44 8BL,Primary school,Roman Catholic Maintained,54.87174,-6.47008,203,22.7
3030894,St Mary's Primary School,"MIDDLEPARK ROAD GORTACLEA, CUSHENDALL",BALLYMENA,ANTRIM,BT44 0SQ,Primary school,Roman Catholic Maintained,55.0766,-6.06104,213,17.56
3032273,St Mary's Primary School,"24 MAGHERAFELT ROAD, DRAPERSTOWN",MAGHERAFELT,LONDONDERRY,BT45 7AF,Primary school,Roman Catholic Maintained,54.79358,-6.77793,260,24.89
3032281,St Mary's Primary School,"25 MULLAGHBOY ROAD, BELLAGHY",MAGHERAFELT,LONDONDERRY,BT45 8HX,Primary school,Roman Catholic Maintained,54.81006,-6.51982,222,20.69
4031662,St Mary's Primary School,"KILLINCHY STREET, COMBER",NEWTOWNARDS,DOWN,BT23 5AP,Primary school,Roman Catholic Maintained,54.54745,-5.74206,75,16.25
4031672,St Mary's Primary School,27 OLD GRAND JURY ROAD,SAINTFIELD,DOWN,BT24 7JD,Primary school,Roman Catholic Maintained,54.45311,-5.8265,87,15.25
4031673,St Mary's Primary School,82 STRANGFORD ROAD,ARDGLASS,DOWN,BT30 7SS,Primary school,Roman Catholic Maintained,54.28675,-5.58379,81,21.5
4033036,St Mary's Primary School,"SLOANE CRESCENT, KILLYLEAGH",DOWNPATRICK,DOWN,BT30 9RB,Primary school,Roman Catholic Maintained,54.40489,-5.6512,219,17.78
4036428,St Mary's Primary School,"3 CHURCH GROVE, KIRCUBBIN",NEWTOWNARDS,DOWN,BT22 2SU,Primary school,Roman Catholic Maintained,54.48559,-5.53723,291,20.54
4036530,St Mary's Primary School,"53 WINDMILL HILL, PORTAFERRY",NEWTOWNARDS,DOWN,BT22 1RH,Primary school,Roman Catholic Maintained,54.37702,-5.53684,379,22.72
4036635,St Mary's Primary School,31A Elmgrove Park,NEWCASTLE,DOWN,BT33 0BA,Primary school,Roman Catholic Maintained,54.21707,-5.89371,319,24.04
5031164,St Mary's Primary School,84 MAGHERY ROAD,DUNGANNON,TYRONE,BT71 6PA,Primary school,Roman Catholic Maintained,54.5091,-6.57176,124,17.27
5031172,St Mary's Primary School,"123 GRANEMORE ROAD, TASSAGH",ARMAGH,ARMAGH,BT60 2NJ,Primary school,Roman Catholic Maintained,54.25343,-6.64969,143,23.95
5031695,St Mary's Primary School,"3 SCHOOL ROAD, JERRETTSPASS",NEWRY,DOWN,BT34 1SX,Primary school,Roman Catholic Maintained,54.23032,-6.34946,145,22.1
5032592,St Mary's Primary School,16 LISNAGOWAN ROAD,DUNGANNON,TYRONE,BT70 3LH,Primary school,Roman Catholic Maintained,54.5466,-6.78351,77,19
5032692,St Mary's Primary School,22 WEST STREET,STEWARTSTOWN,TYRONE,BT71 5HT,Primary school,Roman Catholic Maintained,54.57723,-6.67893,140,16.72
5032699,St Mary's Primary School,40 DUNNAMORE ROAD,COOKSTOWN,TYRONE,BT80 9NT,Primary school,Roman Catholic Maintained,54.67125,-6.93561,189,23.88
5032734,St Mary's Primary School,10 WHITES ROAD,DUNGANNON,TYRONE,BT70 3AN,Primary school,Roman Catholic Maintained,54.49029,-6.92242,211,22.73
5032735,St Mary's Primary School,1 WHITEBRIDGE ROAD,BALLYGAWLEY,TYRONE,BT70 2JH,Primary school,Roman Catholic Maintained,54.46323,-7.02727,136,18.75
5032736,St Mary's Primary School,70 COLEBROOKE ROAD,FIVEMILETOWN,TYRONE,BT75 0SA,Primary school,Roman Catholic Maintained,54.37397,-7.32481,87,11.15
5033004,St Mary's Primary School,"DOWNPATRICK STREET, RATHFRILAND",NEWRY,DOWN,BT34 5DQ,Primary school,Roman Catholic Maintained,54.23513,-6.15782,115,18.13
5036001,St Mary's Primary School,"277 GLASSDRUMMAN ROAD, ANNALONG",NEWRY,DOWN,BT34 4QN,Primary school,Roman Catholic Maintained,54.12941,-5.89611,116,14.44
5036006,St Mary's Primary School,"20A DERRYMORE ROAD, GAWLEY'S GATE",CRAIGAVON,ARMAGH,BT67 0BW,Primary school,Roman Catholic Maintained,54.53623,-6.32849,145,22
5036009,St Mary's Primary School,"191 DERRYTRASNA ROAD, LURGAN",CRAIGAVON,ARMAGH,BT66 6NR,Primary school,Roman Catholic Maintained,54.50277,-6.4667,116,20.6
5036043,St Mary's Primary School,REILLY PARK,BANBRIDGE,DOWN,BT32 3DJ,Primary school,Roman Catholic Maintained,54.35096,-6.27736,407,23.06
5036087,St Mary's Primary School,"MAPHONER ROAD, MULLAGHBAWN",NEWRY,DOWN,BT35 9TP,Primary school,Roman Catholic Maintained,54.11025,-6.4774,313,24.23
5036118,St Mary's Primary School,"5 CAVANAKEERAN ROAD, POMEROY",DUNGANNON,TYRONE,BT70 2RD,Primary school,Roman Catholic Maintained,54.59518,-6.92918,220,21.25
5036363,St Mary's Primary School Aughnacloy,CALEDON ROAD,AUGHNACLOY,TYRONE,BT69 6AJ,Primary school,Roman Catholic Maintained,54.41157,-6.97397,82,24.75
3036039,St Mary's Primary School (Glenview),47 GLEN ROAD,MAGHERA,LONDONDERRY,BT46 5AP,Primary school,Roman Catholic Maintained,54.8466,-6.6784,446,18.46
1036048,St Mary's Star of the Sea Primary School,730-760 SHORE ROAD,BELFAST,ANTRIM,BT15 4HL,Primary school,Roman Catholic Maintained,54.64153,-5.92493,354,18
3036046,St Mary's-on-the-Hill Primary School,142 CARNMONEY ROAD,NEWTOWNABBEY,ANTRIM,BT36 6JU,Primary school,Roman Catholic Maintained,54.67803,-5.95478,430,23.5
5033011,St Marys Primary School Dechomet,"6 CLOSKELT ROAD, BALLYWARD",CASTLEWELLAN,DOWN,BT31 9QE,Primary school,Roman Catholic Maintained,54.30277,-6.06921,95,20
1036505,St Matthew's Primary School,SEAFORDE STREET,BELFAST,ANTRIM,BT5 4EW,Primary school,Roman Catholic Maintained,54.5988,-5.90714,388,19.98
2032286,St Matthew's Primary School,296 DRUMSURN ROAD,LIMAVADY,LONDONDERRY,BT49 0PX,Primary school,Roman Catholic Maintained,54.99015,-6.8643,113,22
2032612,St Matthew's Primary School,"70 RAROGAN ROAD, GARVAGHEY",DUNGANNON,TYRONE,BT70 2DY,Primary school,Roman Catholic Maintained,54.48818,-7.13653,81,20
5031653,St Matthew's Primary School Magheramayo,"27 DOLLYS BRAE, BALLYWARD",CASTLEWELLAN,DOWN,BT31 9AZ,Primary school,Roman Catholic Maintained,54.27049,-6.01243,87,18.81
2420043,St Michael's College,CHANTERHILL ROAD,ENNISKILLEN,FERMANAGH,BT74 6DE,Secondary (grammar) school,Voluntary,54.35068,-7.61913,770,15.47
1136315,St Michael's Nursery School,2 STEWARTSTOWN ROAD,BELFAST,ANTRIM,BT11 9JP,Nursery school,Roman Catholic Maintained,54.57261,-5.9966,,26.5
1036140,St Michael's Primary School,514 RAVENHILL ROAD,BELFAST,ANTRIM,BT6 0BW,Primary school,Roman Catholic Maintained,54.57864,-5.91184,409,24.21
5031070,St Michael's Primary School,"86 DUNDALK STREET, NEWTOWNHAMILTON",NEWRY,DOWN,BT35 0PB,Primary school,Roman Catholic Maintained,54.18749,-6.57514,101,18.82
5031166,St Michael's Primary School,"62 CLADYMORE ROAD, MOWHAN",ARMAGH,ARMAGH,BT60 2EP,Primary school,Roman Catholic Maintained,54.25687,-6.56248,70,16
5033006,St Michael's Primary School (Finnis),"145 RATHFRILAND ROAD FINNIS, DROMARA",DROMORE,DOWN,BT25 2EE,Primary school,Roman Catholic Maintained,54.36118,-6.02361,106,19.75
2036090,St Naile's Primary School,KINAWLEY,ENNISKILLEN,FERMANAGH,BT92 4FJ,Primary school,Roman Catholic Maintained,54.22325,-7.6459,141,18.7
3036563,St Nicholas' Primary School,MINORCA PLACE,CARRICKFERGUS,ANTRIM,BT38 8AU,Primary school,Roman Catholic Maintained,54.71399,-5.81492,232,19.67
4036113,St Nicholas' Primary School,21 DOWNPATRICK ROAD,ARDGLASS,DOWN,BT30 7SF,Primary school,Roman Catholic Maintained,54.26514,-5.61375,269,23.2
2031880,St Ninnidh's Primary School,DERRYLIN,ENNISKILLEN,FERMANAGH,BT92 9JZ,Primary school,Roman Catholic Maintained,54.19923,-7.57299,145,18.61
3030719,St Olcan's Primary School,"202 GLENSHESK ROAD, ARMOY",BALLYMONEY,ANTRIM,BT53 8RJ,Primary school,Roman Catholic Maintained,55.13147,-6.325,97,18.5
1136383,St Oliver Plunkett Nursery School,GLEN ROAD,BELFAST,ANTRIM,BT11 8AY,Nursery school,Roman Catholic Maintained,54.57589,-6.01836,,26
1BB0322,St Oliver Plunkett Pre-School Playgroup,"St Oliver Plunkett PS, 452 Glen Road",BELFAST,ANTRIM,BT11 8AY,VP Pre-schools,Other,54.57589,-6.01652,,
1036602,St Oliver Plunkett Primary School,452 GLEN ROAD,BELFAST,ANTRIM,BT11 8AY,Primary school,Roman Catholic Maintained,54.57589,-6.01652,825,18.37
2036143,St Oliver Plunkett Primary School,"PARKMORE DRIVE, STRATHFOYLE",LONDONDERRY,LONDONDERRY,BT47 6XA,Primary school,Roman Catholic Maintained,55.02999,-7.26977,273,20.7
2036291,St Oliver Plunkett Primary School,"9 LARAGH ROAD, BERAGH",OMAGH,TYRONE,BT79 0TH,Primary school,Roman Catholic Maintained,54.54752,-7.16592,145,20.87
5030972,St Oliver Plunkett Primary School,"11 SCHOOL ROAD, FORKHILL",NEWRY,DOWN,BT35 9SN,Primary school,Roman Catholic Maintained,54.08283,-6.45284,145,24.48
5036180,St Oliver Plunkett Primary School,14 BALLYHEGAN ROAD,LOUGHGALL,ARMAGH,BT61 8PX,Primary school,Roman Catholic Maintained,54.40814,-6.56368,116,22.4
3033303,St Oliver Plunkett's Primary School,"MAIN STREET, TOOMEBRIDGE",ANTRIM,ANTRIM,BT41 3NJ,Primary school,Roman Catholic Maintained,54.75111,-6.46048,227,21
5031135,St Oliver's Primary School (Carrickrovaddy),"2 ROXBOROUGH ROAD, NEWTOWNHAMILTON",NEWRY,DOWN,BT35 0QJ,Primary school,Roman Catholic Maintained,54.16016,-6.5412,54,17.06
3036559,St Patrick's & St Brigid's Primary School,19 MOYLE ROAD,BALLYCASTLE,ANTRIM,BT54 6AN,Primary school,Roman Catholic Maintained,55.20341,-6.25189,406,22.92
3032285,St Patrick's & St Joseph's Primary School,"5 CHURCHTOWN ROAD, GARVAGH",COLERAINE,LONDONDERRY,BT51 5BA,Primary school,Roman Catholic Maintained,54.97608,-6.69379,189,22.44
4230165,St Patrick's Academy,BALLINDERRY ROAD,LISBURN,ANTRIM,BT28 1TD,Secondary (non-grammar) school,Roman Catholic Maintained,54.50991,-6.06737,530,13.61
5420304,St Patrick's Academy,37 KILLYMEAL ROAD,DUNGANNON,TYRONE,BT71 6DS,Secondary (grammar) school,Voluntary,54.50805,-6.75833,1350,15.15
3230234,St Patrick's Co-ed Comprehensive College,25 COLERAINE ROAD,MAGHERA,LONDONDERRY,BT46 5BN,Secondary (non-grammar) school,Roman Catholic Maintained,54.84627,-6.67008,1355,15.6
1230026,St Patrick's College,"619-629 ANTRIM ROAD, BEARNAGHEEHA",BELFAST,ANTRIM,BT15 4DZ,Secondary (non-grammar) school,Roman Catholic Maintained,54.63127,-5.93687,780,13.93
2230144,St Patrick's College,"9 CURRAGH ROAD, DUNGIVEN",LONDONDERRY,LONDONDERRY,BT47 4SE,Secondary (non-grammar) school,Roman Catholic Maintained,54.92192,-6.91543,450,13.58
3230084,St Patrick's College,BROUGHSHANE ROAD,BALLYMENA,ANTRIM,BT43 7DZ,Secondary (non-grammar) school,Roman Catholic Maintained,54.87485,-6.26493,760,14.18
5230076,St Patrick's College,38 SCARVA ROAD,BANBRIDGE,DOWN,BT32 3AS,Secondary (non-grammar) school,Roman Catholic Maintained,54.3499,-6.28268,570,13.47
5230293,St Patrick's College,41 Killymeal Road,DUNGANNON,TYRONE,BT71 6LJ,Secondary (non-grammar) school,Roman Catholic Maintained,54.50953,-6.75483,575,12.61
4420088,St Patrick's Grammar School,109 SAUL STREET,DOWNPATRICK,DOWN,BT30 6NJ,Secondary (grammar) school,Voluntary,54.32991,-5.70803,665,15.37
5420268,St Patrick's Grammar School,CATHEDRAL ROAD,ARMAGH,ARMAGH,BT61 7QZ,Secondary (grammar) school,Voluntary,54.35368,-6.65825,1020,15.43
5230187,St Patrick's High School,"MIDDLETOWN ROAD, MADDAN ROAD",KEADY,ARMAGH,BT60 3TH,Secondary (non-grammar) school,Roman Catholic Maintained,54.25237,-6.71223,1000,16.73
2031828,St Patrick's Primary School,"MULLINASKEA, GARVARY PO",ENNISKILLEN,FERMANAGH,BT94 3AD,Primary school,Roman Catholic Maintained,54.36087,-7.5609,174,23.95
2031874,St Patrick's Primary School,"TONAGH ROAD, DERRYGONNELLY",ENNISKILLEN,FERMANAGH,BT93 6LR,Primary school,Roman Catholic Maintained,54.42054,-7.82127,198,21
2032676,St Patrick's Primary School,"90 MAIN STREET, GORTIN",OMAGH,TYRONE,BT79 8PU,Primary school,Roman Catholic Maintained,54.71749,-7.22829,142,18.41
2032705,St Patrick's Primary School,"171 NEWTOWNSAVILLE ROAD, ESKRA",OMAGH,TYRONE,BT78 2RJ,Primary school,Roman Catholic Maintained,54.48305,-7.20258,86,21.36
2036008,St Patrick's Primary School,"59 DUBLIN STREET, NEWTOWNSTEWART",OMAGH,TYRONE,BT78 4AQ,Primary school,Roman Catholic Maintained,54.71451,-7.3805,145,19.83
2036094,St Patrick's Primary School,73 CASTLEFIN ROAD,CASTLEDERG,TYRONE,BT81 7EE,Primary school,Roman Catholic Maintained,54.71659,-7.59551,259,23.23
2036387,St Patrick's Primary School,"49 LISNARAGH ROAD PLUMBRIDGE ROAD, DUNAMANAGH",STRABANE,TYRONE,BT82 0QN,Primary school,Roman Catholic Maintained,54.87055,-7.30932,106,14.58
3030547,St Patrick's Primary School,109 CAUSEWAY STREET,PORTRUSH,ANTRIM,BT56 8JE,Primary school,Roman Catholic Maintained,55.2031,-6.64697,150,15.43
3033320,St Patrick's Primary School,"8 GORTAHAR ROAD, RASHARKIN",BALLYMENA,ANTRIM,BT44 8SB,Primary school,Roman Catholic Maintained,54.96034,-6.48302,273,22
3036131,St Patrick's Primary School,"244 GARRON ROAD, WATERFOOT GLENARIFFE",BALLYMENA,ANTRIM,BT44 0RB,Primary school,Roman Catholic Maintained,55.05861,-6.05731,130,21.35
3036154,St Patrick's Primary School,"SHELTON ROAD, LOUGHGUILE",BALLYMENA,ANTRIM,BT44 9JR,Primary school,Roman Catholic Maintained,55.06468,-6.30514,232,23.5
4031526,St Patrick's Primary School,"16 ST PATRICK'S ROAD, SAUL",DOWNPATRICK,DOWN,BT30 7JQ,Primary school,Roman Catholic Maintained,54.34773,-5.66226,174,23.75
4031628,St Patrick's Primary School,CHURCH VIEW,HOLYWOOD,DOWN,BT18 9LN,Primary school,Roman Catholic Maintained,54.63807,-5.83749,316,25.98
4031665,St Patrick's Primary School,38A MAIN STREET,BALLYNAHINCH,DOWN,BT24 8DN,Primary school,Roman Catholic Maintained,54.40418,-5.89514,332,20.75
4031671,St Patrick's Primary School,30 BURRENREAGH ROAD,CASTLEWELLAN,DOWN,BT31 9HH,Primary school,Roman Catholic Maintained,54.24091,-5.95142,95,17.25
4033028,St Patrick's Primary School,"10 BALLYGALGET ROAD, PORTAFERRY",NEWTOWNARDS,DOWN,BT22 1NE,Primary school,Roman Catholic Maintained,54.40678,-5.49668,129,22.41
4036455,St Patrick's Primary School,"LEGAMADDY, 167 BALLYNOE ROAD",DOWNPATRICK,DOWN,BT30 8AR,Primary school,Roman Catholic Maintained,54.27929,-5.71044,202,22
5031148,St Patrick's Primary School,"54 CARRAN ROAD, CROSSMAGLEN",NEWRY,DOWN,BT35 9JL,Primary school,Roman Catholic Maintained,54.08124,-6.61043,346,26.8
5031158,St Patrick's Primary School,"20 BALLINLARE GARDENS, ROONEY'S MEADOW",NEWRY,DOWN,BT35 6EX,Primary school,Roman Catholic Maintained,54.18582,-6.34912,483,22.55
5031168,St Patrick's Primary School,"14 DERRYMACASH ROAD, AGHACOMMON LURGAN",CRAIGAVON,ARMAGH,BT66 6LG,Primary school,Roman Catholic Maintained,54.46903,-6.38552,248,24.3
5031183,St Patrick's Primary School,LOUGHGALL ROAD,ARMAGH,ARMAGH,BT61 7NN,Primary school,Roman Catholic Maintained,54.3587,-6.6595,505,23
5031667,St Patrick's Primary School,"12 BALLYMACBREDAN ROAD, MAGHERALIN",CRAIGAVON,ARMAGH,BT67 0QU,Primary school,Roman Catholic Maintained,54.46418,-6.2764,129,20.76
5031697,St Patrick's Primary School,"9 CHAPEL HILL, MAYOBRIDGE",NEWRY,DOWN,BT34 2EX,Primary school,Roman Catholic Maintained,54.17833,-6.2331,342,26.43
5032678,St Patrick's Primary School,16 POMEROY ROAD,DUNGANNON,TYRONE,BT70 3HG,Primary school,Roman Catholic Maintained,54.53269,-6.81686,232,20.9
5032697,St Patrick's Primary School,32 AUGHADARRAGH ROAD,AUGHER,TYRONE,BT77 0ET,Primary school,Roman Catholic Maintained,54.3946,-7.10663,79,17.25
5032717,St Patrick's Primary School,75 MULLANAHOE ROAD,DUNGANNON,TYRONE,BT71 5AU,Primary school,Roman Catholic Maintained,54.61188,-6.5585,284,26.56
5033025,St Patrick's Primary School,"13 CASTLEWELLAN ROAD, HILLTOWN",NEWRY,DOWN,BT34 5UY,Primary school,Roman Catholic Maintained,54.19755,-6.13223,309,22.75
5033324,St Patrick's Primary School,"3 AGHALEE ROAD, AUGHAGALLON",CRAIGAVON,ARMAGH,BT67 0AR,Primary school,Roman Catholic Maintained,54.50933,-6.29315,173,19.77
5036047,St Patrick's Primary School,"10 ANNAGHMORE ROAD, COALISLAND",DUNGANNON,TYRONE,BT71 4QZ,Primary school,Roman Catholic Maintained,54.53181,-6.66665,259,22.18
5036099,St Patrick's Primary School,"TULLYNAVALL ROAD, CULLYHANNA",NEWRY,DOWN,BT35 0PZ,Primary school,Roman Catholic Maintained,54.1282,-6.58384,198,22.5
5036120,St Patrick's Primary School,"9 SPRINGHILL ROAD, MONEYMORE",MAGHERAFELT,LONDONDERRY,BT45 7NG,Primary school,Roman Catholic Maintained,54.68965,-6.66537,136,18.08
5036605,St Patrick's Primary School,"40 LONGSTONE HILL, DRUMGREENAGH RATHFRILAND",NEWRY,DOWN,BT34 5BT,Primary school,Roman Catholic Maintained,54.23087,-6.21078,84,17.08
3036292,St Patrick's Primary School (Glen),161 GLEN ROAD,MAGHERA,LONDONDERRY,BT46 5JN,Primary school,Roman Catholic Maintained,54.84561,-6.7091,175,22.32
5036504,St Patrick's Primary School Dungannon,KILLYMAN ROAD,DUNGANNON,TYRONE,BT71 6DE,Primary school,Roman Catholic Maintained,54.5038,-6.76155,687,21.91
5036031,St Patrick's Primary School Loup,119 RUSKEY ROAD,MAGHERAFELT,LONDONDERRY,BT45 7TS,Primary school,Roman Catholic Maintained,54.69873,-6.59611,157,25
2230122,St Patricks & St Brigids College,"55 MAIN STREET, CLAUDY",LONDONDERRY,LONDONDERRY,BT47 4HR,Secondary (non-grammar) school,Roman Catholic Maintained,54.91176,-7.15633,500,16.16
1036698,St Patricks Primary School,3 Churchill Street,BELFAST,ANTRIM,BT15 2BP,Primary school,Roman Catholic Maintained,54.61011,-5.93486,550,17.57
2036581,St Patricks Primary School,"1A COLLON LANE, PENNYBURN",LONDONDERRY,LONDONDERRY,BT48 8QG,Primary school,Roman Catholic Maintained,55.02018,-7.32088,930,23.83
3230151,St Paul's College,"11 BANN ROAD, KILREA",COLERAINE,LONDONDERRY,BT51 5RU,Secondary (non-grammar) school,Roman Catholic Maintained,54.95395,-6.54681,270,14.36
5230157,St Paul's High School,"108 CAMLOUGH ROAD, BESSBROOK",NEWRY,DOWN,BT35 7EE,Secondary (non-grammar) school,Roman Catholic Maintained,54.1835,-6.39037,1355,15.96
1036624,St Paul's Primary School,34-36 MICA DRIVE,BELFAST,ANTRIM,BT12 7NN,Primary school,Roman Catholic Maintained,54.59581,-5.96901,416,18.59
2031898,St Paul's Primary School,"LISNARICK ROAD, IRVINESTOWN",ENNISKILLEN,FERMANAGH,BT94 1EY,Primary school,Roman Catholic Maintained,54.47297,-7.64167,348,20.3
3036683,St Paul's Primary School,"32 Ballynafie Road, Ahoghill",BALLYMENA,ANTRIM,BT42 1LF,Primary school,Roman Catholic Maintained,54.84698,-6.37315,81,19.72
5033003,St Paul's Primary School,"35 BALLYKEEL ROAD, CABRA",NEWRY,DOWN,BT34 5RH,Primary school,Roman Catholic Maintained,54.22216,-6.08878,77,20.5
2036227,St Paul's Primary School Slievemore,"1 MOSS ROAD, GALLIAGH",LONDONDERRY,LONDONDERRY,BT48 8QZ,Primary school,Roman Catholic Maintained,55.02635,-7.32638,527,16.2
2036085,St Peter's & St Paul's Primary School,"296 FOREGLEN ROAD, DUNGIVEN",LONDONDERRY,LONDONDERRY,BT47 4PJ,Primary school,Roman Catholic Maintained,54.92959,-7.03141,116,14
1136340,St Peter's Nursery School,SERVIA STREET,BELFAST,ANTRIM,BT12 4EJ,Nursery school,Roman Catholic Maintained,54.59626,-5.94718,,26
5BB0334,St Peter's Playgroup,"90 Collegelands Road, Charlemont Moy",DUNGANNON,TYRONE,BT71 6SW,VP Pre-schools,Other,54.43648,-6.67106,,
1036620,St Peter's Primary School,ROSS ROAD,BELFAST,ANTRIM,BT12 4JD,Primary school,Roman Catholic Maintained,54.59771,-5.94968,547,18.06
2036097,St Peter's Primary School,"415 LISNARAGH ROAD, PLUMBRIDGE",OMAGH,TYRONE,BT79 8AF,Primary school,Roman Catholic Maintained,54.76799,-7.25346,140,20.75
5031176,St Peter's Primary School,"66 DERRYMORE ROAD, CLOUGHREAGH BESSBROOK",NEWRY,DOWN,BT35 7DN,Primary school,Roman Catholic Maintained,54.18953,-6.37751,313,24.93
5032703,St Peter's Primary School,"24 ARDBOE ROAD, MOORTOWN",COOKSTOWN,TYRONE,BT80 0HT,Primary school,Roman Catholic Maintained,54.62998,-6.51624,188,21.67
5036595,St Peter's Primary School,"90 COLLEGELANDS RD, CHARLEMONT MOY",DUNGANNON,TYRONE,BT71 6SW,Primary school,Roman Catholic Maintained,54.43648,-6.67106,138,27.88
3230168,St Pius X College,59 MONEYMORE ROAD,MAGHERAFELT,LONDONDERRY,BT45 6HQ,Secondary (non-grammar) school,Roman Catholic Maintained,54.74966,-6.61543,850,15.58
5420314,St Ronan's College,12 Cornakinnegar Road,LURGAN,ARMAGH,BT67 9JW,Secondary (grammar) school,Voluntary,54.47668,-6.32077,1500,15.48
2031901,St Ronan's Primary School,"34 NUTFIELD ROAD, BROOKEBOROUGH ROAD, LISNASKEA",ENNISKILLEN,FERMANAGH,BT92 0LA,Primary school,Roman Catholic Maintained,54.26145,-7.45258,406,22.89
5036409,St Ronan's Primary School,ASHGROVE AVENUE,NEWRY,DOWN,BT34 1PR,Primary school,Roman Catholic Maintained,54.1899,-6.32577,391,26
1230130,St Rose???s Dominican College,65 BEECHMOUNT AVENUE,BELFAST,ANTRIM,BT12 7NA,Secondary (non-grammar) school,Roman Catholic Maintained,54.59485,-5.96045,575,11.87
2036153,St Scire's Primary School,"2 EFFERNAN ROAD, TRILLICK",OMAGH,TYRONE,BT78 3RB,Primary school,Roman Catholic Maintained,54.44814,-7.48792,143,19.43
1136314,St Teresa's Nursery School,24 BERNAGH GLEN,BELFAST,ANTRIM,BT11 8HR,Nursery school,Roman Catholic Maintained,54.5795,-5.98958,,26
1036589,St Teresa's Primary School,GLEN ROAD,BELFAST,ANTRIM,BT11 8BL,Primary school,Roman Catholic Maintained,54.58137,-5.99243,633,19.48
2032731,St Teresa's Primary School,"166 LOUGHMACRORY ROAD, SIXMILECROSS",OMAGH,TYRONE,BT79 9LG,Primary school,Roman Catholic Maintained,54.62536,-7.10823,176,20.35
5031107,St Teresa's Primary School,"60 TULLYHERRON ROAD, MOUNTNORRIS",ARMAGH,ARMAGH,BT60 2UF,Primary school,Roman Catholic Maintained,54.2425,-6.47252,47,15.63
5031160,St Teresa's Primary School,36 TARRY LANE,LURGAN,ARMAGH,BT67 9LQ,Primary school,Roman Catholic Maintained,54.48215,-6.31734,203,23.63
2036459,St Theresa's Primary School,"GARVAN ROAD, SION MILLS",STRABANE,TYRONE,BT82 9NZ,Primary school,Roman Catholic Maintained,54.78744,-7.49733,165,20
4136606,St Therese Nursery School,ARDCAOIN AVENUE,BELFAST,ANTRIM,BT17 0UN,Nursery school,Roman Catholic Maintained,54.56005,-6.03595,,29.5
1036132,St Therese of Lisieux Primary School,472 ANTRIM ROAD,BELFAST,ANTRIM,BT15 5GF,Primary school,Roman Catholic Maintained,54.62896,-5.93985,424,24.28
2036461,St Therese Primary School,"HEATHER ROAD EAST, GALLIAGH",LONDONDERRY,LONDONDERRY,BT48 8NX,Primary school,Roman Catholic Maintained,55.03247,-7.31828,487,18.89
2031868,St Tierney's Primary School,MULLAGHCONNOLLY,ENNISKILLEN,FERMANAGH,BT92 7JS,Primary school,Roman Catholic Maintained,54.24424,-7.1796,196,21.6
3032185,St Trea's Primary School,"225 SHORE ROAD, BALLYRONAN",MAGHERAFELT,LONDONDERRY,BT45 6LL,Primary school,Roman Catholic Maintained,54.73749,-6.52698,140,21.25
1BB0592,St Vincent de Paul Pre-School Playgroup,167 Ligoniel Road,BELFAST,ANTRIM,BT14 8DP,VP Pre-schools,Other,54.62659,-5.98331,,
1036042,St Vincent de Paul Primary School,165A LIGONIEL ROAD,BELFAST,ANTRIM,BT14 8DP,Primary school,Roman Catholic Maintained,54.62659,-5.98331,280,16.79
1116157,Stanhope Street Nursery School,STANHOPE DRIVE,BELFAST,ANTRIM,BT13 1BX,Nursery school,Controlled,54.60562,-5.9349,,26
2036084,Steelstown Voluntary Maintained Primary School,40 STEELSTOWN ROAD,LONDONDERRY,LONDONDERRY,BT48 8EX,Primary school,Roman Catholic Maintained,55.02822,-7.30833,490,21.83
3116167,Steeple Nursery School,STEEPLE ROAD,ANTRIM,ANTRIM,BT41 1AF,Nursery school,Controlled,54.72236,-6.21008,,24
3CB0486,Stepping Stones Creche,"Cavehill Building, University of Ulster, Cromore Road",COLERAINE,LONDONDERRY,BT52 1SA,VP Pre-schools,Other,55.14867,-6.67729,,
1AB0425,Stepping Stones Playgroup,"St Gerard's Hall, 722 Antrim Road",NEWTOWNABBEY,ANTRIM,BT36 7PG,VP Pre-schools,Other,54.64725,-5.93623,,
3AB0414,Stepping Stones Playgroup,"Castle Community Centre, 1A GATE END",BALLYMONEY,ANTRIM,BT53 6JT,VP Pre-schools,Other,55.06594,-6.5186,,
3BB0085,Stepping Stones Playgroup,130 Tirkane Road,MAGHERA,LONDONDERRY,BT46 5NH,VP Pre-schools,Other,54.8688,-6.70965,,
3BB0522,Stepping Stones Playgroup,"32 Ballynafie Road, AHOGHILL",BALLYMENA,ANTRIM,BT42 1LF,VP Pre-schools,Other,54.84698,-6.37315,,
5012643,Stewartstown Primary School,33 HILLHEAD,STEWARTSTOWN,TYRONE,BT71 5HY,Primary school,Controlled,54.57452,-6.67809,98,17.54
2410311,Strabane Academy,"Milltown House, 4 Liskey Road",STRABANE,TYRONE,BT82 8NW,Secondary (grammar) school,Controlled,54.81549,-7.45312,700,13.96
2012708,Strabane Controlled Primary School,43 DERRY ROAD,STRABANE,TYRONE,BT82 8DX,Primary school,Controlled,54.83418,-7.45862,231,23.29
3010570,Straid Primary School,3 IRISH HILL ROAD,BALLYCLARE,ANTRIM,BT39 9NQ,Primary school,Controlled,54.75627,-5.92554,119,18.5
2AB0036,Straidarran Community Playgroup,"Straidarran Hall, 522A Glenshane Road, Claudy",LONDONDERRY,LONDONDERRY,BT47 4BT,VP Pre-schools,Other,54.89805,-7.09224,,
3010804,Straidbilly Primary School,"85 CARNBORE ROAD, LISCOLMAN",BALLYMONEY,ANTRIM,BT53 8EE,Primary school,Controlled,55.17371,-6.45506,105,17.94
3010879,Straidhavern Primary School,"3 STRAIDHAVERN ROAD, NUTTS CORNER",CRUMLIN,ANTRIM,BT29 4SN,Primary school,Controlled,54.64065,-6.15315,125,12.06
1010252,Strandtown Primary School,NORTH ROAD,BELFAST,ANTRIM,BT4 3DJ,Primary school,Controlled,54.59676,-5.87172,943,23.91
4260295,Strangford Integrated College,ABBEY ROAD,CARROWDORE,DOWN,BT22 2GB,Secondary (non-grammar) school,Grant Maintained Integrated,54.57908,-5.55185,500,16.18
1010324,Stranmillis Primary School,KNIGHTSBRIDGE PARK,BELFAST,ANTRIM,BT9 5EH,Primary school,Controlled,54.56858,-5.93615,408,26.28
1420089,Strathearn School,188 BELMONT ROAD,BELFAST,ANTRIM,BT4 2AU,Secondary (grammar) school,Voluntary,54.60152,-5.86074,770,16.81
1620089,Strathearn School,188 BELMONT ROAD,BELFAST,ANTRIM,BT4 2AU,Preparatory Schools,Voluntary,54.60152,-5.86074,,17.31
2116232,Strathfoyle Nursery School,"CLONMEEN DRIVE, STRATHFOYLE",LONDONDERRY,LONDONDERRY,BT47 6UP,Nursery school,Controlled,55.03295,-7.26516,,26.5
5AB0191,Strawberry Tree Playgroup,"41 Sheeptown Road, Saval",NEWRY,DOWN,BT34 2LA,VP Pre-schools,Other,54.19618,-6.28975,,
2AB0347,Sugar and Spice Early Years Centre,"Units 7/8 Enterprise Centre, Castlederg Road, Drumquin",OMAGH,TYRONE,BT78 4PH,VP Pre-schools,Other,54.61877,-7.49101,,
4420044,Sullivan Upper School,BELFAST ROAD,HOLYWOOD,DOWN,BT18 9EP,Secondary (grammar) school,Voluntary,54.6347,-5.83704,1060,16.39
4620044,Sullivan Upper School,1 ALEXANDRA PARK,HOLYWOOD,DOWN,BT18 9ET,Preparatory Schools,Voluntary,54.63605,-5.8337,,19.34
3116150,Sunnylands Nursery School,SUNNYLANDS AVENUE,CARRICKFERGUS,ANTRIM,BT38 8JJ,Nursery school,Controlled,54.72367,-5.81633,,26
3010860,Sunnylands Primary School,SUNNYLANDS AVENUE,CARRICKFERGUS,ANTRIM,BT38 8JJ,Primary school,Controlled,54.72106,-5.81529,290,20.25
4AB0383,Sunshine Community Playgroup,"Killultagh Hall, Legaterriff Road, Upper Ballinderry",LISBURN,ANTRIM,BT28 2EY,VP Pre-schools,Other,54.55151,-6.20354,,
1BB0492,Sunshine Playgroup,"Currie Primary School, 111-113 Limestone Road",BELFAST,ANTRIM,BT15 3AB,VP Pre-schools,Other,54.61657,-5.93176,,
3AB0585,Sunshine Playgroup,"Harpurs Hill Children and Family Centre, Culraith Corner, 3 Culraith Street",COLERAINE,LONDONDERRY,BT52 2ER,VP Pre-schools,Other,55.13583,-6.65074,,
5210143,Tandragee Junior High School,ARMAGH ROAD,TANDRAGEE,ARMAGH,BT62 2AY,Secondary (non-grammar) school,Controlled,54.35591,-6.42008,320,12.94
5116640,Tandragee Nursery School,24B MADDEN ROAD,TANDRAGEE,ARMAGH,BT62 2DJ,Nursery school,Controlled,54.35375,-6.41111,,28.89
5011116,Tandragee Primary School,7 PORTADOWN ROAD,TANDRAGEE,ARMAGH,BT62 2BB,Primary school,Controlled,54.35735,-6.4143,409,23.65
5031103,Tannaghmore Primary School,"LAKE STREET, LURGAN",CRAIGAVON,ARMAGH,BT67 9DY,Primary school,Roman Catholic Maintained,54.47668,-6.33217,640,24.13
2031863,Tattygar Primary School,"6 TATTYGARE ROAD, LISBELLAW",ENNISKILLEN,FERMANAGH,BT94 5GT,Primary school,Roman Catholic Maintained,54.31998,-7.53575,73,16.5
1010301,Taughmonagh Primary School,FINDON GARDENS,BELFAST,ANTRIM,BT9 6QL,Primary school,Controlled,54.55988,-5.9649,174,15.93
3AB0132,Taylorstown Cross Community Playgroup,"Church of Ireland Hall, 71 Taylorstown Rd",TOOMEBRIDGE,ANTRIM,BT41 3RW,VP Pre-schools,Other,54.79684,-6.39446,,
4AB0183,Teconnaught Cross-Community Playgroup,"1 Drumnaconagher Road, Teconnaught, Crossgar",DOWNPATRICK,DOWN,BT30 9AN,VP Pre-schools,Other,54.36951,-5.79089,,
3016014,Templepatrick Primary School,5 LYLEHILL ROAD,BALLYCLARE,ANTRIM,BT39 0AQ,Primary school,Controlled,54.69818,-6.09159,406,26.48
2AB0349,Tempo Community Pre-School,"The Diamond, Main Street",TEMPO,FERMANAGH,BT94 3LU,VP Pre-schools,Other,54.37727,-7.4607,,
2016102,Tempo Primary School,"3 CULLION ROAD, TEMPO",ENNISKILLEN,FERMANAGH,BT94 3LU,Primary school,Controlled,54.38004,-7.458,141,23.5
2032287,Termoncanice Primary School,RATHBRADY ROAD,LIMAVADY,LONDONDERRY,BT49 9BH,Primary school,Roman Catholic Maintained,55.04636,-6.9502,746,25.65
2116023,The Academy Nursery School,"76 ACADEMY ROAD, ROSEMOUNT",LONDONDERRY,LONDONDERRY,BT48 7LE,Nursery school,Controlled,55.0042,-7.33048,,26.5
1136603,The Cathedral Nursery School,45A ALBERT STREET,BELFAST,ANTRIM,BT12 4HB,Nursery school,Roman Catholic Maintained,54.59776,-5.94303,,26
5016079,The Cope Primary School,"12 BALLYGASSEY ROAD, LOUGHGALL",ARMAGH,ARMAGH,BT61 8HY,Primary school,Controlled,54.40881,-6.60781,203,20.1
3AA0273,The Country Playgroup,59A Ballycowan Road,BALLYMENA,ANTRIM,BT42 3DW,VP Pre-schools,Other,54.82705,-6.24294,,
3010826,The Diamond Primary School,"107 DREEN ROAD, CULLYBACKEY",BALLYMENA,ANTRIM,BT42 1EE,Primary school,Controlled,54.87906,-6.38772,138,22.14
2AB0047,The Dry Arch Children's Centre,"Glenshane Business Park, 50 Legavallon Road, Dungiven",LONDONDERRY,LONDONDERRY,BT47 4QL,VP Pre-schools,Other,54.93305,-6.91958,,
4036285,The Good Shepherd Primary School,"9 GOOD SHEPHERD ROAD, DUNMURRY",BELFAST,ANTRIM,BT17 0PJ,Primary school,Roman Catholic Maintained,54.56705,-6.0265,343,15.25
5116223,The Grove Nursery School,23B BALLINAHONE AVENUE,ARMAGH,ARMAGH,BT60 1EE,Nursery school,Controlled,54.34367,-6.63743,,26
4210029,The High School Ballynahinch,103 BELFAST ROAD,BALLYNAHINCH,DOWN,BT24 8EH,Secondary (non-grammar) school,Controlled,54.41021,-5.89412,380,8.97
4033012,The Holy Family Primary School,"1 DRUMNACONAGHER ROAD, TECONNAUGHT",DOWNPATRICK,DOWN,BT30 9AN,Primary school,Roman Catholic Maintained,54.36951,-5.79089,195,21.44
3CB0352,The Ladybirds Pre-School @ ABC Day Nursery,"Building 643, Off Crumlin Road, Aldergrove",CRUMLIN,ANTRIM,BT29 4BN,VP Pre-schools,Other,54.65256,-6.21636,,
4CA0628,The Learning Tree,"69 Church Road, Castlereagh",BELFAST,ANTRIM,BT6 9SA,VP Pre-schools,Other,54.5682,-5.87577,,
2AB0451,The Little Castle Playgroup,11 Water Street,LISNASKEA,FERMANAGH,BT92 0LZ,VP Pre-schools,Other,54.25378,-7.44653,,
5CA0501,The Old Station Playgroup,92 Church Street,DROMORE,DOWN,BT25 1AA,VP Pre-schools,Other,54.41492,-6.15514,,
4AB0147,The Playcentre at Manor Court,Mill Street,NEWTOWNARDS,DOWN,BT23 4LT,VP Pre-schools,Other,54.59345,-5.70145,,
3CA0137,The Rainbow Private Day Nursery,96 Brustin-Brae Road,LARNE,ANTRIM,BT40 2LJ,VP Pre-schools,Other,54.88157,-5.86444,,
1420027,The Royal Belfast Academical Institution,COLLEGE SQUARE EAST,BELFAST,ANTRIM,BT1 6DL,Secondary (grammar) school,Voluntary,54.59704,-5.93648,1050,16.97
5420263,The Royal School Armagh,COLLEGE HILL,ARMAGH,ARMAGH,BT61 9DH,Secondary (grammar) school,Voluntary,54.35064,-6.64806,650,17.04
5420260,The Royal School Dungannon,2 RANFURLEY ROAD,DUNGANNON,TYRONE,BT71 6AP,Secondary (grammar) school,Voluntary,54.50312,-6.76354,650,16.82
3010842,The Wm Pinkerton Memorial Primary School,"182 KNOCK ROAD, DERVOCK",BALLYMONEY,ANTRIM,BT53 8BB,Primary school,Controlled,55.12384,-6.47294,160,21
3010779,Thompson Primary School,42 MOSSLEY ROAD,BALLYCLARE,ANTRIM,BT39 9RX,Primary school,Controlled,54.71662,-6.0029,194,23.56
3316547,Thornfield House School,2-12 JORDANSTOWN ROAD,NEWTOWNABBEY,ANTRIM,BT37 0QF,Special school,Controlled,54.68276,-5.88618,,4.05
2420052,Thornhill College,142 CULMORE ROAD,LONDONDERRY,LONDONDERRY,BT48 8JF,Secondary (grammar) school,Voluntary,55.03814,-7.28245,1410,20.38
4AB0282,Tiddli-Winks Playgroup,68 Groomsport Road,BANGOR,DOWN,BT20 5NE,VP Pre-schools,Other,54.66276,-5.64483,,
4AB0513,Tiggers Palace Day Nursery,"Palace Barracks Community Centre, 57 Hinchley Avenue, Holywood",HOLYWOOD,DOWN,BT18 9FD,VP Pre-schools,Other,54.62716,-5.84687,,
3010404,Tildarg Primary School,6 TILDARG ROAD,BALLYCLARE,ANTRIM,BT39 9JU,Primary school,Controlled,54.79193,-6.05048,80,18.28
4AB0157,Tiny Toons Community Playgroup,"2 Rourkes Link, Bishopscourt, Ballyhornan",DOWNPATRICK,DOWN,BT30 7DQ,VP Pre-schools,Other,54.30216,-5.57001,,
2AB0620,Tiny Tots Community Playgroup,"Clonmeen Drive, Strathfoyle",LONDONDERRY,LONDONDERRY,BT47 6UU,VP Pre-schools,Other,55.03253,-7.26516,,
5BB0403,Tiny Tots Community Playgroup,"33A Hillhead Road, Stewartstown",DUNGANNON,TYRONE,BT71 5HY,VP Pre-schools,Other,54.57397,-6.67853,,
5AB0465,Tiny Tots Corner Playgroup,"10A Esker Park, Killylea",ARMAGH,ARMAGH,BT60 4LT,VP Pre-schools,Other,54.34602,-6.77738,,
2AB0446,Tiny Tots Cross Community PG,"68 ARNEY ROAD, CLEENISH MILLENIUM HALL, Mullymesker",ENNISKILLEN,FERMANAGH,BT92 2AB,VP Pre-schools,Other,54.29045,-7.67057,,
3AB0371,Tiny Tots Pre-School Centre,"Pastoral Centre, Main Street",TOOMEBRIDGE,ANTRIM,BT41 3NJ,VP Pre-schools,Other,54.75201,-6.46309,,
5AB0208,Tiny Tots Pre-School Education Centre,28B Dunamore Road,COOKSTOWN,TYRONE,BT80 9NR,VP Pre-schools,Other,54.67019,-6.92947,,
3BB0250,Tir-na-n??g Playgroup,60 Doagh Road,BALLYCLARE,ANTRIM,BT39 9BG,VP Pre-schools,Other,54.75161,-6.00747,,
3033304,Tir-na-Nog Primary School,DOAGH ROAD,BALLYCLARE,ANTRIM,BT39 9BG,Primary school,Roman Catholic Maintained,54.75161,-6.00747,77,12.08
1CA0622,TLC Playgroup,162a Cavehill Road,BELFAST,ANTRIM,BT15 5EX,VP Pre-schools,Other,54.6317,-5.94773,,
3AB0482,Tober Tinys Community Playgroup,"Unit 2 Business Park, 6 Desertmartin Road, TOBERMORE",MAGHERAFELT,LONDONDERRY,BT45 5SG,VP Pre-schools,Other,54.81066,-6.70402,,
3012233,Tobermore Primary School,"6 MAGHERA ROAD, TOBERMORE",MAGHERAFELT,LONDONDERRY,BT45 5QB,Primary school,Controlled,54.81238,-6.70686,130,18.53
4BB0384,Toddle-in Playgroup,"36A Church Road, Moneyreagh",NEWTOWNARDS,DOWN,BT23 6BB,VP Pre-schools,Other,54.53236,-5.8273,,
4010885,Tonagh Primary School,TONAGH AVENUE,LISBURN,ANTRIM,BT28 1DQ,Primary school,Controlled,54.5123,-6.05566,228,19.97
4316517,Tor Bank Special School,"5 Dunlady Road, DUNDONALD",BELFAST,ANTRIM,BT16 1TT,Special school,Controlled,54.59588,-5.79492,,7.15
3013332,Toreagh Primary School,62 RALOO ROAD,LARNE,ANTRIM,BT40 3DU,Primary school,Controlled,54.80718,-5.86241,105,17.62
4016111,Towerview Primary School,100 TOWERVIEW CRESCENT,BANGOR,DOWN,BT19 6AZ,Primary school,Controlled,54.66187,-5.6198,334,22.86
2116348,Trench Road Nursery School,"TRENCH ROAD, WATERSIDE",LONDONDERRY,LONDONDERRY,BT47 2DT,Nursery school,Controlled,54.98503,-7.30795,,27
4116175,Trinity Nursery School,BRUNSWICK ROAD,BANGOR,DOWN,BT20 3DW,Nursery school,Controlled,54.65762,-5.67589,,27
5CA0520,Trinity Park Pre-School,"51 Cottage Road, Dollingstown",CRAIGAVON,ARMAGH,BT67 9ND,VP Pre-schools,Other,54.46801,-6.29543,,
1110025,Tudor Lodge Nursery School,TUDOR PLACE CRUMLIN ROAD,BELFAST,ANTRIM,BT13 1LY,Nursery school,Controlled,54.60897,-5.94694,,26
4013038,Tullycarnet Primary School,"KING'S ROAD, KNOCK",BELFAST,ANTRIM,BT5 7EH,Primary school,Controlled,54.58782,-5.82875,552,11.83
5011190,Tullygally Primary School,"21 MEADOWBROOK ROAD, TULLYGALLY",LURGAN,ARMAGH,BT65 5AA,Primary school,Controlled,54.45223,-6.36044,232,18.2
2032603,Tummery Primary School,"118 NEWPARK ROAD, DROMORE",OMAGH,TYRONE,BT78 3JZ,Primary school,Roman Catholic Maintained,54.49609,-7.53348,95,14
5BB0199,Twinkle Playgroup,"24 Mullinahoe Road, Ardboe",DUNGANNON,TYRONE,BT71 5AT,VP Pre-schools,Other,54.61161,-6.55933,,
3260299,Ulidia Integrated College,112 VICTORA ROAD,CARRICKFERGUS,ANTRIM,BT38 7JL,Secondary (non-grammar) school,Grant Maintained Integrated,54.73139,-5.79753,500,14.42
3010850,Upper Ballyboley Primary School,36 BRAEPARK ROAD,BALLYCLARE,ANTRIM,BT39 9UW,Primary school,Controlled,54.79651,-5.95411,100,13.67
1420264,Victoria College,CRANMORE PARK,BELFAST,ANTRIM,BT9 6JA,Secondary (grammar) school,Voluntary,54.57247,-5.95029,870,16.17
1620264,Victoria College Prepatory School,CRANMORE PARK,BELFAST,ANTRIM,BT9 6JA,Preparatory Schools,Voluntary,54.57233,-5.94933,,13.45
1116011,Victoria Nursery School,1-3 VICTORIA PARADE,BELFAST,ANTRIM,BT15 2EP,Nursery school,Controlled,54.60932,-5.92988,,26
1016655,Victoria Park Primary School,Strandburn Street,BELFAST,ANTRIM,BT4 1LX,Primary school,Controlled,54.60478,-5.88222,406,25.22
3013330,Victoria Primary School,CORONATION ROAD,CARRICKFERGUS,ANTRIM,BT38 7EZ,Primary school,Controlled,54.72282,-5.79467,575,25.84
4011646,Victoria Primary School,EAST STREET,NEWTOWNARDS,DOWN,BT23 7DD,Primary school,Controlled,54.5958,-5.68794,592,23.11
4011488,Victoria Primary School (Ballyhalbert),"2 VICTORIA ROAD, BALLYHALBERT",NEWTOWNARDS,DOWN,BT22 1DQ,Primary school,Controlled,54.49343,-5.46257,174,18.13
1CA0650,Village Sure Start,339 Donegall Road,BELFAST,ANTRIM,BT12 6FQ,VP Pre-schools,Voluntary,54.58912,-5.95042,,
5012657,Walker Memorial Primary School,19 ANNAGHMAKEOWN ROAD,DUNGANNON,TYRONE,BT70 3DQ,Primary school,Controlled,54.50874,-6.83777,135,17.05
4420051,Wallace High School,12A CLONEVIN PARK,LISBURN,ANTRIM,BT28 3AD,Secondary (grammar) school,Voluntary,54.51832,-6.05117,1160,16.35
4620051,Wallace High School,12A CLONEVIN PARK,LISBURN,ANTRIM,BT28 3AD,Preparatory Schools,Voluntary,54.51832,-6.05117,,16.51
5011598,Waringstown Primary School,1 BANBRIDGE ROAD,CRAIGAVON,ARMAGH,BT66 7QH,Primary school,Controlled,54.43394,-6.30079,389,24.37
5CA0618,Washingford Playgroup,15 Washingford Row,DUNGANNON,TYRONE,BT71 7BG,VP Pre-schools,Other,54.50118,-6.77064,,
3AB0130,Watt Fun Community Playgroup,Ballywatt Road,COLERAINE,LONDONDERRY,BT52 2LT,VP Pre-schools,Other,55.16118,-6.57973,,
1CA0410,Wee Care Day Nursery,"8 Kings Road, Knock",BELFAST,ANTRIM,BT5 6JJ,VP Pre-schools,Other,54.59309,-5.8671,,
1410270,Wellington College,18 CAROLAN ROAD,BELFAST,ANTRIM,BT7 3HE,Secondary (grammar) school,Controlled,54.5709,-5.91913,770,16.36
4016083,West Winds Primary School,SUNDERLAND PARK,NEWTOWNARDS,DOWN,BT23 4RQ,Primary school,Controlled,54.58074,-5.69947,232,18.28
1016532,Wheatfield Primary School,ALLIANCE ROAD,BELFAST,ANTRIM,BT14 7JE,Primary school,Controlled,54.62058,-5.96771,348,16.08
3010846,Whiteabbey Primary School,20-30 OLD MANSE ROAD,NEWTOWNABBEY,ANTRIM,BT37 0RU,Primary school,Controlled,54.67956,-5.89497,414,25.83
3010874,Whitehead Primary School,"3 ISLANDMAGEE ROAD, WHITEHEAD",CARRICKFERGUS,ANTRIM,BT38 9NE,Primary school,Controlled,54.75689,-5.70707,390,25.28
3010827,Whitehouse Primary School,2 DOAGH ROAD,NEWTOWNABBEY,ANTRIM,BT37 9NZ,Primary school,Controlled,54.66099,-5.91129,406,23.11
2316694,Willowbridge School,"8 LOUGH SHORE ROAD, Drumlyon",ENNISKILLEN,FERMANAGH,BT74 7EY,Special school,Controlled,54.35071,-7.65954,,5.95
5066554,Windmill Integrated Primary School,30 OLD EGLISH ROAD,DUNGANNON,TYRONE,BT71 7BE,Primary school,Grant Maintained Integrated,54.49744,-6.77225,210,22.55
5AB0506,Windmill Playgroup,"Well Lane Community Centre, Well Lane, High Street",NEWRY,DOWN,BT34 1HE,VP Pre-schools,Other,54.17509,-6.33374,,
5016451,Windsor Hill Primary School,CHURCH AVENUE,NEWRY,DOWN,BT34 1DY,Primary school,Controlled,54.18011,-6.33269,243,23.55
1CA0651,Windsor Womens Centre,"136-144 Broadway, Donegall Road",BELFAST,ANTRIM,BT12 6HY,VP Pre-schools,Voluntary,54.58738,-5.95426,,
1AB0025,Wishing Well Family Centre,7-9 Alliance Crescent,BELFAST,ANTRIM,BT14 7PL,VP Pre-schools,Other,54.61998,-5.95865,,
3AB0126,Woodburn Playgroup,"Oakfield Community Development Centre, Oakfield Drive",CARRICKFERGUS,ANTRIM,BT38 7SP,VP Pre-schools,Other,54.73235,-5.80591,,
3010696,Woodburn Primary School,114 WOODBURN ROAD,CARRICKFERGUS,ANTRIM,BT38 9AB,Primary school,Controlled,54.72716,-5.84059,193,22
5AB0418,Woodland Adventure Playgroup,"32b Aughadarragh Road, Augher",AUGHER,TYRONE,BT77 0ET,VP Pre-schools,Other,54.3946,-7.10663,,
2BB0317,Woodlands pre school centre,"31A Longland Road, Donemana",STRABANE,TYRONE,BT82 0PH,VP Pre-schools,Other,54.87684,-7.30396,,
3016225,Woodlawn Primary School,2 WOODBURN AVENUE,CARRICKFERGUS,ANTRIM,BT38 8EZ,Primary school,Controlled,54.7218,-5.8213,310,20.4
5013702,Woods Primary School,38 OAKLEA ROAD,MAGHERAFELT,LONDONDERRY,BT45 6HX,Primary school,Controlled,54.71864,-6.55057,174,21.63
1CA0652,YMCA Daycare,58 Knightsbridge Park,BELFAST,ANTRIM,BT9 5EH,VP Pre-schools,Voluntary,54.56606,-5.93852,,
