seed,schuid,school_type,centre_type,name,address1,address2,address3,postcode,la,la_code,datazone,uprn,denomination,fte_teacher,pupil_roll,prop_minority_ethnic,prop_20pc_most_deprived,dz_simd_percentile,dz_simd_most_deprived_15pct,dz_simd_most_deprived_16_25pct,dz_simd_most_deprived_25pct,urban_rural_8,urban_rural_6,urban_rural_8_desc,urban_rural_6_desc,grid_easting,grid_northing,lat,lng
8212627,8212627P,Primary,Local Authority,Abbey Primary School,Claremont Crescent,,KILWINNING,KA13 7HG,North Ayrshire,S12000021,S01011295,126060678,Non-denominational,15.4,232,*,50 - <55%,58,N,N,N,2,2,Other Urban Areas,Other Urban Areas,2,2,643638,55.6563736,-4.706148,
5520924,5520924P,Primary,Local Authority,Abbeyhill Primary School,Abbey Street,Edinburgh,,EH7 5SJ,City of Edinburgh,S12000036,S01008686,906353988,Non-denominational,10.1,182,>20%,5 - <10%,33,N,N,N,1,1,Large Urban Areas,Large Urban Areas,1,1,674333,55.9564553,-3.1695825,
5237521,5237521P,Primary,Local Authority,Abbotswell School,Faulds Gate,Kincorth,ABERDEEN,AB12 5QX,Aberdeen City,S12000033,S01006604,9051057476,Non-denominational,15.7,229,10 - <20%,15 - <20%,45,N,N,N,1,1,Large Urban Areas,Large Urban Areas,1,1,803472,57.1221178,-2.1108072,
5212227,5212227P,Primary,Local Authority,Aberchirder School,Smith Crescent,Aberchirder Huntly,ABERDEENSHIRE,AB54 7TW,Aberdeenshire,S12000034,S01007030,151086442,Non-denominational,6.7,110,*,0%,41,N,N,N,7,6,Remote Rural Areas,Remote Rural Areas,7,6,852712,57.5629196,-2.6271059,
8448647,8448647SP,Special,Local Authority,Abercorn Secondary School,195 Garscube Road,,GLASGOW,G4 9QH,Glasgow City,S12000049,S01010297,906700048474,Non-denominational,30.5,140,>20%,65 - <70%,14,Y,N,Y,1,1,Large Urban Areas,Large Urban Areas,1,1,666569,55.8714692,-4.2615381,
5701929,5701929P,Primary,Local Authority,Abercromby Primary School,Tullibody South Campus,The Orchard,TULLIBODY,FK10 2SD,Clackmannanshire,S12000005,S01007409,35029493,Non-denominational,22.8,321,*,50 - <55%,47,N,N,N,3,3,Accessible Small Towns,Accessible Small Towns,3,3,694847,56.132598,-3.841288,"School Contacts List UPRN (35022360) is not in SAD 2024 Q1.  GISAT has assigned the UPRN from Tullibody South Campus (35029493), which shares the site."
5244439,5244439S,Secondary,Local Authority,Aberdeen Grammar School,Skene Street,Aberdeen,,AB10 1HT,Aberdeen City,S12000033,S01006564,9051064936,Non-denominational,107.4,1205,>20%,*,48,N,N,N,1,1,Large Urban Areas,Large Urban Areas,1,1,806234,57.1469242,-2.115954,
5245044,5245044SP,Special,Local Authority,Aberdeen School for the Deaf,Sunnybank School,Sunnybank Road,ABERDEEN,AB24 3NJ,Aberdeen City,S12000033,S01006664,9051070661,Non-denominational,6.3,11,*,*,76,N,N,N,1,1,Large Urban Areas,Large Urban Areas,1,1,807666,57.1597973,-2.1048351,
5440327,5440327P,Primary,Local Authority,Aberdour Primary School,Hawkcraig Road,Aberdour,BURNTISLAND,KY3 0UP,Fife,S12000047,S01009454,320189383,Non-denominational,11.7,148,5 - <10%,0%,76,N,N,N,6,5,Accessible Rural Areas,Accessible Rural Areas,6,5,685543,56.0559305,-3.2947596,
5720028,5720028P,Primary,Local Authority,Aberfoyle Primary School,Lochard Road,Aberfoyle,,FK8 3SZ,Stirling,S12000030,S01013117,122000209,Non-denominational,5,65,*,0%,69,N,N,N,7,6,Remote Rural Areas,Remote Rural Areas,7,6,701239,56.1805728,-4.3933094,
5400724,5400724P,Primary,Local Authority,Aberhill Primary School,Wellesley Road,Methil,LEVEN,KY8 3AD,Fife,S12000047,S01009636,320179203,Non-denominational,17.5,276,10 - <20%,95 - <100%,2,Y,N,Y,2,2,Other Urban Areas,Other Urban Areas,2,2,699931,56.1878519,-3.011636,
5552621,5552621P,Primary,Local Authority,Aberlady Primary School,Moor Road,Aberlady,EAST LOTHIAN,EH32 0RQ,East Lothian,S12000010,S01008243,138023600,Non-denominational,8.5,147,5 - <10%,0%,79,N,N,N,6,5,Accessible Rural Areas,Accessible Rural Areas,6,5,679717,56.007352,-2.8643101,
5300126,5300126P,Primary,Local Authority,Aberlemno Primary School,School Road,Aberlemno,FORFAR,DD8 3PE,Angus,S12000041,S01007228,117097853,Non-denominational,2.7,11,0%,*,48,N,N,N,6,5,Accessible Rural Areas,Accessible Rural Areas,6,5,755864,56.6920318,-2.7827627,
5209722,5209722P,Primary,Local Authority,Aberlour Primary School,Mary Avenue,Aberlour,MORAY,AB38 9PN,Moray,S12000020,S01011052,133002295,Non-denominational,8.2,105,*,0%,75,N,N,N,6,5,Accessible Rural Areas,Accessible Rural Areas,6,5,842772,57.4692344,-3.2255873,
5145023,5145023P,Primary,Local Authority,Abernethy Primary School,Nethybridge,,,PH25 3ED,Highland,S12000017,S01010542,130110305,Non-denominational,4.8,89,*,0%,69,N,N,N,7,6,Remote Rural Areas,Remote Rural Areas,7,6,821212,57.2707701,-3.6441762,
5340128,5340128P,Primary,Local Authority,Abernethy Primary School,78 Main Street,Abernethy,,PH2 9LA,Perth and Kinross,S12000048,S01011885,124079344,Non-denominational,8,129,*,0%,91,N,N,N,6,5,Accessible Rural Areas,Accessible Rural Areas,6,5,716529,56.3342033,-3.3082775,
5340225,5340225P,Primary,Local Authority,Abernyte Primary School,Abernyte,Inchture,,PH14 9ST,Perth and Kinross,S12000048,S01011967,124062128,Non-denominational,2.7,27,0%,0%,70,N,N,N,6,5,Accessible Rural Areas,Accessible Rural Areas,6,5,731111,56.466279,-3.2046483,
5340322,5340322P,Primary,Local Authority,Aberuthven Primary School,Main Road,Aberuthven,PERTHSHIRE,PH3 1HE,Perth and Kinross,S12000048,S01011871,124040503,Non-denominational,2.8,36,*,*,60,N,N,N,6,5,Accessible Rural Areas,Accessible Rural Areas,6,5,715415,56.3200851,-3.6521022,
8545022,8545022P,Primary,Local Authority,Abington Primary School,Carlisle Road,Abington,BIGGAR,ML12 6SD,South Lanarkshire,S12000029,S01012572,484181069,Non-denominational,4.1,40,0%,*,41,N,N,N,6,5,Accessible Rural Areas,Accessible Rural Areas,6,5,623660,55.4950027,-3.6932987,
5257530,5257530S,Secondary,Local Authority,Aboyne Academy,Bridgeview Road,Aboyne,ABERDEENSHIRE,AB34 5JN,Aberdeenshire,S12000034,S01006795,151085007,Non-denominational,60.6,669,0 - <5%,0%,82,N,N,N,7,6,Remote Rural Areas,Remote Rural Areas,7,6,798548,57.0754187,-2.7953613,
5256127,5256127P,Primary,Local Authority,Aboyne Primary School,Morven Plance,Aboyne,ABERDEENSHIRE,AB34 5JN,Aberdeenshire,S12000034,S01006795,151650719,Non-denominational,16.5,240,0 - <5%,0%,82,N,N,N,7,6,Remote Rural Areas,Remote Rural Areas,7,6,798437,57.0744187,-2.7953959,
8357021,8357021P,Primary,Local Authority,Abronhill Primary School,Medlar Road,Abronhill,CUMBERNAULD,G67 3AJ,North Lanarkshire,S12000050,S01011755,118037738,Non-denominational,11.3,158,5 - <10%,*,22,N,Y,Y,2,2,Other Urban Areas,Other Urban Areas,2,2,675058,55.9529065,-3.9615007,
8100128,8100128P,Primary,Local Authority,Achahoish Primary School,Achahoish,Lochgilphead,ARGYLL,PA31 8NZ,Argyll and Bute,S12000035,S01007320,125070825,Non-denominational,1.6,6,*,0%,67,N,N,N,8,6,Very Remote Rural Areas,Remote Rural Areas,8,6,675486,55.920188,-5.5845674,
5130123,5130123P,Primary,Local Authority,Acharacle Primary School,Acharacle,Argyll,,PH36 4JU,Highland,S12000017,S01010505,130111370,Non-denominational,5.1,48,*,0%,44,N,N,N,8,6,Very Remote Rural Areas,Remote Rural Areas,8,6,768115,56.7464727,-5.8046343,
5113024,5113024P,Primary,Local Authority,Achiltibuie Primary School,Achiltibuie,Ullapool,,IV26 2YG,Highland,S12000017,S01010693,130111569,Non-denominational,1.5,12,*,0%,55,N,N,N,8,6,Very Remote Rural Areas,Remote Rural Areas,8,6,907735,58.0149194,-5.3374819,
5500125,5500125P,Primary,Local Authority,Addiewell Primary School,Church Street,Addiewell,WEST CALDER,EH55 8PG,West Lothian,S12000040,S01013255,200004137619,Non-denominational,10.5,117,*,55 - <60%,38,N,N,N,3,3,Accessible Small Towns,Accessible Small Towns,3,3,662465,55.8447418,-3.6179057,
8640122,8640122P,Primary,Local Authority,Aileymill Primary School,Norfolk Road,,GREENOCK,PA16 0JG,Inverclyde,S12000018,S01010853,119052180,Non-denominational,19.9,299,0 - <5%,60 - <65%,31,N,N,N,2,2,Other Urban Areas,Other Urban Areas,2,2,675550,55.9407684,-4.8156496,
8505438,8505438S,Secondary,Local Authority,Airdrie Academy,South Commonhead Avenue,Airdrie,,ML6 6NX,North Lanarkshire,S12000050,S01011659,118140728,Non-denominational,73.9,1032,5 - <10%,40 - <45%,16,N,Y,Y,2,2,Other Urban Areas,Other Urban Areas,2,2,666485,55.8755426,-3.9815892,
5300223,5300223P,Primary,Local Authority,Airlie Primary School,Kirkton Road,Airlie,KIRRIEMUIR,DD8 5NP,Angus,S12000041,S01007268,117083272,Non-denominational,3,38,0%,0%,56,N,N,N,6,5,Accessible Rural Areas,Accessible Rural Areas,6,5,750154,56.6381721,-3.1180614,
5740223,5740223P,Primary,Local Authority,Airth Primary School,Elphinstone Crescent,Airth,FALKIRK,FK2 8JX,Falkirk,S12000014,S01009125,136035495,Non-denominational,11.4,166,*,*,39,N,N,N,6,5,Accessible Rural Areas,Accessible Rural Areas,6,5,687617,56.0686899,-3.7683167,
5237629,5237629P,Primary,Local Authority,Airyhall School,Countesswells Road,Aberdeen,,AB15 8AD,Aberdeen City,S12000033,S01006542,9051018828,Non-denominational,20.1,368,>20%,0%,97,N,N,N,1,1,Large Urban Areas,Large Urban Areas,1,1,804590,57.1321195,-2.150731,
6103030,6103030P,Primary,Local Authority,Aith Junior High School,Aith,Shetland,,ZE2 9NB,Shetland Islands,S12000027,S01012407,30100006738,Non-denominational,7.9,102,*,0%,72,N,N,N,8,6,Very Remote Rural Areas,Remote Rural Areas,8,6,1155673,60.2837886,-1.377676,
6103030,6103030S,Secondary,Local Authority,Aith Junior High School,Aith,Shetland,,ZE2 9NB,Shetland Islands,S12000027,S01012407,30100006738,Non-denominational,11.8,116,*,0%,72,N,N,N,8,6,Very Remote Rural Areas,Remote Rural Areas,8,6,1155673,60.2837886,-1.377676,
8301727,8301727P,Primary,Local Authority,Aitkenbar Primary School,Bellsmyre Campus,Howatshaws Road,DUMBARTON,G82 3DR,West Dunbartonshire,S12000039,S01013184,129056552,Non-denominational,10.3,161,*,10 - <15%,12,Y,N,Y,2,2,Other Urban Areas,Other Urban Areas,2,2,676790,55.9577091,-4.5496689,
8519323,8519323P,Primary,Local Authority,Aitkenhead Primary School,Lincoln Avenue,Tannochside,UDDINGSTON,G71 5QZ,North Lanarkshire,S12000050,S01011552,118114657,Non-denominational,11.8,184,*,5 - <10%,63,N,N,N,1,1,Large Urban Areas,Large Urban Areas,1,1,662140,55.8348598,-4.0805535,
5137527,5137527P,Primary,Local Authority,Aldourie Primary School,Aldourie,By Inverness,,IV2 6DP,Highland,S12000017,S01010596,130110242,Non-denominational,3.6,23,*,0%,76,N,N,N,6,5,Accessible Rural Areas,Accessible Rural Areas,6,5,836351,57.3961434,-4.3200098,
5232422,5232422P,Primary,Local Authority,Alehousewells School,Bremner Way,Kemnay Inverurie,ABERDEENSHIRE,AB51 5FW,Aberdeenshire,S12000034,S01006889,151085026,Non-denominational,8.1,128,5 - <10%,0%,40,N,N,N,3,3,Accessible Small Towns,Accessible Small Towns,3,3,816636,57.2396064,-2.4520444,
8516421,8516421P,Primary,Local Authority,Alexander Peden Primary,West Main Street,Harthill,SHOTTS,ML7 5TU,North Lanarkshire,S12000050,S01011441,118058575,Non-denominational,12.6,152,*,30 - <35%,18,N,Y,Y,3,3,Accessible Small Towns,Accessible Small Towns,3,3,664234,55.8587236,-3.7571807,
8405328,8405328P,Primary,Local Authority,Alexandra Parade Primary School,136 Armadale Street,,GLASGOW,G31 2TL,Glasgow City,S12000049,S01010237,906700134270,Non-denominational,16.5,273,>20%,55 - <60%,56,N,N,N,1,1,Large Urban Areas,Large Urban Areas,1,1,665541,55.8630633,-4.2157743,
5230934,5230934S,Secondary,Local Authority,Alford Academy,Alford Community Campus,Greystone Road,ALFORD,AB33 8TY,Aberdeenshire,S12000034,S01006885,151170828,Non-denominational,59,733,0 - <5%,0%,74,N,N,N,7,6,Remote Rural Areas,Remote Rural Areas,7,6,815854,57.2313696,-2.71361,
5224020,5224020P,Primary,Local Authority,Alford Primary School,Alford Community Campus,Greystone Road,ALFORD,AB33 8TY,Aberdeenshire,S12000034,S01006885,151170847,Non-denominational,21,343,5 - <10%,*,74,N,N,N,7,6,Remote Rural Areas,Remote Rural Areas,7,6,815825,57.231105,-2.713961,
8500320,8500320P,Primary,Local Authority,All Saints Primary School,88 Bellsdyke Road,Cairnhill,AIRDRIE,ML6 9DW,North Lanarkshire,S12000050,S01011643,118183657,Roman Catholic,11.9,220,5 - <10%,10 - <15%,61,N,N,N,2,2,Other Urban Areas,Other Urban Areas,2,2,664557,55.8582433,-3.9802053,
8640220,8640220P,Primary,Local Authority,All Saints Primary School,Blairmore Road,,GREENOCK,PA15 3JS,Inverclyde,S12000018,S01010901,119052385,Roman Catholic,27.4,372,5 - <10%,80 - <85%,3,Y,N,Y,2,2,Other Urban Areas,Other Urban Areas,2,2,674669,55.9345893,-4.7381927,
8431930,8431930S,Secondary,Local Authority,All Saints Secondary School,299 Ryehill Road,,GLASGOW,G21 3EN,Glasgow City,S12000049,S01010199,906700375787,Roman Catholic,67.6,905,>20%,70 - <75%,10,Y,N,Y,1,1,Large Urban Areas,Large Urban Areas,1,1,668087,55.8861754,-4.20294,
5724821,5724821P,Primary,Local Authority,Allan's Primary School,29 Spittal Street,Stirling,,FK8 1DU,Stirling,S12000030,S01013067,122018491,Non-denominational,11.1,158,*,20 - <25%,70,N,N,N,2,2,Other Urban Areas,Other Urban Areas,2,2,693507,56.1190281,-3.940673,
8510326,8510326P,Primary,Local Authority,Allanton Primary School,Dura Road,Allanton,SHOTTS,ML7 5AB,North Lanarkshire,S12000050,S01011428,118051150,Non-denominational,7.3,88,*,*,39,N,N,N,6,5,Accessible Rural Areas,Accessible Rural Areas,6,5,657975,55.8014875,-3.8251516,
5702534,5702534S,Secondary,Local Authority,Alloa Academy,Bowhouse Road,Alloa,,FK10 1DN,Clackmannanshire,S12000005,S01007466,35025490,Non-denominational,62.6,757,5 - <10%,40 - <45%,4,Y,N,Y,2,2,Other Urban Areas,Other Urban Areas,2,2,692131,56.1088878,-3.7936069,
8230625,8230625P,Primary,Local Authority,Alloway Primary School,16 Doonholm Road,Ayr,,KA7 4QQ,South Ayrshire,S12000028,S01012458,141061344,Non-denominational,21.2,383,5 - <10%,*,81,N,N,N,2,2,Other Urban Areas,Other Urban Areas,2,2,618276,55.4300508,-4.6309366,
5120136,5120136S,Secondary,Local Authority,Alness Academy,Dalmore,,ALNESS,IV17 0UY,Highland,S12000017,S01010737,130176799,Non-denominational,39.8,505,*,45 - <50%,32,N,N,N,7,6,Remote Rural Areas,Remote Rural Areas,4,4,869231,57.6928825,-4.2484046,
5702836,5702836S,Secondary,Local Authority,Alva Academy,Academy Avenue,Alva,,FK12 5FE,Clackmannanshire,S12000005,S01007429,35025570,Non-denominational,82.6,962,0 - <5%,10 - <15%,42,N,N,N,3,3,Accessible Small Towns,Accessible Small Towns,3,3,696763,56.1505494,-3.7914324,
5700825,5700825P,Primary,Local Authority,Alva Primary School,Brook Street,Alva,,FK12 5LY,Clackmannanshire,S12000005,S01007429,35007154,Non-denominational,30.1,355,5 - <10%,5 - <10%,42,N,N,N,3,3,Accessible Small Towns,Accessible Small Towns,3,3,696817,56.1509521,-3.7966458,
5200326,5200326P,Primary,Local Authority,Alves Primary School,Main Road,Alves,MORAY,IV30 8UR,Moray,S12000020,S01011148,133001409,Non-denominational,6,77,10 - <20%,0%,51,N,N,N,6,5,Accessible Rural Areas,Accessible Rural Areas,6,5,862136,57.640765,-3.4540776,
5145120,5145120P,Primary,Local Authority,Alvie Primary School,Kincraig,Kingussie,,PH21 1ND,Highland,S12000017,S01010535,130107391,Non-denominational,2.3,46,*,0%,68,N,N,N,7,6,Remote Rural Areas,Remote Rural Areas,7,6,806542,57.1349604,-3.9257341,
5352223,5352223P,Primary,Local Authority,Alyth Primary School,Albert Street,Alyth,,PH11 8AX,Perth and Kinross,S12000048,S01011977,124008060,Non-denominational,9.9,133,*,*,43,N,N,N,6,5,Accessible Rural Areas,Accessible Rural Areas,6,5,748273,56.6201829,-3.2335338,
5935229,5935229P,Primary,Local Authority,Amisfield School,Amisfield,Dumfries,,DG1 3LN,Dumfries and Galloway,S12000006,S01007567,137061813,Non-denominational,2.5,36,0%,*,69,N,N,N,6,5,Accessible Rural Areas,Accessible Rural Areas,6,5,582872,55.1301197,-3.5679286,
5630029,5630029P,Primary,Local Authority,Ancrum Primary School,Jedburgh,Roxburghshire,,TD8 6XA,Scottish Borders,S12000026,S01012342,116048131,Non-denominational,2.6,31,0%,0%,60,N,N,N,6,5,Accessible Rural Areas,Accessible Rural Areas,6,5,624440,55.5122921,-2.5913407,
5323320,5323320P,Primary,Local Authority,Ancrum Road Primary School,47 Ancrum Road,Dundee,,DD2 2HX,Dundee City,S12000042,S01007836,9059036733,Non-denominational,20,318,5 - <10%,45 - <50%,53,N,N,N,1,1,Large Urban Areas,Large Urban Areas,1,1,731231,56.4690969,-3.0085384,
6103634,6103634S,Secondary,Local Authority,Anderson High School,North Loch Drive,Lerwick,SHETLAND,ZE1 0GR,Shetland Islands,S12000027,S01012397,30100000033,Non-denominational,84.7,986,0 - <5%,0%,55,N,N,N,5,4,Very Remote Small Towns,Remote Small Towns,5,4,1140864,60.1494683,-1.1373481,
5201322,5201322P,Primary,Local Authority,Anderson's Primary School,High Street,Forres,MORAY,IV36 1DB,Moray,S12000020,S01011155,133039538,Non-denominational,15,259,*,0 - <5%,42,N,N,N,3,3,Accessible Small Towns,Accessible Small Towns,3,3,859015,57.6108433,-3.6095408,
8405425,8405425P,Primary,Local Authority,Anderston Primary School,7 Port Street,,GLASGOW,G3 8HY,Glasgow City,S12000049,S01010277,906700081806,Non-denominational,14.4,225,>20%,40 - <45%,13,Y,N,Y,1,1,Large Urban Areas,Large Urban Areas,1,1,665505,55.8616292,-4.2765794,
5301424,5301424P,Primary,Local Authority,Andover Primary School,50A Drumachlie Park,Brechin,,DD9 7BU,Angus,S12000041,S01007233,117083810,Non-denominational,18.4,241,*,30 - <35%,49,N,N,N,3,3,Accessible Small Towns,Accessible Small Towns,3,3,760019,56.7301502,-2.6448989,
5221447,5221447SP,Special,Local Authority,Anna Ritchie School,Grange Gardens,Peterhead,ABERDEENSHIRE,AB42 2AP,Aberdeenshire,S12000034,S01007079,151085042,Non-denominational,14.9,80,*,10 - <15%,36,N,N,N,2,2,Other Urban Areas,Other Urban Areas,2,2,846225,57.5060502,-1.7998643,
5948339,5948339S,Secondary,Local Authority,Annan Academy,St John's Road,Annan,DUMFRIESSHIRE,DG12 6AP,Dumfries and Galloway,S12000006,S01007661,137020551,Non-denominational,62,971,*,5 - <10%,40,N,N,N,3,3,Accessible Small Towns,Accessible Small Towns,3,3,566304,54.9847974,-3.2603155,
8221723,8221723P,Primary,Local Authority,Annanhill Primary School,Beech Avenue,Kilmarnock,,KA1 2EW,East Ayrshire,S12000008,S01008017,127066833,Non-denominational,27.8,470,5 - <10%,10 - <15%,93,N,N,N,2,2,Other Urban Areas,Other Urban Areas,2,2,637742,55.6074915,-4.5131189,
8230323,8230323P,Primary,Local Authority,Annbank Primary School,39 Annbank Road,Mossblown,AYR,KA6 5DZ,South Ayrshire,S12000028,S01012536,141047318,Non-denominational,17.3,265,*,*,31,N,N,N,6,5,Accessible Rural Areas,Accessible Rural Areas,6,5,624449,55.4877531,-4.5254039,
8405522,8405522P,Primary,Local Authority,Annette Street Primary School,27 Annette Street,,GLASGOW,G42 8YB,Glasgow City,S12000049,S01009888,906700367770,Non-denominational,14.5,176,>20%,75 - <80%,18,N,Y,Y,1,1,Large Urban Areas,Large Urban Areas,1,1,662674,55.8364841,-4.2604163,
8218323,8218323P,Primary,Local Authority,Annick Primary School,Bensley Rise,Girdle Toll,IRVINE,KA11 1BQ,North Ayrshire,S12000021,S01011201,126061545,Non-denominational,23.2,434,0 - <5%,10 - <15%,48,N,N,N,2,2,Other Urban Areas,Other Urban Areas,2,2,640037,55.6255061,-4.6372962,
5400023,5400023P,Primary,Local Authority,Anstruther Primary School,St Andrew's Road,Anstruther,FIFE,KY10 3HD,Fife,S12000047,S01009710,320229200,Non-denominational,16,284,0 - <5%,0%,52,N,N,N,3,3,Accessible Small Towns,Accessible Small Towns,3,3,704055,56.2270526,-2.7015947,
5759226,5759226P,Primary,Local Authority,Antonine Primary School,Broomhill Road,Bonnybridge,,FK4 2AN,Falkirk,S12000014,S01009083,136069117,Non-denominational,13.8,191,0 - <5%,*,46,N,N,N,2,2,Other Urban Areas,Other Urban Areas,2,2,679859,55.9972339,-3.885717,
8411921,8411921P,Primary,Local Authority,Antonine Primary School,4 Abbotshall Avenue,,GLASGOW,G15 8PR,Glasgow City,S12000049,S01010500,906700419828,Non-denominational,18.6,293,5 - <10%,85 - <90%,7,Y,N,Y,1,1,Large Urban Areas,Large Urban Areas,1,1,671119,55.9101691,-4.3778793,
5113229,5113229P,Primary,Local Authority,Applecross Primary School,Applecross,Strathcarron,ROSS-SHIRE,IV54 8LU,Highland,S12000017,S01010688,130111500,Non-denominational,1.7,10,0%,0%,58,N,N,N,8,6,Very Remote Rural Areas,Remote Rural Areas,8,6,842014,57.4106409,-5.8135905,
5945429,5945429P,Primary,Local Authority,Applegarth School,Lockerbie,Dumfriesshire,,DG11 2SH,Dumfries and Galloway,S12000006,S01007640,137066656,Non-denominational,2.9,39,0%,0%,41,N,N,N,6,5,Accessible Rural Areas,Accessible Rural Areas,6,5,587060,55.1699206,-3.3895952,
5201527,5201527P,Primary,Local Authority,Applegrove Primary School,Orchard Road,Forres,MORAY,IV36 1PJ,Moray,S12000020,S01011154,133001001,Non-denominational,19,278,5 - <10%,*,20,N,Y,Y,3,3,Accessible Small Towns,Accessible Small Towns,3,3,858658,57.6076215,-3.6106871,
5300320,5300320P,Primary,Local Authority,Arbirlot Primary School,Arbirlot,By Arbroath,,DD11 2PZ,Angus,S12000041,S01007171,117081285,Non-denominational,3,20,0%,0%,67,N,N,N,6,5,Accessible Rural Areas,Accessible Rural Areas,6,5,739947,56.5496923,-2.6698191,
5307031,5307031S,Secondary,Local Authority,Arbroath Academy,Glenisla Drive,Arbroath,,DD11 5JD,Angus,S12000041,S01007195,117082503,Non-denominational,61.6,683,*,25 - <30%,16,N,Y,Y,2,2,Other Urban Areas,Other Urban Areas,2,2,742079,56.5693325,-2.5726192,
5307139,5307139S,Secondary,Local Authority,Arbroath High School,Keptie Road,Arbroath,,DD11 3EN,Angus,S12000041,S01007182,117082306,Non-denominational,73.6,889,0 - <5%,15 - <20%,52,N,N,N,2,2,Other Urban Areas,Other Urban Areas,2,2,741212,56.5614112,-2.6005824,
8214123,8214123P,Primary,Local Authority,Ardeer Primary School,Clark Crescent,,STEVENSTON,KA20 3LZ,North Ayrshire,S12000021,S01011236,126060431,Non-denominational,13.8,144,*,80 - <85%,17,N,Y,Y,2,2,Other Urban Areas,Other Urban Areas,2,2,641063,55.6321743,-4.7534649,
5137624,5137624P,Primary,Local Authority,Ardersier Primary School,Ardersier,,,IV2 7SW,Highland,S12000017,S01010570,130087904,Non-denominational,7.9,112,*,*,30,N,N,N,6,5,Accessible Rural Areas,Accessible Rural Areas,6,5,854734,57.5662399,-4.0351688,
5130220,5130220P,Primary,Local Authority,Ardgour Primary School,Ardgour,By Fort William,,PH33 7AB,Highland,S12000017,S01010508,130111296,Non-denominational,2.1,18,0%,0%,56,N,N,N,7,6,Remote Rural Areas,Remote Rural Areas,8,6,763495,56.7203467,-5.2617584,
8640327,8640327P,Primary,Local Authority,Ardgowan Primary School,Newton Street,Greenock,,PA16 8SN,Inverclyde,S12000018,S01010874,119049920,Non-denominational,23.6,440,10 - <20%,20 - <25%,74,N,N,N,2,2,Other Urban Areas,Other Urban Areas,2,2,676583,55.9510048,-4.7737901,
5323428,5323428P,Primary,Local Authority,Ardler Primary School,Turnberry Avenue,Dundee,,DD2 3TP,Dundee City,S12000042,S01007859,9059054984,Non-denominational,10.6,110,*,60 - <65%,7,Y,N,Y,1,1,Large Urban Areas,Large Urban Areas,1,1,733433,56.4888389,-3.0137074,
5130239,5130239S,Secondary,Local Authority,Ardnamurchan High School,Drimnatorran,Strontian,ACHARCLE,PH36 4JA,Highland,S12000017,S01010508,130092475,Non-denominational,16.6,126,*,0%,56,N,N,N,8,6,Very Remote Rural Areas,Remote Rural Areas,8,6,762146,56.6998108,-5.5681904,
8100926,8100926P,Primary,Local Authority,Ardrishaig Primary School,Glengilp Road,Ardrishaig,ARGYLL,PA30 8HF,Argyll and Bute,S12000035,S01007319,125030687,Non-denominational,6.6,90,5 - <10%,0%,61,N,N,N,8,6,Very Remote Rural Areas,Remote Rural Areas,8,6,686176,56.0201378,-5.4503222,
5113326,5113326P,Primary,Local Authority,Ardross Primary School,Ardross,Alness,,IV17 0XW,Highland,S12000017,S01010699,130109963,Non-denominational,2.7,27,0%,*,58,N,N,N,7,6,Remote Rural Areas,Remote Rural Areas,7,6,873585,57.7314461,-4.2795484,
8214638,8214638S,Secondary,Local Authority,Ardrossan Academy,Sorbie Road,,ARDROSSAN,KA22 8AR,North Ayrshire,S12000021,S01011258,126060254,Non-denominational,74.2,795,0 - <5%,50 - <55%,63,N,N,N,2,2,Other Urban Areas,Other Urban Areas,2,2,642547,55.6444546,-4.8002302,
5251524,5251524P,Primary,Local Authority,Arduthie School,Arduthie Road,Stonehaven,KINCARDINESHIRE,AB39 2DP,Aberdeenshire,S12000034,S01006832,151085052,Non-denominational,20.7,389,0 - <5%,0%,90,N,N,N,2,2,Other Urban Areas,Other Urban Areas,2,2,786010,56.965123,-2.2167258,
8100829,8100829P,Primary,Local Authority,Arinagour Primary School,Arinagour,Isle Of Coll,ARGYLL,PA78 6TA,Argyll and Bute,S12000035,S01007284,125041637,Non-denominational,1.7,4,*,*,44,N,N,N,8,6,Very Remote Rural Areas,Remote Rural Areas,8,6,756974,56.6220703,-6.5272039,
5133327,5133327P,Primary,Local Authority,Arisaig Primary School,Arisaig,,,PH39 4NH,Highland,S12000017,S01010506,130111375,Non-denominational,2.9,29,0%,0%,57,N,N,N,8,6,Very Remote Rural Areas,Remote Rural Areas,8,6,787059,56.9154491,-5.8488931,
8626928,8626928P,Primary,Local Authority,Arkleston Primary School,Cockels Loan,,RENFREW,PA4 0EL,Renfrewshire,S12000038,S01012174,123077963,Non-denominational,15.8,295,10 - <20%,5 - <10%,80,N,N,N,1,1,Large Urban Areas,Large Urban Areas,1,1,666172,55.8655464,-4.3861798,
5509238,5509238S,Secondary,Local Authority,Armadale Academy,West Main Street,Armadale,WEST LOTHIAN,EH48 3LY,West Lothian,S12000040,S01013384,135009600,Non-denominational,82.4,1157,0 - <5%,*,35,N,N,N,2,2,Other Urban Areas,Other Urban Areas,2,2,668184,55.8948308,-3.7142026,
5504627,5504627P,Primary,Local Authority,Armadale Primary School,Academy Street,Armadale,WEST LOTHIAN,EH48 3JD,West Lothian,S12000040,S01013384,200004125401,Non-denominational,20.7,338,0 - <5%,20 - <25%,35,N,N,N,2,2,Other Urban Areas,Other Urban Areas,2,2,668422,55.8971041,-3.704122,
5224128,5224128P,Primary,Local Authority,Arnage School,Auchnagatt,Ellon,ABERDEENSHIRE,AB41 8UX,Aberdeenshire,S12000034,S01007061,151113034,Non-denominational,2.7,27,0%,0%,75,N,N,N,6,5,Accessible Rural Areas,Accessible Rural Areas,6,5,838817,57.4396425,-2.0752993,
5340721,5340721P,Primary,Local Authority,Arngask Primary School,Main Street,Glenfarg,PERTH,PH2 9NT,Perth and Kinross,S12000048,S01011880,124016952,Non-denominational,6.7,74,*,0%,66,N,N,N,6,5,Accessible Rural Areas,Accessible Rural Areas,6,5,710795,56.2816992,-3.3982792,
8200831,8200831S,Secondary,Local Authority,Arran High School,Lamlash,,ISLE OF ARRAN,KA27 8NG,North Ayrshire,S12000021,S01011175,126073240,Non-denominational,28.3,242,0 - <5%,0%,53,N,N,N,8,6,Very Remote Rural Areas,Remote Rural Areas,8,6,630743,55.5302726,-5.1334013,
8300925,8300925P,Primary,Local Authority,Arrochar Primary School,Tarbet,Arrochar,,G83 7DG,Argyll and Bute,S12000035,S01007358,125054799,Non-denominational,3.7,39,*,0%,68,N,N,N,6,5,Accessible Rural Areas,Accessible Rural Areas,6,5,704672,56.2049307,-4.7080512,
5237823,5237823P,Primary,Local Authority,Ashley Road School,45 Ashley Road,Aberdeen,,AB10 6RU,Aberdeen City,S12000033,S01006576,9051044960,Non-denominational,20.9,440,>20%,0%,94,N,N,N,1,1,Large Urban Areas,Large Urban Areas,1,1,805252,57.1381034,-2.1231883,
8410429,8410429P,Primary,Local Authority,Ashpark Primary School,75 Kyleakin Road,,GLASGOW,G46 8DQ,Glasgow City,S12000049,S01009759,906700429981,Non-denominational,20.8,301,10 - <20%,85 - <90%,3,Y,N,Y,1,1,Large Urban Areas,Large Urban Areas,1,1,659626,55.8077373,-4.3328153,
1003135,1003135SP,Special,Local Authority,Ashton Secondary School,100 Avenue End Road,,GLASGOW,G33 3SW,Glasgow City,S12000049,S01010168,906700008741,Inter-denominational,34,126,>20%,60 - <65%,18,N,Y,Y,1,1,Large Urban Areas,Large Urban Areas,1,1,667078,55.8778091,-4.1633933,
5552729,5552729P,Primary,Local Authority,Athelstaneford Primary School,Athelstaneford,North Berwick,EAST LOTHIAN,EH39 5BE,East Lothian,S12000010,S01008262,138029558,Non-denominational,4,53,0%,0%,58,N,N,N,6,5,Accessible Rural Areas,Accessible Rural Areas,6,5,677293,55.9863394,-2.7468676,
5249821,5249821P,Primary,Local Authority,Auchenblae School,Auchenblae,Fordoun,KINCARDINESHIRE,AB30 1WQ,Aberdeenshire,S12000034,S01006811,151109682,Non-denominational,7.4,97,*,0%,69,N,N,N,6,5,Accessible Rural Areas,Accessible Rural Areas,6,5,778527,56.8972668,-2.4521145,
5915023,5915023P,Primary,Local Authority,Auchencairn School,Auchencairn,Castle Douglas,,DG7 1QU,Dumfries and Galloway,S12000006,S01007531,137023846,Non-denominational,3.3,31,*,0%,56,N,N,N,7,6,Remote Rural Areas,Remote Rural Areas,7,6,551254,54.8415655,-3.8777315,
8545227,8545227P,Primary,Local Authority,Auchengray Primary School,Auchengray Road,,CARNWATH,ML11 8LN,South Lanarkshire,S12000029,S01012588,484178789,Non-denominational,3.7,25,0%,0%,65,N,N,N,6,5,Accessible Rural Areas,Accessible Rural Areas,6,5,653962,55.7685414,-3.6016378,
8216134,8216134S,Secondary,Local Authority,Auchenharvie Academy,Saltcoats Road,,STEVENSTON,KA20 3JW,North Ayrshire,S12000021,S01011268,126060372,Non-denominational,59.3,678,0 - <5%,75 - <80%,35,N,N,N,2,2,Other Urban Areas,Other Urban Areas,2,2,641784,55.6383217,-4.7682786,
8622620,8622620P,Primary,Local Authority,Auchenlodment Primary School,Aspen Place,,JOHNSTONE,PA5 9QQ,Renfrewshire,S12000038,S01012053,123017961,Non-denominational,11.9,195,*,30 - <35%,36,N,N,N,1,1,Large Urban Areas,Large Urban Areas,1,1,662105,55.8267012,-4.5015096,
8240620,8240620P,Primary,Local Authority,Auchinleck Primary School,Dalsalloch Road,Auchinleck,,KA18 2BU,East Ayrshire,S12000008,S01007924,127036355,Non-denominational,14.2,171,*,80 - <85%,17,N,Y,Y,3,3,Accessible Small Towns,Accessible Small Towns,3,3,622423,55.4739923,-4.3000399,
8340129,8340129P,Primary,Local Authority,Auchinloch Primary School,Forth Avenue,Auchinloch,KIRKINTILLOCH,G66 5DU,North Lanarkshire,S12000050,S01011702,118136285,Non-denominational,9.6,99,5 - <10%,*,63,N,N,N,6,5,Accessible Rural Areas,Accessible Rural Areas,6,5,670542,55.9091702,-4.1502922,
8520224,8520224P,Primary,Local Authority,Auchinraith Primary School,Victoria Street,Blantyre,,G72 0BF,South Lanarkshire,S12000029,S01012760,484163542,Non-denominational,21.5,290,10 - <20%,65 - <70%,11,Y,N,Y,2,2,Other Urban Areas,Other Urban Areas,2,2,657271,55.7909224,-4.0911458,
5406439,5406439S,Secondary,Local Authority,Auchmuty High School,Dovecot Road,Glenrothes,,KY7 5JL,Fife,S12000047,S01009574,320314239,Non-denominational,94.9,1302,0 - <5%,10 - <15%,26,N,N,N,2,2,Other Urban Areas,Other Urban Areas,2,2,700958,56.195811,-3.1568012,
5215420,5215420P,Primary,Local Authority,Auchnagatt School,Auchnagatt,Ellon,ABERDEENSHIRE,AB41 8TF,Aberdeenshire,S12000034,S01007061,151108377,Non-denominational,4.2,72,*,0%,75,N,N,N,6,5,Accessible Rural Areas,Accessible Rural Areas,6,5,841868,57.46702,-2.1131308,
5225922,5225922P,Primary,Local Authority,Auchterellon School,Millwood Road,Ellon,ABERDEENSHIRE,AB41 9FA,Aberdeenshire,S12000034,S01006968,151085068,Non-denominational,19,334,*,0%,60,N,N,N,2,2,Other Urban Areas,Other Urban Areas,2,2,831107,57.3703787,-2.0917024,
5340829,5340829P,Primary,Local Authority,Auchtergaven Primary School,Prieston Road,Bankfoot,PERTH,PH1 4DE,Perth and Kinross,S12000048,S01012001,124046236,Non-denominational,8.9,111,*,0%,56,N,N,N,6,5,Accessible Rural Areas,Accessible Rural Areas,6,5,735241,56.4999124,-3.52109,
5320127,5320127P,Primary,Local Authority,Auchterhouse Primary School,Kirkton of Auchterhouse,Dundee,,DD3 0QS,Angus,S12000041,S01007135,117077507,Non-denominational,2.9,27,0%,0%,79,N,N,N,6,5,Accessible Rural Areas,Accessible Rural Areas,6,5,738059,56.5299167,-3.0713961,
5215528,5215528P,Primary,Local Authority,Auchterless School,Auchterless,Turriff,ABERDEENSHIRE,AB53 8BA,Aberdeenshire,S12000034,S01007016,151106874,Non-denominational,5.3,59,*,0%,62,N,N,N,6,5,Accessible Rural Areas,Accessible Rural Areas,7,6,841614,57.4638734,-2.4803228,
5420423,5420423P,Primary,Local Authority,Auchtermuchty Primary School,Back Dykes,Auchtermuchty,CUPAR,KY14 7AB,Fife,S12000047,S01009673,320174761,Non-denominational,9.1,139,*,0%,65,N,N,N,6,5,Accessible Rural Areas,Accessible Rural Areas,6,5,711977,56.294084,-3.2322088,
5400929,5400929P,Primary,Local Authority,Auchtertool Primary School,Main Street,Auchtertool,KIRKCALDY,KY2 5XW,Fife,S12000047,S01009457,320179644,Non-denominational,3.9,31,*,*,64,N,N,N,6,5,Accessible Rural Areas,Accessible Rural Areas,6,5,690617,56.1018921,-3.2590038,
5128625,5128625P,Primary,Local Authority,Auchtertyre Primary,Auchtertyre,Balmacara,KYLE OF LOCHALSH,IV40 8EG,Highland,S12000017,S01010670,130111497,Non-denominational,3.6,44,*,0%,56,N,N,N,8,6,Very Remote Rural Areas,Remote Rural Areas,8,6,827535,57.2871463,-5.5867206,
5152526,5152526P,Primary,Local Authority,Auldearn Primary School,Manse Road,Auldearn,NAIRN,IV12 5SX,Highland,S12000017,S01010550,130110093,Non-denominational,10.5,192,*,*,59,N,N,N,6,5,Accessible Rural Areas,Accessible Rural Areas,6,5,855445,57.5761123,-3.8060964,
8530025,8530025P,Primary,Local Authority,Auldhouse Primary School,Auldhouse,East Kilbride,,G75 9DT,South Lanarkshire,S12000029,S01012895,484124310,Non-denominational,4,44,*,0%,72,N,N,N,6,5,Accessible Rural Areas,Accessible Rural Areas,2,2,650312,55.7266178,-4.1921584,
8420122,8420122P,Primary,Local Authority,Aultmore Park Primary School,50 Newhills Road,,GLASGOW,G33 4HH,Glasgow City,S12000049,S01010118,906700429720,Non-denominational,27.6,283,5 - <10%,90 - <95%,1,Y,N,Y,1,1,Large Urban Areas,Large Urban Areas,1,1,665229,55.8617213,-4.1330787,
8411123,8411123P,Primary,Local Authority,Avenue End Primary School,290 Mossvale Road,,GLASGOW,G33 5NY,Glasgow City,S12000049,S01010169,906700420193,Non-denominational,20.6,302,10 - <20%,60 - <65%,6,Y,N,Y,1,1,Large Urban Areas,Large Urban Areas,1,1,666630,55.8738371,-4.1603109,
5145228,5145228P,Primary,Local Authority,Aviemore Primary School,Muirton,Aviemore,,PH22 1SF,Highland,S12000017,S01010536,130165367,Non-denominational,15.3,237,0 - <5%,0%,49,N,N,N,4,4,Remote Small Towns,Remote Small Towns,4,4,813294,57.1971138,-3.8268288,
5113423,5113423P,Primary,Local Authority,Avoch Primary School,Avoch,,,IV9 8PS,Highland,S12000017,S01010722,130111969,Non-denominational,15.1,293,0 - <5%,*,57,N,N,N,6,5,Accessible Rural Areas,Accessible Rural Areas,6,5,855145,57.5675555,-4.1776555,
5740320,5740320P,Primary,Local Authority,Avonbridge Primary School,Main Street,Avonbridge,FALKIRK,FK1 2NG,Falkirk,S12000014,S01009188,136035864,Non-denominational,4.5,33,0%,0%,31,N,N,N,6,5,Accessible Rural Areas,Accessible Rural Areas,6,5,672510,55.9332545,-3.7459066,
8235538,8235538S,Secondary,Local Authority,Ayr Academy,University Avenue,Ayr,,KA8 0SZ,South Ayrshire,S12000028,S01012494,141071498,Non-denominational,50.4,602,0 - <5%,55 - <60%,46,N,N,N,2,2,Other Urban Areas,Other Urban Areas,2,2,621503,55.4595087,-4.6098887,
5645026,5645026P,Primary,Local Authority,Ayton Primary School,Eyemouth,Berwickshire,,TD14 5QZ,Scottish Borders,S12000026,S01012309,116011619,Non-denominational,4,70,*,0%,55,N,N,N,6,5,Accessible Rural Areas,Accessible Rural Areas,6,5,660966,55.8418421,-2.1277912,
6232531,6232531P,Primary,Local Authority,Back School,Back,Lewis,,HS2 0LB,Na h-Eileanan an Iar,S12000013,S01009035,139019715,Non-denominational,10,124,0%,0%,60,N,N,N,8,6,Very Remote Rural Areas,Remote Rural Areas,8,6,940283,58.2786795,-6.3000625,UPRN is a Parent UPRN in SAD 2024 Q1.
5742129,5742129P,Primary,Local Authority,Bainsford Primary School,Waverley Street,Bainsford,FALKIRK,FK2 7NW,Falkirk,S12000014,S01009131,136022074,Non-denominational,13.5,150,10 - <20%,50 - <55%,21,N,Y,Y,2,2,Other Urban Areas,Other Urban Areas,2,2,681545,56.0138699,-3.7861046,
8359229,8359229P,Primary,Local Authority,Baird Memorial Primary School,6 Avonhead Road,Condorrat,CUMBERNAULD,G67 4RA,North Lanarkshire,S12000050,S01011732,118023150,Non-denominational,12.3,185,*,*,90,N,N,N,2,2,Other Urban Areas,Other Urban Areas,2,2,673278,55.936092,-4.0122361,
5504929,5504929P,Primary,Local Authority,Balbardie Primary School,Torphichen Street,Bathgate,WEST LOTHIAN,EH48 4HL,West Lothian,S12000040,S01013417,200004136811,Non-denominational,29.1,340,0 - <5%,20 - <25%,27,N,N,N,2,2,Other Urban Areas,Other Urban Areas,2,2,669275,55.9056879,-3.6364004,
5340926,5340926P,Primary,Local Authority,Balbeggie Primary School,Main Street,Balbeggie,PERTH,PH2 6EZ,Perth and Kinross,S12000048,S01011958,124060813,Non-denominational,3.6,41,*,0%,62,N,N,N,6,5,Accessible Rural Areas,Accessible Rural Areas,6,5,729483,56.4501716,-3.3477925,
5401127,5401127P,Primary,Local Authority,Balcurvie Primary School,Balcurvie Road,Windygates,LEVEN,KY8 5DY,Fife,S12000047,S01009616,320180521,Non-denominational,10.4,143,*,10 - <15%,45,N,N,N,2,2,Other Urban Areas,Other Urban Areas,2,2,700668,56.1941018,-3.0560849,
8350027,8350027P,Primary,Local Authority,Baldernock Primary School,Balmore,Torrance,NR GLASGOW,G64 4AS,East Dunbartonshire,S12000045,S01008085,132048168,Non-denominational,5,48,0%,10 - <15%,76,N,N,N,6,5,Accessible Rural Areas,Accessible Rural Areas,6,5,674709,55.944603,-4.2627734,
5331137,5331137S,Secondary,Local Authority,Baldragon Academy,69 Harestane Road,Dundee,,DD3 0LF,Dundee City,S12000042,S01007815,9059105068,Non-denominational,74.8,881,0 - <5%,45 - <50%,73,N,N,N,1,1,Large Urban Areas,Large Urban Areas,1,1,734088,56.4949271,-2.9884792,
5541638,5541638S,Secondary,Local Authority,Balerno Community High School,5 Bridge Road,Balerno,EDINBURGH,EH14 7AQ,City of Edinburgh,S12000036,S01008423,906027510,Non-denominational,66.5,893,10 - <20%,0 - <5%,91,N,N,N,1,1,Large Urban Areas,Large Urban Areas,1,1,666780,55.8868705,-3.3382543,
5726034,5726034S,Secondary,Local Authority,Balfron High School,Roman Road,Balfron,,G63 0PW,Stirling,S12000030,S01013013,122008474,Non-denominational,66.6,893,5 - <10%,0 - <5%,85,N,N,N,6,5,Accessible Rural Areas,Accessible Rural Areas,6,5,689070,56.0724345,-4.3291221,
5722527,5722527P,Primary,Local Authority,Balfron Primary School,Moor Road,Balfron,,G63 0PD,Stirling,S12000030,S01013013,122009140,Non-denominational,12.6,179,5 - <10%,0%,85,N,N,N,6,5,Accessible Rural Areas,Accessible Rural Areas,6,5,689119,56.0728356,-4.3312031,
5521025,5521025P,Primary,Local Authority,Balgreen Primary School,171 Balgreen Road,Edinburgh,,EH11 3AT,City of Edinburgh,S12000036,S01008494,906015381,Non-denominational,19.1,345,>20%,0 - <5%,24,N,Y,Y,1,1,Large Urban Areas,Large Urban Areas,1,1,672332,55.9377074,-3.24794,
8324123,8324123P,Primary,Local Authority,Baljaffray Primary School,Grampian Way,Bearsden,,G61 4RA,East Dunbartonshire,S12000045,S01008060,132015465,Non-denominational,17.2,282,10 - <20%,5 - <10%,89,N,N,N,1,1,Large Urban Areas,Large Urban Areas,1,1,673570,55.9327766,-4.3477073,
5130328,5130328P,Primary,Local Authority,Ballachulish Primary School,Ballachulish,,,PH49 4JQ,Highland,S12000017,S01010526,130107856,Non-denominational,2.7,32,*,0%,70,N,N,N,7,6,Remote Rural Areas,Remote Rural Areas,7,6,757815,56.6725563,-5.1345759,
8232229,8232229P,Primary,Local Authority,Ballantrae Primary School,6 The Vennel,Ballantrae,GIRVAN,KA26 0NH,South Ayrshire,S12000028,S01012417,141055138,Non-denominational,4,44,*,*,29,N,N,N,6,5,Accessible Rural Areas,Accessible Rural Areas,6,5,582514,55.0998704,-5.0069994,
5256224,5256224P,Primary,Local Authority,Ballater School,Monaltrie Crescent,Ballater,ABERDEENSHIRE,AB35 5RN,Aberdeenshire,S12000034,S01006790,151086444,Non-denominational,4.3,62,*,0%,70,N,N,N,8,6,Very Remote Rural Areas,Remote Rural Areas,8,6,796220,57.0526999,-3.041014,
5137721,5137721P,Primary,Local Authority,Balloch Primary,Culloden Road,Balloch,INVERNESS,IV2 7HQ,Highland,S12000017,S01010575,130103500,Non-denominational,8.6,173,5 - <10%,0%,82,N,N,N,2,2,Other Urban Areas,Other Urban Areas,2,2,847102,57.496215,-4.1232545,
1004581,1004581P,Primary,Local Authority,Balloch Primary School,Balloch Campus,Carrochan Road,BALLOCH,G83 8FA,West Dunbartonshire,S12000039,S01013238,129056599,Non-denominational,17.6,286,0 - <5%,55 - <60%,9,Y,N,Y,2,2,Other Urban Areas,Other Urban Areas,2,2,681601,56.0004644,-4.5726535,
5321220,5321220P,Primary,Local Authority,Ballumbie Primary School,70 Lothian Crescent,Dundee,,DD4 0HU,Dundee City,S12000042,S01007782,9059102072,Non-denominational,25.4,398,0 - <5%,60 - <65%,10,Y,N,Y,1,1,Large Urban Areas,Large Urban Areas,1,1,733347,56.4888214,-2.9165758,
8358427,8358427P,Primary,Local Authority,Balmalloch Primary School,Kingsway,Balmalloch,KILSYTH,G65 9UJ,North Lanarkshire,S12000050,S01011798,118014048,Non-denominational,21,348,0 - <5%,10 - <15%,35,N,N,N,2,2,Other Urban Areas,Other Urban Areas,2,2,678391,55.9812329,-4.0611457,
5224225,5224225P,Primary,Local Authority,Balmedie School,Forsyth Road,Balmedie,ABERDEENSHIRE,AB23 8YW,Aberdeenshire,S12000034,S01006955,151085109,Non-denominational,21.2,382,*,0%,54,N,N,N,6,5,Accessible Rural Areas,Accessible Rural Areas,6,5,817760,57.2505121,-2.0529703,
5420520,5420520P,Primary,Local Authority,Balmerino Primary School,Main Road,Gauldry,NEWPORT-ON-TAY,DD6 8RP,Fife,S12000047,S01009743,320176374,Non-denominational,2,43,*,0%,72,N,N,N,6,5,Accessible Rural Areas,Accessible Rural Areas,6,5,723792,56.4021996,-3.0161321,
5618320,5618320P,Primary,Local Authority,Balmoral Primary School,Balmoral Avenue,Galashiels,,TD1 1JJ,Scottish Borders,S12000026,S01012280,116006771,Non-denominational,6.9,96,10 - <20%,*,38,N,N,N,2,2,Other Urban Areas,Other Urban Areas,2,2,635775,55.6128143,-2.8217293,
8340226,8340226P,Primary,Local Authority,Balmuildy Primary School,Stirling Drive,Bishopbriggs,,G64 3AJ,East Dunbartonshire,S12000045,S01008090,132008270,Non-denominational,20.8,367,10 - <20%,5 - <10%,75,N,N,N,1,1,Large Urban Areas,Large Urban Areas,1,1,671130,55.9129906,-4.2325123,
5420628,5420628P,Primary,Local Authority,Balmullo Primary School,Hayston Park,Balmullo,LEUCHARS ST ANDREWS,KY16 0DH,Fife,S12000047,S01009744,320174643,Non-denominational,7,116,5 - <10%,0%,66,N,N,N,6,5,Accessible Rural Areas,Accessible Rural Areas,6,5,721071,56.3784351,-2.9291267,
5137829,5137829P,Primary,Local Authority,Balnain Primary School,Inverness,,,IV63 6TJ,Highland,S12000017,S01010664,130111600,Non-denominational,1.5,14,*,0%,70,N,N,N,7,6,Remote Rural Areas,Remote Rural Areas,7,6,830336,57.3369854,-4.5820772,
8405921,8405921P,Primary,Local Authority,Balornock Primary School,422 Broomfield Road,,GLASGOW,G21 3UT,Glasgow City,S12000049,S01010201,906700142890,Non-denominational,22,330,10 - <20%,85 - <90%,34,N,N,N,1,1,Large Urban Areas,Large Urban Areas,1,1,667907,55.8843079,-4.2168414,
6103138,6103138P,Primary,Local Authority,Baltasound Junior High School,Baltasound,Unst,SHETLAND,ZE2 9DY,Shetland Islands,S12000027,S01012414,30100006371,Non-denominational,4.8,51,0%,0%,49,N,N,N,8,6,Very Remote Rural Areas,Remote Rural Areas,8,6,1208995,60.7593624,-0.8851556,
6103138,6103138S,Secondary,Local Authority,Baltasound Junior High School,Baltasound,Unst,SHETLAND,ZE2 9DY,Shetland Islands,S12000027,S01012414,30100006371,Non-denominational,6.4,25,0%,0%,49,N,N,N,8,6,Very Remote Rural Areas,Remote Rural Areas,8,6,1208995,60.7593624,-0.8851556,
5406838,5406838S,Secondary,Local Authority,Balwearie High School,Balwearie Gardens,Kirkcaldy,,KY2 5LY,Fife,S12000047,S01009493,320181257,Non-denominational,110.6,1585,5 - <10%,15 - <20%,93,N,N,N,2,2,Other Urban Areas,Other Urban Areas,2,2,690374,56.1005649,-3.1720677,
5133424,5133424P,Primary,Local Authority,Banavie Primary School,Tomonie,Fort William,,PH33 7LX,Highland,S12000017,S01010513,130110671,Non-denominational,4.6,91,*,*,87,N,N,N,2,2,Other Urban Areas,Other Urban Areas,2,2,776631,56.8422765,-5.1112212,
5251834,5251834S,Secondary,Local Authority,Banchory Academy,Raemoir Road,Banchory,KINCARDINESHIRE,AB31 5UJ,Aberdeenshire,S12000034,S01006865,151501978,Non-denominational,68.6,865,5 - <10%,0%,93,N,N,N,3,3,Accessible Small Towns,Accessible Small Towns,3,3,795884,57.05304,-2.491458,"School Contacts List UPRN (151143927) is not in SAD 2024 Q1.  GISAT has assigned the UPRN for Banchory Community Education Centre (151501978), which shares the site."
5257824,5257824P,Primary,Local Authority,Banchory Primary School,Arbeadie Road,Banchory,KINCARDINESHIRE,AB31 4EH,Aberdeenshire,S12000034,S01006865,151086438,Non-denominational,24.1,430,5 - <10%,*,93,N,N,N,3,3,Accessible Small Towns,Accessible Small Towns,3,3,795910,57.0532646,-2.4938182,
5702127,5702127P,Primary,Local Authority,Banchory Primary School,Alloa Road,Tullibody,,FK10 2TF,Clackmannanshire,S12000005,S01007415,35020043,Non-denominational,14.4,161,*,65 - <70%,17,N,Y,Y,3,3,Accessible Small Towns,Accessible Small Towns,3,3,695101,56.1350431,-3.8299551,
5249023,5249023P,Primary,Local Authority,Banchory-Devenick School,Banchory-Devenick,Aberdeen,,AB12 5XQ,Aberdeenshire,S12000034,S01006848,151125388,Non-denominational,2.7,35,*,*,79,N,N,N,6,5,Accessible Rural Areas,Accessible Rural Areas,6,5,801083,57.1006305,-2.1377465,
5213231,5213231S,Secondary,Local Authority,Banff Academy,Bellevue Road,Banff,ABERDEENSHIRE,AB45 1BY,Aberdeenshire,S12000034,S01007036,151085115,Non-denominational,78.6,970,*,0%,57,N,N,N,4,4,Remote Small Towns,Remote Small Towns,4,4,863705,57.6621068,-2.5321431,UPRN is a Parent UPRN in SAD 2024 Q1.
5212324,5212324P,Primary,Local Authority,Banff Primary School,Academy Drive,Banff,ABERDEENSHIRE,AB45 1BL,Aberdeenshire,S12000034,S01007036,151085122,Non-denominational,22.9,296,*,0%,57,N,N,N,4,4,Remote Small Towns,Remote Small Towns,4,4,863768,57.662697,-2.5254677,
8406022,8406022P,Primary,Local Authority,Bankhead Primary School,66 Caldwell Avenue,Knightswood,GLASGOW,G13 3AS,Glasgow City,S12000049,S01010452,906700019377,Non-denominational,21.3,341,>20%,70 - <75%,30,N,N,N,1,1,Large Urban Areas,Large Urban Areas,1,1,668870,55.8902509,-4.3625543,
8456720,8456720P,Primary,Local Authority,Bankhead Primary School,Bankhead Road,,RUTHERGLEN,G73 2BQ,South Lanarkshire,S12000029,S01012866,484177331,Non-denominational,17.4,316,>20%,25 - <30%,34,N,N,N,1,1,Large Urban Areas,Large Urban Areas,1,1,661144,55.8233734,-4.2253467,
5740428,5740428P,Primary,Local Authority,Bankier Primary School,Bankier Road,Banknock,BONNYBRIDGE,FK4 1TF,Falkirk,S12000014,S01009075,136000685,Non-denominational,12,167,5 - <10%,*,36,N,N,N,2,2,Other Urban Areas,Other Urban Areas,2,2,679201,55.9902666,-3.9534055,
5502721,5502721P,Primary,Local Authority,Bankton Primary School,Kenilworth Rise,Dedridge,LIVINGSTON,EH54 6JL,West Lothian,S12000040,S01013279,200004104364,Non-denominational,20.6,324,10 - <20%,20 - <25%,22,N,Y,Y,2,2,Other Urban Areas,Other Urban Areas,2,2,666315,55.880746,-3.5066149,
8458138,8458138S,Secondary,Local Authority,Bannerman High School,119 Glasgow Road,,GLASGOW,G69 7NS,Glasgow City,S12000049,S01010085,906700136494,Non-denominational,94.7,1201,5 - <10%,30 - <35%,59,N,N,N,1,1,Large Urban Areas,Large Urban Areas,1,1,663788,55.8489516,-4.122634,
5726131,5726131S,Secondary,Local Authority,Bannockburn High School,Bannockburn Road,Bannockburn,STIRLING,FK7 0HQ,Stirling,S12000030,S01013048,122025192,Non-denominational,48.4,506,*,30 - <35%,58,N,N,N,2,2,Other Urban Areas,Other Urban Areas,2,2,690940,56.0962587,-3.9215695,
5723124,5723124P,Primary,Local Authority,Bannockburn Primary School,Quakerfield,Bannockburn,,FK7 8JA,Stirling,S12000030,S01013040,122031736,Non-denominational,26.5,292,0 - <5%,5 - <10%,52,N,N,N,2,2,Other Urban Areas,Other Urban Areas,2,2,690069,56.0886073,-3.9102581,
5742226,5742226P,Primary,Local Authority,Bantaskin Primary School,Bantaskine Road,Falkirk,,FK1 5HT,Falkirk,S12000014,S01009157,136011820,Non-denominational,17.1,266,10 - <20%,10 - <15%,42,N,N,N,2,2,Other Urban Areas,Other Urban Areas,2,2,679758,55.9975321,-3.8052497,
8358028,8358028P,Primary,Local Authority,Banton Primary School,Lammerknowes Road,Banton,KILSYTH,G65 0QT,North Lanarkshire,S12000050,S01011789,118030338,Non-denominational,4.5,38,*,0%,61,N,N,N,6,5,Accessible Rural Areas,Accessible Rural Areas,6,5,679274,55.9901421,-4.002042,
8235228,8235228P,Primary,Local Authority,Barassie Primary School,30 Burnfoot Avenue,Troon,,KA10 6RQ,South Ayrshire,S12000028,S01012559,141009929,Non-denominational,14,199,0 - <5%,15 - <20%,8,Y,N,Y,2,2,Other Urban Areas,Other Urban Areas,2,2,632358,55.556108,-4.6546538,
8101221,8101221P,Primary,Local Authority,Barcaldine Primary School,Barcaldine,By Oban,ARGYLL,PA37 1SG,Argyll and Bute,S12000035,S01007303,125065878,Non-denominational,1.4,3,0%,*,49,N,N,N,7,6,Remote Rural Areas,Remote Rural Areas,8,6,742186,56.52747,-5.3116574,
8621829,8621829P,Primary,Local Authority,Bargarran Primary School,Barrhill Road,,ERSKINE,PA8 6BX,Renfrewshire,S12000038,S01012207,123112467,Non-denominational,11.8,216,0 - <5%,0%,45,N,N,N,2,2,Other Urban Areas,Other Urban Areas,2,2,670941,55.9068158,-4.466939,
8501726,8501726P,Primary,Local Authority,Bargeddie Primary School,Langmuir Road,Bargeddie,GLASGOW,G69 7RS,North Lanarkshire,S12000050,S01011556,118181183,Non-denominational,10.1,118,10 - <20%,15 - <20%,14,Y,N,Y,2,2,Other Urban Areas,Other Urban Areas,2,2,664121,55.8527784,-4.0737311,
8406324,8406324P,Primary,Local Authority,Barmulloch Primary School,305 Forge Street,,GLASGOW,G21 2AH,Glasgow City,S12000049,S01010228,906700173011,Non-denominational,12.9,106,>20%,90 - <95%,3,Y,N,Y,1,1,Large Urban Areas,Large Urban Areas,1,1,667015,55.8765079,-4.2047902,
5323622,5323622P,Primary,Local Authority,Barnhill Primary School,Falkland Crescent,Broughty Ferry,DUNDEE,DD5 3SQ,Dundee City,S12000042,S01007773,9059008465,Non-denominational,23.4,402,5 - <10%,0 - <5%,84,N,N,N,1,1,Large Urban Areas,Large Urban Areas,1,1,732169,56.4786762,-2.8550744,
8232326,8232326P,Primary,Local Authority,Barr Primary School,Changue Road,Barr,GIRVAN,KA26 9TT,South Ayrshire,S12000028,S01012419,141052945,Non-denominational,2.8,21,*,0%,42,N,N,N,7,6,Remote Rural Areas,Remote Rural Areas,7,6,594058,55.2106388,-4.7090378,
8627630,8627630S,Secondary,Local Authority,Barrhead High School,Aurs Road,Barrhead,GLASGOW,G78 2SJ,East Renfrewshire,S12000011,S01008317,131048019,Non-denominational,66.8,613,5 - <10%,30 - <35%,22,N,Y,Y,1,1,Large Urban Areas,Large Urban Areas,1,1,658929,55.8006043,-4.3781676,
8232423,8232423P,Primary,Local Authority,Barrhill Primary School,Main Street,Barhill,,KA26 0PP,South Ayrshire,S12000028,S01012418,141054197,Non-denominational,2.4,20,0%,0%,39,N,N,N,7,6,Remote Rural Areas,Remote Rural Areas,7,6,582360,55.1040282,-4.7735939,
8633223,8633223P,Primary,Local Authority,Barsail Primary School,Park Moor,,ERSKINE,PA8 7HL,Renfrewshire,S12000038,S01012200,123011636,Non-denominational,15.3,308,5 - <10%,*,36,N,N,N,2,2,Other Urban Areas,Other Urban Areas,2,2,669825,55.8971794,-4.4473234,
5224322,5224322P,Primary,Local Authority,Barthol Chapel School,St Katherines,Inverurie,ABERDEENSHIRE,AB51 8TD,Aberdeenshire,S12000034,S01006992,151118657,Non-denominational,3,24,0%,0%,67,N,N,N,6,5,Accessible Rural Areas,Accessible Rural Areas,6,5,834030,57.3962834,-2.3097276,
5509432,5509432S,Secondary,Local Authority,Bathgate Academy,Edinburgh Road,Bathgate,WEST LOTHIAN,EH48 1LF,West Lothian,S12000040,S01013409,200004140932,Non-denominational,82.6,1183,5 - <10%,15 - <20%,41,N,N,N,2,2,Other Urban Areas,Other Urban Areas,2,2,668430,55.8984019,-3.6131273,
8406529,8406529P,Primary,Local Authority,Battlefield Primary School,44 Carmichael Place,,GLASGOW,G42 9SY,Glasgow City,S12000049,S01009930,906700383213,Non-denominational,26.2,394,>20%,*,67,N,N,N,1,1,Large Urban Areas,Large Urban Areas,1,1,661396,55.8247911,-4.2716485,
5743524,5743524P,Primary,Local Authority,Beancross Primary School,Kenilworth Street,Grangemouth,,FK3 8QS,Falkirk,S12000014,S01009223,136044697,Non-denominational,19.6,367,10 - <20%,15 - <20%,47,N,N,N,2,2,Other Urban Areas,Other Urban Areas,2,2,680489,56.0052402,-3.7257536,
8325634,8325634S,Secondary,Local Authority,Bearsden Academy,St Andrew's Way,Bearsden,,G61 3AX,East Dunbartonshire,S12000045,S01008061,132053068,Non-denominational,94.5,1213,10 - <20%,*,77,N,N,N,1,1,Large Urban Areas,Large Urban Areas,1,1,673000,55.9276672,-4.346998,
8324026,8324026P,Primary,Local Authority,Bearsden Primary School,Roman Road,Bearsden,,G61 2SY,East Dunbartonshire,S12000045,S01008054,132036521,Non-denominational,21.9,428,10 - <20%,*,84,N,N,N,1,1,Large Urban Areas,Large Urban Areas,1,1,672015,55.9190843,-4.3327947,
5447232,5447232S,Secondary,Local Authority,Beath High School,Foulford Road,Cowdenbeath,,KY4 9BH,Fife,S12000047,S01009413,320229082,Non-denominational,106.4,1390,0 - <5%,25 - <30%,39,N,N,N,2,2,Other Urban Areas,Other Urban Areas,2,2,692019,56.113435,-3.3585094,
5509343,5509343SP,Special,Local Authority,Beatlie School Campus,33 Grange Road,,LIVINGSTON,EH54 5BT,West Lothian,S12000040,S01013299,135053391,Non-denominational,11.2,33,*,*,39,N,N,N,2,2,Other Urban Areas,Other Urban Areas,2,2,668764,55.9028241,-3.5013364,
5945526,5945526P,Primary,Local Authority,Beattock School,Craigielands Park,Beattock,MOFFAT,DG10 9RB,Dumfries and Galloway,S12000006,S01007641,137004407,Non-denominational,3.5,44,*,0%,50,N,N,N,7,6,Remote Rural Areas,Remote Rural Areas,7,6,602185,55.3051225,-3.4515989,
5144027,5144027P,Primary,Local Authority,Beauly Primary School,Croyard Road,Beauly,,IV4 7DJ,Highland,S12000017,S01010661,130107139,Non-denominational,7.4,127,5 - <10%,0%,46,N,N,N,6,5,Accessible Rural Areas,Accessible Rural Areas,6,5,846515,57.4847469,-4.4636773,
8521123,8521123P,Primary,Local Authority,Beckford Primary School,Auchinraith Avenue,Hamilton,,ML3 0JQ,South Lanarkshire,S12000029,S01012793,484139658,Non-denominational,12.4,145,5 - <10%,65 - <70%,7,Y,N,Y,2,2,Other Urban Areas,Other Urban Areas,2,2,656388,55.7835951,-4.055094,
5547938,5547938S,Secondary,Local Authority,Beeslack Community High School,Edinburgh Road,Penicuik,,EH26 0QF,Midlothian,S12000019,S01010949,120035982,Non-denominational,66.1,751,5 - <10%,0 - <5%,85,N,N,N,2,2,Other Urban Areas,Other Urban Areas,2,2,661399,55.8398261,-3.2121141,
8210829,8210829P,Primary,Local Authority,Beith Primary School,Glebe Road,,BEITH,KA15 1AZ,North Ayrshire,S12000021,S01011350,126062787,Non-denominational,20.8,318,0 - <5%,25 - <30%,93,N,N,N,3,3,Accessible Small Towns,Accessible Small Towns,3,3,653654,55.7479912,-4.6331307,
5426332,5426332S,Secondary,Local Authority,Bell Baxter High School,Carslogie Road,Cupar,,KY15 4HY,Fife,S12000047,S01009683,320175860,Non-denominational,103.4,1510,0 - <5%,0 - <5%,74,N,N,N,3,3,Accessible Small Towns,Accessible Small Towns,3,3,714346,56.3172248,-3.0289411,
8432031,8432031S,Secondary,Local Authority,Bellahouston Academy,30 Gower Terrace,,GLASGOW,G41 5QE,Glasgow City,S12000049,S01009873,906700170021,Non-denominational,83.1,1117,>20%,30 - <35%,38,N,N,N,1,1,Large Urban Areas,Large Urban Areas,1,1,664055,55.8481524,-4.3004892,
6101720,6101720P,Primary,Local Authority,Bell's Brae Primary School,Gilbertson Road,Lerwick,SHETLAND,ZE1 0QB,Shetland Islands,S12000027,S01012399,30100001561,Non-denominational,24.9,269,0 - <5%,0%,61,N,N,N,5,4,Very Remote Small Towns,Remote Small Towns,5,4,1141187,60.152479,-1.1544822,
8241422,8241422P,Primary,Local Authority,Bellsbank Primary School,Craiglea Crescent,Dalmellington,,KA6 7UA,East Ayrshire,S12000008,S01007872,127074574,Non-denominational,9,111,*,*,1,Y,N,Y,7,6,Remote Rural Areas,Remote Rural Areas,7,6,604766,55.3133652,-4.3999387,
8516634,8516634S,Secondary,Local Authority,Bellshill Academy,321 Main Street,Bellshill,,ML4 1AR,North Lanarkshire,S12000050,S01011523,118114371,Non-denominational,57,712,5 - <10%,45 - <50%,20,N,Y,Y,1,1,Large Urban Areas,Large Urban Areas,1,1,660335,55.8196798,-4.0180953,
5500427,5500427P,Primary,Local Authority,Bellsquarry Primary School,52 Calder Road,Bellsquarry,LIVINGSTON,EH54 9AD,West Lothian,S12000040,S01013263,135003410,Non-denominational,14.7,217,>20%,*,82,N,N,N,2,2,Other Urban Areas,Other Urban Areas,2,2,665059,55.869188,-3.5287006,
5447224,5447224P,Primary,Local Authority,Bellyeoman Primary School,149 Robertson Road,Dunfermline,,KY12 0XP,Fife,S12000047,S01009327,320199034,Non-denominational,14.4,196,5 - <10%,25 - <30%,72,N,N,N,2,2,Other Urban Areas,Other Urban Areas,2,2,688426,56.0802132,-3.4411995,
8235732,8235732S,Secondary,Local Authority,Belmont Academy,Nursery Road,Ayr,,KA7 2PG,South Ayrshire,S12000028,S01012470,141064236,Non-denominational,91.2,1211,0 - <5%,15 - <20%,30,N,N,N,2,2,Other Urban Areas,Other Urban Areas,2,2,619907,55.4449624,-4.6188583,
5910323,5910323P,Primary,Local Authority,Belmont School,Galloway Avenue,Stranraer,,DG9 7BH,Dumfries and Galloway,S12000006,S01007492,137016113,Non-denominational,17.5,272,0 - <5%,5 - <10%,28,N,N,N,2,2,Other Urban Areas,Other Urban Areas,2,2,559873,54.895828,-5.0269551,
1000225,1000225P,Primary,Local Authority,Ben Wyvis Primary School,Leanaig Road,Conon Bridge,,IV7 8BE,Highland,S12000017,S01010711,130165365,Non-denominational,13.8,265,0 - <5%,*,82,N,N,N,3,3,Accessible Small Towns,Accessible Small Towns,3,3,855442,57.5656198,-4.4298947,
5440424,5440424P,Primary,Local Authority,Benarty Primary School,67-69 Lochleven Road,Lochore,LOCHGELLY,KY5 8HU,Fife,S12000047,S01009428,320189741,Non-denominational,25.4,280,0 - <5%,75 - <80%,13,Y,N,Y,3,3,Accessible Small Towns,Accessible Small Towns,3,3,697143,56.1598711,-3.3220522,
8545421,8545421P,Primary,Local Authority,Bent Primary School,Boghead,Lesmahagow,,ML11 0JD,South Lanarkshire,S12000029,S01012695,484166684,Non-denominational,6.6,79,*,30 - <35%,51,N,N,N,6,5,Accessible Rural Areas,Accessible Rural Areas,6,5,642449,55.6603225,-3.9321428,
8515328,8515328P,Primary,Local Authority,Berryhill Primary School,Hillcrest Avenue,Craigneuk,WISHAW,ML2 7RB,North Lanarkshire,S12000050,S01011387,118088315,Non-denominational,22.4,239,5 - <10%,85 - <90%,3,Y,N,Y,1,1,Large Urban Areas,Large Urban Areas,1,1,655483,55.7773028,-3.9419179,
1004743,1004743S,Secondary,Local Authority,Bertha Park High School,Adamson Avenue,,PERTH,PH1 0AU,Perth and Kinross,S12000048,S01012006,124109060,Non-denominational,55.4,645,0 - <5%,0 - <5%,67,N,N,N,2,2,Other Urban Areas,Other Urban Areas,6,5,726545,56.4222073,-3.4849803,
5249120,5249120P,Primary,Local Authority,Bervie School,Church Street,Inverbervie,ANGUS,DD10 0RU,Aberdeenshire,S12000034,S01006815,151085142,Non-denominational,14.8,229,0 - <5%,0%,54,N,N,N,6,5,Accessible Rural Areas,Accessible Rural Areas,6,5,772702,56.8454408,-2.2807691,
5647339,5647339SP,Special,Local Authority,Berwickshire High School,Duns,Berwickshire,,TD11 3QG,Scottish Borders,S12000026,S01012302,116064391,Non-denominational,0,0,0,0,37,N,N,N,6,5,Accessible Rural Areas,Accessible Rural Areas,6,5,653395,55.7733671,-2.3563264,"Pupil roll, FTE teachers, proportion of pupils minority ethnic, and proportion of puplis 20% most deprived is recorded as zero as this school is not included in the School Level Summary Statistics."
5647339,5647339S,Secondary,Local Authority,Berwickshire High School,Duns,Berwickshire,,TD11 3QG,Scottish Borders,S12000026,S01012302,116064391,Non-denominational,48.6,574,>20%,0%,37,N,N,N,6,5,Accessible Rural Areas,Accessible Rural Areas,6,5,653395,55.7733671,-2.3563264,
8549834,8549834S,Secondary,Local Authority,Biggar High School,Market Road,Biggar,,ML12 6AG,South Lanarkshire,S12000029,S01012576,484162030,Non-denominational,57.3,637,0 - <5%,5 - <10%,80,N,N,N,7,6,Remote Rural Areas,Remote Rural Areas,7,6,637412,55.6208323,-3.5220512,
8550921,8550921P,Primary,Local Authority,Biggar Primary School,John's Loan,Biggar,,ML12 6ZJ,South Lanarkshire,S12000029,S01012576,484179093,Non-denominational,11.9,208,*,0%,80,N,N,N,7,6,Remote Rural Areas,Remote Rural Areas,7,6,637670,55.6231516,-3.5219822,
1003380,1003380P,Primary,Local Authority,Bilston Primary School,Park Avenue,,BILSTON,EH25 9SD,Midlothian,S12000019,S01010961,120031899,Non-denominational,12.1,204,10 - <20%,*,36,N,N,N,3,3,Accessible Small Towns,Accessible Small Towns,3,3,664631,55.8691401,-3.1844617,
5320720,5320720P,Primary,Local Authority,Birkhill Primary School,Dronley Road,Birkhill,DUNDEE,DD2 5QD,Angus,S12000041,S01007131,117077469,Non-denominational,13.7,257,10 - <20%,5 - <10%,84,N,N,N,6,5,Accessible Rural Areas,Accessible Rural Areas,6,5,734370,56.4968889,-3.05786,
5139422,5139422P,Primary,Local Authority,Bishop Eden's Primary School,73 King Street,Inverness,,IV3 5HX,Highland,S12000017,S01010637,130048999,Episcopalian,2.9,25,*,50 - <55%,10,Y,N,Y,2,2,Other Urban Areas,Other Urban Areas,2,2,845339,57.47848,-4.2328837,
8340030,8340030S,Secondary,Local Authority,Bishopbriggs Academy,Wester Cleddens Road,Bishopbriggs,,G64 1HZ,East Dunbartonshire,S12000045,S01008113,132053076,Non-denominational,105.3,1294,>20%,0 - <5%,78,N,N,N,1,1,Large Urban Areas,Large Urban Areas,1,1,670486,55.9078132,-4.1990689,
5200423,5200423P,Primary,Local Authority,Bishopmill Primary School,Morriston Road,Elgin,MORAY,IV30 4DY,Moray,S12000020,S01011120,133036533,Non-denominational,22.5,381,5 - <10%,0 - <5%,92,N,N,N,2,2,Other Urban Areas,Other Urban Areas,2,2,863516,57.6545778,-3.3252545,
8621527,8621527P,Primary,Local Authority,Bishopton Primary School,Old Greenock Road,,BISHOPTON,PA7 5BE,Renfrewshire,S12000038,S01012214,123001770,Non-denominational,20.4,367,*,*,87,N,N,N,3,3,Accessible Small Towns,Accessible Small Towns,3,3,671343,55.9096633,-4.5051853,
8549524,8549524P,Primary,Local Authority,Black Mount Primary School,Elsrickle,Biggar,,ML12 6QZ,South Lanarkshire,S12000029,S01012577,484136021,Non-denominational,3.2,46,0%,0%,62,N,N,N,6,5,Accessible Rural Areas,Accessible Rural Areas,7,6,643980,55.6800001,-3.51021,
5505720,5505720P,Primary,Local Authority,Blackburn Primary School,Riddochhill Road,Blackburn,WEST LOTHIAN,EH47 7HB,West Lothian,S12000040,S01013362,200004139545,Non-denominational,10.7,90,5 - <10%,70 - <75%,16,N,Y,Y,2,2,Other Urban Areas,Other Urban Areas,2,2,666073,55.8769966,-3.6302231,
5341124,5341124P,Primary,Local Authority,Blackford Primary School,Stirling Street,Blackford,PERTHSHIRE,PH4 1PZ,Perth and Kinross,S12000048,S01011849,124041192,Non-denominational,4.2,55,*,0%,68,N,N,N,6,5,Accessible Rural Areas,Accessible Rural Areas,6,5,709151,56.2620736,-3.7766491,
8406820,8406820P,Primary,Local Authority,Blackfriars Primary School,310 Cumberland Street,,GLASGOW,G5 0SS,Glasgow City,S12000049,S01010030,906700259582,Non-denominational,22.6,314,>20%,60 - <65%,48,N,N,N,1,1,Large Urban Areas,Large Urban Areas,1,1,663785,55.846677,-4.249075,
5521122,5521122P,Primary,Local Authority,Blackhall Primary School,83 Craigcrook Road,Edinburgh,,EH4 3PH,City of Edinburgh,S12000036,S01008894,906061749,Non-denominational,20.7,370,10 - <20%,0 - <5%,100,N,N,N,1,1,Large Urban Areas,Large Urban Areas,1,1,674322,55.9554508,-3.261388,
8212724,8212724P,Primary,Local Authority,Blacklands Primary School,David's Crescent,,KILWINNING,KA13 6JJ,North Ayrshire,S12000021,S01011293,126060644,Non-denominational,10.9,110,0%,90 - <95%,19,N,Y,Y,2,2,Other Urban Areas,Other Urban Areas,2,2,642850,55.6493265,-4.704517,
8530521,8530521P,Primary,Local Authority,Blacklaw Primary School,Glen Arroch,St Leonard's,EAST KILBRIDE,G74 2BP,South Lanarkshire,S12000029,S01012927,484158988,Non-denominational,19.4,166,*,0 - <5%,60,N,N,N,2,2,Other Urban Areas,Other Urban Areas,2,2,654089,55.7612056,-4.1558942,
5323827,5323827P,Primary,Local Authority,Blackness Primary School,Hawkhill,Dundee,,DD1 5RT,Dundee City,S12000042,S01007693,9059021676,Non-denominational,21.6,329,>20%,5 - <10%,44,N,N,N,1,1,Large Urban Areas,Large Urban Areas,1,1,729841,56.456743,-2.9918706,
5758025,5758025P,Primary,Local Authority,Blackness Primary School,Blackness Road,Blackness,LINLITHGOW,EH49 7NP,Falkirk,S12000014,S01009258,136062501,Non-denominational,1.8,11,0%,0%,71,N,N,N,6,5,Accessible Rural Areas,Accessible Rural Areas,6,5,679514,55.998993,-3.5356515,
5505828,5505828P,Primary,Local Authority,Blackridge Primary School,Main Street,Blackridge,WEST LOTHIAN,EH48 3RJ,West Lothian,S12000040,S01013429,200004143058,Non-denominational,10.8,127,*,*,38,N,N,N,6,5,Accessible Rural Areas,Accessible Rural Areas,6,5,667177,55.8849316,-3.7738258,
8545529,8545529P,Primary,Local Authority,Blackwood Primary School,Carlisle Road,Blackwood,LANARK,ML11 9AT,South Lanarkshire,S12000029,S01012649,484175347,Non-denominational,18.1,253,0 - <5%,25 - <30%,38,N,N,N,3,3,Accessible Small Towns,Accessible Small Towns,3,3,643586,55.6707086,-3.9214441,
5341329,5341329P,Primary,Local Authority,Blair Atholl Primary School,St Adamnan Road,Bridge of Tilt,PITLOCHRY,PH18 5TB,Perth and Kinross,S12000048,S01011983,124048603,Non-denominational,3,34,*,0%,69,N,N,N,7,6,Remote Rural Areas,Remote Rural Areas,7,6,765204,56.7648385,-3.8388361,
8406928,8406928P,Primary,Local Authority,Blairdardie Primary School,50 Kearn Avenue,,GLASGOW,G15 6HL,Glasgow City,S12000049,S01010487,906700516150,Non-denominational,24.2,416,10 - <20%,55 - <60%,50,N,N,N,1,1,Large Urban Areas,Large Urban Areas,1,1,670078,55.9012152,-4.356966,
5350131,5350131S,Secondary,Local Authority,Blairgowrie High School,Beeches Road,Blairgowrie,,PH10 6PW,Perth and Kinross,S12000048,S01011989,124026710,Non-denominational,74.3,912,0 - <5%,*,68,N,N,N,4,4,Remote Small Towns,Remote Small Towns,4,4,744430,56.5845248,-3.3424768,
5440521,5440521P,Primary,Local Authority,Blairhall Primary School,Rintoul Avenue,Blairhall,DUNFERMLINE,KY12 9HG,Fife,S12000047,S01009268,320189081,Non-denominational,4.1,64,*,*,48,N,N,N,6,5,Accessible Rural Areas,Accessible Rural Areas,6,5,689816,56.0907279,-3.601438,
1005693,1005693P,Primary,Local Authority,Blindwells Primary School,c/o Cockenzie Primary School,Osborne Terrace,COCKENZIE,EH32 0BX,East Lothian,S12000010,S01008210,138041621,Non-denominational,1,10,*,0%,44,N,N,N,3,3,Accessible Small Towns,Accessible Small Towns,3,3,675504,55.9688068,-2.9576716,
8325936,8325936S,Secondary,Local Authority,Boclair Academy,Inveroran Drive,Bearsden,,G61 2PL,East Dunbartonshire,S12000045,S01008082,132001421,Non-denominational,84.5,1034,10 - <20%,15 - <20%,90,N,N,N,1,1,Large Urban Areas,Large Urban Areas,1,1,671658,55.9163862,-4.3056984,
5215625,5215625P,Primary,Local Authority,Boddam School,13 Russell Street,Boddam Peterhead,ABERDEENSHIRE,AB42 3NG,Aberdeenshire,S12000034,S01007070,151088060,Non-denominational,7.6,102,5 - <10%,0%,40,N,N,N,6,5,Accessible Rural Areas,Accessible Rural Areas,6,5,842390,57.4715693,-1.7801222,
5505127,5505127P,Primary,Local Authority,Boghall Primary School,Elizabeth Drive,Boghall,BATHGATE,EH48 1JB,West Lothian,S12000040,S01013406,200004142541,Non-denominational,19,251,5 - <10%,10 - <15%,27,N,N,N,2,2,Other Urban Areas,Other Urban Areas,2,2,668658,55.9005351,-3.6066742,
5540925,5540925P,Primary,Local Authority,Bonaly Primary School,57 Bonaly Road,,EDINBURGH,EH13 0FJ,City of Edinburgh,S12000036,S01008439,906458945,Non-denominational,18.7,398,5 - <10%,*,99,N,N,N,1,1,Large Urban Areas,Large Urban Areas,1,1,668066,55.8992625,-3.2589548,
5107725,5107725P,Primary,Local Authority,Bonar Bridge Primary School,Ardgay,Sutherland,,IV24 3AP,Highland,S12000017,S01010763,130059084,Non-denominational,4.6,48,*,0%,45,N,N,N,8,6,Very Remote Rural Areas,Remote Rural Areas,8,6,891774,57.8938567,-4.3356209,
5758734,5758734S,Secondary,Local Authority,Bo'ness Academy,Gauze Road,Bo'ness,,EH51 9AS,Falkirk,S12000014,S01009259,136060536,Non-denominational,73.4,829,0 - <5%,*,79,N,N,N,2,2,Other Urban Areas,Other Urban Areas,2,2,680796,56.0097127,-3.5986139,
5758122,5758122P,Primary,Local Authority,Bo'ness Public School,Stewart Avenue,Bo'ness,,EH51 9NL,Falkirk,S12000014,S01009255,136059492,Non-denominational,11.6,176,0 - <5%,0 - <5%,28,N,N,N,2,2,Other Urban Areas,Other Urban Areas,2,2,681441,56.0154019,-3.6068215,
8301220,8301220P,Primary,Local Authority,Bonhill Primary School,Raglan Street,Bonhill,ALEXANDRIA,G83 9JA,West Dunbartonshire,S12000039,S01013211,129493304,Non-denominational,17,261,0 - <5%,30 - <35%,36,N,N,N,2,2,Other Urban Areas,Other Urban Areas,2,2,679277,55.979592,-4.5718918,
5740525,5740525P,Primary,Local Authority,Bonnybridge Primary School,Wellpark Terrace,Bonnybridge,,FK4 1LR,Falkirk,S12000014,S01009080,136000099,Non-denominational,18.1,293,5 - <10%,15 - <20%,31,N,N,N,2,2,Other Urban Areas,Other Urban Areas,2,2,680639,56.0042382,-3.8860586,
5542022,5542022P,Primary,Local Authority,Bonnyrigg Primary School,Cockpen Road,Bonnyrigg,,EH19 3HR,Midlothian,S12000019,S01010990,120043938,Non-denominational,20.8,422,10 - <20%,*,44,N,N,N,2,2,Other Urban Areas,Other Urban Areas,2,2,664734,55.8708692,-3.0973945,
5724929,5724929P,Primary,Local Authority,Borestone Primary School,Newpark Crescent,St Ninians,STIRLING,FK7 0QA,Stirling,S12000030,S01013054,122015319,Non-denominational,19.2,287,5 - <10%,25 - <30%,53,N,N,N,2,2,Other Urban Areas,Other Urban Areas,2,2,690921,56.0957778,-3.9413842,
5915228,5915228P,Primary,Local Authority,Borgue School,Borgue,Kirkcudbright,,DG6 4SH,Dumfries and Galloway,S12000006,S01007524,137077801,Non-denominational,1.7,13,0%,0%,61,N,N,N,7,6,Remote Rural Areas,Remote Rural Areas,7,6,548510,54.8126826,-4.1330988,
5531438,5531438S,Secondary,Local Authority,Boroughmuir High School,111 Viewforth,Edinburgh,,EH11 1FL,City of Edinburgh,S12000036,S01008651,906469550,Non-denominational,107.9,1541,>20%,*,62,N,N,N,1,1,Large Urban Areas,Large Urban Areas,1,1,672663,55.9410199,-3.2145603,
5308925,5308925P,Primary,Local Authority,Borrowfield Primary School,Newhame Road,Montrose,,DD10 9EZ,Angus,S12000041,S01007220,117083173,Non-denominational,12.9,214,0 - <5%,0%,35,N,N,N,2,2,Other Urban Areas,Other Urban Areas,2,2,759784,56.7288206,-2.4700262,
8520623,8520623P,Primary,Local Authority,Bothwell Primary School,Blantyre Road,Bothwell,,G71 8PJ,South Lanarkshire,S12000029,S01012798,484164176,Non-denominational,18.4,341,5 - <10%,0 - <5%,76,N,N,N,2,2,Other Urban Areas,Other Urban Areas,2,2,658698,55.8040122,-4.0754924,
8518149,8518149SP,Special,Local Authority,Bothwellpark High School,Annan Street,Motherwell,,ML1 2DL,North Lanarkshire,S12000050,S01011377,118078873,Non-denominational,14.9,63,10 - <20%,40 - <45%,96,N,N,N,1,1,Large Urban Areas,Large Urban Areas,1,1,655515,55.7770428,-3.9762528,
5206227,5206227P,Primary,Local Authority,Botriphnie Primary School,Drummuir,Keith,MORAY,AB55 5JF,Moray,S12000020,S01011055,133049164,Non-denominational,1.8,18,*,0%,64,N,N,N,7,6,Remote Rural Areas,Remote Rural Areas,7,6,844176,57.4835454,-3.0360405,
5100127,5100127P,Primary,Local Authority,Bower Primary School,Bowermadden,By Wick,CAITHNESS,KW1 4TT,Highland,S12000017,S01010787,130072110,Non-denominational,2.6,22,*,0%,43,N,N,N,8,6,Very Remote Rural Areas,Remote Rural Areas,8,6,962471,58.5436374,-3.3082949,
5743621,5743621P,Primary,Local Authority,Bowhouse Primary School,Tinto Drive,Grangemouth,,FK3 0DZ,Falkirk,S12000014,S01009242,136074211,Non-denominational,14.8,277,*,45 - <50%,64,N,N,N,2,2,Other Urban Areas,Other Urban Areas,2,2,680438,56.0049781,-3.7116765,
8131120,8131120P,Primary,Local Authority,Bowmore Primary Gaelic Unit,Bowmore,Isle of Islay,ARGYLL,PA43 7JX,Argyll and Bute,S12000035,S01007327,125030848,Non-denominational,2.7,22,0%,0%,39,N,N,N,8,6,Very Remote Rural Areas,Remote Rural Areas,8,6,659676,55.7553584,-6.2913891,
8130922,8130922P,Primary,Local Authority,Bowmore Primary School,Bowmore,Isle of Islay,ARGYLL,PA43 7JX,Argyll and Bute,S12000035,S01007327,125030848,Non-denominational,4.4,58,*,0%,39,N,N,N,8,6,Very Remote Rural Areas,Remote Rural Areas,8,6,659676,55.7553584,-6.2913891,
5341728,5341728P,Primary,Local Authority,Braco Primary School,Braco,Dunblane,,FK15 9QD,Perth and Kinross,S12000048,S01011848,124018563,Non-denominational,4.3,42,*,0%,68,N,N,N,6,5,Accessible Rural Areas,Accessible Rural Areas,6,5,709731,56.2657594,-3.8799213,
5212421,5212421P,Primary,Local Authority,Bracoden School,Gamrie,Banff,BANFFSHIRE,AB45 3HA,Aberdeenshire,S12000034,S01007045,151123463,Non-denominational,3,37,*,0%,49,N,N,N,6,5,Accessible Rural Areas,Accessible Rural Areas,7,6,864180,57.6670735,-2.3227646,
6103332,6103332P,Primary,Local Authority,Brae High School,Brae,Shetland,,ZE2 9QG,Shetland Islands,S12000027,S01012410,30100004497,Non-denominational,9.9,137,*,0%,75,N,N,N,8,6,Very Remote Rural Areas,Remote Rural Areas,8,6,1168172,60.3958883,-1.3510308,
6103332,6103332S,Secondary,Local Authority,Brae High School,Brae,Shetland,,ZE2 9QG,Shetland Islands,S12000027,S01012410,30100004497,Non-denominational,24,163,0%,0%,75,N,N,N,8,6,Very Remote Rural Areas,Remote Rural Areas,8,6,1168172,60.3958883,-1.3510308,
5725127,5725127P,Primary,Local Authority,Braehead Primary School,Springfield Road,Stirling,,FK7 7RG,Stirling,S12000030,S01013064,122026997,Non-denominational,18.9,291,5 - <10%,5 - <10%,32,N,N,N,2,2,Other Urban Areas,Other Urban Areas,2,2,691885,56.1046441,-3.9284035,
8230722,8230722P,Primary,Local Authority,Braehead Primary School,15A Gould Street,Ayr,,KA8 9PJ,South Ayrshire,S12000028,S01012502,141035028,Non-denominational,14.4,166,*,90 - <95%,2,Y,N,Y,2,2,Other Urban Areas,Other Urban Areas,2,2,622667,55.4699581,-4.6100895,
8301824,8301824P,Primary,Local Authority,Braehead Primary School,Meadow Road,,DUMBARTON,G82 2BL,West Dunbartonshire,S12000039,S01013196,129018448,Non-denominational,15,262,5 - <10%,10 - <15%,79,N,N,N,2,2,Other Urban Areas,Other Urban Areas,2,2,675956,55.9499274,-4.5631656,
8545723,8545723P,Primary,Local Authority,Braehead Primary School,Carnwath Road,Braehead,FORTH,ML11 8EY,South Lanarkshire,S12000029,S01012587,484135938,Non-denominational,2.4,32,0%,*,65,N,N,N,6,5,Accessible Rural Areas,Accessible Rural Areas,6,5,650702,55.7384248,-3.6634471,
5234026,5234026P,Primary,Local Authority,Braehead School,Braehead Way,Bridge Of Don,ABERDEEN,AB22 8RR,Aberdeen City,S12000033,S01006778,9051131489,Non-denominational,15.9,300,>20%,5 - <10%,77,N,N,N,1,1,Large Urban Areas,Large Urban Areas,1,1,810588,57.1860425,-2.1090453,
5256429,5256429P,Primary,Local Authority,Braemar School,School Road,Braemar,ABERDEENSHIRE,AB35 5ZS,Aberdeenshire,S12000034,S01006793,151085205,Non-denominational,2.9,31,*,0%,86,N,N,N,8,6,Very Remote Rural Areas,Remote Rural Areas,8,6,791356,57.00554,-3.3964822,
5746531,5746531S,Secondary,Local Authority,Braes High School,Newlands Road,Reddingmuirhead,FALKIRK,FK2 0DA,Falkirk,S12000014,S01009190,136036354,Non-denominational,87.5,1077,0 - <5%,5 - <10%,86,N,N,N,2,2,Other Urban Areas,Other Urban Areas,2,2,677804,55.9809787,-3.7352509,
5339731,5339731S,Secondary,Local Authority,Braeview Academy,Berwick Drive,Dundee,,DD4 0NL,Dundee City,S12000042,S01007791,9059017548,Non-denominational,63.8,704,0 - <5%,50 - <55%,61,N,N,N,1,1,Large Urban Areas,Large Urban Areas,1,1,733918,56.4939629,-2.9150273,
8601925,8601925P,Primary,Local Authority,Braidbar Primary School,Kyle Drive,Giffnock,GLASGOW,G46 6ES,East Renfrewshire,S12000011,S01008396,131014451,Non-denominational,13.6,191,>20%,*,89,N,N,N,1,1,Large Urban Areas,Large Urban Areas,1,1,659396,55.8065873,-4.2839932,
5530040,5530040SP,Special,Local Authority,Braidburn Special School,107 Oxgangs Road North,Edinburgh,,EH14 1ED,City of Edinburgh,S12000036,S01008511,906426519,Non-denominational,22.7,114,>20%,25 - <30%,94,N,N,N,1,1,Large Urban Areas,Large Urban Areas,1,1,669648,55.9137233,-3.2350275,
8516839,8516839S,Secondary,Local Authority,Braidhurst High School,Dalriada Crescent,Motherwell,,ML1 3XF,North Lanarkshire,S12000050,S01011492,118068897,Non-denominational,44,573,5 - <10%,55 - <60%,3,Y,N,Y,1,1,Large Urban Areas,Large Urban Areas,1,1,658249,55.8012547,-3.998427,
8545820,8545820P,Primary,Local Authority,Braidwood Primary School,Monk's Lane,Braidwood,CARLUKE,ML8 5PN,South Lanarkshire,S12000029,S01012616,484178739,Non-denominational,10,151,*,*,54,N,N,N,2,2,Other Urban Areas,Other Urban Areas,2,2,647925,55.7109705,-3.8386751,
5238129,5238129P,Primary,Local Authority,Bramble Brae School,Cummings Park Drive,Aberdeen,,AB16 7BL,Aberdeen City,S12000033,S01006716,9051035529,Non-denominational,8.9,132,5 - <10%,*,26,N,N,N,1,1,Large Urban Areas,Large Urban Areas,1,1,808388,57.1662406,-2.1478594,
8519234,8519234S,Secondary,Local Authority,Brannock High School,Loanhead Road,Newarthill,MOTHERWELL,ML1 5AU,North Lanarkshire,S12000050,S01011458,118085008,Non-denominational,59.4,546,0 - <5%,35 - <40%,69,N,N,N,1,1,Large Urban Areas,Large Urban Areas,1,1,659250,55.8108774,-3.9594849,
5349834,5349834P,Primary,Local Authority,Breadalbane Academy,Breadalbane Community Campus,Crieff Road,ABERFELDY,PH15 2DU,Perth and Kinross,S12000048,S01012015,124079512,Non-denominational,14.8,163,*,0%,75,N,N,N,7,6,Remote Rural Areas,Remote Rural Areas,7,6,748799,56.616972,-3.8698873,
5349834,5349834S,Secondary,Local Authority,Breadalbane Academy,Breadalbane Community Campus,Crieff Road,ABERFELDY,PH15 2DU,Perth and Kinross,S12000048,S01012015,124079512,Non-denominational,40.9,410,5 - <10%,0%,75,N,N,N,7,6,Remote Rural Areas,Remote Rural Areas,7,6,748799,56.616972,-3.8698873,
6230725,6230725P,Primary,Local Authority,Breasclete Primary School,Breasclete,Lewis,,HS2 9ED,Na h-Eileanan an Iar,S12000013,S01009028,139014341,Non-denominational,2.6,26,0%,0%,36,N,N,N,8,6,Very Remote Rural Areas,Remote Rural Areas,8,6,934867,58.2144004,-6.7392024,UPRN is a Parent UPRN in SAD 2024 Q1.
5307236,5307236S,Secondary,Local Authority,Brechin High School,Brechin Community Campus,Duke Street,BRECHIN,DD9 6LB,Angus,S12000041,S01007239,117081516,Non-denominational,49.8,562,*,15 - <20%,81,N,N,N,3,3,Accessible Small Towns,Accessible Small Towns,3,3,760768,56.7367347,-2.6724434,
8624526,8624526P,Primary,Local Authority,Brediland Primary School,Achray Drive,,PAISLEY,PA2 9DJ,Renfrewshire,S12000038,S01012079,123034907,Non-denominational,18.8,196,0 - <5%,50 - <55%,14,Y,N,Y,1,1,Large Urban Areas,Large Urban Areas,1,1,662368,55.8299535,-4.4577042,
5723329,5723329P,Primary,Local Authority,Bridge Of Allan Primary,Pullar Avenue,Bridge Of Allan,STIRLING,FK9 4SY,Stirling,S12000030,S01013084,122024063,Non-denominational,19.5,327,10 - <20%,*,98,N,N,N,2,2,Other Urban Areas,Other Urban Areas,2,2,696661,56.1473787,-3.9402338,
5235634,5235634S,Secondary,Local Authority,Bridge Of Don Academy,Braehead Way,Bridge Of Don,ABERDEEN,AB22 8RR,Aberdeen City,S12000033,S01006778,9051100768,Non-denominational,59,770,10 - <20%,5 - <10%,77,N,N,N,1,1,Large Urban Areas,Large Urban Areas,1,1,810445,57.1847561,-2.1110928,
8621624,8621624P,Primary,Local Authority,Bridge Of Weir Primary School,Warlock Road,,BRIDGE OF WEIR,PA11 3QB,Renfrewshire,S12000038,S01012240,123088464,Non-denominational,21.4,442,5 - <10%,*,50,N,N,N,3,3,Accessible Small Towns,Accessible Small Towns,3,3,666161,55.861548,-4.5793609,
5113628,5113628P,Primary,Local Authority,Bridgend Primary School,Ardross Road,Alness,,IV17 0QA,Highland,S12000017,S01010738,130003895,Non-denominational,12.8,278,*,25 - <30%,47,N,N,N,4,4,Remote Small Towns,Remote Small Towns,4,4,869817,57.6980239,-4.2553119,
5505925,5505925P,Primary,Local Authority,Bridgend Primary School,Auldhill Road,Bridgend,LINLITHGOW,EH49 6NZ,West Lothian,S12000040,S01013454,200004081030,Non-denominational,5.9,30,0%,85 - <90%,73,N,N,N,6,5,Accessible Rural Areas,Accessible Rural Areas,6,5,675385,55.9618986,-3.5349828,
1002929,1002929P,Primary,Local Authority,Brimmond School,Netherhills Place,Bucksburn,ABERDEEN,AB21 9DF,Aberdeen City,S12000033,S01006741,9051145398,Non-denominational,21.4,440,*,*,42,N,N,N,1,1,Large Urban Areas,Large Urban Areas,1,1,809195,57.1734389,-2.1884747,
5127823,5127823P,Primary,Local Authority,Broadford Primary School,Broadford,Isle Of Skye,,IV49 9AQ,Highland,S12000017,S01010673,130107154,Non-denominational,5.6,71,*,0%,40,N,N,N,8,6,Very Remote Rural Areas,Remote Rural Areas,8,6,823329,57.2398966,-5.9028607,
8200122,8200122P,Primary,Local Authority,Brodick Primary School,Brodick,,ISLE OF ARRAN,KA27 8DW,North Ayrshire,S12000021,S01011177,126058190,Non-denominational,7.7,68,*,0%,76,N,N,N,8,6,Very Remote Rural Areas,Remote Rural Areas,8,6,636569,55.5819886,-5.1590924,
8407428,8407428P,Primary,Local Authority,Broomhill Primary School,57 Edgehill Road,,GLASGOW,G11 7HZ,Glasgow City,S12000049,S01010417,906700052377,Non-denominational,24.7,445,>20%,10 - <15%,99,N,N,N,1,1,Large Urban Areas,Large Urban Areas,1,1,667625,55.8798588,-4.3206558,
5238226,5238226P,Primary,Local Authority,Broomhill School,Gray Street,Aberdeen,,AB10 6JF,Aberdeen City,S12000033,S01006534,9051041760,Non-denominational,23,453,>20%,*,98,N,N,N,1,1,Large Urban Areas,Large Urban Areas,1,1,804577,57.1320318,-2.1240519,
5521424,5521424P,Primary,Local Authority,Broomhouse Primary School,39 Saughton Road,Edinburgh,,EH11 3RQ,City of Edinburgh,S12000036,S01008472,906219606,Non-denominational,12.9,206,>20%,40 - <45%,28,N,N,N,1,1,Large Urban Areas,Large Urban Areas,1,1,671325,55.9284054,-3.2731533,
5633222,5633222P,Primary,Local Authority,Broomlands Primary School,Ednam Road,Kelso,,TD5 7SW,Scottish Borders,S12000026,S01012340,116067732,Non-denominational,14.3,249,0 - <5%,0%,52,N,N,N,4,4,Remote Small Towns,Remote Small Towns,4,4,634890,55.6068731,-2.4272083,
8459045,8459045SP,Special,Local Authority,Broomlea Primary School,Keppoch Campus,65 Stonyhurst Street,GLASGOW,G22 5AX,Glasgow City,S12000049,S01010224,906700430723,Non-denominational,12.6,48,>20%,75 - <80%,1,Y,N,Y,1,1,Large Urban Areas,Large Urban Areas,1,1,667608,55.8810253,-4.2496388,
5110726,5110726P,Primary,Local Authority,Brora Primary School,Johnstone Place,Brora,SUTHERLAND,KW9 6PF,Highland,S12000017,S01010768,130020128,Non-denominational,6.5,98,5 - <10%,0%,44,N,N,N,8,6,Very Remote Rural Areas,Remote Rural Areas,8,6,903743,58.0092922,-3.8567865,
5600227,5600227P,Primary,Local Authority,Broughton Central P School,Broughton,By Biggar,,ML12 6HQ,Scottish Borders,S12000026,S01012249,116063853,Non-denominational,3.1,40,*,0%,57,N,N,N,7,6,Remote Rural Areas,Remote Rural Areas,7,6,636106,55.6104423,-3.4094707,
5531632,5531632S,Secondary,Local Authority,Broughton High School,29 East Fettes Avenue,Edinburgh,,EH4 1EG,City of Edinburgh,S12000036,S01008864,906460593,Non-denominational,99.9,1276,>20%,20 - <25%,97,N,N,N,1,1,Large Urban Areas,Large Urban Areas,1,1,674859,55.960676,-3.2219544,
5521521,5521521P,Primary,Local Authority,Broughton Primary School,132 Broughton Road,Edinburgh,,EH7 4LD,City of Edinburgh,S12000036,S01008836,906031315,Non-denominational,20.1,351,>20%,5 - <10%,40,N,N,N,1,1,Large Urban Areas,Large Urban Areas,1,1,675351,55.9654167,-3.1889806,
5935423,5935423P,Primary,Local Authority,Brownhall School,Glencaple Road,Dumfries,,DG1 4TU,Dumfries and Galloway,S12000006,S01007599,137058446,Non-denominational,2.9,24,*,0%,41,N,N,N,2,2,Other Urban Areas,Other Urban Areas,2,2,573698,55.047304,-3.5962154,
5510031,5510031S,Secondary,Local Authority,Broxburn Academy,Cardross Road,Broxburn,WEST LOTHIAN,EH52 6AG,West Lothian,S12000040,S01013461,200004155738,Non-denominational,70.9,911,5 - <10%,0 - <5%,52,N,N,N,2,2,Other Urban Areas,Other Urban Areas,2,2,672545,55.9369568,-3.4878897,
5506026,5506026P,Primary,Local Authority,Broxburn Primary School,School Lane,Off West Main Street,BROXBURN,EH52 5RP,West Lothian,S12000040,S01013479,135009723,Non-denominational,21.4,331,5 - <10%,*,21,N,Y,Y,2,2,Other Urban Areas,Other Urban Areas,2,2,672396,55.935798,-3.4733029,
5521629,5521629P,Primary,Local Authority,Brunstane Primary School,106 Magdalene Drive,Edinburgh,,EH15 3BE,City of Edinburgh,S12000036,S01008715,906154267,Non-denominational,21.7,263,>20%,60 - <65%,17,N,Y,Y,1,1,Large Urban Areas,Large Urban Areas,1,1,672636,55.9418154,-3.1036917,
5521726,5521726P,Primary,Local Authority,Bruntsfield Primary School,12 Montpelier,Edinburgh,,EH10 4NA,City of Edinburgh,S12000036,S01008642,906167289,Non-denominational,26.2,607,>20%,*,99,N,N,N,1,1,Large Urban Areas,Large Urban Areas,1,1,672240,55.9372608,-3.2104113,
5945720,5945720P,Primary,Local Authority,Brydekirk School,School Street,Brydekirk,ANNAN,DG12 5LX,Dumfries and Galloway,S12000006,S01007659,137024829,Non-denominational,2.7,25,0%,0%,49,N,N,N,6,5,Accessible Rural Areas,Accessible Rural Areas,6,5,570549,55.0227699,-3.2772585,
5113725,5113725P,Primary,Local Authority,Bualnaluib Primary School,Aultbea,Achnasheen,,IV22 2JH,Highland,S12000017,S01010694,130111564,Non-denominational,3.7,29,*,0%,53,N,N,N,8,6,Very Remote Rural Areas,Remote Rural Areas,8,6,890009,57.8484744,-5.5975338,
1001930,1001930SP,Special,Local Authority,Buchanan High,67 Townhead Road,Coatbridge,,ML5 2HT,North Lanarkshire,S12000050,S01011695,118184292,Non-denominational,29.9,146,*,45 - <50%,64,N,N,N,2,2,Other Urban Areas,Other Urban Areas,6,5,665867,55.8688043,-4.0540636,
5215927,5215927P,Primary,Local Authority,Buchanhaven School,Hope Street,Peterhead,ABERDEENSHIRE,AB42 1HD,Aberdeenshire,S12000034,S01007081,151085218,Non-denominational,23.8,426,0 - <5%,25 - <30%,30,N,N,N,2,2,Other Urban Areas,Other Urban Areas,2,2,847005,57.5130504,-1.7959537,
5723523,5723523P,Primary,Local Authority,Buchlyvie Primary School,Station Road,Buchlyvie,,FK8 3NB,Stirling,S12000030,S01013014,122009777,Non-denominational,3.9,37,0%,0%,81,N,N,N,6,5,Accessible Rural Areas,Accessible Rural Areas,6,5,693802,56.1155863,-4.2958093,
5401224,5401224P,Primary,Local Authority,Buckhaven Primary School,College Street,Buckhaven,LEVEN,KY8 1JZ,Fife,S12000047,S01009621,320181006,Non-denominational,17.7,229,5 - <10%,85 - <90%,11,Y,N,Y,2,2,Other Urban Areas,Other Urban Areas,2,2,698300,56.1730332,-3.0315401,
5208734,5208734S,Secondary,Local Authority,Buckie High School,West Cathcart Street,Buckie,MORAY,AB56 1QB,Moray,S12000020,S01011079,10091751347,Non-denominational,69.5,826,0 - <5%,*,62,N,N,N,3,3,Accessible Small Towns,Accessible Small Towns,3,3,865174,57.6726948,-2.9698902,
5234034,5234034S,Secondary,Local Authority,Bucksburn Academy,Kepplehills Road,Bucksburn,ABERDEEN,AB21 9DG,Aberdeen City,S12000033,S01006745,9051317884,Non-denominational,83.4,907,10 - <20%,0 - <5%,37,N,N,N,1,1,Large Urban Areas,Large Urban Areas,1,1,809630,57.1773566,-2.1825272,
5541220,5541220P,Primary,Local Authority,Buckstone Primary School,79 Buckstone Loan East,Edinburgh,,EH10 6UY,City of Edinburgh,S12000036,S01008543,906036471,Non-denominational,22.2,409,10 - <20%,*,93,N,N,N,1,1,Large Urban Areas,Large Urban Areas,1,1,668736,55.9059112,-3.195907,
8101523,8101523P,Primary,Local Authority,Bunessan Primary School,Bunessan,Isle Of Mull,ARGYLL,PA67 6DL,Argyll and Bute,S12000035,S01007287,125067848,Non-denominational,1.5,12,0%,0%,53,N,N,N,8,6,Very Remote Rural Areas,Remote Rural Areas,8,6,721996,56.3182913,-6.2207096,
1004662,1004662P,Primary,Local Authority,Bunessan Primary School Gaelic Unit,Bunessan,,ISLE OF MULL,PA67 6DL,Argyll and Bute,S12000035,S01007287,125067848,Non-denominational,1.1,10,0%,0%,53,N,N,N,8,6,Very Remote Rural Areas,Remote Rural Areas,8,6,721996,56.3182913,-6.2207096,
1006010,1006010P,Primary,Local Authority,Bun-sgoil Ghaidhlig a Challtainn - Calton Gaelic School,C/o North Kelvinside Primary,200 Queen Margaret Drive,GLASGOW,G20 8LY,Glasgow City,S12000049,S01010317,906700501354,Non-denominational,3.6,40,10 - <20%,45 - <50%,45,N,N,N,1,1,Large Urban Areas,Large Urban Areas,1,1,667904,55.8831071,-4.2811149,
5120128,5120128P,Primary,Local Authority,Bun-sgoil Ghaidhlig Inbhir Nis,Inverness,,,IV2 6BA,Highland,S12000017,S01010600,130125486,Non-denominational,11.6,209,0 - <5%,0 - <5%,73,N,N,N,2,2,Other Urban Areas,Other Urban Areas,2,2,842193,57.450445,-4.2199111,
1003429,1003429P,Primary,Local Authority,Bun-sgoil Ghaidhlig Loch Abar,Ardgour Road,Caol,FORT WILLIAM,PH33 7JE,Highland,S12000017,S01010510,130166979,Non-denominational,9.1,147,*,0 - <5%,55,N,N,N,2,2,Other Urban Areas,Other Urban Areas,2,2,776457,56.8410804,-5.0964726,
1004557,1004557P,Primary,Local Authority,Bun-Sgoil Ghaidhlig Phort Righ,Bun-Sgoil Ghaidhlig Phort Righ,Struan Road,PORTREE,IV51 9EG,Highland,S12000017,S01010680,130178336,Non-denominational,9.1,163,*,0%,35,N,N,N,8,6,Very Remote Rural Areas,Remote Rural Areas,8,6,843660,57.412766,-6.2110622,
5126525,5126525P,Primary,Local Authority,Bun-Sgoil Shleite,Teangue,SLEAT,ISLE OF SKYE,IV44 8RF,Highland,S12000017,S01010676,130111278,Non-denominational,5.4,56,*,0%,59,N,N,N,8,6,Very Remote Rural Areas,Remote Rural Areas,8,6,806530,57.0898196,-5.8715963,
1002724,1002724P,Primary,Local Authority,Bun-sgoil Taobh na Pairce (Parkside Primary),139b Bonnington Road,Edinburgh,,EH6 5NQ,City of Edinburgh,S12000036,S01008816,906430147,Non-denominational,20.7,399,*,5 - <10%,44,N,N,N,1,1,Large Urban Areas,Large Urban Areas,1,1,675915,55.9705722,-3.17983,
5618428,5618428P,Primary,Local Authority,Burgh Primary School,Gala Park Road,Galashiels,,TD1 1EZ,Scottish Borders,S12000026,S01012275,116006911,Non-denominational,11.8,192,5 - <10%,0 - <5%,25,N,Y,Y,2,2,Other Urban Areas,Other Urban Areas,2,2,636183,55.6165557,-2.8104079,
8456828,8456828P,Primary,Local Authority,Burgh Primary School,19 Victoria Street,Rutherglen,,G73 1DS,South Lanarkshire,S12000029,S01012858,484161674,Non-denominational,12.1,158,10 - <20%,75 - <80%,8,Y,N,Y,1,1,Large Urban Areas,Large Urban Areas,1,1,661780,55.8293416,-4.2113648,
5200520,5200520P,Primary,Local Authority,Burghead Primary School,Grant Street,Burghead,MORAY,IV30 5UQ,Moray,S12000020,S01011147,133001226,Non-denominational,7.1,107,*,0%,71,N,N,N,6,5,Accessible Rural Areas,Accessible Rural Areas,6,5,868878,57.7009472,-3.4871802,
5546621,5546621P,Primary,Local Authority,Burnbrae Primary School,144 Burnbrae Road,Bonnyrigg,,EH19 3GB,Midlothian,S12000019,S01010991,120046555,Non-denominational,38,483,5 - <10%,*,72,N,N,N,2,2,Other Urban Areas,Other Urban Areas,2,2,664160,55.8656334,-3.1064079,
5630525,5630525P,Primary,Local Authority,Burnfoot Community School,Kenilworth Avenue,Hawick,,TD9 8EQ,Scottish Borders,S12000026,S01012362,116015662,Non-denominational,14.5,204,*,95 - <100%,11,Y,N,Y,2,2,Other Urban Areas,Other Urban Areas,2,2,616298,55.438148,-2.7683096,
5216028,5216028P,Primary,Local Authority,Burnhaven School,South Road,Peterhead,ABERDEENSHIRE,AB42 0YX,Aberdeenshire,S12000034,S01007073,151100260,Non-denominational,4.3,34,*,0%,76,N,N,N,2,2,Other Urban Areas,Other Urban Areas,2,2,844322,57.4889454,-1.793002,
5511941,5511941SP,Special,Local Authority,Burnhouse Skills Centre,The Avenue,Whitburn,WEST LOTHIAN,EH47 0BX,West Lothian,S12000040,S01013372,200004143872,Non-denominational,30.5,2,*,*,9,Y,N,Y,2,2,Other Urban Areas,Other Urban Areas,2,2,664502,55.8620618,-3.6908121,
5300720,5300720P,Primary,Local Authority,Burnside Primary School,Thomas Street,Carnoustie,,DD7 7JZ,Angus,S12000041,S01007158,117053686,Non-denominational,19,327,0 - <5%,0%,73,N,N,N,2,2,Other Urban Areas,Other Urban Areas,2,2,734216,56.4978251,-2.736784,
8456925,8456925P,Primary,Local Authority,Burnside Primary School,Glenlui Avenue,Burnside,RUTHERGLEN,G73 4JE,South Lanarkshire,S12000029,S01012888,484130809,Non-denominational,20,371,5 - <10%,10 - <15%,94,N,N,N,1,1,Large Urban Areas,Large Urban Areas,1,1,660324,55.816378,-4.2045796,
5401321,5401321P,Primary,Local Authority,Burntisland Primary School,Cowdenbeath Road,Burntisland,,KY3 0LJ,Fife,S12000047,S01009464,320311586,Non-denominational,26.6,468,0 - <5%,10 - <15%,74,N,N,N,3,3,Accessible Small Towns,Accessible Small Towns,3,3,686422,56.0644924,-3.2301428,
6100228,6100228P,Primary,Local Authority,Burravoe Primary School,Burravoe,Yell,SHETLAND,ZE2 9AY,Shetland Islands,S12000027,S01012413,30100004112,Non-denominational,1.4,9,0%,0%,55,N,N,N,8,6,Very Remote Rural Areas,Remote Rural Areas,8,6,1179808,60.4985989,-1.0552398,
6000223,6000223P,Primary,Local Authority,Burray Primary School,Burray,Orkney,,KW17 2SS,Orkney Islands,S12000023,S01011829,134014653,Non-denominational,4,47,*,0%,63,N,N,N,8,6,Very Remote Rural Areas,Remote Rural Areas,8,6,995827,58.8466139,-2.9168543,
5341922,5341922P,Primary,Local Authority,Burrelton Primary School,School Road,Burrelton,,PH13 9NZ,Perth and Kinross,S12000048,S01011972,124053828,Non-denominational,4.1,61,*,0%,56,N,N,N,6,5,Accessible Rural Areas,Accessible Rural Areas,6,5,737032,56.5184598,-3.304561,
8600228,8600228P,Primary,Local Authority,Busby Primary School,23 Church Road,Busby,GLASGOW,G76 8EB,East Renfrewshire,S12000011,S01008367,131033127,Non-denominational,18.9,263,>20%,*,34,N,N,N,1,1,Large Urban Areas,Large Urban Areas,1,1,656555,55.781306,-4.2703772,
8624623,8624623P,Primary,Local Authority,Bushes Primary School,Grampian Avenue,,PAISLEY,PA2 8DW,Renfrewshire,S12000038,S01012102,123053348,Non-denominational,18.4,330,5 - <10%,10 - <15%,15,Y,N,Y,1,1,Large Urban Areas,Large Urban Areas,1,1,661889,55.8261877,-4.4303272,
8407827,8407827P,Primary,Local Authority,Cadder Primary School,60 Herma Street,,GLASGOW,G23 5AR,Glasgow City,S12000049,S01010351,906700058937,Non-denominational,16.2,193,>20%,75 - <80%,26,N,N,N,1,1,Large Urban Areas,Large Urban Areas,1,1,669439,55.8969499,-4.2785047,
5940621,5940621P,Primary,Local Authority,Caerlaverock School,Church Street,Glencaple,DUMFRIES,DG1 4QU,Dumfries and Galloway,S12000006,S01007598,137020859,Non-denominational,2.7,28,0%,*,55,N,N,N,6,5,Accessible Rural Areas,Accessible Rural Areas,6,5,568747,55.0031642,-3.5688514,
5224527,5224527P,Primary,Local Authority,Cairney School,Cairnie,By Huntly,ABERDEENSHIRE,AB54 4TQ,Aberdeenshire,S12000034,S01007007,151101361,Non-denominational,2,22,*,0%,57,N,N,N,7,6,Remote Rural Areas,Remote Rural Areas,7,6,844754,57.4900538,-2.8610328,
5440823,5440823P,Primary,Local Authority,Cairneyhill Primary & Community School,Northbank Road,Cairneyhill,DUNFERMLINE,KY12 8RN,Fife,S12000047,S01009285,320189132,Non-denominational,17.5,228,0 - <5%,*,75,N,N,N,6,5,Accessible Rural Areas,Accessible Rural Areas,6,5,686505,56.0618491,-3.5327029,
8455821,8455821P,Primary,Local Authority,Cairns Primary School,Ivybank Avenue,Cambuslang,,G72 8SQ,South Lanarkshire,S12000029,S01012832,484165004,Non-denominational,24.7,322,5 - <10%,40 - <45%,20,N,Y,Y,1,1,Large Urban Areas,Large Urban Areas,1,1,659682,55.8114855,-4.1550979,
5447046,5447046SP,Special,Local Authority,Calaiswood School,Duloch Schools and Community Campus,Duloch Park,DUNFERMLINE,KY11 8GN,Fife,S12000047,S01009348,320284361,Non-denominational,15.1,60,10 - <20%,15 - <20%,97,N,N,N,2,2,Other Urban Areas,Other Urban Areas,2,2,686344,56.0619546,-3.4022295,
8501920,8501920P,Primary,Local Authority,Calderbank Primary School,Main Street,Calderbank,AIRDRIE,ML6 9SG,North Lanarkshire,S12000050,S01011614,118001872,Non-denominational,5.6,66,*,50 - <55%,45,N,N,N,6,5,Accessible Rural Areas,Accessible Rural Areas,6,5,663133,55.8456875,-3.9648461,
8510024,8510024P,Primary,Local Authority,Calderbridge Primary School,Coltness Road,Coltness,WISHAW,ML2 7EY,North Lanarkshire,S12000050,S01011410,118183788,Non-denominational,17.8,279,0 - <5%,25 - <30%,30,N,N,N,1,1,Large Urban Areas,Large Urban Areas,1,1,656695,55.7886523,-3.9132968,
8459622,8459622P,Primary,Local Authority,Caldercuilt Primary School,101 Invershiel Road,,GLASGOW,G23 5NR,Glasgow City,S12000049,S01010348,906700064403,Non-denominational,13.7,167,10 - <20%,20 - <25%,27,N,N,N,1,1,Large Urban Areas,Large Urban Areas,1,1,670368,55.9051368,-4.2872562,
8530033,8530033S,Secondary,Local Authority,Calderglen High School,High Common Road,St Leonard's,EAST KILBRIDE,G74 2LP,South Lanarkshire,S12000029,S01012923,484159700,Non-denominational,102.8,1280,0 - <5%,0 - <5%,60,N,N,N,2,2,Other Urban Areas,Other Urban Areas,2,2,653854,55.7591884,-4.1504913,
8517231,8517231S,Secondary,Local Authority,Calderhead High School,Dyfrig Street,Shotts,,ML7 4DH,North Lanarkshire,S12000050,S01011434,118199745,Non-denominational,48.1,558,*,30 - <35%,54,N,N,N,3,3,Accessible Small Towns,Accessible Small Towns,3,3,660061,55.820648,-3.797223,School Contacts List UPRN (118056907) is not in SAD 2024 Q1.  GISAT has assigned the UPRN for Calderhead High School as it is in SAD 2024 Q1 (118199745).
8530130,8530130S,Secondary,Local Authority,Calderside Academy,Calder Street,Blanytre,,G72 0AX,South Lanarkshire,S12000029,S01012760,484157055,Non-denominational,111.4,1294,0 - <5%,35 - <40%,11,Y,N,Y,2,2,Other Urban Areas,Other Urban Areas,2,2,657387,55.791923,-4.093608,
8505632,8505632S,Secondary,Local Authority,Caldervale High School,Towers Road,Airdrie,,ML6 8PG,North Lanarkshire,S12000050,S01011628,118008182,Non-denominational,88.8,1053,0 - <5%,40 - <45%,72,N,N,N,2,2,Other Urban Areas,Other Urban Areas,2,2,665309,55.8656504,-3.9391497,
8454922,8454922P,Primary,Local Authority,Calderwood Lodge P School,Waterfoot Road,Newton Mearns,GLASGOW,G77 5GP,East Renfrewshire,S12000011,S01008350,131047968,Jewish,17.8,168,>20%,*,98,N,N,N,1,1,Large Urban Areas,Large Urban Areas,1,1,655060,55.7672088,-4.3060023,
1005502,1005502P,Primary,Local Authority,Calderwood Primary School,Nethershiel Road,,EAST CALDER,EH53 0GU,West Lothian,S12000040,S01013298,135050930,Non-denominational,30.2,482,10 - <20%,0%,66,N,N,N,3,3,Accessible Small Towns,Accessible Small Towns,3,3,668899,55.904686,-3.4472482,
8457026,8457026P,Primary,Local Authority,Calderwood Primary School,Buchanan Drive,Rutherglen,,G73 3PQ,South Lanarkshire,S12000029,S01012881,484156906,Non-denominational,35,420,10 - <20%,15 - <20%,86,N,N,N,1,1,Large Urban Areas,Large Urban Areas,1,1,660807,55.820831,-4.1983183,
8218625,8218625P,Primary,Local Authority,Caledonia Primary School,Campbell Avenue,,SALTCOATS,KA21 5AF,North Ayrshire,S12000021,S01011259,126060305,Non-denominational,16.2,228,5 - <10%,70 - <75%,29,N,N,N,2,2,Other Urban Areas,Other Urban Areas,2,2,641861,55.6385026,-4.7908262,
8455023,8455023P,Primary,Local Authority,Caledonia Primary School,10 Calderwood Drive,,GLASGOW,G69 7DX,Glasgow City,S12000049,S01010084,906700111288,Non-denominational,24.8,272,10 - <20%,50 - <55%,11,Y,N,Y,1,1,Large Urban Areas,Large Urban Areas,1,1,663376,55.8453382,-4.1174531,
5741025,5741025P,Primary,Local Authority,California Primary School,Main Street,California,FALKIRK,FK1 2BW,Falkirk,S12000014,S01009186,136033428,Non-denominational,6.9,66,*,0%,45,N,N,N,6,5,Accessible Rural Areas,Accessible Rural Areas,6,5,676258,55.9668174,-3.7541961,
5720427,5720427P,Primary,Local Authority,Callander Primary School,Bridgend,Callander,,FK17 8AG,Stirling,S12000030,S01013116,122001334,Non-denominational,18.6,261,*,0%,94,N,N,N,3,3,Accessible Small Towns,Accessible Small Towns,3,3,707710,56.2420265,-4.216417,
5940923,5940923P,Primary,Local Authority,Calside School,Calside Road,Dumfries,,DG1 4HB,Dumfries and Galloway,S12000006,S01007602,137035999,Non-denominational,13.2,186,0 - <5%,*,86,N,N,N,2,2,Other Urban Areas,Other Urban Areas,2,2,575163,55.0606812,-3.5800407,
5723620,5723620P,Primary,Local Authority,Cambusbarron Primary School,Thomson Place,Cambusbarron,STIRLING,FK7 9PE,Stirling,S12000030,S01013020,122011617,Non-denominational,12,222,0 - <5%,0%,39,N,N,N,2,2,Other Urban Areas,Other Urban Areas,2,2,692365,56.1082906,-3.9706399,
8511128,8511128P,Primary,Local Authority,Cambusnethan Primary School,53 Branchal Road,Cambusnethan,WISHAW,ML2 8PD,North Lanarkshire,S12000050,S01011414,118168134,Non-denominational,12.2,155,*,20 - <25%,31,N,N,N,1,1,Large Urban Areas,Large Urban Areas,1,1,655892,55.7816419,-3.8994758,
5444721,5444721P,Primary,Local Authority,Camdean Primary School,King's Road,Rosyth,DUNFERMLINE,KY11 2RY,Fife,S12000047,S01009373,320188815,Non-denominational,15,262,5 - <10%,0%,32,N,N,N,2,2,Other Urban Areas,Other Urban Areas,2,2,683710,56.0379717,-3.4296734,
8110034,8110034S,Secondary,Local Authority,Campbeltown Grammar School,Hutcheon Road,Campbeltown,ARGYLL,PA28 6JS,Argyll and Bute,S12000035,S01007332,125041425,Non-denominational,36.9,380,*,15 - <20%,56,N,N,N,5,4,Very Remote Small Towns,Remote Small Towns,8,6,619690,55.4179394,-5.6039484,
1000870,1000870P,Primary,Local Authority,Camperdown Primary School,Buttars Street,Dundee,,DD2 4PQ,Dundee City,S12000042,S01007847,9059007154,Non-denominational,15.6,228,10 - <20%,65 - <70%,8,Y,N,Y,1,1,Large Urban Areas,Large Urban Areas,1,1,731840,56.4743541,-3.0346547,
5550122,5550122P,Primary,Local Authority,Campie Primary School,3 Stoneyhill Farm Road,Musselburgh,EAST LOTHIAN,EH21 6QS,East Lothian,S12000010,S01008177,138038571,Non-denominational,19.2,362,10 - <20%,0 - <5%,36,N,N,N,1,1,Large Urban Areas,Large Urban Areas,1,1,672552,55.9414109,-3.0639114,
8400024,8400024P,Primary,Local Authority,Camstradden Primary School,10 Bankglen Road,,GLASGOW,G15 7LG,Glasgow City,S12000049,S01010494,906700408096,Non-denominational,18.9,270,10 - <20%,*,15,Y,N,Y,1,1,Large Urban Areas,Large Urban Areas,1,1,671761,55.9163837,-4.35475,
1005766,1005766P,Primary,Local Authority,Canaan Lane Primary School,35B Canaan Lane,,EDINBURGH,EH10 4SG,City of Edinburgh,S12000036,S01008628,10095516875,Non-denominational,5.2,88,>20%,0%,89,N,N,N,1,1,Large Urban Areas,Large Urban Areas,1,1,671294,55.9287931,-3.2065201,
5520428,5520428P,Primary,Local Authority,Canal View Primary School,4 Hailesland Place,Edinburgh,,EH14 2SL,City of Edinburgh,S12000036,S01008459,906119468,Non-denominational,23,346,>20%,75 - <80%,7,Y,N,Y,1,1,Large Urban Areas,Large Urban Areas,1,1,669961,55.9160727,-3.2800122,
8530629,8530629P,Primary,Local Authority,Canberra Primary School,Belmont Drive,East Kilbride,,G75 8HD,South Lanarkshire,S12000029,S01012956,484173484,Non-denominational,10.1,163,*,0%,37,N,N,N,2,2,Other Urban Areas,Other Urban Areas,2,2,653706,55.7568513,-4.2072111,
5100224,5100224P,Primary,Local Authority,Canisbay Primary School,Canisbay,Wick,,KW1 4YH,Highland,S12000017,S01010790,130072235,Non-denominational,2.8,40,*,0%,45,N,N,N,8,6,Very Remote Rural Areas,Remote Rural Areas,8,6,972173,58.6325281,-3.1236007,
5445523,5445523P,Primary,Local Authority,Canmore Primary School,Evershed Drive,Dunfermline,,KY11 8RS,Fife,S12000047,S01009355,320188798,Non-denominational,13.4,283,5 - <10%,5 - <10%,85,N,N,N,2,2,Other Urban Areas,Other Urban Areas,2,2,686196,56.0603283,-3.4280912,
5138221,5138221P,Primary,Local Authority,Cannich Bridge Primary School,Cannich,Beauly,INVERNESS-SHIRE,IV4 7LN,Highland,S12000017,S01010655,130111502,Non-denominational,2.5,31,*,0%,63,N,N,N,7,6,Remote Rural Areas,Remote Rural Areas,7,6,831678,57.3450969,-4.7676901,
5945828,5945828P,Primary,Local Authority,Canonbie School,Canonbie,Dumfriesshire,,DG14 0XA,Dumfries and Galloway,S12000006,S01007650,137070393,Non-denominational,4.3,52,*,0%,63,N,N,N,6,5,Accessible Rural Areas,Accessible Rural Areas,6,5,576614,55.080291,-2.9470594,
5425026,5425026P,Primary,Local Authority,Canongate Primary School,Maynard Road,St Andrews,,KY16 8RX,Fife,S12000047,S01009732,320174802,Non-denominational,12.7,187,10 - <20%,*,97,N,N,N,2,2,Other Urban Areas,Other Urban Areas,2,2,715962,56.3333686,-2.8100299,
5133521,5133521P,Primary,Local Authority,Caol Primary School,Glenkingie Street,Fort William,,PH33 7DP,Highland,S12000017,S01010514,130107815,Non-denominational,11.7,238,*,*,60,N,N,N,2,2,Other Urban Areas,Other Urban Areas,2,2,776205,56.8385405,-5.1074833,
5403421,5403421P,Primary,Local Authority,Capshard Primary School,Barry Road,Kirkcaldy,,KY2 6JD,Fife,S12000047,S01009512,320181632,Non-denominational,26.6,523,5 - <10%,*,89,N,N,N,2,2,Other Urban Areas,Other Urban Areas,2,2,694666,56.1390963,-3.1754449,
5126126,5126126P,Primary,Local Authority,Carbost Primary School,Carbost,Isle Of Skye,,IV47 8SR,Highland,S12000017,S01010675,130111260,Non-denominational,1.6,19,*,0%,64,N,N,N,8,6,Very Remote Rural Areas,Remote Rural Areas,8,6,831717,57.3005223,-6.3528867,
8355622,8355622P,Primary,Local Authority,Carbrain Primary School,Millcroft Road,Carbrain,CUMBERNAULD,G67 2LD,North Lanarkshire,S12000050,S01011749,118032989,Non-denominational,12.6,164,>20%,60 - <65%,8,Y,N,Y,2,2,Other Urban Areas,Other Urban Areas,2,2,674493,55.9475516,-3.9788465,
5401429,5401429P,Primary,Local Authority,Cardenden Primary School,Carden Castle Avenue,Cardenden,LOCHGELLY,KY5 0EW,Fife,S12000047,S01009439,320179922,Non-denominational,13.2,157,*,35 - <40%,19,N,Y,Y,3,3,Accessible Small Towns,Accessible Small Towns,3,3,694730,56.1388875,-3.2550954,
8518637,8518637S,Secondary,Local Authority,Cardinal Newman High School,Main Street,Bellshill,,ML4 3DW,North Lanarkshire,S12000050,S01011532,118106873,Roman Catholic,65,840,5 - <10%,45 - <50%,83,N,N,N,6,5,Accessible Rural Areas,Accessible Rural Areas,1,1,660016,55.8165245,-4.0355851,
8442347,8442347SP,Special,Local Authority,Cardinal Winning Secondary School,30 Fullarton Avenue,Glasgow,,G32 8NJ,Glasgow City,S12000049,S01010061,906700401788,Roman Catholic,28.6,112,10 - <20%,55 - <60%,33,N,N,N,1,1,Large Urban Areas,Large Urban Areas,1,1,662921,55.8403646,-4.168212,
8408025,8408025P,Primary,Local Authority,Cardonald Primary School,1 Angus Oval,,GLASGOW,G52 3HD,Glasgow City,S12000049,S01009816,906700127355,Non-denominational,15.6,280,10 - <20%,20 - <25%,50,N,N,N,1,1,Large Urban Areas,Large Urban Areas,1,1,663535,55.8425339,-4.3504573,
8301425,8301425P,Primary,Local Authority,Cardross Primary School,Kirkton Road,Cardross,,G82 5PN,Argyll and Bute,S12000035,S01007408,125032112,Non-denominational,9.7,166,5 - <10%,*,42,N,N,N,6,5,Accessible Rural Areas,Accessible Rural Areas,6,5,678185,55.9679535,-4.6577891,
5941326,5941326P,Primary,Local Authority,Cargenbridge School,Waterside Road,Cargenbridge,DUMFRIES,DG2 8LL,Dumfries and Galloway,S12000006,S01007594,137049987,Non-denominational,6.8,110,*,5 - <10%,53,N,N,N,2,2,Other Urban Areas,Other Urban Areas,2,2,574557,55.0544317,-3.6407726,
8313628,8313628P,Primary,Local Authority,Carleith Primary School,Stark Avenue,Duntocher,CLYDEBANK,G81 6EF,West Dunbartonshire,S12000039,S01013162,129017674,Non-denominational,6.6,74,*,45 - <50%,20,N,Y,Y,1,1,Large Urban Areas,Large Urban Areas,1,1,672876,55.9249555,-4.4293215,
5401925,5401925P,Primary,Local Authority,Carleton Primary School,Happer Crescent,Glenrothes,,KY7 5DN,Fife,S12000047,S01009589,320180418,Non-denominational,18.7,338,0 - <5%,5 - <10%,49,N,N,N,2,2,Other Urban Areas,Other Urban Areas,2,2,700377,56.1906746,-3.1472592,
8620725,8620725P,Primary,Local Authority,Carlibar Primary School,Carlibar Road,Barrhead,GLASGOW,G78 1BD,East Renfrewshire,S12000011,S01008313,131033116,Non-denominational,42.6,212,10 - <20%,50 - <55%,11,Y,N,Y,1,1,Large Urban Areas,Large Urban Areas,1,1,659380,55.8044953,-4.3865265,
5307821,5307821P,Primary,Local Authority,Carlogie Primary School,Caesar Avenue,Carnoustie,,DD7 6DS,Angus,S12000041,S01007168,117097029,Non-denominational,23.5,281,*,*,81,N,N,N,2,2,Other Urban Areas,Other Urban Areas,2,2,735307,56.5078152,-2.7043208,
8549931,8549931S,Secondary,Local Authority,Carluke High School,Carnwath Road,Carluke,,ML8 4EA,South Lanarkshire,S12000029,S01012610,484157056,Non-denominational,97.8,1118,0 - <5%,10 - <15%,9,Y,N,Y,2,2,Other Urban Areas,Other Urban Areas,2,2,650642,55.7355971,-3.8246067,
8545928,8545928P,Primary,Local Authority,Carluke Primary School,Belstane Road,Carluke,,ML8 4BG,South Lanarkshire,S12000029,S01012604,484155342,Non-denominational,26.9,218,*,15 - <20%,33,N,N,N,2,2,Other Urban Areas,Other Urban Areas,2,2,651185,55.7403599,-3.8324593,
8546126,8546126P,Primary,Local Authority,Carmichael Primary School,Thankerton,Biggar,,ML12 6PG,South Lanarkshire,S12000029,S01012573,484164220,Non-denominational,3.9,33,0%,*,70,N,N,N,6,5,Accessible Rural Areas,Accessible Rural Areas,6,5,638527,55.6283578,-3.7112428,
5502926,5502926P,Primary,Local Authority,Carmondean Primary School,Knightsridge Road West,Livingston,WEST LOTHIAN,EH54 8PX,West Lothian,S12000040,S01013353,200004097593,Non-denominational,20,323,10 - <20%,25 - <30%,17,N,Y,Y,2,2,Other Urban Areas,Other Urban Areas,2,2,669245,55.9066381,-3.5418997,
5742323,5742323P,Primary,Local Authority,Carmuirs Primary School,Carmuirs Street,Camelon,FALKIRK,FK1 4PZ,Falkirk,S12000014,S01009160,136006749,Non-denominational,11.6,141,*,80 - <85%,19,N,Y,Y,2,2,Other Urban Areas,Other Urban Areas,2,2,680357,56.0027353,-3.8174568,
8455325,8455325P,Primary,Local Authority,Carmunnock Primary School,158 Waterside Road,Carmunnock,GLASGOW,G76 9AJ,Glasgow City,S12000049,S01009969,906700369925,Non-denominational,9.8,148,5 - <10%,15 - <20%,86,N,N,N,6,5,Accessible Rural Areas,Accessible Rural Areas,6,5,657102,55.786852,-4.2360395,
8455422,8455422P,Primary,Local Authority,Carmyle Primary School & Nursery Class,Hillcrest Road,,GLASGOW,G32 8AG,Glasgow City,S12000049,S01010076,906700131337,Non-denominational,12.3,171,10 - <20%,20 - <25%,24,N,Y,Y,1,1,Large Urban Areas,Large Urban Areas,1,1,662060,55.8328667,-4.1545565,
5301726,5301726P,Primary,Local Authority,Carmyllie Primary School,Redford,Carmyllie,ARBROATH,DD11 2RD,Angus,S12000041,S01007170,117083457,Non-denominational,3.8,19,0%,0%,62,N,N,N,6,5,Accessible Rural Areas,Accessible Rural Areas,6,5,744489,56.5902644,-2.7118622,
5440025,5440025P,Primary,Local Authority,Carnegie Primary School,Hillend Road,Inverkeithing,,KY11 1PL,Fife,S12000047,S01009404,320294790,Non-denominational,31.4,654,5 - <10%,10 - <15%,11,Y,N,Y,2,2,Other Urban Areas,Other Urban Areas,2,2,688048,56.0772184,-3.4063992,
5440726,5440726P,Primary,Local Authority,Carnock Primary School,11 Main Street,Carnock,DUNFERMLINE,KY12 9JG,Fife,S12000047,S01009276,320187784,Non-denominational,5.5,70,*,*,61,N,N,N,3,3,Accessible Small Towns,Accessible Small Towns,3,3,689066,56.0847681,-3.5401861,
5307430,5307430S,Secondary,Local Authority,Carnoustie High School,Shanwell Road,Carnoustie,,DD7 7SS,Angus,S12000041,S01007163,117083607,Non-denominational,73.4,833,0 - <5%,0 - <5%,63,N,N,N,2,2,Other Urban Areas,Other Urban Areas,2,2,735089,56.5057443,-2.7248118,
8410321,8410321P,Primary,Local Authority,Carntyne Primary School,38-62 Liberton Street,,GLASGOW,G33 2HF,Glasgow City,S12000049,S01010152,906700541392,Non-denominational,17,304,10 - <20%,65 - <70%,28,N,N,N,1,1,Large Urban Areas,Large Urban Areas,1,1,665709,55.8649809,-4.1932548,
8546223,8546223P,Primary,Local Authority,Carnwath Primary School,White Craw Court,Carnwath,LANARK,ML11 8GZ,South Lanarkshire,S12000029,S01012585,484177498,Non-denominational,8.4,124,*,30 - <35%,19,N,Y,Y,6,5,Accessible Rural Areas,Accessible Rural Areas,6,5,646370,55.7001019,-3.6181224,
8600422,8600422P,Primary,Local Authority,Carolside Primary School,4 Ashfield Road,Clarkston,GLASGOW,G76 7TX,East Renfrewshire,S12000011,S01008375,131032969,Non-denominational,36.1,601,10 - <20%,*,100,N,N,N,1,1,Large Urban Areas,Large Urban Areas,1,1,656764,55.7830058,-4.2804439,
8101825,8101825P,Primary,Local Authority,Carradale Primary School,Carradale,Campbeltown,ARGYLL,PA28 6SD,Argyll and Bute,S12000035,S01007330,125043027,Non-denominational,2,16,0%,0%,43,N,N,N,8,6,Very Remote Rural Areas,Remote Rural Areas,8,6,638208,55.5882116,-5.4734478,
5146429,5146429P,Primary,Local Authority,Carrbridge Primary,Main Road,Carrbridge,,PH23 3AS,Highland,S12000017,S01010541,130107181,Non-denominational,4.5,70,*,0%,69,N,N,N,7,6,Remote Rural Areas,Remote Rural Areas,7,6,822888,57.283496,-3.8136849,
8236739,8236739S,Secondary,Local Authority,Carrick Academy,72/74 Kirkoswald Road,Maybole,,KA19 8BP,South Ayrshire,S12000028,S01012437,141073988,Non-denominational,37.3,391,*,5 - <10%,42,N,N,N,3,3,Accessible Small Towns,Accessible Small Towns,3,3,609746,55.3519537,-4.696003,
5521920,5521920P,Primary,Local Authority,Carrick Knowe Primary School,Lampacre Road,Edinburgh,,EH12 7HU,City of Edinburgh,S12000036,S01008977,906291605,Non-denominational,16.7,336,10 - <20%,5 - <10%,98,N,N,N,1,1,Large Urban Areas,Large Urban Areas,1,1,672437,55.9383773,-3.2746008,
5741122,5741122P,Primary,Local Authority,Carron Primary School,Alloa Road,Carron,FALKIRK,FK2 8EJ,Falkirk,S12000014,S01009115,136023631,Non-denominational,16.8,296,5 - <10%,0 - <5%,55,N,N,N,2,2,Other Urban Areas,Other Urban Areas,2,2,682970,56.0265737,-3.7931097,
5747147,5747147SP,Special,Local Authority,Carrongrange High School,Oxgang Road,Grangemouth,,FK3 9HP,Falkirk,S12000014,S01009237,136089506,Non-denominational,45.5,163,5 - <10%,20 - <25%,98,N,N,N,2,2,Other Urban Areas,Other Urban Areas,2,2,681251,56.0123043,-3.710631,
5252148,5252148SP,Special,Local Authority,Carronhill School,Mill of Forest Road,Stonehaven,KINCARDINESHIRE,AB39 2GZ,Aberdeenshire,S12000034,S01006825,151085315,Non-denominational,8.7,42,*,0%,74,N,N,N,2,2,Other Urban Areas,Other Urban Areas,2,2,785610,56.9615045,-2.2288651,
5741327,5741327P,Primary,Local Authority,Carronshore Primary School,Kincardine Road,Carronshore,FALKIRK,FK2 8AE,Falkirk,S12000014,S01009120,136032323,Non-denominational,20.1,266,5 - <10%,0 - <5%,32,N,N,N,2,2,Other Urban Areas,Other Urban Areas,2,2,683629,56.0326595,-3.7818041,
5946123,5946123P,Primary,Local Authority,Carrutherstown School,Carrutherstown,Dumfries,,DG1 4LD,Dumfries and Galloway,S12000006,S01007657,137062605,Non-denominational,2.7,34,0%,*,59,N,N,N,6,5,Accessible Rural Areas,Accessible Rural Areas,6,5,571973,55.0341336,-3.4071906,
8546428,8546428P,Primary,Local Authority,Carstairs Junction Primary School,Coronation Street,Carstairs Junction,,ML11 8QY,South Lanarkshire,S12000029,S01012581,484176214,Non-denominational,10.3,77,*,5 - <10%,24,N,Y,Y,6,5,Accessible Rural Areas,Accessible Rural Areas,6,5,645130,55.6883175,-3.6660582,
8546320,8546320P,Primary,Local Authority,Carstairs Primary School,Green Avenue,Carstairs,LANARK,ML11 8PT,South Lanarkshire,S12000029,S01012583,484176220,Non-denominational,7.8,111,*,0%,23,N,Y,Y,6,5,Accessible Rural Areas,Accessible Rural Areas,6,5,645837,55.6943479,-3.6896871,
5402026,5402026P,Primary,Local Authority,Caskieberran Primary School,Ravenswood Drive,Glenrothes,,KY6 2NZ,Fife,S12000047,S01009566,320180139,Non-denominational,14.9,237,0 - <5%,40 - <45%,45,N,N,N,2,2,Other Urban Areas,Other Urban Areas,2,2,700391,56.1903449,-3.1953489,
5918030,5918030S,Secondary,Local Authority,Castle Douglas High School,Dunmuir Road,Castle Douglas,,DG7 1LQ,Dumfries and Galloway,S12000006,S01007535,137049250,Non-denominational,40.2,549,*,0%,32,N,N,N,3,3,Accessible Small Towns,Accessible Small Towns,3,3,563252,54.9485799,-3.9301377,
5915422,5915422P,Primary,Local Authority,Castle Douglas Primary School,Jenny's Loaning,Castle Douglas,,DG7 1JA,Dumfries and Galloway,S12000006,S01007536,137008750,Non-denominational,19.8,344,0 - <5%,0%,63,N,N,N,3,3,Accessible Small Towns,Accessible Small Towns,3,3,562367,54.9407551,-3.9219725,
5900123,5900123P,Primary,Local Authority,Castle Kennedy School,Castle Kennedy,Stranraer,,DG9 8RY,Dumfries and Galloway,S12000006,S01007497,137086972,Non-denominational,3,33,*,0%,34,N,N,N,6,5,Accessible Rural Areas,Accessible Rural Areas,6,5,559765,54.8966679,-4.9534229,
6203132,6203132P,Primary,Local Authority,Castlebay School,Castlebay,Barra,,HS9 5XD,Na h-Eileanan an Iar,S12000013,S01009014,139018060,Non-denominational,7.2,84,*,0%,44,N,N,N,8,6,Very Remote Rural Areas,Remote Rural Areas,8,6,798433,56.95606,-7.4963053,
6203132,6203132S,Secondary,Local Authority,Castlebay School,Castlebay,Barra,,HS9 5XD,Na h-Eileanan an Iar,S12000013,S01009014,139018060,Non-denominational,16.6,92,*,0%,44,N,N,N,8,6,Very Remote Rural Areas,Remote Rural Areas,8,6,798433,56.95606,-7.4963053,
5531934,5531934S,Secondary,Local Authority,Castlebrae Community High School,99 Niddrie Mains Road,Edinburgh,,EH16 4DT,City of Edinburgh,S12000036,S01008704,906304327,Non-denominational,51.8,518,10 - <20%,70 - <75%,20,N,Y,Y,1,1,Large Urban Areas,Large Urban Areas,1,1,671302,55.9295502,-3.1343598,
8530726,8530726P,Primary,Local Authority,Castlefield Primary School,25 Lickprivick Road,Greenhills,EAST KILBRIDE,G75 9DH,South Lanarkshire,S12000029,S01012978,484155926,Non-denominational,10.3,153,5 - <10%,*,27,N,N,N,2,2,Other Urban Areas,Other Urban Areas,2,2,652545,55.7464942,-4.2028976,
8628939,8628939S,Secondary,Local Authority,Castlehead High School,Camphill,off Canal Street,PAISLEY,PA1 2HL,Renfrewshire,S12000038,S01012130,123041804,Non-denominational,66.8,753,10 - <20%,40 - <45%,12,Y,N,Y,1,1,Large Urban Areas,Large Urban Areas,1,1,663313,55.8389299,-4.433183,
5421829,5421829P,Primary,Local Authority,Castlehill Primary School,Ceres Road,Cupar,,KY15 5JT,Fife,S12000047,S01009694,320175779,Non-denominational,26.6,429,5 - <10%,10 - <15%,82,N,N,N,3,3,Accessible Small Towns,Accessible Small Towns,3,3,713854,56.3129894,-3.0064062,
8111227,8111227P,Primary,Local Authority,Castlehill Primary School,Ralston Road,Campbeltown,ARGYLL,PA28 6LE,Argyll and Bute,S12000035,S01007337,125042512,Non-denominational,10.1,175,0 - <5%,10 - <15%,35,N,N,N,5,4,Very Remote Small Towns,Remote Small Towns,5,4,620109,55.4216378,-5.606085,
8324220,8324220P,Primary,Local Authority,Castlehill Primary School,Rosslyn Road,Bearsden,,G61 4DL,East Dunbartonshire,S12000045,S01008063,132034914,Non-denominational,18,203,10 - <20%,0 - <5%,91,N,N,N,1,1,Large Urban Areas,Large Urban Areas,1,1,672575,55.9237106,-4.35417,
8434034,8434034S,Secondary,Local Authority,Castlemilk High School,223 Castlemilk Drive,,GLASGOW,G45 9JY,Glasgow City,S12000049,S01009979,906700251940,Non-denominational,38.2,445,10 - <20%,80 - <85%,2,Y,N,Y,1,1,Large Urban Areas,Large Urban Areas,1,1,658693,55.8012676,-4.2296378,
8211825,8211825P,Primary,Local Authority,Castlepark Primary School,Carron Place,,IRVINE,KA12 9LQ,North Ayrshire,S12000021,S01011215,126041073,Non-denominational,26.1,376,0 - <5%,90 - <95%,12,Y,N,Y,2,2,Other Urban Areas,Other Urban Areas,2,2,640582,55.6298162,-4.6645161,
8410526,8410526P,Primary,Local Authority,Castleton Primary School,70 Dougrie Road,Castlemilk,GLASGOW,G45 9NW,Glasgow City,S12000049,S01009987,906700269954,Non-denominational,25.7,364,10 - <20%,80 - <85%,12,Y,N,Y,1,1,Large Urban Areas,Large Urban Areas,1,1,659068,55.8044215,-4.2415309,
5100321,5100321P,Primary,Local Authority,Castletown Primary School,Castletown,Thurso,,KW14 8UA,Highland,S12000017,S01010793,130073100,Non-denominational,5.3,82,0%,0%,63,N,N,N,8,6,Very Remote Rural Areas,Remote Rural Areas,8,6,967520,58.588184,-3.3850301,
5520029,5520029P,Primary,Local Authority,Castleview Primary School,2d Greendykes Road,Edinburgh,,EH16 4DP,City of Edinburgh,S12000036,S01008704,906405259,Non-denominational,24.3,440,>20%,95 - <100%,20,N,Y,Y,1,1,Large Urban Areas,Large Urban Areas,1,1,671402,55.9304424,-3.1354229,
5726840,5726840SP,Special,Local Authority,Castleview School,Raploch Community Campus,Drip Road,STIRLING,FK8 1SD,Stirling,S12000030,S01013074,122069325,Non-denominational,7.5,29,*,20 - <25%,3,Y,N,Y,2,2,Other Urban Areas,Other Urban Areas,2,2,694684,56.1294724,-3.9493693,
8512523,8512523P,Primary,Local Authority,Cathedral Primary School,171 Milton Street,Motherwell,,ML1 1DH,North Lanarkshire,S12000050,S01011496,118183037,Roman Catholic,28.1,519,10 - <20%,40 - <45%,6,Y,N,Y,1,1,Large Urban Areas,Large Urban Areas,1,1,657869,55.7979357,-3.992514,
8458332,8458332S,Secondary,Local Authority,Cathkin High School,Langlea Road,Cambuslang,,G72 8ES,South Lanarkshire,S12000029,S01012842,484153519,Non-denominational,86.9,1034,5 - <10%,35 - <40%,76,N,N,N,1,1,Large Urban Areas,Large Urban Areas,1,1,659883,55.8128276,-4.1814273,
8457123,8457123P,Primary,Local Authority,Cathkin Primary School,Burnside Road,Rutherglen,,G73 4AA,South Lanarkshire,S12000029,S01012891,484156904,Non-denominational,20.9,205,10 - <20%,70 - <75%,27,N,N,N,1,1,Large Urban Areas,Large Urban Areas,1,1,659213,55.8065999,-4.1930154,
8240825,8240825P,Primary,Local Authority,Catrine Primary School,Fourfields,Catrine,,KA5 6PS,East Ayrshire,S12000008,S01007884,127034451,Non-denominational,8.8,136,*,70 - <75%,36,N,N,N,6,5,Accessible Rural Areas,Accessible Rural Areas,6,5,625256,55.4988944,-4.3294273,
5249325,5249325P,Primary,Local Authority,Catterline School,Catterline,Stonehaven,KINCARDINESHIRE,AB39 2UL,Aberdeenshire,S12000034,S01006819,151102870,Non-denominational,3.3,46,*,0%,76,N,N,N,6,5,Accessible Rural Areas,Accessible Rural Areas,6,5,778366,56.8964496,-2.2158363,
5139627,5139627P,Primary,Local Authority,Cauldeen Primary School,Mackay Road,Inverness,,IV2 4HZ,Highland,S12000017,S01010609,130039083,Non-denominational,17.2,252,*,20 - <25%,24,N,Y,Y,2,2,Other Urban Areas,Other Urban Areas,2,2,843068,57.4583329,-4.2182339,
5152623,5152623P,Primary,Local Authority,Cawdor Primary School,Cawdor,Nairn,,IV12 5XZ,Highland,S12000017,S01010548,130114380,Non-denominational,7.4,133,*,0%,76,N,N,N,6,5,Accessible Rural Areas,Accessible Rural Areas,6,5,850201,57.5271058,-3.933811,
5511844,5511844SP,Special,Local Authority,Cedarbank School,2 Dedridge North Road,Livingston,WEST LOTHIAN,EH54 6FW,West Lothian,S12000040,S01013324,200004106910,Non-denominational,21.2,106,*,*,12,Y,N,Y,2,2,Other Urban Areas,Other Urban Areas,2,2,668088,55.8965423,-3.5176862,
5139724,5139724P,Primary,Local Authority,Central Primary School,Kenneth Street,Inverness,,IV3 5DW,Highland,S12000017,S01010640,130111630,Non-denominational,10.7,156,10 - <20%,35 - <40%,39,N,N,N,2,2,Other Urban Areas,Other Urban Areas,2,2,845075,57.476126,-4.231856,
5421128,5421128P,Primary,Local Authority,Ceres Primary School,St Andrews Road,Ceres,CUPAR,KY15 5NJ,Fife,S12000047,S01009695,320175502,Non-denominational,10.4,111,*,0%,66,N,N,N,6,5,Accessible Rural Areas,Accessible Rural Areas,6,5,711577,56.2928404,-2.9676178,
5616026,5616026P,Primary,Local Authority,Channelkirk Primary School,Oxton,Lauder,BERWICKSHIRE,TD2 6PT,Scottish Borders,S12000026,S01012299,116019451,Non-denominational,3,44,*,0%,66,N,N,N,7,6,Remote Rural Areas,Remote Rural Areas,7,6,653521,55.7723747,-2.8056378,
5224721,5224721P,Primary,Local Authority,Chapel Of Garioch School,Chapel Of Garioch,Pitcaple Inverurie,ABERDEENSHIRE,AB51 5HH,Aberdeenshire,S12000034,S01006914,151113606,Non-denominational,3,29,0%,0%,83,N,N,N,6,5,Accessible Rural Areas,Accessible Rural Areas,6,5,824417,57.3094566,-2.4643982,
8358125,8358125P,Primary,Local Authority,Chapelgreen Primary School,Mill Road,Queenzieburn,KILSYTH,G65 9EF,North Lanarkshire,S12000050,S01011803,118037428,Non-denominational,4.3,46,10 - <20%,*,26,N,N,N,6,5,Accessible Rural Areas,Accessible Rural Areas,6,5,677473,55.9724084,-4.0952273,
8511527,8511527P,Primary,Local Authority,Chapelhall Primary School,1 Honeywell Crescent,Chapelhall,AIRDRIE,ML6 8XW,North Lanarkshire,S12000050,S01011622,118167577,Non-denominational,15.4,329,0 - <5%,20 - <25%,74,N,N,N,2,2,Other Urban Areas,Other Urban Areas,2,2,662687,55.8419375,-3.9486213,
8500428,8500428P,Primary,Local Authority,Chapelside Primary School,Chapel Street,Airdrie,,ML6 6LH,North Lanarkshire,S12000050,S01011666,118142511,Non-denominational,13,176,*,90 - <95%,6,Y,N,Y,2,2,Other Urban Areas,Other Urban Areas,2,2,666128,55.8723889,-3.9781996,
8530327,8530327P,Primary,Local Authority,Chapelton Primary School,Glasgow Road,Chapelton,STRATHAVEN,ML10 6RS,South Lanarkshire,S12000029,S01012698,484139629,Non-denominational,5.1,67,*,0%,68,N,N,N,6,5,Accessible Rural Areas,Accessible Rural Areas,6,5,648430,55.7113373,-4.0987329,
5143837,5143837S,Secondary,Local Authority,Charleston Academy,General Booth Road,Kinmylies,INVERNESS,IV3 8ET,Highland,S12000017,S01010650,130052213,Non-denominational,55.2,746,*,15 - <20%,18,N,Y,Y,2,2,Other Urban Areas,Other Urban Areas,6,5,844532,57.4708193,-4.2558647,
5246423,5246423P,Primary,Local Authority,Charleston School,Charleston Road,Cove,ABERDEEN,AB12 3FH,Aberdeen City,S12000033,S01006613,9051074959,Non-denominational,15.5,250,>20%,*,97,N,N,N,1,1,Large Urban Areas,Large Urban Areas,1,1,800667,57.0969341,-2.0936681,
8521220,8521220P,Primary,Local Authority,Chatelherault Primary School,Silvertonhill Avenue,Hamilton,,ML3 7NT,South Lanarkshire,S12000029,S01012712,484156268,Non-denominational,21.3,234,10 - <20%,20 - <25%,90,N,N,N,2,2,Other Urban Areas,Other Urban Areas,2,2,654253,55.7647057,-4.0372036,
5645220,5645220P,Primary,Local Authority,Chirnside Primary School,Duns,Berwickshire,,TD11 3HX,Scottish Borders,S12000026,S01012321,116054014,Non-denominational,10.4,168,*,0%,60,N,N,N,6,5,Accessible Rural Areas,Accessible Rural Areas,6,5,656118,55.7981754,-2.2069544,
8410623,8410623P,Primary,Local Authority,Chirnsyde Primary School,288 Ashgill Road,Milton,GLASGOW,G22 7SB,Glasgow City,S12000049,S01010324,906700007336,Non-denominational,15.4,187,10 - <20%,80 - <85%,7,Y,N,Y,1,1,Large Urban Areas,Large Urban Areas,1,1,668842,55.8922262,-4.2435861,
8301042,8301042SP,Special,Local Authority,Choices School,Main Street,Jamestown,ALEXANDRIA,G83 8PN,West Dunbartonshire,S12000039,S01013237,129008863,Non-denominational,8,25,0%,55 - <60%,41,N,N,N,2,2,Other Urban Areas,Other Urban Areas,2,2,681391,55.9986238,-4.5704538,
8518521,8518521P,Primary,Local Authority,Christ The King Primary,Melrose Avenue,Holytown,MOTHERWELL,ML1 4SG,North Lanarkshire,S12000050,S01011503,118136813,Roman Catholic,13.4,215,>20%,5 - <10%,23,N,Y,Y,1,1,Large Urban Areas,Large Urban Areas,1,1,660560,55.8225079,-3.9683866,
8300623,8300623P,Primary,Local Authority,Christie Park Primary School,Middleton Street,,ALEXANDRIA,G83 0DF,West Dunbartonshire,S12000039,S01013228,129007889,Non-denominational,15.4,214,*,50 - <55%,13,Y,N,Y,2,2,Other Urban Areas,Other Urban Areas,2,2,680312,55.9886082,-4.5855751,
8342334,8342334S,Secondary,Local Authority,Chryston High School,Lindsaybeg Road,Chryston,GLASGOW,G69 9DL,North Lanarkshire,S12000050,S01011706,118190301,Non-denominational,76.8,946,5 - <10%,5 - <10%,40,N,N,N,2,2,Other Urban Areas,Other Urban Areas,2,2,669892,55.9041251,-4.1044702,
8341125,8341125P,Primary,Local Authority,Chryston Primary School,Lindsaybeg Road,Chryston,GLASGOW,G69 9DW,North Lanarkshire,S12000050,S01011706,118096879,Non-denominational,19.9,373,5 - <10%,*,40,N,N,N,2,2,Other Urban Areas,Other Urban Areas,2,2,669830,55.9035699,-4.1040856,
8101922,8101922P,Primary,Local Authority,Clachan Primary School,Clachan,Tarbert,ARGYLL,PA29 6XL,Argyll and Bute,S12000035,S01007321,125052236,Non-denominational,1.6,11,0%,0%,59,N,N,N,8,6,Very Remote Rural Areas,Remote Rural Areas,8,6,656151,55.746972,-5.56294,
5700922,5700922P,Primary,Local Authority,Clackmannan Primary School,Port Street,Clackmannan,,FK10 4JS,Clackmannanshire,S12000005,S01007450,35010496,Non-denominational,16.6,214,5 - <10%,25 - <30%,16,N,Y,Y,3,3,Accessible Small Towns,Accessible Small Towns,3,3,691584,56.1046021,-3.749735,
5700442,5700442SP,Special,Local Authority,Clackmannanshire Secondary School Support Service,"62 The Orchard,",Tullibody,ALLOA,FK10 2SN,Clackmannanshire,S12000005,S01007411,35028278,Non-denominational,17.5,56,5 - <10%,50 - <55%,8,Y,N,Y,3,3,Accessible Small Towns,Accessible Small Towns,3,3,694901,56.133058,-3.842808,"School Contacts List UPRN (35022360) is not in SAD 2024 Q1.  GISAT has assigned the UPRN for 1 The Maltings (35028278), which is next door."
8502226,8502226P,Primary,Local Authority,Clarkston Primary School,12 Findhorn Place,Airdrie,,ML6 7HE,North Lanarkshire,S12000050,S01011674,118177859,Non-denominational,18.4,314,0 - <5%,20 - <25%,47,N,N,N,2,2,Other Urban Areas,Other Urban Areas,2,2,666110,55.8725703,-3.9567419,
5320020,5320020P,Primary,Local Authority,Claypotts Castle Primary School,9 Balloch Place,Dundee,,DD4 8TB,Dundee City,S12000042,S01007753,9059095131,Non-denominational,21.8,348,5 - <10%,80 - <85%,19,N,Y,Y,1,1,Large Urban Areas,Large Urban Areas,1,1,731975,56.4766173,-2.8998355,
8414327,8414327P,Primary,Local Authority,Cleeves Primary School,271 Househillmuir Road,,GLASGOW,G53 6NL,Glasgow City,S12000049,S01009778,906700430496,Non-denominational,18.6,187,10 - <20%,75 - <80%,4,Y,N,Y,1,1,Large Urban Areas,Large Urban Areas,1,1,660395,55.8142006,-4.3567258,
5342228,5342228P,Primary,Local Authority,Cleish Primary School,Cleish,Kinross,,KY13 0LR,Perth and Kinross,S12000048,S01011835,124062047,Non-denominational,2.9,31,*,0%,72,N,N,N,6,5,Accessible Rural Areas,Accessible Rural Areas,6,5,698056,56.166532,-3.4591688,
8511721,8511721P,Primary,Local Authority,Cleland Primary School,26 Main Street,Cleland,MOTHERWELL,ML1 5QN,North Lanarkshire,S12000050,S01011449,118046565,Non-denominational,10.3,124,10 - <20%,5 - <10%,13,Y,N,Y,3,3,Accessible Small Towns,Accessible Small Towns,3,3,658198,55.8021192,-3.9153274,
5324327,5324327P,Primary,Local Authority,Clepington Primary School,Eliza Street,Dundee,,DD4 6TQ,Dundee City,S12000042,S01007729,9059030595,Non-denominational,26.6,401,>20%,45 - <50%,12,Y,N,Y,1,1,Large Urban Areas,Large Urban Areas,1,1,731600,56.4728036,-2.9591744,
5218624,5218624P,Primary,Local Authority,Clerkhill School,Cairntrodlie,Peterhead,ABERDEENSHIRE,AB42 2AX,Aberdeenshire,S12000034,S01007078,151085388,Non-denominational,22.6,436,0 - <5%,0 - <5%,38,N,N,N,2,2,Other Urban Areas,Other Urban Areas,2,2,845951,57.5035968,-1.8048338,
5522021,5522021P,Primary,Local Authority,Clermiston Primary School,18 Parkgrove Place,Edinburgh,,EH4 7NP,City of Edinburgh,S12000036,S01008948,906464775,Non-denominational,21.3,429,>20%,5 - <10%,88,N,N,N,1,1,Large Urban Areas,Large Urban Areas,1,1,674880,55.9601515,-3.2915588,
8432236,8432236S,Secondary,Local Authority,Cleveden Secondary School,42 Cleveden Road,,GLASGOW,G12 0JW,Glasgow City,S12000049,S01010367,906700024396,Non-denominational,78,844,>20%,55 - <60%,98,N,N,N,1,1,Large Urban Areas,Large Urban Areas,1,1,668329,55.8865142,-4.3031909,
8325227,8325227P,Primary,Local Authority,Clober Primary School,Kirk Street,Milngavie,,G62 7PN,East Dunbartonshire,S12000045,S01008038,132041652,Non-denominational,20.7,339,5 - <10%,*,49,N,N,N,1,1,Large Urban Areas,Large Urban Areas,1,1,674836,55.9444061,-4.3344777,
5935628,5935628P,Primary,Local Authority,Closeburn School,Closeburn,Thornhill,DUMFRIESSHIRE,DG3 5HP,Dumfries and Galloway,S12000006,S01007565,137104774,Non-denominational,3.9,50,0%,0%,47,N,N,N,6,5,Accessible Rural Areas,Accessible Rural Areas,6,5,592395,55.2135392,-3.7280396,UPRN is a Parent UPRN in SAD 2024 Q1.
5618126,5618126P,Primary,Local Authority,Clovenfords Primary School,Clovenfords,Galashiels,SELKIRKSHIRE,TD1 3LQ,Scottish Borders,S12000026,S01012273,116067537,Non-denominational,7.3,117,0 - <5%,0%,83,N,N,N,6,5,Accessible Rural Areas,Accessible Rural Areas,6,5,636186,55.616137,-2.8752564,
5532027,5532027P,Primary,Local Authority,Clovenstone Primary School,54 Clovenstone Park,Edinburgh,,EH14 3EY,City of Edinburgh,S12000036,S01008449,906053496,Non-denominational,15.6,206,>20%,70 - <75%,18,N,Y,Y,1,1,Large Urban Areas,Large Urban Areas,1,1,669450,55.9115463,-3.2737356,
5206324,5206324P,Primary,Local Authority,Cluny Primary School,South Pringle Street,Buckie,MORAY,AB56 1PX,Moray,S12000020,S01011079,133001544,Non-denominational,18.1,318,0 - <5%,0%,62,N,N,N,3,3,Accessible Small Towns,Accessible Small Towns,3,3,865296,57.6737877,-2.9702715,
5224926,5224926P,Primary,Local Authority,Cluny School,Sauchen,Inverurie,ABERDEENSHIRE,AB51 7JQ,Aberdeenshire,S12000034,S01006880,151113219,Non-denominational,5.5,77,*,0%,87,N,N,N,6,5,Accessible Rural Areas,Accessible Rural Areas,6,5,811999,57.1977719,-2.4994193,
1004379,1004379P,Primary,Local Authority,Clyde Primary School,200 Hawick Street,,GLASGOW,G13 4HG,Glasgow City,S12000049,S01010445,906700513665,Non-denominational,23.8,379,10 - <20%,60 - <65%,17,N,Y,Y,1,1,Large Urban Areas,Large Urban Areas,1,1,669348,55.8943223,-4.3743155,UPRN is a Parent UPRN in SAD 2024 Q1.
8517932,8517932S,Secondary,Local Authority,Clyde Valley High School,Castlehill Road,Wishaw,,ML2 0LS,North Lanarkshire,S12000050,S01011360,118188937,Non-denominational,68.6,851,0 - <5%,40 - <45%,11,Y,N,Y,6,5,Accessible Rural Areas,Accessible Rural Areas,6,5,653279,55.7578897,-3.9168649,UPRN is a Parent UPRN in SAD 2024 Q1.
8314136,8314136S,Secondary,Local Authority,Clydebank High School,Janetta Street,,CLYDEBANK,G81 3EJ,West Dunbartonshire,S12000039,S01013143,129052723,Non-denominational,88.6,1194,0 - <5%,45 - <50%,33,N,N,N,1,1,Large Urban Areas,Large Urban Areas,1,1,671374,55.9117789,-4.4129107,
8314926,8314926P,Primary,Local Authority,Clydemuir Primary School,Ottawa Crescent,Dalmuir,CLYDEBANK,G81 4LB,West Dunbartonshire,S12000039,S01013168,129043881,Non-denominational,11.2,170,5 - <10%,70 - <75%,18,N,Y,Y,1,1,Large Urban Areas,Large Urban Areas,1,1,671599,55.9132969,-4.4384817,
8640130,8640130S,Secondary,Local Authority,Clydeview Academy,Burnside Road,Gourock,,PA19 1UX,Inverclyde,S12000018,S01010845,119052723,Non-denominational,76.2,984,0 - <5%,20 - <25%,61,N,N,N,2,2,Other Urban Areas,Other Urban Areas,2,2,676732,55.9517179,-4.8011004,
8518246,8518246SP,Special,Local Authority,Clydeview School,Vickers Street,Motherwell,,ML1 3RE,North Lanarkshire,S12000050,S01011487,118183027,Non-denominational,9.7,48,*,35 - <40%,16,N,Y,Y,1,1,Large Urban Areas,Large Urban Areas,1,1,657836,55.7972946,-4.013651,
8546525,8546525P,Primary,Local Authority,Coalburn Primary School,Coalburn Road,Lanark,,ML11 0LH,South Lanarkshire,S12000029,S01012639,484174483,Non-denominational,6.5,92,*,0%,25,N,Y,Y,6,5,Accessible Rural Areas,Accessible Rural Areas,6,5,634650,55.5909052,-3.8890573,
5701023,5701023P,Primary,Local Authority,Coalsnaughton Primary School,Blackfaulds Street,Coalsnaughton,,FK13 6JU,Clackmannanshire,S12000005,S01007434,35011420,Non-denominational,5.8,73,*,45 - <50%,14,Y,N,Y,3,3,Accessible Small Towns,Accessible Small Towns,3,3,695886,56.1433961,-3.7400702,
5405122,5405122P,Primary,Local Authority,Coaltown Of Balgonie Primary School,School Road,Coaltown of Balgonie,GLENROTHES,KY7 6HY,Fife,S12000047,S01009613,320180491,Non-denominational,6.5,100,*,*,95,N,N,N,2,2,Other Urban Areas,Other Urban Areas,2,2,699863,56.186232,-3.1281628,
5405920,5405920P,Primary,Local Authority,Coaltown of Wemyss Primary School,Main Street,Coaltown of Wemyss,KIRKCALDY,KY1 4NR,Fife,S12000047,S01009544,320180583,Non-denominational,4.7,69,*,5 - <10%,34,N,N,N,6,5,Accessible Rural Areas,Accessible Rural Areas,6,5,695784,56.1498986,-3.093021,
8506132,8506132S,Secondary,Local Authority,Coatbridge High School,17 Park Street,Coatbridge,,ML5 3NP,North Lanarkshire,S12000050,S01011599,118121721,Non-denominational,85.3,1078,5 - <10%,30 - <35%,35,N,N,N,2,2,Other Urban Areas,Other Urban Areas,2,2,665213,55.8635294,-4.017397,
8622728,8622728P,Primary,Local Authority,Cochrane Castle Primary,West Johnstone Campus,Beith Road,JOHNSTONE,PA5 0BB,Renfrewshire,S12000038,S01012038,123097732,Non-denominational,9.2,126,0 - <5%,60 - <65%,3,Y,N,Y,1,1,Large Urban Areas,Large Urban Areas,1,1,662261,55.8276904,-4.5219287,
5645328,5645328P,Primary,Local Authority,Cockburnspath Primary School,Cockburnspath,Berwickshire,,TD13 5XY,Scottish Borders,S12000026,S01012313,116061366,Non-denominational,3,41,*,0%,49,N,N,N,6,5,Accessible Rural Areas,Accessible Rural Areas,6,5,671149,55.9328613,-2.3643216,
5552826,5552826P,Primary,Local Authority,Cockenzie Primary School,Osborne Terrace,Cockenzie,EAST LOTHIAN,EH32 0BX,East Lothian,S12000010,S01008210,138041621,Non-denominational,17.9,327,*,0 - <5%,44,N,N,N,3,3,Accessible Small Towns,Accessible Small Towns,3,3,675504,55.9688068,-2.9576716,
5645425,5645425P,Primary,Local Authority,Coldingham Primary School,Coldingham,Berwickshire,,TD14 5NS,Scottish Borders,S12000026,S01012311,116027937,Non-denominational,4,57,*,0%,65,N,N,N,6,5,Accessible Rural Areas,Accessible Rural Areas,6,5,666148,55.8883614,-2.1621729,
5645522,5645522P,Primary,Local Authority,Coldstream Primary School,Coldstream,Berwickshire,,TD12 4DT,Scottish Borders,S12000026,S01012325,116013252,Non-denominational,7.7,94,*,0%,70,N,N,N,6,5,Accessible Rural Areas,Accessible Rural Areas,6,5,640041,55.6536295,-2.2566776,
8302723,8302723P,Primary,Local Authority,Colgrain Primary School,Redgauntlet Road,Helensburgh,,G84 7TZ,Argyll and Bute,S12000035,S01007403,125042460,Non-denominational,15.9,256,0 - <5%,10 - <15%,74,N,N,N,2,2,Other Urban Areas,Other Urban Areas,2,2,681998,56.0010976,-4.7095816,
5421721,5421721P,Primary,Local Authority,Colinsburgh Primary School,4 Main Street,Colinsburgh,KILCONQUHAR,KY9 1LN,Fife,S12000047,S01009700,320177597,Non-denominational,2.8,38,*,*,50,N,N,N,6,5,Accessible Rural Areas,Accessible Rural Areas,6,5,703498,56.2211578,-2.8441367,
5522129,5522129P,Primary,Local Authority,Colinton Primary School,Redford Place,Edinburgh,,EH13 0AL,City of Edinburgh,S12000036,S01008444,906372380,Non-denominational,12.2,154,>20%,0 - <5%,90,N,N,N,1,1,Large Urban Areas,Large Urban Areas,1,1,669054,55.9083664,-3.2366302,
5342422,5342422P,Primary,Local Authority,Collace Primary School,Kinrossie,Perth,,PH2 6HU,Perth and Kinross,S12000048,S01011958,124065174,Non-denominational,3.3,25,0%,0%,62,N,N,N,6,5,Accessible Rural Areas,Accessible Rural Areas,6,5,732043,56.4736291,-3.3051004,
5935725,5935725P,Primary,Local Authority,Collin School,2 Main Road,Collin,DUMFRIES,DG1 4JE,Dumfries and Galloway,S12000006,S01007629,137052193,Non-denominational,2.9,41,0%,0%,51,N,N,N,6,5,Accessible Rural Areas,Accessible Rural Areas,6,5,575877,55.0677952,-3.5253681,
5302021,5302021P,Primary,Local Authority,Colliston Primary School,Colliston,By Arbroath,,DD11 3RR,Angus,S12000041,S01007172,117081724,Non-denominational,2.7,31,*,*,69,N,N,N,6,5,Accessible Rural Areas,Accessible Rural Areas,6,5,745267,56.5976251,-2.6437616,
5408725,5408725P,Primary,Local Authority,Collydean Primary School,Magnus Drive,Glenrothes,,KY7 6TR,Fife,S12000047,S01009598,320181230,Non-denominational,18.2,334,0 - <5%,40 - <45%,7,Y,N,Y,2,2,Other Urban Areas,Other Urban Areas,2,2,702885,56.2128399,-3.186391,
8232520,8232520P,Primary,Local Authority,Colmonell Primary School,Main Street,Colmonell,GIRVAN,KA26 0RY,South Ayrshire,S12000028,S01012418,141068970,Non-denominational,3.3,38,0%,0%,39,N,N,N,7,6,Remote Rural Areas,Remote Rural Areas,7,6,586069,55.1343124,-4.9047541,
8324328,8324328P,Primary,Local Authority,Colquhoun Park Primary School,Canniesburn Road,Bearsden,,G61 1HD,East Dunbartonshire,S12000045,S01008068,132030004,Non-denominational,14.9,165,10 - <20%,30 - <35%,93,N,N,N,1,1,Large Urban Areas,Large Urban Areas,1,1,671081,55.9104479,-4.3455412,
8517738,8517738S,Secondary,Local Authority,Coltness High School,Mossland Drive,Coltness,WISHAW,ML2 8NA,North Lanarkshire,S12000050,S01011405,118043126,Non-denominational,68.4,916,5 - <10%,30 - <35%,31,N,N,N,1,1,Large Urban Areas,Large Urban Areas,1,1,655887,55.7815025,-3.9055765,
5915724,5915724P,Primary,Local Authority,Colvend School,Colvend,Dalbeattie,,DG5 4QD,Dumfries and Galloway,S12000006,S01007544,137076952,Non-denominational,1.7,8,0%,0%,68,N,N,N,7,6,Remote Rural Areas,Remote Rural Areas,7,6,554498,54.8724219,-3.7643474,
5742420,5742420P,Primary,Local Authority,Comely Park Primary School,Cow Wynd,Falkirk,,FK1 1PZ,Falkirk,S12000014,S01009151,136017828,Non-denominational,20.4,370,10 - <20%,5 - <10%,57,N,N,N,2,2,Other Urban Areas,Other Urban Areas,2,2,679493,55.9954451,-3.7850609,
5441927,5441927P,Primary,Local Authority,Commercial Primary School,Woodmill Road,Dunfermline,,KY11 4BB,Fife,S12000047,S01009316,320227256,Non-denominational,21.8,359,5 - <10%,15 - <20%,93,N,N,N,2,2,Other Urban Areas,Other Urban Areas,2,2,687276,56.0698341,-3.445117,
5342627,5342627P,Primary,Local Authority,Comrie Primary School,School Road,Comrie,,PH6 2LZ,Perth and Kinross,S12000048,S01011861,124044293,Non-denominational,6.5,108,0%,0%,73,N,N,N,7,6,Remote Rural Areas,Remote Rural Areas,7,6,722126,56.3754293,-3.9896892,
8355223,8355223P,Primary,Local Authority,Condorrat Primary School,Morar Drive,Condorrat,CUMBERNAULD,G67 4LA,North Lanarkshire,S12000050,S01011728,118019845,Non-denominational,16.5,230,0 - <5%,15 - <20%,49,N,N,N,2,2,Other Urban Areas,Other Urban Areas,2,2,673373,55.9367945,-4.0214788,
1003038,1003038SP,Special,Local Authority,Connolly Campus School,Hopefield Road,BLACKBURN,WEST LOTHIAN,EH47 7HZ,West Lothian,S12000040,S01013360,200004138717,Non-denominational,0,0,0,0,19,N,Y,Y,2,2,Other Urban Areas,Other Urban Areas,2,2,665948,55.8759029,-3.6279874,"Pupil roll, FTE teachers, proportion of pupils minority ethnic, and proportion of puplis 20% most deprived is recorded as zero as this school is not included in the School Level Summary Statistics."
5544920,5544920P,Primary,Local Authority,Cornbank Primary School,34 Marchburn Drive,Penicuik,MIDLOTHIAN,EH26 9HE,Midlothian,S12000019,S01010940,120001151,Non-denominational,18,303,0 - <5%,0%,96,N,N,N,2,2,Other Urban Areas,Other Urban Areas,2,2,660510,55.8315763,-3.2383913,
5238625,5238625P,Primary,Local Authority,Cornhill School,Cornhill Drive,Aberdeen,,AB16 5BL,Aberdeen City,S12000033,S01006695,9051035236,Non-denominational,23.4,414,>20%,20 - <25%,38,N,N,N,1,1,Large Urban Areas,Large Urban Areas,1,1,807604,57.1592106,-2.136491,
5725224,5725224P,Primary,Local Authority,Cornton Primary School,Cornton Road,Cornton,STIRLING,FK9 5DZ,Stirling,S12000030,S01013079,122023421,Non-denominational,14.3,177,*,45 - <50%,67,N,N,N,2,2,Other Urban Areas,Other Urban Areas,2,2,695679,56.1384953,-3.9439707,
8411026,8411026P,Primary,Local Authority,Corpus Christi Primary School,179 Pikeman Road,,GLASGOW,G13 3BH,Glasgow City,S12000049,S01010463,906700093024,Roman Catholic,27.2,414,>20%,55 - <60%,48,N,N,N,1,1,Large Urban Areas,Large Urban Areas,1,1,668651,55.88854,-4.3491126,
8502021,8502021P,Primary,Local Authority,Corpus Christi Primary School,Crowwood Crescent,Calderbank,AIRDRIE,ML6 9TA,North Lanarkshire,S12000050,S01011615,118137562,Roman Catholic,7.8,95,*,60 - <65%,16,N,Y,Y,6,5,Accessible Rural Areas,Accessible Rural Areas,6,5,663007,55.844468,-3.9702951,
8200327,8200327P,Primary,Local Authority,Corrie Primary School,Corrie,,ISLE OF ARRAN,KA27 8JP,North Ayrshire,S12000021,S01011174,126058851,Non-denominational,2.4,14,0%,0%,61,N,N,N,8,6,Very Remote Rural Areas,Remote Rural Areas,8,6,643831,55.6477085,-5.1422097,
8670242,8670242SP,Special,Grant Aided,Corseford School,Milliken Park - Howwood Road,Kilbarchan,RENFREWSHIRE,PA10 2NT,Renfrewshire,S12000038,S01012037,123103996,Non-denominational,4,4,N/A,N/A,28,N,N,N,1,1,Large Urban Areas,Large Urban Areas,1,1,661216,55.8178604,-4.5432372,
8212821,8212821P,Primary,Local Authority,Corsehill Primary School,Fergushill Road,,KILWINNING,KA13 7GW,North Ayrshire,S12000021,S01011289,126060862,Non-denominational,15.1,218,0 - <5%,75 - <80%,19,N,Y,Y,2,2,Other Urban Areas,Other Urban Areas,2,2,643484,55.6553829,-4.6882574,
5522323,5522323P,Primary,Local Authority,Corstorphine Primary School,62 Corstorphine High Street,Edinburgh,,EH12 7SY,City of Edinburgh,S12000036,S01008975,906060400,Non-denominational,26.8,592,>20%,*,46,N,N,N,1,1,Large Urban Areas,Large Urban Areas,1,1,672708,55.9407012,-3.2852759,
5302129,5302129P,Primary,Local Authority,Cortachy Primary School,Cortachy,By Kirriemuir,,DD8 4LX,Angus,S12000041,S01007280,117096299,Non-denominational,3.4,30,*,0%,56,N,N,N,6,5,Accessible Rural Areas,Accessible Rural Areas,6,5,759711,56.7250997,-2.9923571,
5114225,5114225P,Primary,Local Authority,Coulhill Primary School,Alness,Ross-shire,,IV17 0RD,Highland,S12000017,S01010739,130113939,Non-denominational,11.8,196,0 - <5%,80 - <85%,35,N,N,N,4,4,Remote Small Towns,Remote Small Towns,4,4,869751,57.6971951,-4.2685009,
8546622,8546622P,Primary,Local Authority,Coulter Primary School,Birthwood Road,Coulter,BIGGAR,ML12 6PZ,South Lanarkshire,S12000029,S01012575,484175184,Non-denominational,2.5,13,*,0%,80,N,N,N,7,6,Remote Rural Areas,Remote Rural Areas,7,6,633748,55.587581,-3.5480384,
1004247,1004247P,Primary,Local Authority,Countesswells School,Fernielea Road,,ABERDEEN,AB15 6GU,Aberdeen City,S12000033,S01006542,9051018828,Non-denominational,11.6,162,10 - <20%,0%,97,N,N,N,1,1,Large Urban Areas,Large Urban Areas,1,1,804590,57.1321195,-2.150731,
5350220,5350220P,Primary,Local Authority,Coupar Angus Primary School,School Road,Coupar Angus,PERTHSHIRE,PH13 9AS,Perth and Kinross,S12000048,S01011974,124047867,Non-denominational,12.4,125,*,*,74,N,N,N,6,5,Accessible Rural Areas,Accessible Rural Areas,6,5,740453,56.5496192,-3.2640929,
5440920,5440920P,Primary,Local Authority,Cowdenbeath Primary School,45 Broad Street,Cowdenbeath,,KY4 8JP,Fife,S12000047,S01009489,320191332,Non-denominational,14.2,160,10 - <20%,45 - <50%,10,Y,N,Y,2,2,Other Urban Areas,Other Urban Areas,2,2,691221,56.1064265,-3.343786,
5723728,5723728P,Primary,Local Authority,Cowie Primary School,Main Street,Cowie,STIRLING,FK7 7BL,Stirling,S12000030,S01013030,122033227,Non-denominational,10.6,149,*,65 - <70%,18,N,Y,Y,6,5,Accessible Rural Areas,Accessible Rural Areas,6,5,689335,56.0826664,-3.8674876,
8232628,8232628P,Primary,Local Authority,Coylton Primary School,4A Main Road,Coylton,,KA6 6JP,South Ayrshire,S12000028,S01012448,141062880,Non-denominational,16.5,251,*,*,61,N,N,N,6,5,Accessible Rural Areas,Accessible Rural Areas,6,5,619506,55.4436882,-4.5076766,
5143527,5143527P,Primary,Local Authority,Cradlehall Primary School,Westhill,Inverness,,IV2 5DB,Highland,S12000017,S01010587,130107695,Non-denominational,12.8,259,*,5 - <10%,77,N,N,N,2,2,Other Urban Areas,Other Urban Areas,2,2,844585,57.4729651,-4.1605812,
5701627,5701627P,Primary,Local Authority,Craigbank Primary School,Newtonshaw,Sauchie,,FK10 3EA,Clackmannanshire,S12000005,S01007458,35016329,Non-denominational,18.1,266,5 - <10%,30 - <35%,71,N,N,N,2,2,Other Urban Areas,Other Urban Areas,2,2,694411,56.129547,-3.7817931,
8522723,8522723P,Primary,Local Authority,Craigbank Primary School,Glengonnar Street,Strutherhill,LARKHALL,ML9 1EL,South Lanarkshire,S12000029,S01012672,484156419,Non-denominational,9.5,148,*,50 - <55%,7,Y,N,Y,2,2,Other Urban Areas,Other Urban Areas,2,2,649892,55.7266291,-3.9688117,
8326029,8326029P,Primary,Local Authority,Craigdhu Primary School,Prestonfield,Milngavie,,G62 7PZ,East Dunbartonshire,S12000045,S01008048,132047589,Non-denominational,15.3,199,5 - <10%,0%,91,N,N,N,1,1,Large Urban Areas,Large Urban Areas,1,1,673904,55.9361262,-4.329384,
5206723,5206723P,Primary,Local Authority,Craigellachie Primary School,John Street,Craigellachie,MORAY,AB38 9SX,Moray,S12000020,S01011054,133036491,Non-denominational,4.5,46,0%,0%,66,N,N,N,6,5,Accessible Rural Areas,Accessible Rural Areas,6,5,845034,57.4899379,-3.185476,
5522420,5522420P,Primary,Local Authority,Craigentinny Primary School,4 Loganlea Drive,Edinburgh,,EH7 6LR,City of Edinburgh,S12000036,S01008752,906150173,Non-denominational,21.2,321,>20%,35 - <40%,5,Y,N,Y,1,1,Large Urban Areas,Large Urban Areas,1,1,674708,55.9600599,-3.1445434,
8370044,8370044SP,Special,Grant Aided,Craighalbert-Scottish Centre for Children with Motor Impairments,Craighalbert Centre,1 Craighalbert Way,CUMBERNAULD,G68 0LS,North Lanarkshire,S12000050,S01011775,118023831,Non-denominational,3.7,15,N/A,N/A,93,N,N,N,2,2,Other Urban Areas,Other Urban Areas,2,2,675536,55.9563502,-4.014297,
1005685,1005685P,Primary,Local Authority,Craighall Primary School,c/o Stoneyhill Primary School,"off Clayknowes Way, Stoneyhill",MUSSELBURGH,EH21 6UL,East Lothian,S12000010,S01008173,138025176,Non-denominational,1,14,*,*,72,N,N,N,1,1,Large Urban Areas,Large Urban Areas,1,1,672065,55.9369679,-3.0716659,
8350221,8350221P,Primary,Local Authority,Craighead Primary School,Milton Of Campsie,By Glasgow,,G66 8DL,East Dunbartonshire,S12000045,S01008156,132026469,Non-denominational,15.9,233,0 - <5%,*,47,N,N,N,3,3,Accessible Small Towns,Accessible Small Towns,3,3,676847,55.9656442,-4.1611162,
5120225,5120225P,Primary,Local Authority,Craighill Primary School,Craighill Terrace,Tain,,IV19 1EU,Highland,S12000017,S01010753,130007260,Non-denominational,13.2,213,*,*,23,N,Y,Y,5,4,Very Remote Small Towns,Remote Small Towns,5,4,881841,57.8093122,-4.0645875,
5329132,5329132S,Secondary,Local Authority,Craigie High School,Garnet Terrace,Dundee,,DD4 7QD,Dundee City,S12000042,S01007740,9059028888,Non-denominational,66.1,725,10 - <20%,60 - <65%,52,N,N,N,1,1,Large Urban Areas,Large Urban Areas,1,1,731591,56.4730051,-2.9219568,
5346827,5346827P,Primary,Local Authority,Craigie Primary School,15 Abbott Street,Perth,,PH2 0EE,Perth and Kinross,S12000048,S01011892,124000069,Non-denominational,11.4,186,5 - <10%,*,88,N,N,N,2,2,Other Urban Areas,Other Urban Areas,2,2,722858,56.3895937,-3.4418591,
5324424,5324424P,Primary,Local Authority,Craigiebarns Primary School,Brington Road,Dundee,,DD4 7UH,Dundee City,S12000042,S01007740,9059047033,Non-denominational,15.8,301,10 - <20%,35 - <40%,52,N,N,N,1,1,Large Urban Areas,Large Urban Areas,1,1,731493,56.472167,-2.9162388,
5225221,5225221P,Primary,Local Authority,Craigievar School,Craigievar,Alford,ABERDEENSHIRE,AB33 8JE,Aberdeenshire,S12000034,S01006877,151105064,Non-denominational,3.4,35,0%,0%,71,N,N,N,7,6,Remote Rural Areas,Remote Rural Areas,7,6,810587,57.1841056,-2.7043191,
5522528,5522528P,Primary,Local Authority,Craiglockhart Primary School,90 Ashley Terrace,Edinburgh,,EH11 1RG,City of Edinburgh,S12000036,S01008506,906012042,Non-denominational,17.2,321,>20%,*,94,N,N,N,1,1,Large Urban Areas,Large Urban Areas,1,1,671646,55.9317468,-3.2277241,
1004182,1004182SP,Special,Local Authority,Craigmarloch School,Port Glasgow Community Campus,Kilmacolm Road,PORT GLASGOW,PA14 6PP,Inverclyde,S12000018,S01010926,119054311,Non-denominational,40.2,210,0 - <5%,*,12,Y,N,Y,2,2,Other Urban Areas,Other Urban Areas,2,2,672829,55.9198925,-4.6541216,
5532132,5532132S,Secondary,Local Authority,Craigmount High School,59 Craigs Road,Edinburgh,,EH12 8NH,City of Edinburgh,S12000036,S01008960,906067430,Non-denominational,99.5,1339,10 - <20%,0 - <5%,95,N,N,N,1,1,Large Urban Areas,Large Urban Areas,1,1,673220,55.9450959,-3.3048119,
8102023,8102023P,Primary,Local Authority,Craignish Primary School,Ardfern,Lochgilphead,ARGYLL,PA31 8QN,Argyll and Bute,S12000035,S01007313,125051848,Non-denominational,4.7,24,0%,0%,57,N,N,N,8,6,Very Remote Rural Areas,Remote Rural Areas,8,6,704374,56.1813083,-5.536587,
5520223,5520223P,Primary,Local Authority,Craigour Park Primary,102 Moredun Park Road,Edinburgh,,EH17 7HL,City of Edinburgh,S12000036,S01008567,906168714,Non-denominational,27.1,450,>20%,35 - <40%,29,N,N,N,1,1,Large Urban Areas,Large Urban Areas,1,1,669459,55.9129884,-3.1347408,
5320526,5320526P,Primary,Local Authority,Craigowl Primary School,112 Laird Street,Dundee,,DD3 9NY,Dundee City,S12000042,S01007863,9059095127,Non-denominational,21.2,314,0 - <5%,30 - <35%,4,Y,N,Y,1,1,Large Urban Areas,Large Urban Areas,1,1,734176,56.4955166,-3.0134308,
5421225,5421225P,Primary,Local Authority,Craigrothie Primary School,Cupar Road,Craigrothie,CUPAR,KY15 5QA,Fife,S12000047,S01009696,320175508,Non-denominational,2.8,26,0%,*,67,N,N,N,6,5,Accessible Rural Areas,Accessible Rural Areas,6,5,710871,56.2861937,-3.0057181,
5532434,5532434S,Secondary,Local Authority,Craigroyston Community High School,67 Pennywell Road,Edinburgh,,EH4 4NL,City of Edinburgh,S12000036,S01008929,906464584,Non-denominational,62.8,741,>20%,60 - <65%,1,Y,N,Y,1,1,Large Urban Areas,Large Urban Areas,1,1,676326,55.9735317,-3.2540932,
5502527,5502527P,Primary,Local Authority,Craigroyston Primary School,7 Muirhouse Place West,Edinburgh,,EH4 4PX,City of Edinburgh,S12000036,S01008931,906174515,Non-denominational,20.5,326,>20%,75 - <80%,20,N,Y,Y,1,1,Large Urban Areas,Large Urban Areas,1,1,675742,55.9682782,-3.2546922,
8411220,8411220P,Primary,Local Authority,Craigton Primary School & Nursery Class,9 Morven Street,,GLASGOW,G52 1AL,Glasgow City,S12000049,S01009849,906700193092,Non-denominational,19.9,274,10 - <20%,65 - <70%,17,N,Y,Y,1,1,Large Urban Areas,Large Urban Areas,1,1,664097,55.848027,-4.3272091,
5421322,5421322P,Primary,Local Authority,Crail Primary School,Backdykes,Crail,ANSTRUTHER,KY10 3UW,Fife,S12000047,S01009714,320175976,Non-denominational,7.5,74,10 - <20%,0%,72,N,N,N,6,5,Accessible Rural Areas,Accessible Rural Areas,6,5,707791,56.2610078,-2.6291546,
5522927,5522927P,Primary,Local Authority,Cramond Primary School,4 Cramond Crescent,Edinburgh,,EH4 6PG,City of Edinburgh,S12000036,S01008942,906067574,Non-denominational,20.2,459,>20%,*,94,N,N,N,1,1,Large Urban Areas,Large Urban Areas,1,1,676153,55.9714539,-3.3044494,
8416621,8416621P,Primary,Local Authority,Cranhill Primary School,17 Skerryvore Road,,GLASGOW,G33 3LT,Glasgow City,S12000049,S01010165,906700431172,Non-denominational,12.6,176,10 - <20%,90 - <95%,3,Y,N,Y,1,1,Large Urban Areas,Large Urban Areas,1,1,665628,55.8648813,-4.1574961,
5249422,5249422P,Primary,Local Authority,Crathes School,Crathes,Banchory,KINCARDINESHIRE,AB31 5QR,Aberdeenshire,S12000034,S01006872,151110645,Non-denominational,3,41,0%,0%,84,N,N,N,6,5,Accessible Rural Areas,Accessible Rural Areas,6,5,798944,57.0807122,-2.4422508,
5256623,5256623P,Primary,Local Authority,Crathie School,Crathie,Ballater,ABERDEENSHIRE,AB35 5UL,Aberdeenshire,S12000034,S01006792,151124258,Non-denominational,1.9,10,0%,0%,64,N,N,N,8,6,Very Remote Rural Areas,Remote Rural Areas,8,6,794917,57.0394769,-3.2095541,
8546924,8546924P,Primary,Local Authority,Crawford Primary School,Carlisle Road,Crawford,BIGGAR,ML12 6TP,South Lanarkshire,S12000029,S01012570,484183978,Non-denominational,1.9,12,0%,0%,46,N,N,N,7,6,Remote Rural Areas,Remote Rural Areas,6,5,620579,55.4678889,-3.6512595,
8547025,8547025P,Primary,Local Authority,Crawforddyke Primary School,Eastfield Road,Carluke,,ML8 4NZ,South Lanarkshire,S12000029,S01012609,484164995,Non-denominational,21.3,406,0 - <5%,15 - <20%,17,N,Y,Y,2,2,Other Urban Areas,Other Urban Areas,2,2,649967,55.7294771,-3.8282385,
5910021,5910021P,Primary,Local Authority,Creetown School,Chain Road,Creetown,NEWTON STEWART,DG8 7JR,Dumfries and Galloway,S12000006,S01007520,137027650,Non-denominational,5.8,81,*,0%,42,N,N,N,7,6,Remote Rural Areas,Remote Rural Areas,7,6,559253,54.9047632,-4.3745891,
5720524,5720524P,Primary,Local Authority,Crianlarich Primary School,Crianlarich,,,FK20 8QN,Stirling,S12000030,S01013121,122048706,Non-denominational,2.6,22,*,0%,39,N,N,N,7,6,Remote Rural Areas,Remote Rural Areas,7,6,725253,56.3918905,-4.6159727,
5350336,5350336S,Secondary,Local Authority,Crieff High School,Strathearn Community Campus,Pittenzie Road,CRIEFF,PH7 3JN,Perth and Kinross,S12000048,S01011857,124092356,Non-denominational,52.7,643,*,*,56,N,N,N,4,4,Remote Small Towns,Remote Small Towns,6,5,720820,56.3660806,-3.8352632,
5342724,5342724P,Primary,Local Authority,Crieff Primary School,Broich Road,Crieff,,PH7 3SE,Perth and Kinross,S12000048,S01011857,124098810,Non-denominational,21.3,365,*,0%,56,N,N,N,4,4,Remote Small Towns,Remote Small Towns,6,5,720946,56.3671589,-3.8389889,
5216125,5216125P,Primary,Local Authority,Crimond School,Logie Road,Crimond-Fraserburgh,ABERDEENSHIRE,AB43 8QL,Aberdeenshire,S12000034,S01007101,151085443,Non-denominational,6.4,91,*,0%,28,N,N,N,6,5,Accessible Rural Areas,Accessible Rural Areas,6,5,856690,57.600182,-1.9139324,
8459142,8459142SP,Special,Local Authority,Croftcroighn Primary School,290 Mossvale Road,,GLASGOW,G33 5NY,Glasgow City,S12000049,S01010169,906700431169,Non-denominational,15.6,60,>20%,60 - <65%,6,Y,N,Y,1,1,Large Urban Areas,Large Urban Areas,1,1,666597,55.8735492,-4.1598154,
8411328,8411328P,Primary,Local Authority,Croftfoot Primary School,114 Crofthill Road,,GLASGOW,G44 5QQ,Glasgow City,S12000049,S01009994,906700248047,Non-denominational,21.3,294,>20%,20 - <25%,60,N,N,N,1,1,Large Urban Areas,Large Urban Areas,1,1,660214,55.8148613,-4.233831,
5508525,5508525P,Primary,Local Authority,Croftmalloch Primary School,Via Raeburn Crescent,Whitburn,WEST LOTHIAN,EH47 8HQ,West Lothian,S12000040,S01013378,200004128082,Non-denominational,15.5,205,5 - <10%,15 - <20%,29,N,N,N,2,2,Other Urban Areas,Other Urban Areas,2,2,664392,55.8611926,-3.6821142,
5114128,5114128P,Primary,Local Authority,Cromarty Primary School,Braehead,Cromarty,,IV11 8XR,Highland,S12000017,S01010731,130111970,Non-denominational,3.8,56,*,0%,58,N,N,N,7,6,Remote Rural Areas,Remote Rural Areas,7,6,867606,57.6819086,-4.0341531,
5232627,5232627P,Primary,Local Authority,Crombie School,Hays Way,Westhill Skene,ABERDEENSHIRE,AB32 6XZ,Aberdeenshire,S12000034,S01006940,151085444,Non-denominational,19.2,326,5 - <10%,0%,99,N,N,N,2,2,Other Urban Areas,Other Urban Areas,2,2,807270,57.155954,-2.2895736,
8601127,8601127P,Primary,Local Authority,Crookfur Primary School,Capelrig Road,Newton Mearns,GLASGOW,G77 6LF,East Renfrewshire,S12000011,S01008332,131010785,Non-denominational,30.7,503,>20%,*,79,N,N,N,1,1,Large Urban Areas,Large Urban Areas,1,1,657171,55.7857035,-4.331195,
8416222,8416222P,Primary,Local Authority,Crookston Castle Primary School,Glenside Avenue,,GLASGOW,G53 5SD,Glasgow City,S12000049,S01009803,906700420393,Non-denominational,30.8,486,>20%,65 - <70%,9,Y,N,Y,1,1,Large Urban Areas,Large Urban Areas,1,1,662602,55.8340946,-4.3532698,
8620822,8620822P,Primary,Local Authority,Cross Arthurlie Primary School,7 Fern Drive,Barrhead,GLASGOW,G78 1JF,East Renfrewshire,S12000011,S01008303,131033244,Non-denominational,22.7,335,0 - <5%,15 - <20%,49,N,N,N,1,1,Large Urban Areas,Large Urban Areas,1,1,659728,55.8073378,-4.4011754,
5441323,5441323P,Primary,Local Authority,Crossford Primary School,Dean Drive,Crossford,DUNFERMLINE,KY12 8PE,Fife,S12000047,S01009290,320189166,Non-denominational,10.4,190,*,*,96,N,N,N,6,5,Accessible Rural Areas,Accessible Rural Areas,6,5,686682,56.0637774,-3.5052496,
5441420,5441420P,Primary,Local Authority,Crossgates Primary School,97 Dunfermline Road,Crossgates,COWDENBEATH,KY4 8AR,Fife,S12000047,S01009406,320191080,Non-denominational,11,216,0 - <5%,5 - <10%,52,N,N,N,2,2,Other Urban Areas,Other Urban Areas,2,2,688731,56.0836442,-3.3808095,
8232725,8232725P,Primary,Local Authority,Crosshill Primary School,49 Carrick Drive,Crosshill,MAYBOLE,KA19 7RH,South Ayrshire,S12000028,S01012423,141005505,Non-denominational,4.1,31,*,0%,52,N,N,N,6,5,Accessible Rural Areas,Accessible Rural Areas,6,5,606774,55.3264872,-4.6386268,
8224242,8224242SP,Special,Local Authority,Crosshouse Communication Unit,Crosshouse Primary School,Playingfield Road,CROSSHOUSE,KA2 0JJ,East Ayrshire,S12000008,S01008027,127002105,Non-denominational,15.4,76,*,30 - <35%,29,N,N,N,6,5,Accessible Rural Areas,Accessible Rural Areas,6,5,638304,55.611747,-4.5514271,
8220425,8220425P,Primary,Local Authority,Crosshouse Primary School,Playingfield Road,Crosshouse,,KA2 0JJ,East Ayrshire,S12000008,S01008027,127002105,Non-denominational,10,155,*,0 - <5%,29,N,N,N,6,5,Accessible Rural Areas,Accessible Rural Areas,6,5,638304,55.611747,-4.5514271,
8534225,8534225P,Primary,Local Authority,Crosshouse Primary School,Curlew Drive,Greenhills,EAST KILBRIDE,G75 8ZY,South Lanarkshire,S12000029,S01012969,484158559,Non-denominational,27.2,391,5 - <10%,0%,25,N,Y,Y,2,2,Other Urban Areas,Other Urban Areas,2,2,652340,55.7445011,-4.2112774,
5915929,5915929P,Primary,Local Authority,Crossmichael School,Crossmichael,Castle Douglas,,DG7 3AP,Dumfries and Galloway,S12000006,S01007549,137080445,Non-denominational,5.1,90,*,0%,52,N,N,N,7,6,Remote Rural Areas,Remote Rural Areas,7,6,566687,54.9786434,-3.9804756,
5100429,5100429P,Primary,Local Authority,Crossroads Primary School,Dunnet,Thurso,,KW14 8XP,Highland,S12000017,S01010791,130088470,Non-denominational,1.6,7,*,0%,59,N,N,N,8,6,Very Remote Rural Areas,Remote Rural Areas,8,6,972797,58.6364379,-3.3032037,
5139929,5139929P,Primary,Local Authority,Crown Primary School,Kingsmills Road,Inverness,,IV2 3JT,Highland,S12000017,S01010629,130034503,Non-denominational,11.2,253,>20%,5 - <10%,63,N,N,N,2,2,Other Urban Areas,Other Urban Areas,2,2,845130,57.4768761,-4.2173568,
5138523,5138523P,Primary,Local Authority,Croy Primary School,Croy,Inverness,,IV2 5PG,Highland,S12000017,S01010568,130103472,Non-denominational,7.5,104,*,0%,52,N,N,N,6,5,Accessible Rural Areas,Accessible Rural Areas,6,5,849604,57.5205209,-4.0118967,
5216222,5216222P,Primary,Local Authority,Crudie School,Crudie,By Turriff,ABERDEENSHIRE,AB53 5QD,Aberdeenshire,S12000034,S01007045,151103607,Non-denominational,3.1,30,*,0%,49,N,N,N,6,5,Accessible Rural Areas,Accessible Rural Areas,7,6,857307,57.6052934,-2.3398674,
5545021,5545021P,Primary,Local Authority,Cuiken Primary School,150 Cuiken Terrace,Penicuik,,EH26 0AH,Midlothian,S12000019,S01010943,120043539,Non-denominational,16.7,208,0 - <5%,*,38,N,N,N,2,2,Other Urban Areas,Other Urban Areas,2,2,660754,55.83383,-3.2323967,
5114322,5114322P,Primary,Local Authority,Culbokie Primary School,Culbokie,Dingwall,,IV7 8JH,Highland,S12000017,S01010728,130112283,Non-denominational,7.4,96,0%,0%,75,N,N,N,6,5,Accessible Rural Areas,Accessible Rural Areas,6,5,859588,57.6047404,-4.3309478,
5206928,5206928P,Primary,Local Authority,Cullen Primary School,Old Church Road,Cullen,MORAY,AB56 4UZ,Moray,S12000020,S01011066,133001806,Non-denominational,8.2,102,*,0%,77,N,N,N,7,6,Remote Rural Areas,Remote Rural Areas,7,6,866677,57.6872587,-2.8195647,
6100325,6100325P,Primary,Local Authority,Cullivoe Primary School,Cullivoe,Yell,SHETLAND,ZE2 9DD,Shetland Islands,S12000027,S01012413,30100003542,Non-denominational,1.2,7,0%,0%,55,N,N,N,8,6,Very Remote Rural Areas,Remote Rural Areas,8,6,1204144,60.7168406,-1.017688,
5143934,5143934S,Secondary,Local Authority,Culloden Academy,Keppoch Road,Culloden,INVERNESS,IV2 7JZ,Highland,S12000017,S01010574,130045350,Non-denominational,84.7,1137,*,0 - <5%,98,N,N,N,2,2,Other Urban Areas,Other Urban Areas,2,2,846698,57.4924792,-4.1295287,
5441528,5441528P,Primary,Local Authority,Culross Primary School,Low Causeway,Culross,DUNFERMLINE,KY12 8HL,Fife,S12000047,S01009282,320189111,Non-denominational,5.8,56,*,5 - <10%,52,N,N,N,3,3,Accessible Small Towns,Accessible Small Towns,3,3,685938,56.0555708,-3.6251763,
5234522,5234522P,Primary,Local Authority,Culter School,22 School Road,Peterculter,ABERDEEN,AB14 0RX,Aberdeen City,S12000033,S01006510,9051001981,Non-denominational,16.8,283,10 - <20%,0%,57,N,N,N,1,1,Large Urban Areas,Large Urban Areas,1,1,800801,57.097896,-2.2636136,
5225329,5225329P,Primary,Local Authority,Cultercullen School,Udny,Ellon,ABERDEENSHIRE,AB41 6QQ,Aberdeenshire,S12000034,S01006981,151111146,Non-denominational,4.4,46,*,0%,69,N,N,N,6,5,Accessible Rural Areas,Accessible Rural Areas,6,5,824090,57.3073105,-2.1291537,
5235839,5235839S,Secondary,Local Authority,Cults Academy,Quarry Road,Cults,ABERDEEN,AB15 9TP,Aberdeen City,S12000033,S01006525,9051005883,Non-denominational,93.6,1275,>20%,*,89,N,N,N,1,1,Large Urban Areas,Large Urban Areas,1,1,803063,57.1183487,-2.1901586,
5234727,5234727P,Primary,Local Authority,Cults Primary School,Earlswells Road,Cults,ABERDEEN,AB15 9RG,Aberdeen City,S12000033,S01006517,9051119799,Non-denominational,30.4,630,>20%,0%,83,N,N,N,1,1,Large Urban Areas,Large Urban Areas,1,1,803222,57.1197678,-2.1961273,
1005901,1005901P,Primary,Local Authority,Culzean Primary School and Early Years Centre,Kirkoswald Road,,MAYBOLE,KA19 8BP,South Ayrshire,S12000028,S01012437,141073989,Non-denominational,21.4,288,0%,10 - <15%,42,N,N,N,3,3,Accessible Small Towns,Accessible Small Towns,3,3,609746,55.3519537,-4.696003,
1002732,1002732S,Secondary,Local Authority,Cumbernauld Academy,South Kildrum Ring Road,Cumbernauld,,G67 2UF,North Lanarkshire,S12000050,S01011750,118196429,Non-denominational,79.9,1021,5 - <10%,20 - <25%,25,N,Y,Y,2,2,Other Urban Areas,Other Urban Areas,2,2,674593,55.948596,-3.970041,School Contacts List UPRN (118030833) is not in SAD 2024 Q1.  GISAT has assigned the UPRN for Cumbernauld Academy as it is in SAD 2024 Q1 (118196429).
8355525,8355525P,Primary,Local Authority,Cumbernauld Primary School,Eastfield Road,Cumbernauld,,G68 0EB,North Lanarkshire,S12000050,S01011775,118024800,Non-denominational,22.5,409,5 - <10%,0 - <5%,93,N,N,N,2,2,Other Urban Areas,Other Urban Areas,2,2,676010,55.9607358,-4.0065788,
8218226,8218226P,Primary,Local Authority,Cumbrae Primary School,Bute Terrace,,MILLPORT,KA28 0BB,North Ayrshire,S12000021,S01011327,126059538,Non-denominational,5.7,41,0%,20 - <25%,15,Y,N,Y,7,6,Remote Rural Areas,Remote Rural Areas,7,6,655182,55.7550258,-4.9289801,
5946026,5946026P,Primary,Local Authority,Cummertrees School,Cummertrees,Annan,,DG12 5PD,Dumfries and Galloway,S12000006,S01007659,137068332,Non-denominational,2.7,33,*,0%,49,N,N,N,6,5,Accessible Rural Areas,Accessible Rural Areas,6,5,566571,54.986471,-3.3284913,
8315248,8315248SP,Special,Local Authority,Cunard School,Cochno Street,,CLYDEBANK,G81 1RQ,West Dunbartonshire,S12000039,S01013129,129052227,Non-denominational,5.8,23,0%,65 - <70%,15,Y,N,Y,1,1,Large Urban Areas,Large Urban Areas,1,1,670135,55.9009803,-4.3956501,
6100422,6100422P,Primary,Local Authority,Cunningsburgh Primary School,Cunningsburgh,Shetland,,ZE2 9HB,Shetland Islands,S12000027,S01012390,30100006998,Non-denominational,6.1,79,*,0%,68,N,N,N,8,6,Very Remote Rural Areas,Remote Rural Areas,8,6,1129239,60.045638,-1.2273758,
5540739,5540739S,Secondary,Local Authority,Currie Community High School,31 Dolphin Avenue,Currie,EDINBURGH,EH14 5RD,City of Edinburgh,S12000036,S01008426,906299584,Non-denominational,64.4,851,10 - <20%,5 - <10%,59,N,N,N,1,1,Large Urban Areas,Large Urban Areas,1,1,667860,55.8967775,-3.3194848,
5520320,5520320P,Primary,Local Authority,Currie Primary School,59 Curriehill Road,Currie,EDINBURGH,EH14 5PU,City of Edinburgh,S12000036,S01008429,906070752,Non-denominational,25.9,493,10 - <20%,*,98,N,N,N,1,1,Large Urban Areas,Large Urban Areas,1,1,667993,55.8980411,-3.3130827,
8411425,8411425P,Primary,Local Authority,Cuthbertson Primary School and Nursery Class,35 Cuthbertson Street,,GLASGOW,G42 7RJ,Glasgow City,S12000049,S01010033,906700248862,Non-denominational,24,363,>20%,50 - <55%,9,Y,N,Y,1,1,Large Urban Areas,Large Urban Areas,1,1,663042,55.8397084,-4.2649318,
1004840,1004840SP,Special,Local Authority,D&G Primary Central & East Inclusion Hub,Lochside Road,,DUMFRIES,DG2 0DY,Dumfries and Galloway,S12000006,S01007618,137020923,Non-denominational,0,0,0,0,38,N,N,N,3,3,Accessible Small Towns,Accessible Small Towns,3,3,580139,55.1053646,-3.5828694,"Pupil roll, FTE teachers, proportion of pupils minority ethnic, and proportion of puplis 20% most deprived is recorded as zero as this school is not included in the School Level Summary Statistics."
1004859,1004859SP,Special,Local Authority,D&G Primary West Inclusion Hub,15 Bruce Place,Minnigaff,NEWTON STEWART,DG8 6PE,Dumfries and Galloway,S12000006,S01007518,137010500,Non-denominational,0,0,0,0,39,N,N,N,4,4,Remote Small Towns,Remote Small Towns,4,4,565763,54.9613072,-4.4734976,"Pupil roll, FTE teachers, proportion of pupils minority ethnic, and proportion of puplis 20% most deprived is recorded as zero as this school is not included in the School Level Summary Statistics."
5940842,5940842SP,Special,Local Authority,D&G Secondary Inclusion Support,The Bridge,Glasgow Road,DUMFRIES,DG2 9AW,Dumfries and Galloway,S12000006,S01007582,137116865,Non-denominational,0,0,0,0,18,N,Y,Y,2,2,Other Urban Areas,Other Urban Areas,2,2,577030,55.0768979,-3.6228011,"Pupil roll, FTE teachers, proportion of pupils minority ethnic, and proportion of puplis 20% most deprived is recorded as zero as this school is not included in the School Level Summary Statistics."
8232822,8232822P,Primary,Local Authority,Dailly Primary School,81 Main Street,Dailly,GIRVAN,KA26 9SB,South Ayrshire,S12000028,S01012420,141001135,Non-denominational,6.6,74,0%,0%,35,N,N,N,7,6,Remote Rural Areas,Remote Rural Areas,7,6,601475,55.2769105,-4.727261,
5422027,5422027P,Primary,Local Authority,Dairsie Primary School,Main Street,Dairsie,CUPAR,KY15 4SS,Fife,S12000047,S01009697,320176394,Non-denominational,4.8,40,*,0%,71,N,N,N,6,5,Accessible Rural Areas,Accessible Rural Areas,6,5,717262,56.344022,-2.9542236,
5918138,5918138S,Secondary,Local Authority,Dalbeattie High School,Craignair Road,Dalbeattie,,DG5 4LU,Dumfries and Galloway,S12000006,S01007538,137109752,Non-denominational,30.8,347,0 - <5%,*,66,N,N,N,6,5,Accessible Rural Areas,Accessible Rural Areas,7,6,561085,54.9306409,-3.8307612,
5916127,5916127P,Primary,Local Authority,Dalbeattie Primary School,Craignair Road,Dalbeattie,,DG5 4LU,Dumfries and Galloway,S12000006,S01007538,137109754,Non-denominational,12.7,249,0 - <5%,0%,66,N,N,N,6,5,Accessible Rural Areas,Accessible Rural Areas,7,6,561070,54.9305046,-3.8308643,
5221927,5221927P,Primary,Local Authority,Dales Park School,Berryden Road,Peterhead,ABERDEENSHIRE,AB42 2GD,Aberdeenshire,S12000034,S01007077,151085455,Non-denominational,23.4,329,*,0 - <5%,69,N,N,N,2,2,Other Urban Areas,Other Urban Areas,2,2,845358,57.4982782,-1.8102012,
5441625,5441625P,Primary,Local Authority,Dalgety Bay Primary School,St Bridget's Brae,Dalgety Bay,DUNFERMLINE,KY11 9LT,Fife,S12000047,S01009401,320189615,Non-denominational,16.3,271,5 - <10%,*,94,N,N,N,3,3,Accessible Small Towns,Accessible Small Towns,3,3,683651,56.0383258,-3.3511499,
6203434,6203434P,Primary,Local Authority,Daliburgh School,Daliburgh,South Uist,,HS8 5SS,Na h-Eileanan an Iar,S12000013,S01009017,139026084,Non-denominational,7.2,77,0%,0%,44,N,N,N,8,6,Very Remote Rural Areas,Remote Rural Areas,8,6,820540,57.1605902,-7.3680865,
8111324,8111324P,Primary,Local Authority,Dalintober Primary School,Dalaruan Street,"Dalintober, Campbeltown",ARGYLL,PA28 6HG,Argyll and Bute,S12000035,S01007333,125046604,Non-denominational,14.4,204,5 - <10%,30 - <35%,65,N,N,N,5,4,Very Remote Small Towns,Remote Small Towns,5,4,621092,55.4304757,-5.6061168,
5545838,5545838S,Secondary,Local Authority,Dalkeith High School,2 Cousland Road,Dalkeith,,EH22 2PS,Midlothian,S12000019,S01011006,120037127,Non-denominational,74.3,949,5 - <10%,5 - <10%,38,N,N,N,2,2,Other Urban Areas,Other Urban Areas,2,2,668180,55.9023031,-3.0433275,
5200628,5200628P,Primary,Local Authority,Dallas Primary School,Dallas,Moray,,IV36 2SA,Moray,S12000020,S01011168,133046789,Non-denominational,3.7,30,0%,0%,54,N,N,N,6,5,Accessible Rural Areas,Accessible Rural Areas,6,5,852134,57.5507377,-3.4690714,
8102325,8102325P,Primary,Local Authority,Dalmally Primary School,Glenview,Dalmally,ARGYLL,PA33 1BE,Argyll and Bute,S12000035,S01007308,125046626,Non-denominational,2.6,30,*,0%,46,N,N,N,8,6,Very Remote Rural Areas,Remote Rural Areas,8,6,727143,56.4010491,-4.9637133,
8411522,8411522P,Primary,Local Authority,Dalmarnock Primary School,111 Baltic Street,,GLASGOW,G40 3BA,Glasgow City,S12000049,S01010053,906700419636,Non-denominational,20.4,336,>20%,85 - <90%,13,Y,N,Y,1,1,Large Urban Areas,Large Urban Areas,1,1,663743,55.8468549,-4.2185098,
8244227,8244227P,Primary,Local Authority,Dalmellington Primary School,Ayr Road,Dalmellington,,KA6 7SJ,East Ayrshire,S12000008,S01007874,127029232,Non-denominational,7.6,81,*,60 - <65%,18,N,Y,Y,6,5,Accessible Rural Areas,Accessible Rural Areas,6,5,605976,55.324219,-4.4009895,
5531527,5531527P,Primary,Local Authority,Dalmeny Primary School,Carlowrie Crescent,Dalmeny,SOUTH QUEENSFERRY,EH30 9TZ,City of Edinburgh,S12000036,S01009002,906429777,Non-denominational,5.5,85,*,*,76,N,N,N,2,2,Other Urban Areas,Other Urban Areas,2,2,677234,55.9804168,-3.3736019,
8231028,8231028P,Primary,Local Authority,Dalmilling Primary School,4 Harthall,Ayr,,KA8 0PD,South Ayrshire,S12000028,S01012497,141041912,Non-denominational,29.8,329,0 - <5%,80 - <85%,6,Y,N,Y,2,2,Other Urban Areas,Other Urban Areas,2,2,622664,55.4702538,-4.5949344,
5140021,5140021P,Primary,Local Authority,Dalneigh Primary School,St Ninian Drive,Inverness,,IV3 5AU,Highland,S12000017,S01010633,130047814,Non-denominational,14.4,252,*,55 - <60%,12,Y,N,Y,2,2,Other Urban Areas,Other Urban Areas,2,2,844997,57.4751436,-4.2476916,
8301921,8301921P,Primary,Local Authority,Dalreoch Primary School,Kingsway,Castlehill,DUMBARTON,G82 5AZ,West Dunbartonshire,S12000039,S01013206,129016233,Non-denominational,8.5,104,5 - <10%,85 - <90%,16,N,Y,Y,2,2,Other Urban Areas,Other Urban Areas,2,2,676333,55.9527746,-4.5889035,
1004344,1004344P,Primary,Local Authority,Dalry Primary School,Kirkland Street,Dalry,CASTLE DOUGLAS,DG7 3UX,Dumfries and Galloway,S12000006,S01007550,137051763,Non-denominational,3.9,43,*,0%,43,N,N,N,7,6,Remote Rural Areas,Remote Rural Areas,7,6,581020,55.1043813,-4.161827,
5523028,5523028P,Primary,Local Authority,Dalry Primary School,4 Cathcart Place,Dalry Road,EDINBURGH,EH11 2JB,City of Edinburgh,S12000036,S01008653,906047793,Non-denominational,16,263,>20%,5 - <10%,39,N,N,N,1,1,Large Urban Areas,Large Urban Areas,1,1,672788,55.9420554,-3.2229753,
8210926,8210926P,Primary,Local Authority,Dalry Primary School,Sharon Street,,DALRY,KA24 5DR,North Ayrshire,S12000021,S01011302,126087475,Non-denominational,16.4,288,0 - <5%,45 - <50%,6,Y,N,Y,3,3,Accessible Small Towns,Accessible Small Towns,3,3,649319,55.7070196,-4.7250678,
5918332,5918332S,Secondary,Local Authority,Dalry Secondary School,Kirkland Street,Dalry,CASTLE DOUGLAS,DG7 3UX,Dumfries and Galloway,S12000006,S01007550,137051763,Non-denominational,7.4,21,*,0%,43,N,N,N,7,6,Remote Rural Areas,Remote Rural Areas,7,6,581020,55.1043813,-4.161827,
8241627,8241627P,Primary,Local Authority,Dalrymple Primary School,Hillview,Dalrymple,,KA6 6PZ,East Ayrshire,S12000008,S01007875,127000151,Non-denominational,8.1,123,*,*,29,N,N,N,6,5,Accessible Rural Areas,Accessible Rural Areas,6,5,614665,55.3984009,-4.59288,
8520127,8520127P,Primary,Local Authority,Dalserf Primary School,Ashgillhead Road,Ashgill,LARKHALL,ML9 3FJ,South Lanarkshire,S12000029,S01012655,484163760,Non-denominational,5.8,80,*,*,24,N,Y,Y,2,2,Other Urban Areas,Other Urban Areas,2,2,650062,55.728713,-3.933849,School Contacts List UPRN (484151350) is not in SAD 2024 Q1.  GISAT has assigned the UPRN for Dalserf Primary School as it is in SAD 2024 Q1 (484163760).
8516936,8516936S,Secondary,Local Authority,Dalziel High School,Crawford Street,Motherwell,,ML1 3AG,North Lanarkshire,S12000050,S01011478,118063937,Non-denominational,74,1002,10 - <20%,20 - <25%,87,N,N,N,1,1,Large Urban Areas,Large Urban Areas,1,1,656626,55.7866447,-3.9998976,
5543126,5543126P,Primary,Local Authority,Danderhall Primary School,59 Edmonstone Road,Danderhall,,EH22 1QL,Midlothian,S12000019,S01011002,120015185,Non-denominational,23.7,388,10 - <20%,*,35,N,N,N,3,3,Accessible Small Towns,Accessible Small Towns,3,3,669744,55.9157698,-3.1103742,
5246326,5246326P,Primary,Local Authority,Danestone Primary School,Fairview Brae,Danestone Bridge of Don,ABERDEEN,AB22 8ZN,Aberdeen City,S12000033,S01006757,9051097547,Non-denominational,14.4,256,>20%,*,97,N,N,N,1,1,Large Urban Areas,Large Urban Areas,1,1,810160,57.1821745,-2.1332346,
1005375,1005375P,Primary,Local Authority,Dargavel Primary School,Arrochar Drive,,BISHOPTON,PA7 5HP,Renfrewshire,S12000038,S01012030,123115224,Non-denominational,31.4,590,5 - <10%,0%,85,N,N,N,6,5,Accessible Rural Areas,Accessible Rural Areas,6,5,670039,55.897888,-4.5077871,
8446628,8446628P,Primary,Local Authority,Darnley Primary School,169 Glen Moriston Road,,GLASGOW,G53 7HT,Glasgow City,S12000049,S01009765,906700264116,Non-denominational,27,320,10 - <20%,20 - <25%,35,N,N,N,1,1,Large Urban Areas,Large Urban Areas,1,1,659655,55.8078689,-4.3396058,
8220522,8220522P,Primary,Local Authority,Darvel Primary School,Campbell Street East,Darvel,,KA17 0BP,East Ayrshire,S12000008,S01007941,127057210,Non-denominational,17.4,289,0 - <5%,5 - <10%,90,N,N,N,3,3,Accessible Small Towns,Accessible Small Towns,3,3,637860,55.613082,-4.2812686,
8520321,8520321P,Primary,Local Authority,David Livingstone Memorial Primary School,Morven Avenue,Blantyre,,G72 9JY,South Lanarkshire,S12000029,S01012766,484175445,Non-denominational,16.4,256,5 - <10%,20 - <25%,27,N,N,N,2,2,Other Urban Areas,Other Urban Areas,2,2,658357,55.800556,-4.0985547,
5523125,5523125P,Primary,Local Authority,Davidson's Mains Primary School,Corbiehill Road,Edinburgh,,EH4 5DZ,City of Edinburgh,S12000036,S01008936,906429778,Non-denominational,23,521,>20%,5 - <10%,100,N,N,N,1,1,Large Urban Areas,Large Urban Areas,1,1,675255,55.9637627,-3.2683227,
5138620,5138620P,Primary,Local Authority,Daviot Primary School,Daviot,Inverness,,IV2 5XL,Highland,S12000017,S01010567,130110239,Non-denominational,1.6,7,0%,*,61,N,N,N,6,5,Accessible Rural Areas,Accessible Rural Areas,6,5,839246,57.4255167,-4.1298338,
5225426,5225426P,Primary,Local Authority,Daviot School,Daviot,Inverurie,ABERDEENSHIRE,AB51 0HZ,Aberdeenshire,S12000034,S01006989,151119619,Non-denominational,5.2,87,0%,0%,85,N,N,N,6,5,Accessible Rural Areas,Accessible Rural Areas,6,5,828197,57.3435818,-2.4157494,
5540429,5540429P,Primary,Local Authority,Dean Park Primary School,31 Marchbank Gardens,Balerno,,EH14 7ET,City of Edinburgh,S12000036,S01008420,906157225,Non-denominational,25.6,496,10 - <20%,*,93,N,N,N,1,1,Large Urban Areas,Large Urban Areas,1,1,665929,55.8791717,-3.3430246,
5758521,5758521P,Primary,Local Authority,Deanburn Primary School,Hazeldean Avenue,Bo'ness,,EH51 0NS,Falkirk,S12000014,S01009245,136056498,Non-denominational,16.2,225,*,0 - <5%,80,N,N,N,2,2,Other Urban Areas,Other Urban Areas,2,2,680152,56.0036172,-3.6222413,
5502535,5502535S,Secondary,Local Authority,Deans Community High School,Eastwood Park,Deans,LIVINGSTON,EH54 8PS,West Lothian,S12000040,S01013339,200004097590,Non-denominational,75.1,1006,5 - <10%,25 - <30%,82,N,N,N,2,2,Other Urban Areas,Other Urban Areas,2,2,669180,55.9059669,-3.5494396,
5507626,5507626P,Primary,Local Authority,Deans Primary School,Deans South,Deans,LIVINGSTON,EH54 8DB,West Lothian,S12000040,S01013342,200004093271,Non-denominational,15.3,216,*,45 - <50%,12,Y,N,Y,2,2,Other Urban Areas,Other Urban Areas,2,2,668491,55.8996159,-3.5615013,
5720621,5720621P,Primary,Local Authority,Deanston Primary School,Teith Road,Deanston,BY DOUNE,FK16 6AJ,Stirling,S12000030,S01013108,122036394,Non-denominational,3,21,0%,0%,57,N,N,N,6,5,Accessible Rural Areas,Accessible Rural Areas,6,5,701667,56.1902046,-4.0732271,
5506425,5506425P,Primary,Local Authority,Dechmont Infant School,Main Street,Dechmont,BROXBURN,EH52 6LJ,West Lothian,S12000040,S01013464,200004080468,Non-denominational,2.3,7,0%,0%,60,N,N,N,6,5,Accessible Rural Areas,Accessible Rural Areas,6,5,670703,55.9197446,-3.5415406,
5500826,5500826P,Primary,Local Authority,Dedridge Primary School,Dedridge East,Livingston,WEST LOTHIAN,EH54 6JQ,West Lothian,S12000040,S01013282,200004109259,Non-denominational,17.1,166,5 - <10%,25 - <30%,16,N,Y,Y,2,2,Other Urban Areas,Other Urban Areas,2,2,666617,55.883563,-3.4981389,
5701724,5701724P,Primary,Local Authority,Deerpark Primary School,Gartmorn Road,Sauchie,,FK10 3PB,Clackmannanshire,S12000005,S01007454,35015723,Non-denominational,12.6,149,5 - <10%,60 - <65%,23,N,Y,Y,2,2,Other Urban Areas,Other Urban Areas,2,2,694177,56.1277108,-3.7632216,
5401526,5401526P,Primary,Local Authority,Denbeath Primary School,Wall Street,Buckhaven,LEVEN,KY8 1JG,Fife,S12000047,S01009619,320181034,Non-denominational,13.3,174,5 - <10%,90 - <95%,17,N,Y,Y,2,2,Other Urban Areas,Other Urban Areas,2,2,698851,56.178005,-3.0289995,
5401623,5401623P,Primary,Local Authority,Denend Primary School,4 School Lane,Cardenden,LOCHGELLY,KY5 0BS,Fife,S12000047,S01009437,320179911,Non-denominational,9.1,157,*,0 - <5%,29,N,N,N,3,3,Accessible Small Towns,Accessible Small Towns,3,3,695122,56.1423394,-3.2620155,
5630223,5630223P,Primary,Local Authority,Denholm Primary School,Denholm,Hawick,ROXBURGHSHIRE,TD9 8LZ,Scottish Borders,S12000026,S01012356,116045379,Non-denominational,7.2,107,*,0%,76,N,N,N,6,5,Accessible Rural Areas,Accessible Rural Areas,6,5,618452,55.4579857,-2.6872404,
5745438,5745438S,Secondary,Local Authority,Denny High School,Herbertshire Park,Denny,,FK6 6EE,Falkirk,S12000014,S01009060,136076413,Non-denominational,116.1,1401,0 - <5%,10 - <15%,92,N,N,N,2,2,Other Urban Areas,Other Urban Areas,2,2,682465,56.0204813,-3.8969118,
5741521,5741521P,Primary,Local Authority,Denny Primary School,Duke Street,Denny,,FK6 6NW,Falkirk,S12000014,S01009057,136066333,Non-denominational,18.8,327,5 - <10%,20 - <25%,14,Y,N,Y,2,2,Other Urban Areas,Other Urban Areas,2,2,682829,56.0234998,-3.9132508,
5324521,5324521P,Primary,Local Authority,Dens Road Primary School,Dens Road,Dundee,,DD3 7HY,Dundee City,S12000042,S01007724,9059082101,Non-denominational,16.4,239,>20%,80 - <85%,3,Y,N,Y,1,1,Large Urban Areas,Large Urban Areas,1,1,731629,56.472978,-2.9702499,
8102422,8102422P,Primary,Local Authority,Dervaig Primary School,Dervaig,Isle Of Mull,ARGYLL,PA75 6QW,Argyll and Bute,S12000035,S01007285,125063375,Non-denominational,2,15,0%,0%,57,N,N,N,8,6,Very Remote Rural Areas,Remote Rural Areas,8,6,751782,56.5873813,-6.1849463,
5145422,5145422P,Primary,Local Authority,Deshar Primary School,Deshar Road,Boat of Garten,INVERNESS-SHIRE,PH24 3BU,Highland,S12000017,S01010541,130088689,Non-denominational,2.6,39,*,0%,69,N,N,N,7,6,Remote Rural Areas,Remote Rural Areas,7,6,819126,57.2501176,-3.7842135,
5119138,5119138S,Secondary,Local Authority,Dingwall Academy,Dingwall,,,IV15 9LT,Highland,S12000017,S01010713,130126152,Non-denominational,86.1,1062,0 - <5%,0 - <5%,57,N,N,N,4,4,Remote Small Towns,Remote Small Towns,4,4,859382,57.6009731,-4.4325389,
5114624,5114624P,Primary,Local Authority,Dingwall Primary School,Ross Avenue,Dingwall,,IV15 9UU,Highland,S12000017,S01010718,130003571,Non-denominational,25.7,422,5 - <10%,5 - <10%,53,N,N,N,4,4,Remote Small Towns,Remote Small Towns,4,4,859870,57.6053274,-4.4341356,
5552923,5552923P,Primary,Local Authority,Dirleton Primary School,Dirleton,North Berwick,EAST LOTHIAN,EH39 5HE,East Lothian,S12000010,S01008267,138006056,Non-denominational,4.1,55,*,0%,72,N,N,N,6,5,Accessible Rural Areas,Accessible Rural Areas,6,5,683702,56.043688,-2.7848465,
5138728,5138728P,Primary,Local Authority,Dochgarroch Primary School,Dochgarroch,Inverness,,IV3 8JG,Highland,S12000017,S01010650,130110248,Non-denominational,2.1,16,0%,50 - <55%,18,N,Y,Y,6,5,Accessible Rural Areas,Accessible Rural Areas,6,5,840689,57.4354835,-4.3003739,
5570948,5570948SP,Special,Grant Aided,Donaldson's School,Preston Road,Linlithgow,WEST LOTHIAN,EH49 6HZ,West Lothian,S12000040,S01013440,135023582,Non-denominational,5.6,13,N/A,N/A,98,N,N,N,2,2,Other Urban Areas,Other Urban Areas,2,2,676087,55.9673016,-3.6059967,
5447127,5447127P,Primary,Local Authority,Donibristle Primary School,Morlich Road,Dalgety Bay,DUNFERMLINE,KY11 9UE,Fife,S12000047,S01009396,320189610,Non-denominational,23.1,353,5 - <10%,*,99,N,N,N,3,3,Accessible Small Towns,Accessible Small Towns,3,3,682865,56.0311928,-3.3575606,
8244138,8244138S,Secondary,Local Authority,Doon Academy,Ayr Road,Dalmellington,,KA6 7SJ,East Ayrshire,S12000008,S01007874,127029232,Non-denominational,33.4,240,0 - <5%,75 - <80%,18,N,Y,Y,6,5,Accessible Rural Areas,Accessible Rural Areas,6,5,605976,55.324219,-4.4009895,
8233020,8233020P,Primary,Local Authority,Doonfoot Primary School,29A Abotts Way,Ayr,,KA7 4HJ,South Ayrshire,S12000028,S01012452,141004344,Non-denominational,28.9,363,5 - <10%,5 - <10%,69,N,N,N,2,2,Other Urban Areas,Other Urban Areas,2,2,619097,55.4368327,-4.6581773,
5109434,5109434S,Secondary,Local Authority,Dornoch Academy,Evelix Road,Dornoch,SUTHERLAND,IV25 3HR,Highland,S12000017,S01010760,130008734,Non-denominational,23.2,217,*,*,67,N,N,N,8,6,Very Remote Rural Areas,Remote Rural Areas,8,6,889984,57.8827806,-4.0455897,
5110629,5110629P,Primary,Local Authority,Dornoch Primary,Evelix Road,Dornoch,SUTHERLAND,IV25 3HR,Highland,S12000017,S01010760,130008733,Non-denominational,9.1,160,*,*,67,N,N,N,8,6,Very Remote Rural Areas,Remote Rural Areas,8,6,889961,57.8825962,-4.044213,
8325731,8325731S,Secondary,Local Authority,Douglas Academy,Craigton Road,Milngavie,,G62 7HS,East Dunbartonshire,S12000045,S01008033,132053074,Non-denominational,86.8,1058,10 - <20%,0 - <5%,89,N,N,N,1,1,Large Urban Areas,Large Urban Areas,1,1,675234,55.9477554,-4.3464678,
5902932,5902932S,Secondary,Local Authority,Douglas Ewart High School,Corsbie Road,Newton Stewart,,DG8 6JQ,Dumfries and Galloway,S12000006,S01007515,137048044,Non-denominational,43.6,584,0 - <5%,0%,81,N,N,N,4,4,Remote Small Towns,Remote Small Towns,4,4,565664,54.9600826,-4.4898871,
8547521,8547521P,Primary,Local Authority,Douglas Primary School,Ayr Road,Douglas,,ML11 0QA,South Lanarkshire,S12000029,S01012638,484165251,Non-denominational,7.7,121,*,55 - <60%,39,N,N,N,6,5,Accessible Rural Areas,Accessible Rural Areas,6,5,630477,55.5539909,-3.85052,
6000428,6000428P,Primary,Local Authority,Dounby Community School,Dounby,Orkney,,KW17 2JA,Orkney Islands,S12000023,S01011810,134014428,Non-denominational,8.6,133,*,0%,64,N,N,N,8,6,Very Remote Rural Areas,Remote Rural Areas,8,6,1020620,59.0667095,-3.2278044,
5720729,5720729P,Primary,Local Authority,Doune Primary School,Castlehill,Doune,,FK16 6BU,Stirling,S12000030,S01013106,122003027,Non-denominational,13.7,178,*,*,75,N,N,N,6,5,Accessible Rural Areas,Accessible Rural Areas,6,5,701328,56.1875145,-4.0518742,
5324726,5324726P,Primary,Local Authority,Downfield Primary School,20 Haldane Crescent,Dundee,,DD3 0JP,Dundee City,S12000042,S01007814,9059100568,Non-denominational,21.4,302,5 - <10%,60 - <65%,33,N,N,N,1,1,Large Urban Areas,Large Urban Areas,1,1,733455,56.4892055,-2.9927999,
5140129,5140129P,Primary,Local Authority,Drakies Primary School,Drumossie Avenue,Inverness,,IV2 3SG,Highland,S12000017,S01010617,130035796,Non-denominational,11.3,221,5 - <10%,*,92,N,N,N,2,2,Other Urban Areas,Other Urban Areas,2,2,844118,57.4681217,-4.198016,
8211124,8211124P,Primary,Local Authority,Dreghorn Primary School,Dundonald Road,Dreghorn,IRVINE,KA11 4AP,North Ayrshire,S12000021,S01011190,126079577,Non-denominational,25.9,256,0 - <5%,15 - <20%,24,N,Y,Y,2,2,Other Urban Areas,Other Urban Areas,2,2,637820,55.606098,-4.6130488,
8241724,8241724P,Primary,Local Authority,Drongan Primary School,Millmannoch Avenue,Drongan,,KA6 7BY,East Ayrshire,S12000008,S01007888,127023106,Non-denominational,17,259,*,40 - <45%,14,Y,N,Y,3,3,Accessible Small Towns,Accessible Small Towns,3,3,618140,55.4323615,-4.4608477,
5225523,5225523P,Primary,Local Authority,Drumblade School,Drumblade,Huntly,ABERDEENSHIRE,AB54 6EQ,Aberdeenshire,S12000034,S01006999,151112718,Non-denominational,2.9,48,0%,0%,58,N,N,N,7,6,Remote Rural Areas,Remote Rural Areas,7,6,839377,57.4427442,-2.7011184,
5742021,5742021P,Primary,Local Authority,Drumbowie Primary School,Standburn,Avonbridge,FALKIRK,FK1 2HS,Falkirk,S12000014,S01009187,136039062,Non-denominational,3.5,19,0%,*,71,N,N,N,6,5,Accessible Rural Areas,Accessible Rural Areas,6,5,674894,55.9550804,-3.7172733,
8459932,8459932S,Secondary,Local Authority,Drumchapel High School,45 Cally Avenue,,GLASGOW,G15 7SQ,Glasgow City,S12000049,S01010496,906700347618,Non-denominational,76.2,706,10 - <20%,85 - <90%,3,Y,N,Y,1,1,Large Urban Areas,Large Urban Areas,1,1,671518,55.9139645,-4.3670216,
5630622,5630622P,Primary,Local Authority,Drumlanrig St Cuthbert's Primary School,The Loan,Hawick,,TD9 0AU,Scottish Borders,S12000026,S01012370,116018359,Non-denominational,17,323,0 - <5%,20 - <25%,34,N,N,N,2,2,Other Urban Areas,Other Urban Areas,2,2,614145,55.4186569,-2.7910272,
8102627,8102627P,Primary,Local Authority,Drumlemble Primary School,Drumlemble,Campbeltown,ARGYLL,PA28 6PN,Argyll and Bute,S12000035,S01007331,125053669,Non-denominational,2.7,25,0%,*,53,N,N,N,8,6,Very Remote Rural Areas,Remote Rural Areas,8,6,619794,55.416604,-5.6798897,
5532531,5532531S,Secondary,Local Authority,Drummond Community High School,41 Bellevue Place,Edinburgh,,EH7 4BS,City of Edinburgh,S12000036,S01008846,906019815,Non-denominational,51.4,570,>20%,10 - <15%,73,N,N,N,1,1,Large Urban Areas,Large Urban Areas,1,1,674822,55.9606588,-3.1894755,
5143144,5143144SP,Special,Local Authority,Drummond School,Drummond Road,Inverness,,IV2 4NZ,Highland,S12000017,S01010601,130099900,Non-denominational,26.2,105,*,*,77,N,N,N,2,2,Other Urban Areas,Other Urban Areas,2,2,843031,57.4578221,-4.2283391,
8440344,8440344SP,Special,Local Authority,Drummore Primary School,129 Drummore Road,,GLASGOW,G15 7NH,Glasgow City,S12000049,S01010494,906700038412,Non-denominational,15.5,65,>20%,65 - <70%,15,Y,N,Y,1,1,Large Urban Areas,Large Urban Areas,1,1,671669,55.9156302,-4.3509114,
5900328,5900328P,Primary,Local Authority,Drummore School,Shaw Lane,Drummore,STRANRAER,DG9 9PY,Dumfries and Galloway,S12000006,S01007501,137012047,Non-denominational,2.9,32,*,0%,36,N,N,N,6,5,Accessible Rural Areas,Accessible Rural Areas,6,5,536563,54.6895367,-4.8929114,
5256720,5256720P,Primary,Local Authority,Drumoak School,James Gregory Road,Drumoak,BANCHORY,AB31 5DY,Aberdeenshire,S12000034,S01006857,151168716,Non-denominational,8.8,131,*,0%,78,N,N,N,6,5,Accessible Rural Areas,Accessible Rural Areas,6,5,799253,57.0837951,-2.3467122,
1001922,1001922SP,Special,Local Authority,Drumpark Primary School,Albert Street,Coatbridge,,ML5 3ET,North Lanarkshire,S12000050,S01011596,118184852,Non-denominational,29.1,163,5 - <10%,40 - <45%,29,N,N,N,2,2,Other Urban Areas,Other Urban Areas,2,2,665458,55.8656274,-4.0237206,
5723922,5723922P,Primary,Local Authority,Drymen Primary School,Old Gartmore Road,Drymen,BY GLASGOW,G63 0DY,Stirling,S12000030,S01013009,122007095,Non-denominational,8.7,117,*,0%,61,N,N,N,6,5,Accessible Rural Areas,Accessible Rural Areas,6,5,689018,56.069585,-4.4520427,
5523524,5523524P,Primary,Local Authority,Duddingston Primary School,70a Duddingston Road,Edinburgh,,EH15 1SW,City of Edinburgh,S12000036,S01008737,906081272,Non-denominational,19.4,379,10 - <20%,5 - <10%,94,N,N,N,1,1,Large Urban Areas,Large Urban Areas,1,1,673336,55.9478548,-3.131261,
5400120,5400120P,Primary,Local Authority,Duloch Schools and Community Campus,Nightingale Place,Duloch Park,DUNFERMLINE,KY11 8GN,Fife,S12000047,S01009348,320284360,Non-denominational,23,434,10 - <20%,0 - <5%,97,N,N,N,2,2,Other Urban Areas,Other Urban Areas,2,2,686344,56.0619546,-3.4022295,UPRN is a Parent UPRN in SAD 2024 Q1.
8304130,8304130S,Secondary,Local Authority,Dumbarton Academy,Crosslet Road,,DUMBARTON,G82 2AJ,West Dunbartonshire,S12000039,S01013196,129055351,Non-denominational,60.3,691,0 - <5%,20 - <25%,79,N,N,N,2,2,Other Urban Areas,Other Urban Areas,2,2,675566,55.9465597,-4.5567825,
5939038,5939038S,Secondary,Local Authority,Dumfries Academy,Academy Street,Dumfries,,DG1 1DD,Dumfries and Galloway,S12000006,S01007612,137011198,Non-denominational,42.3,608,5 - <10%,25 - <30%,6,Y,N,Y,2,2,Other Urban Areas,Other Urban Areas,2,2,576469,55.0720105,-3.6111697,
5939232,5939232S,Secondary,Local Authority,Dumfries High School,Marchmount,Dumfries,,DG1 1PX,Dumfries and Galloway,S12000006,S01007615,137060913,Non-denominational,51.8,748,0 - <5%,0 - <5%,49,N,N,N,2,2,Other Urban Areas,Other Urban Areas,2,2,576725,55.0745287,-3.594652,
8412022,8412022P,Primary,Local Authority,Dunard Primary School & Nursery Class,65 Dunard Street,,GLASGOW,G20 6RL,Glasgow City,S12000049,S01010369,906700036058,Non-denominational,16,246,>20%,55 - <60%,48,N,N,N,1,1,Large Urban Areas,Large Urban Areas,1,1,667512,55.8797083,-4.2747444,
5555736,5555736S,Secondary,Local Authority,Dunbar Grammar School,Summerfield Road,Dunbar,,EH42 1NJ,East Lothian,S12000010,S01008286,138018258,Non-denominational,80.9,1120,0 - <5%,0%,54,N,N,N,2,2,Other Urban Areas,Other Urban Areas,2,2,678658,55.9997199,-2.5313439,
5553024,5553024P,Primary,Local Authority,Dunbar Primary School,Lammermuir Crescent,Dunbar,,EH42 1DG,East Lothian,S12000010,S01008285,138007082,Non-denominational,50.1,950,*,*,40,N,N,N,2,2,Other Urban Areas,Other Urban Areas,2,2,678701,56.000142,-2.5229641,
5341825,5341825P,Primary,Local Authority,Dunbarney Primary School,Main Street,Bridge Of Earn,PERTH,PH2 9DY,Perth and Kinross,S12000048,S01011881,124034586,Non-denominational,11.3,203,0 - <5%,*,46,N,N,N,6,5,Accessible Rural Areas,Accessible Rural Areas,6,5,718387,56.3498111,-3.4074217,
5100526,5100526P,Primary,Local Authority,Dunbeath Primary School,Dunbeath,,,KW6 6ED,Highland,S12000017,S01010772,130072781,Non-denominational,2.4,30,0%,0%,33,N,N,N,8,6,Very Remote Rural Areas,Remote Rural Areas,8,6,929508,58.2461925,-3.4351284,
8102724,8102724P,Primary,Local Authority,Dunbeg Primary School,Etive Road,Dunbeg,ARGYLL,PA37 1QF,Argyll and Bute,S12000035,S01007302,125046651,Non-denominational,7.5,94,*,0%,39,N,N,N,8,6,Very Remote Rural Areas,Remote Rural Areas,8,6,733275,56.4437558,-5.4440123,
5722438,5722438S,Secondary,Local Authority,Dunblane High School,Old Doune Road,Dunblane,,FK15 9EW,Stirling,S12000030,S01013103,122059741,Non-denominational,67.3,928,5 - <10%,0 - <5%,96,N,N,N,3,3,Accessible Small Towns,Accessible Small Towns,3,3,700666,56.1827331,-3.9803024,
5720826,5720826P,Primary,Local Authority,Dunblane Primary School,Doune Road,Dunblane,,FK15 9AU,Stirling,S12000030,S01013104,122003890,Non-denominational,20,362,5 - <10%,0 - <5%,98,N,N,N,3,3,Accessible Small Towns,Accessible Small Towns,3,3,701338,56.1888793,-3.9735927,
5422124,5422124P,Primary,Local Authority,Dunbog Primary School,Newburgh,Cupar,FIFE,KY14 6JF,Fife,S12000047,S01009677,320175202,Non-denominational,4.5,39,0%,0%,61,N,N,N,6,5,Accessible Rural Areas,Accessible Rural Areas,6,5,718453,56.3530412,-3.1520974,
5143624,5143624P,Primary,Local Authority,Duncan Forbes Primary School,Keppoch Road,Culloden,INVERNESS,IV2 7NY,Highland,S12000017,S01010571,130046110,Non-denominational,13.2,246,*,*,67,N,N,N,2,2,Other Urban Areas,Other Urban Areas,2,2,846598,57.4913928,-4.1406286,
8533431,8533431S,Secondary,Local Authority,Duncanrig Secondary School,Winnipeg Drive,East Kilbride,,G75 8ZT,South Lanarkshire,S12000029,S01012986,484157058,Non-denominational,139.3,1752,5 - <10%,0 - <5%,40,N,N,N,2,2,Other Urban Areas,Other Urban Areas,2,2,654019,55.7597039,-4.2050133,
5936926,5936926P,Primary,Local Authority,Duncow School,Kirkmahaoe,Duncow,DUMFRIES,DG1 1TA,Dumfries and Galloway,S12000006,S01007568,137061198,Non-denominational,2.9,42,0%,*,64,N,N,N,6,5,Accessible Rural Areas,Accessible Rural Areas,6,5,583349,55.1336668,-3.6243817,
8233128,8233128P,Primary,Local Authority,Dundonald Primary School,Castle Drive,Dundonald,KILMARNOCK,KA2 9EP,South Ayrshire,S12000028,S01012546,141043862,Non-denominational,11.3,168,*,*,44,N,N,N,6,5,Accessible Rural Areas,Accessible Rural Areas,6,5,634978,55.581011,-4.5914826,
5225620,5225620P,Primary,Local Authority,Dunecht School,Dunecht,Westhill,ABERDEENSHIRE,AB32 7BA,Aberdeenshire,S12000034,S01006856,151131214,Non-denominational,4.6,52,*,0%,85,N,N,N,6,5,Accessible Rural Areas,Accessible Rural Areas,6,5,809288,57.1737152,-2.418272,
5446139,5446139S,Secondary,Local Authority,Dunfermline High School,St Leonard's Place,Dunfermline,,KY11 3BQ,Fife,S12000047,S01009312,320306719,Non-denominational,104.4,1450,5 - <10%,5 - <10%,61,N,N,N,2,2,Other Urban Areas,Other Urban Areas,2,2,686489,56.062645,-3.4557719,
5741920,5741920P,Primary,Local Authority,Dunipace Primary School,Thistle Avenue,Dunipace,DENNY,FK6 6LS,Falkirk,S12000014,S01009050,136051149,Non-denominational,12,166,*,*,51,N,N,N,2,2,Other Urban Areas,Other Urban Areas,2,2,683472,56.0292132,-3.9174331,
8220727,8220727P,Primary,Local Authority,Dunlop Primary School,Main Street,Dunlop,,KA3 4AN,East Ayrshire,S12000008,S01007931,127003260,Non-denominational,9,145,5 - <10%,0%,67,N,N,N,6,5,Accessible Rural Areas,Accessible Rural Areas,6,5,649469,55.7124348,-4.5352899,
5403626,5403626P,Primary,Local Authority,Dunnikier Primary School,Balsusney Road,Kirkcaldy,,KY2 5LH,Fife,S12000047,S01009482,320181610,Non-denominational,19,334,10 - <20%,10 - <15%,47,N,N,N,2,2,Other Urban Areas,Other Urban Areas,2,2,692191,56.1169668,-3.1640264,
5343127,5343127P,Primary,Local Authority,Dunning Primary School,Station Road,Dunning,PERTHSHIRE,PH2 0RH,Perth and Kinross,S12000048,S01011877,124027437,Non-denominational,8,92,*,0%,68,N,N,N,6,5,Accessible Rural Areas,Accessible Rural Areas,6,5,714555,56.3131866,-3.5887377,
5249627,5249627P,Primary,Local Authority,Dunnottar School,High Street,Stonehaven,KINCARDINESHIRE,AB39 2JN,Aberdeenshire,S12000034,S01006828,151085507,Non-denominational,8.6,146,*,0%,69,N,N,N,2,2,Other Urban Areas,Other Urban Areas,2,2,785588,56.9613446,-2.2078473,
8110239,8110239S,Secondary,Local Authority,Dunoon Grammar School,Ardenslate Road,DUNOON,ARGYLL,PA23 8LU,Argyll and Bute,S12000035,S01007365,125013150,Non-denominational,66.4,745,0 - <5%,*,43,N,N,N,5,4,Very Remote Small Towns,Remote Small Towns,5,4,678244,55.9624473,-4.9241769,
8102821,8102821P,Primary,Local Authority,Dunoon Primary School,Hillfoot Street,Dunoon,ARGYLL,PA23 7DR,Argyll and Bute,S12000035,S01007370,125031733,Non-denominational,13.2,197,*,*,24,N,Y,Y,5,4,Very Remote Small Towns,Remote Small Towns,5,4,676581,55.9474354,-4.926841,
6100627,6100627P,Primary,Local Authority,Dunrossness Primary School,Dunrossness,Shetland,,ZE2 9JG,Shetland Islands,S12000027,S01012387,30100005476,Non-denominational,6.3,85,*,0%,60,N,N,N,8,6,Very Remote Rural Areas,Remote Rural Areas,8,6,1115324,59.9210662,-1.2949637,
5645824,5645824P,Primary,Local Authority,Duns Primary School,Langtongate,Duns,BERWICKSHIRE,TD11 3QQ,Scottish Borders,S12000026,S01012306,116066544,Non-denominational,18.5,347,5 - <10%,0%,40,N,N,N,6,5,Accessible Rural Areas,Accessible Rural Areas,6,5,653620,55.7754002,-2.3523278,
5937027,5937027P,Primary,Local Authority,Dunscore School,Dunscore,Dumfries,,DG2 0SY,Dumfries and Galloway,S12000006,S01007564,137071740,Non-denominational,3.8,56,5 - <10%,0%,53,N,N,N,6,5,Accessible Rural Areas,Accessible Rural Areas,6,5,584283,55.1399444,-3.7760361,
5127920,5127920P,Primary,Local Authority,Dunvegan Primary School,Dunvegan,Isle Of Skye,,IV55 8GU,Highland,S12000017,S01010685,130111103,Non-denominational,5.2,45,*,0%,38,N,N,N,8,6,Very Remote Rural Areas,Remote Rural Areas,8,6,847186,57.43201,-6.5681449,
5108020,5108020P,Primary,Local Authority,Durness Primary School,Durness,by Lairg,,IV27 4PN,Highland,S12000017,S01010812,130060546,Non-denominational,1.7,2,*,*,42,N,N,N,8,6,Very Remote Rural Areas,Remote Rural Areas,8,6,967606,58.5670531,-4.746992,
5130522,5130522P,Primary,Local Authority,Duror Primary School,Appin,Argyll,,PA38 4BW,Highland,S12000017,S01010525,130111982,Non-denominational,1.5,7,0%,0%,51,N,N,N,7,6,Remote Rural Areas,Remote Rural Areas,7,6,754796,56.6416005,-5.2825724,
5251729,5251729P,Primary,Local Authority,Durris School,Durris,Banchory,KINCARDINESHIRE,AB31 6BH,Aberdeenshire,S12000034,S01006855,151131895,Non-denominational,3,43,*,0%,76,N,N,N,6,5,Accessible Rural Areas,Accessible Rural Areas,6,5,795809,57.0528423,-2.3496391,
5243335,5243335S,Secondary,Local Authority,Dyce Academy,Riverview Drive,Dyce,ABERDEEN,AB21 7NF,Aberdeen City,S12000033,S01006750,9051017062,Non-denominational,56.2,689,5 - <10%,0 - <5%,52,N,N,N,1,1,Large Urban Areas,Large Urban Areas,1,1,812786,57.2057113,-2.1759578,
5234921,5234921P,Primary,Local Authority,Dyce Primary School,Gordon Terrace,Dyce,ABERDEEN,AB21 7BD,Aberdeen City,S12000033,S01006753,9051016467,Non-denominational,25.4,434,10 - <20%,*,84,N,N,N,1,1,Large Urban Areas,Large Urban Areas,1,1,812779,57.2056404,-2.1816183,
5200725,5200725P,Primary,Local Authority,Dyke Primary School,Dyke,Moray,,IV36 2TF,Moray,S12000020,S01011170,133046660,Non-denominational,6.5,72,*,0%,54,N,N,N,6,5,Accessible Rural Areas,Accessible Rural Areas,6,5,858513,57.6052401,-3.6931609,
8514526,8514526P,Primary,Local Authority,Dykehead Primary School,Easter Road,Shotts,,ML7 4AS,North Lanarkshire,S12000050,S01011431,118056862,Non-denominational,16.8,260,*,30 - <35%,30,N,N,N,3,3,Accessible Small Towns,Accessible Small Towns,3,3,660148,55.8213203,-3.8044826,
8213429,8213429P,Primary,Local Authority,Dykesmains Primary School,Simpson Drive,,SALTCOATS,KA21 6EX,North Ayrshire,S12000021,S01011263,126060356,Non-denominational,13.2,186,5 - <10%,35 - <40%,47,N,N,N,2,2,Other Urban Areas,Other Urban Areas,2,2,643164,55.6503312,-4.7857228,
5401720,5401720P,Primary,Local Authority,Dysart Primary School,Normand Road,Dysart,KIRKCALDY,KY1 2XW,Fife,S12000047,S01009537,320181782,Non-denominational,10.7,136,0 - <5%,35 - <40%,36,N,N,N,2,2,Other Urban Areas,Other Urban Areas,2,2,693493,56.1290567,-3.121742,
5946220,5946220P,Primary,Local Authority,Eaglesfield School,Eaglesfield,Lockerbie,,DG11 3PA,Dumfries and Galloway,S12000006,S01007653,137067724,Non-denominational,2.9,44,*,0%,57,N,N,N,6,5,Accessible Rural Areas,Accessible Rural Areas,6,5,574578,55.0597979,-3.1965528,
8600724,8600724P,Primary,Local Authority,Eaglesham Primary School,25 Strathaven Road,Eaglesham,GLASGOW,G76 0LF,East Renfrewshire,S12000011,S01008358,131031768,Non-denominational,23.5,402,5 - <10%,*,40,N,N,N,3,3,Accessible Small Towns,Accessible Small Towns,3,3,651844,55.7389751,-4.2698445,
5616530,5616530S,Secondary,Local Authority,Earlston High School,Earlston,Berwickshire,,TD4 6HF,Scottish Borders,S12000026,S01012268,116067581,Non-denominational,79.5,1090,0 - <5%,*,74,N,N,N,6,5,Accessible Rural Areas,Accessible Rural Areas,6,5,638557,55.6387799,-2.6615385,
5620724,5620724P,Primary,Local Authority,Earlston Primary School,Earlston,Berwickshire,,TD4 6JQ,Scottish Borders,S12000026,S01012270,116011572,Non-denominational,8.1,137,*,0%,55,N,N,N,6,5,Accessible Rural Areas,Accessible Rural Areas,6,5,638529,55.6384769,-2.6714811,
8103127,8103127P,Primary,Local Authority,Easdale Primary School,Easdale,Isle of Seil,OBAN,PA34 4RF,Argyll and Bute,S12000035,S01007310,125064781,Non-denominational,2.8,31,*,0%,49,N,N,N,8,6,Very Remote Rural Areas,Remote Rural Areas,8,6,717341,56.294854,-5.641248,
5302625,5302625P,Primary,Local Authority,Eassie Primary School,Eassie,by Glamis,FORFAR,DD8 1SQ,Angus,S12000041,S01007267,117077385,Non-denominational,3.1,22,0%,0%,51,N,N,N,6,5,Accessible Rural Areas,Accessible Rural Areas,6,5,745151,56.5935337,-3.0829996,
5500524,5500524P,Primary,Local Authority,East Calder Primary School,9 Langton Road,East Calder,WEST LOTHIAN,EH53 0BL,West Lothian,S12000040,S01013297,200004115658,Non-denominational,20.2,286,5 - <10%,*,50,N,N,N,3,3,Accessible Small Towns,Accessible Small Towns,3,3,667691,55.8936256,-3.4639523,
5531225,5531225P,Primary,Local Authority,East Craigs Primary School,79 Craigmount Brae,Edinburgh,,EH12 8XF,City of Edinburgh,S12000036,S01008958,906066112,Non-denominational,23.2,403,>20%,0%,34,N,N,N,1,1,Large Urban Areas,Large Urban Areas,1,1,673915,55.9513692,-3.3021243,
1003062,1003062P,Primary,Local Authority,East Dunbartonshire Central School,New College Lanarkshire Kirkintilloch Campus,50 Southbank Road,KIRKINTILLOCH,G66 1NH,East Dunbartonshire,S12000045,S01008131,132054978,Non-denominational,0,0,0,0,19,N,Y,Y,2,2,Other Urban Areas,Other Urban Areas,2,2,673573,55.9362943,-4.1571179,"Pupil roll, FTE teachers, proportion of pupils minority ethnic, and proportion of puplis 20% most deprived is recorded as zero as this school is not included in the School Level Summary Statistics."
1003062,1003062S,Secondary,Local Authority,East Dunbartonshire Central School,New College Lanarkshire Kirkintilloch Campus,50 Southbank Road,KIRKINTILLOCH,G66 1NH,East Dunbartonshire,S12000045,S01008131,132054978,Non-denominational,0,1,*,*,19,N,Y,Y,2,2,Other Urban Areas,Other Urban Areas,2,2,673573,55.9362943,-4.1571179,
5200822,5200822P,Primary,Local Authority,East End Primary School,Institution Road,Elgin,MORAY,IV30 1RP,Moray,S12000020,S01011104,133044320,Non-denominational,9.5,175,10 - <20%,20 - <25%,49,N,N,N,2,2,Other Urban Areas,Other Urban Areas,2,2,862667,57.6471594,-3.3051969,
8623422,8623422P,Primary,Local Authority,East Fulton Primary School,Gilmartin Road,,LINWOOD,PA3 3SG,Renfrewshire,S12000038,S01012225,123032817,Non-denominational,13,224,*,10 - <15%,30,N,N,N,1,1,Large Urban Areas,Large Urban Areas,1,1,664610,55.8489402,-4.515033,
5553121,5553121P,Primary,Local Authority,East Linton Primary School,School Road,East Linton,,EH40 3AJ,East Lothian,S12000010,S01008280,138029090,Non-denominational,9.8,176,5 - <10%,0%,74,N,N,N,6,5,Accessible Rural Areas,Accessible Rural Areas,6,5,677342,55.9872751,-2.6598819,
8530823,8530823P,Primary,Local Authority,East Milton Primary School,Vancouver Drive,Westwood,EAST KILBRIDE,G75 8LG,South Lanarkshire,S12000029,S01012989,484176788,Non-denominational,11.2,187,0 - <5%,*,55,N,N,N,2,2,Other Urban Areas,Other Urban Areas,2,2,654195,55.7613918,-4.1990994,
8471045,8471045SP,Special,Grant Aided,East Park School,1092 Maryhill Road,Glasgow,,G20 9TD,Glasgow City,S12000049,S01010319,906700068653,Non-denominational,8.5,23,N/A,N/A,36,N,N,N,1,1,Large Urban Areas,Large Urban Areas,1,1,668233,55.8860394,-4.2823745,
5724023,5724023P,Primary,Local Authority,East Plean Primary School,Main Street,Plean,BY STIRLING,FK7 8BX,Stirling,S12000030,S01013026,122032760,Non-denominational,11.6,157,5 - <10%,50 - <55%,29,N,N,N,6,5,Accessible Rural Areas,Accessible Rural Areas,6,5,687038,56.0619486,-3.8725251,
5401828,5401828P,Primary,Local Authority,East Wemyss Primary School,School Wynd,East Wemyss,KIRKCALDY,KY1 4RN,Fife,S12000047,S01009543,320179237,Non-denominational,11.9,163,*,50 - <55%,42,N,N,N,6,5,Accessible Rural Areas,Accessible Rural Areas,6,5,696909,56.1602539,-3.0647036,
8433232,8433232S,Secondary,Local Authority,Eastbank Academy,26 Academy Street,,GLASGOW,G32 9AA,Glasgow City,S12000049,S01010139,906700127899,Non-denominational,79.1,1051,10 - <20%,75 - <80%,10,Y,N,Y,1,1,Large Urban Areas,Large Urban Areas,1,1,664031,55.8504326,-4.1629736,
8412227,8412227P,Primary,Local Authority,Eastbank Primary School,80 Gartocher Road,,GLASGOW,G32 0HA,Glasgow City,S12000049,S01010131,906700332422,Non-denominational,16.6,291,>20%,60 - <65%,71,N,N,N,1,1,Large Urban Areas,Large Urban Areas,1,1,664087,55.8510942,-4.1539519,
5742528,5742528P,Primary,Local Authority,Easter Carmuirs Primary School,Carmuirs Drive,Camelon,FALKIRK,FK1 4JG,Falkirk,S12000014,S01009165,136002784,Non-denominational,19.2,171,10 - <20%,55 - <60%,20,N,Y,Y,2,2,Other Urban Areas,Other Urban Areas,2,2,680571,56.004456,-3.8311221,
5324920,5324920P,Primary,Local Authority,Eastern Primary School,Camperdown Street,Broughty Ferry,DUNDEE,DD5 3AE,Dundee City,S12000042,S01007760,9059094999,Non-denominational,23.5,388,10 - <20%,5 - <10%,99,N,N,N,1,1,Large Urban Areas,Large Urban Areas,1,1,731211,56.4698961,-2.880203,
5504724,5504724P,Primary,Local Authority,Eastertoun Primary School,13 Manse Avenue,Armadale,WEST LOTHIAN,EH48 3HS,West Lothian,S12000040,S01013385,200004125400,Non-denominational,18.2,261,0 - <5%,5 - <10%,61,N,N,N,2,2,Other Urban Areas,Other Urban Areas,2,2,668679,55.8993363,-3.70969,
8359822,8359822P,Primary,Local Authority,Eastfield Primary School,23 Cairntoul Court,Cumbernauld,,G68 9JR,North Lanarkshire,S12000050,S01011784,118021010,Non-denominational,16,298,5 - <10%,*,28,N,N,N,2,2,Other Urban Areas,Other Urban Areas,2,2,674494,55.9468613,-4.0219236,
8440441,8440441SP,Special,Local Authority,Eastmuir Primary School,211 Hallhill Road,,GLASGOW,G33 4QL,Glasgow City,S12000049,S01010127,906700175193,Non-denominational,14.4,65,>20%,75 - <80%,6,Y,N,Y,1,1,Large Urban Areas,Large Urban Areas,1,1,664724,55.8569909,-4.144116,
5946328,5946328P,Primary,Local Authority,Eastriggs School,Annan Road,Eastriggs,ANNAN,DG12 6PZ,Dumfries and Galloway,S12000006,S01007673,137001651,Non-denominational,8.4,131,*,*,72,N,N,N,6,5,Accessible Rural Areas,Accessible Rural Areas,6,5,566344,54.9859743,-3.1788062,
8601739,8601739S,Secondary,Local Authority,Eastwood High School,Capelrig Road,Newton Mearns,GLASGOW,G77 6NQ,East Renfrewshire,S12000011,S01008334,131041649,Non-denominational,103.1,1239,>20%,0 - <5%,90,N,N,N,1,1,Large Urban Areas,Large Urban Areas,1,1,657333,55.7872296,-4.3276536,
5518229,5518229P,Primary,Local Authority,Echline Primary School,Bo'ness Road,South Queensferry,EDINBURGH,EH30 9XJ,City of Edinburgh,S12000036,S01009010,906322434,Non-denominational,14.7,286,5 - <10%,0%,90,N,N,N,2,2,Other Urban Areas,Other Urban Areas,2,2,678161,55.9883164,-3.4117132,
5225728,5225728P,Primary,Local Authority,Echt School,Echt,Skene,ABERDEENSHIRE,AB32 6UL,Aberdeenshire,S12000034,S01006857,151108919,Non-denominational,4.3,52,*,0%,78,N,N,N,6,5,Accessible Rural Areas,Accessible Rural Areas,6,5,805680,57.1412603,-2.4313562,
6000525,6000525P,Primary,Local Authority,Eday Primary School,Eday,Orkney,,KW17 2AA,Orkney Islands,S12000023,S01011832,134014266,Non-denominational,1.9,10,0%,0%,46,N,N,N,8,6,Very Remote Rural Areas,Remote Rural Areas,8,6,1030832,59.1619635,-2.7673788,
5114829,5114829P,Primary,Local Authority,Edderton Primary School,Edderton,Tain,,IV19 1LF,Highland,S12000017,S01010762,130061176,Non-denominational,1.6,6,0%,0%,50,N,N,N,8,6,Very Remote Rural Areas,Remote Rural Areas,8,6,884177,57.8283387,-4.1816991,
5631629,5631629P,Primary,Local Authority,Edenside Primary School,Inch Road,Kelso,ROXBURGHSHIRE,TD5 7JP,Scottish Borders,S12000026,S01012337,116014859,Non-denominational,15.8,258,0 - <5%,0%,27,N,N,N,4,4,Remote Small Towns,Remote Small Towns,4,4,634461,55.6030016,-2.4314842,
5126320,5126320P,Primary,Local Authority,Edinbane Primary School,By Portree,Isle Of Skye,,IV51 9PW,Highland,S12000017,S01010682,130111090,Non-denominational,0.7,11,*,0%,58,N,N,N,8,6,Very Remote Rural Areas,Remote Rural Areas,8,6,850672,57.4682671,-6.4310728,
8312427,8312427P,Primary,Local Authority,Edinbarnet Primary School,Faifley Road,Faifley,CLYDEBANK,G81 5BQ,West Dunbartonshire,S12000039,S01013157,129012168,Non-denominational,15.1,211,10 - <20%,80 - <85%,11,Y,N,Y,1,1,Large Urban Areas,Large Urban Areas,1,1,673448,55.9307541,-4.3957911,
5630320,5630320P,Primary,Local Authority,Ednam Primary School,Ednam,Kelso,ROXBURGHSHIRE,TD5 7QJ,Scottish Borders,S12000026,S01012332,116003390,Non-denominational,2.9,43,0%,0%,68,N,N,N,7,6,Remote Rural Areas,Remote Rural Areas,7,6,637325,55.6287837,-2.4174744,
5302722,5302722P,Primary,Local Authority,Edzell Primary School,High Street,Edzell,BRECHIN,DD9 7TA,Angus,S12000041,S01007283,117099736,Non-denominational,7.8,102,*,*,67,N,N,N,6,5,Accessible Rural Areas,Accessible Rural Areas,6,5,769262,56.8131238,-2.6569367,
5133629,5133629P,Primary,Local Authority,Eigg Primary School,Isle Of Eigg,,,PH42 4RL,Highland,S12000017,S01010504,130127262,Non-denominational,1.7,7,0%,0%,58,N,N,N,8,6,Very Remote Rural Areas,Remote Rural Areas,8,6,786336,56.8996351,-6.1397845,
1003127,1003127P,Primary,Local Authority,Elderbank Primary School,St Kilda Bank,Broomlands,IRVINE,KA11 1LA,North Ayrshire,S12000021,S01011184,126061516,Non-denominational,35.4,358,5 - <10%,60 - <65%,86,N,N,N,2,2,Other Urban Areas,Other Urban Areas,2,2,638535,55.6120535,-4.6352308,
5202736,5202736S,Secondary,Local Authority,Elgin Academy,Morriston Road,Elgin,MORAY,IV30 4ND,Moray,S12000020,S01011120,133066269,Non-denominational,73.4,1069,5 - <10%,5 - <10%,92,N,N,N,2,2,Other Urban Areas,Other Urban Areas,2,2,863410,57.6535948,-3.3281848,
5210038,5210038S,Secondary,Local Authority,Elgin High School,Edgar Road,,ELGIN MORAY,IV30 6UD,Moray,S12000020,S01011114,133070677,Non-denominational,70.8,842,*,10 - <15%,75,N,N,N,2,2,Other Urban Areas,Other Urban Areas,2,2,861432,57.6358735,-3.3236353,
5422426,5422426P,Primary,Local Authority,Elie Primary School,Park Place,Elie,LEVEN,KY9 1DH,Fife,S12000047,S01009701,320176154,Non-denominational,2.8,19,0%,0%,66,N,N,N,6,5,Accessible Rural Areas,Accessible Rural Areas,6,5,700304,56.1926077,-2.822368,
5231132,5231132S,Secondary,Local Authority,Ellon Academy,Community Campus,Kellie Pearl Way,ELLON,AB41 8LF,Aberdeenshire,S12000034,S01006977,151167407,Non-denominational,97.7,1154,0 - <5%,*,67,N,N,N,6,5,Accessible Rural Areas,Accessible Rural Areas,6,5,829834,57.3589674,-2.0537718,
5225825,5225825P,Primary,Local Authority,Ellon Primary School,Modley Place,Ellon,ABERDEENSHIRE,AB41 9BB,Aberdeenshire,S12000034,S01006971,151085517,Non-denominational,25.1,316,5 - <10%,*,60,N,N,N,2,2,Other Urban Areas,Other Urban Areas,2,2,830553,57.3654052,-2.0822622,
8412529,8412529P,Primary,Local Authority,Elmvale Primary School & Nursery Class,712 Hawthorn Street,,GLASGOW,G22 6ED,Glasgow City,S12000049,S01010215,906700166966,Non-denominational,19,255,>20%,90 - <95%,4,Y,N,Y,1,1,Large Urban Areas,Large Urban Areas,1,1,668124,55.8859502,-4.2338692,
5948924,5948924P,Primary,Local Authority,Elmvale School,Wood Avenue,Annan,,DG12 6DH,Dumfries and Galloway,S12000006,S01007660,137039036,Non-denominational,9,151,*,*,27,N,N,N,3,3,Accessible Small Towns,Accessible Small Towns,3,3,566055,54.9825223,-3.2639165,
5553229,5553229P,Primary,Local Authority,Elphinstone Primary School,Main Street,Elphinstone,TRANENT - EAST LOTHIAN,EH33 2LX,East Lothian,S12000010,S01008234,138028227,Non-denominational,3,43,*,*,37,N,N,N,6,5,Accessible Rural Areas,Accessible Rural Areas,6,5,670223,55.9212669,-2.9691086,
5233224,5233224P,Primary,Local Authority,Elrick School,Rowan Drive,Westhill,ABERDEENSHIRE,AB32 6QB,Aberdeenshire,S12000034,S01006937,151085519,Non-denominational,17,352,5 - <10%,0%,97,N,N,N,2,2,Other Urban Areas,Other Urban Areas,2,2,806873,57.1523864,-2.2909258,
6201326,6201326P,Primary,Local Authority,Eoligarry Primary School,Castlebay,Barra,,HS9 5YD,Na h-Eileanan an Iar,S12000013,S01009015,139013770,Non-denominational,2.8,18,0%,0%,56,N,N,N,8,6,Very Remote Rural Areas,Remote Rural Areas,8,6,806785,57.0338637,-7.4361019,
5343224,5343224P,Primary,Local Authority,Errol Primary School,Station Road,Errol,PERTHSHIRE,PH2 7QB,Perth and Kinross,S12000048,S01011964,124021635,Non-denominational,10.7,147,*,*,63,N,N,N,6,5,Accessible Rural Areas,Accessible Rural Areas,6,5,723042,56.3937234,-3.2096856,
1004204,1004204P,Primary,Local Authority,e-Sgoil nan Eilean Siar,44 Francis Street,Stornoway,ISLE OF LEWIS,HS1 2NF,Na h-Eileanan an Iar,S12000013,S01009041,139013578,Non-denominational,0,0,0,0,28,N,N,N,5,4,Very Remote Small Towns,Remote Small Towns,5,4,932887,58.2093421,-6.3830212,"Pupil roll, FTE teachers, proportion of pupils minority ethnic, and proportion of puplis 20% most deprived is recorded as zero as this school is not included in the School Level Summary Statistics."
1004204,1004204S,Secondary,Local Authority,e-Sgoil nan Eilean Siar,44 Francis Street,Stornoway,ISLE OF LEWIS,HS1 2NF,Na h-Eileanan an Iar,S12000013,S01009041,139013578,Non-denominational,0,0,0,0,28,N,N,N,5,4,Very Remote Small Towns,Remote Small Towns,5,4,932887,58.2093421,-6.3830212,"Pupil roll, FTE teachers, proportion of pupils minority ethnic, and proportion of puplis 20% most deprived is recorded as zero as this school is not included in the School Level Summary Statistics."
6002927,6002927P,Primary,Local Authority,Evie Primary School,Evie,Orkney,,KW17 2PE,Orkney Islands,S12000023,S01011812,134020194,Non-denominational,4.2,51,*,0%,69,N,N,N,8,6,Very Remote Rural Areas,Remote Rural Areas,8,6,1024600,59.1037063,-3.0876526,
5647436,5647436S,Secondary,Local Authority,Eyemouth High School,Gunsgreenhill,Eyemouth,BERWICKSHIRE,TD14 5LZ,Scottish Borders,S12000026,S01012310,116063826,Non-denominational,44.3,495,0%,0%,57,N,N,N,3,3,Accessible Small Towns,Accessible Small Towns,6,5,663264,55.8625306,-2.0891156,
5647827,5647827P,Primary,Local Authority,Eyemouth Primary School,Eyemouth,Berwickshire,,TD14 5AN,Scottish Borders,S12000026,S01012317,116043551,Non-denominational,19.3,324,5 - <10%,0%,55,N,N,N,3,3,Accessible Small Towns,Accessible Small Towns,3,3,664072,55.8697794,-2.094309,
5403723,5403723P,Primary,Local Authority,Fair Isle Primary School,Fair Isle Road,Kirkcaldy,,KY2 6EG,Fife,S12000047,S01009500,320181659,Non-denominational,24.5,362,*,35 - <40%,23,N,Y,Y,2,2,Other Urban Areas,Other Urban Areas,2,2,693620,56.1295899,-3.1867546,
6100724,6100724P,Primary,Local Authority,Fair Isle Primary School,Fair Isle,Shetland,,ZE2 9JU,Shetland Islands,S12000027,S01012387,30100004972,Non-denominational,1.2,5,0%,0%,60,N,N,N,8,6,Very Remote Rural Areas,Remote Rural Areas,8,6,1070947,59.5239558,-1.6342768,
8211221,8211221P,Primary,Local Authority,Fairlie Primary School,Morton Way,,FAIRLIE,KA29 0BW,North Ayrshire,S12000021,S01011310,126064276,Non-denominational,7.4,104,*,0%,37,N,N,N,6,5,Accessible Rural Areas,Accessible Rural Areas,6,5,655599,55.7605936,-4.8516792,
5340047,5340047SP,Special,Local Authority,Fairview School,Oakbank Crescent,Perth,,PH1 1DF,Perth and Kinross,S12000048,S01011901,124080399,Non-denominational,15.6,64,*,*,87,N,N,N,2,2,Other Urban Areas,Other Urban Areas,2,2,722984,56.3905002,-3.4606625,
5745632,5745632S,Secondary,Local Authority,Falkirk High School,Westburn Avenue,Falkirk,,FK1 5BZ,Falkirk,S12000014,S01009168,136078913,Non-denominational,98,1127,5 - <10%,35 - <40%,90,N,N,N,2,2,Other Urban Areas,Other Urban Areas,2,2,679776,55.9976758,-3.8064751,
5422523,5422523P,Primary,Local Authority,Falkland Primary School,Pleasance,Falkland,CUPAR,KY15 7AW,Fife,S12000047,S01009670,320174435,Non-denominational,6.8,106,*,0%,64,N,N,N,6,5,Accessible Rural Areas,Accessible Rural Areas,6,5,707309,56.252443,-3.2015928,
5506727,5506727P,Primary,Local Authority,Falla Hill Primary School,11 Harthill Road,Fauldhouse,WEST LOTHIAN,EH47 9HS,West Lothian,S12000040,S01013243,200004120545,Non-denominational,15,186,0 - <5%,40 - <45%,30,N,N,N,3,3,Accessible Small Towns,Accessible Small Towns,3,3,660688,55.8274978,-3.7118213,
5724120,5724120P,Primary,Local Authority,Fallin Primary School,Lamont Crescent,Fallin,BY STIRLING,FK7 7EJ,Stirling,S12000030,S01013034,122034409,Non-denominational,15.9,200,*,25 - <30%,23,N,Y,Y,6,5,Accessible Rural Areas,Accessible Rural Areas,6,5,692119,56.1075971,-3.8732142,
8518548,8518548SP,Special,Local Authority,Fallside School,Sanderson Avenue,Viewpark,UDDINGSTON,G71 6JZ,North Lanarkshire,S12000050,S01011533,118100253,Non-denominational,5.9,15,0%,60 - <65%,5,Y,N,Y,1,1,Large Urban Areas,Large Urban Areas,1,1,660790,55.8232149,-4.0515473,
5110432,5110432S,Secondary,Local Authority,Farr High School,Bettyhill,By Thurso,,KW14 7SS,Highland,S12000017,S01010811,130058494,Non-denominational,11.9,68,*,0%,51,N,N,N,8,6,Very Remote Rural Areas,Remote Rural Areas,8,6,961922,58.5260941,-4.2249213,
5110220,5110220P,Primary,Local Authority,Farr Primary School - Bettyhill,Bettyhill,By Thurso,,KW14 7SS,Highland,S12000017,S01010811,130058494,Non-denominational,2.9,28,0%,0%,51,N,N,N,8,6,Very Remote Rural Areas,Remote Rural Areas,8,6,961922,58.5260941,-4.2249213,
5138922,5138922P,Primary,Local Authority,Farr Primary School - Inverness,Farr,Inverness,,IV2 6XJ,Highland,S12000017,S01010566,130106934,Non-denominational,3.8,63,0%,0%,70,N,N,N,6,5,Accessible Rural Areas,Accessible Rural Areas,6,5,833807,57.3756734,-4.1865574,
8220824,8220824P,Primary,Local Authority,Fenwick Primary School,1 Kirkton Road,Fenwick,,KA3 6DH,East Ayrshire,S12000008,S01007928,127028231,Non-denominational,7.6,109,*,*,61,N,N,N,6,5,Accessible Rural Areas,Accessible Rural Areas,6,5,643595,55.6615124,-4.4429542,
5114926,5114926P,Primary,Local Authority,Ferintosh Primary School,Ferintosh,Easter Kinkell,DINGWALL,IV7 8HZ,Highland,S12000017,S01010729,130111973,Non-denominational,1.7,13,0%,0%,72,N,N,N,6,5,Accessible Rural Areas,Accessible Rural Areas,6,5,855541,57.5674244,-4.3819049,
5239427,5239427P,Primary,Local Authority,Fernielea School,Stronsay Place,Aberdeen,,AB15 6HD,Aberdeen City,S12000033,S01006553,9051021434,Non-denominational,15.6,252,>20%,10 - <15%,76,N,N,N,1,1,Large Urban Areas,Large Urban Areas,1,1,806381,57.1481974,-2.1595053,
5303028,5303028P,Primary,Local Authority,Ferryden Primary School,Craig Crescent,Ferryden,MONTROSE,DD10 9RF,Angus,S12000041,S01007207,117097591,Non-denominational,9.7,150,*,0%,47,N,N,N,2,2,Other Urban Areas,Other Urban Areas,2,2,756466,56.6989884,-2.4763819,
5541522,5541522P,Primary,Local Authority,Ferryhill Primary School,Groathill Road North,Edinburgh,,EH4 2SQ,City of Edinburgh,S12000036,S01008900,906326931,Non-denominational,21.5,339,>20%,35 - <40%,35,N,N,N,1,1,Large Urban Areas,Large Urban Areas,1,1,675207,55.9635155,-3.2503409,
5239524,5239524P,Primary,Local Authority,Ferryhill School,31 Caledonian Place,Aberdeen,,AB11 6TT,Aberdeen City,S12000033,S01006596,9051059810,Non-denominational,21.1,447,>20%,0 - <5%,99,N,N,N,1,1,Large Urban Areas,Large Urban Areas,1,1,805386,57.1393165,-2.1044473,
5216427,5216427P,Primary,Local Authority,Fetterangus School,Ferguson Street,Fetterangus,PETERHEAD ABERDEENSHIRE,AB42 4HD,Aberdeenshire,S12000034,S01007052,151085559,Non-denominational,3,38,0%,0%,64,N,N,N,6,5,Accessible Rural Areas,Accessible Rural Areas,6,5,850802,57.5473213,-2.0264848,
5249724,5249724P,Primary,Local Authority,Fettercairn School,Distillery Road,Fettercairn Laurencekirk,KINCARDINESHIRE,AB30 1YB,Aberdeenshire,S12000034,S01006802,151086437,Non-denominational,5.6,85,*,0%,65,N,N,N,6,5,Accessible Rural Areas,Accessible Rural Areas,6,5,773621,56.8526843,-2.5756799,
5207126,5207126P,Primary,Local Authority,Findochty Primary School,Burnside Street,Findochty,MORAY,AB56 4QW,Moray,S12000020,S01011070,133038924,Non-denominational,4.8,58,*,0%,68,N,N,N,7,6,Remote Rural Areas,Remote Rural Areas,7,6,867578,57.6947506,-2.9076879,
5325021,5325021P,Primary,Local Authority,Fintry Primary School,10 Findcastle Terrace,Dundee,,DD4 9EL,Dundee City,S12000042,S01007795,9059095130,Non-denominational,23.3,368,0 - <5%,30 - <35%,32,N,N,N,1,1,Large Urban Areas,Large Urban Areas,1,1,733491,56.4899046,-2.9446649,
5724228,5724228P,Primary,Local Authority,Fintry Primary School,Culcreuch Avenue,Fintry,BY GLASGOW,G63 0YB,Stirling,S12000030,S01013015,122009988,Non-denominational,4.3,56,*,0%,74,N,N,N,6,5,Accessible Rural Areas,Accessible Rural Areas,6,5,687041,56.0561539,-4.2232113,
5216524,5216524P,Primary,Local Authority,Fintry School,Fintry,Turriff,ABERDEENSHIRE,AB53 5RN,Aberdeenshire,S12000034,S01007043,151121683,Non-denominational,2.1,24,0%,0%,55,N,N,N,7,6,Remote Rural Areas,Remote Rural Areas,7,6,854588,57.580641,-2.4163093,
5256828,5256828P,Primary,Local Authority,Finzean School,Finzean,By Banchory,ABERDEENSHIRE,AB31 6NY,Aberdeenshire,S12000034,S01006798,151131953,Non-denominational,2.9,33,0%,0%,67,N,N,N,7,6,Remote Rural Areas,Remote Rural Areas,7,6,793450,57.030427,-2.6549175,
1000047,1000047SP,Special,Local Authority,Firpark Primary School,Milton Street,Motherwell,,ML1 1DH,North Lanarkshire,S12000050,S01011496,118183036,Non-denominational,22.5,130,*,45 - <50%,6,Y,N,Y,1,1,Large Urban Areas,Large Urban Areas,1,1,657807,55.7973766,-3.9926291,
1000144,1000144SP,Special,Local Authority,Firpark Special School - Secondary,Firpark Street,Motherwell,,ML1 2PR,North Lanarkshire,S12000050,S01011377,118059920,Non-denominational,32.4,177,*,50 - <55%,96,N,N,N,1,1,Large Urban Areas,Large Urban Areas,1,1,655739,55.7789883,-3.9804498,
5532639,5532639S,Secondary,Local Authority,Firrhill High School,9 Oxgangs Road North,Firrhill,EDINBURGH,EH14 1DP,City of Edinburgh,S12000036,S01008526,906189792,Non-denominational,99.4,1331,10 - <20%,5 - <10%,47,N,N,N,1,1,Large Urban Areas,Large Urban Areas,1,1,669783,55.9149191,-3.2364067,
6000924,6000924P,Primary,Local Authority,Firth Primary School,Finstown,Orkney,,KW17 2ES,Orkney Islands,S12000023,S01011810,134010626,Non-denominational,6.4,76,*,0%,64,N,N,N,8,6,Very Remote Rural Areas,Remote Rural Areas,8,6,1014277,59.0107952,-3.1110479,
5701228,5701228P,Primary,Local Authority,Fishcross Primary School,Ochilvale Terrace,Fishcross,,FK10 3HT,Clackmannanshire,S12000005,S01007432,35013382,Non-denominational,6.3,76,5 - <10%,10 - <15%,37,N,N,N,2,2,Other Urban Areas,Other Urban Areas,2,2,695282,56.1374899,-3.7737278,
5257921,5257921P,Primary,Local Authority,Fishermoss School,Berrymuir Road,Portlethen,ABERDEENSHIRE,AB12 4UF,Aberdeenshire,S12000034,S01006847,151085620,Non-denominational,14.8,266,*,0%,86,N,N,N,3,3,Accessible Small Towns,Accessible Small Towns,3,3,796027,57.0552199,-2.1373631,
8233225,8233225P,Primary,Local Authority,Fisherton Primary School,4 Ayr Road,Dunure,AYR,KA7 4LQ,South Ayrshire,S12000028,S01012442,141001221,Non-denominational,3.9,34,*,*,47,N,N,N,6,5,Accessible Rural Areas,Accessible Rural Areas,6,5,616661,55.4130788,-4.7422531,
5523826,5523826P,Primary,Local Authority,Flora Stevenson Primary,175 Comely Bank,Edinburgh,,EH4 1BG,City of Edinburgh,S12000036,S01008864,906057626,Non-denominational,28.2,542,>20%,0 - <5%,97,N,N,N,1,1,Large Urban Areas,Large Urban Areas,1,1,674615,55.9584512,-3.224982,
6001025,6001025P,Primary,Local Authority,Flotta Community School,Flotta,Orkney,,KW16 3NP,Orkney Islands,S12000023,S01011827,134014222,Non-denominational,1.5,2,*,*,31,N,N,N,8,6,Very Remote Rural Areas,Remote Rural Areas,8,6,993684,58.8259002,-3.1041685,
8622124,8622124P,Primary,Local Authority,Fordbank Primary School,Teviot Terrace,,JOHNSTONE,PA5 0NP,Renfrewshire,S12000038,S01012037,123025341,Non-denominational,21,268,0 - <5%,15 - <20%,28,N,N,N,1,1,Large Urban Areas,Large Urban Areas,1,1,661616,55.8216442,-4.5340054,
5212626,5212626P,Primary,Local Authority,Fordyce School,School Road,Fordyce,BANFF,AB45 2SJ,Aberdeenshire,S12000034,S01007024,151086436,Non-denominational,3,39,0%,0%,45,N,N,N,7,6,Remote Rural Areas,Remote Rural Areas,7,6,863630,57.6603561,-2.744491,
8231125,8231125P,Primary,Local Authority,Forehill Primary School,24 Cessnock Place,Ayr,,KA7 3HR,South Ayrshire,S12000028,S01012476,141032748,Non-denominational,26.7,458,0 - <5%,0 - <5%,46,N,N,N,2,2,Other Urban Areas,Other Urban Areas,2,2,620690,55.45228,-4.6057733,
5246121,5246121P,Primary,Local Authority,Forehill School,Jesmond Drive,Bridge Of Don,ABERDEEN,AB22 8UR,Aberdeen City,S12000033,S01006773,9051099116,Non-denominational,13,232,>20%,0%,88,N,N,N,1,1,Large Urban Areas,Large Urban Areas,1,1,811742,57.1963911,-2.127858,
5307538,5307538S,Secondary,Local Authority,Forfar Academy,Forfar Community Campus,Kirriemuir Road,FORFAR,DD8 3TG,Angus,S12000041,S01007246,117134303,Non-denominational,86.4,1107,*,0 - <5%,54,N,N,N,6,5,Accessible Rural Areas,Accessible Rural Areas,6,5,751577,56.6527675,-2.8946734,
5343429,5343429P,Primary,Local Authority,Forgandenny Primary School,Forgandenny,By Perth,,PH2 9EL,Perth and Kinross,S12000048,S01011878,124040895,Non-denominational,3.6,55,*,*,77,N,N,N,6,5,Accessible Rural Areas,Accessible Rural Areas,6,5,718283,56.3480585,-3.4776957,
5226120,5226120P,Primary,Local Authority,Forgue School,Forgue,Huntly,ABERDEENSHIRE,AB54 6DQ,Aberdeenshire,S12000034,S01007015,151120155,Non-denominational,1.7,18,0%,0%,59,N,N,N,7,6,Remote Rural Areas,Remote Rural Areas,7,6,844434,57.4884556,-2.6477997,
5203031,5203031S,Secondary,Local Authority,Forres Academy,Burdsyard Road,Forres,MORAY,IV36 1FG,Moray,S12000020,S01011158,133039551,Non-denominational,69.5,821,*,*,96,N,N,N,3,3,Accessible Small Towns,Accessible Small Towns,3,3,858210,57.6035828,-3.6117804,
5532736,5532736S,Secondary,Local Authority,Forrester High School,212 Broomhouse Road,Edinburgh,,EH12 9AE,City of Edinburgh,S12000036,S01008985,906467653,Non-denominational,64.8,815,10 - <20%,20 - <25%,68,N,N,N,1,1,Large Urban Areas,Large Urban Areas,1,1,671632,55.9309921,-3.2898108,
8547726,8547726P,Primary,Local Authority,Forth Primary School,Main Street,Forth,,ML11 8AE,South Lanarkshire,S12000029,S01012591,484176786,Non-denominational,11.5,166,0 - <5%,20 - <25%,19,N,Y,Y,6,5,Accessible Rural Areas,Accessible Rural Areas,6,5,654168,55.7692457,-3.687332,
5325129,5325129P,Primary,Local Authority,Forthill Primary School,Fintry Place,Broughty Ferry,DUNDEE,DD5 3BE,Dundee City,S12000042,S01007760,9059000546,Non-denominational,25,491,10 - <20%,0 - <5%,99,N,N,N,1,1,Large Urban Areas,Large Urban Areas,1,1,731727,56.4745838,-2.8725309,
5520126,5520126P,Primary,Local Authority,Forthview Primary School,West Pilton Place,Edinburgh,,EH4 4DF,City of Edinburgh,S12000036,S01008907,906328539,Non-denominational,21.4,382,>20%,45 - <50%,14,Y,N,Y,1,1,Large Urban Areas,Large Urban Areas,1,1,675981,55.9705669,-3.2407627,
5119332,5119332S,Secondary,Local Authority,Fortrose Academy,Academy Street,Fortrose,ROSS-SHIRE,IV10 8TW,Highland,S12000017,S01010721,130001061,Non-denominational,49.5,646,0 - <5%,*,75,N,N,N,7,6,Remote Rural Areas,Remote Rural Areas,7,6,856394,57.5796439,-4.1268597,
5343720,5343720P,Primary,Local Authority,Fossoway Primary School,Drum,Kinross,,KY13 0UL,Perth and Kinross,S12000048,S01011843,124063048,Non-denominational,6.6,105,*,0%,73,N,N,N,6,5,Accessible Rural Areas,Accessible Rural Areas,6,5,700484,56.1872255,-3.5513807,
6100929,6100929P,Primary,Local Authority,Foula Primary School,Foula,Shetland,,ZE2 9PN,Shetland Islands,S12000027,S01012403,30100006634,Non-denominational,1.2,5,*,0%,65,N,N,N,8,6,Very Remote Rural Areas,Remote Rural Areas,8,6,1139140,60.136781,-2.054748,
5441021,5441021P,Primary,Local Authority,Foulford Primary School,Leuchatsbeath Drive,Cowdenbeath,,KY4 9SN,Fife,S12000047,S01009414,320189849,Non-denominational,20.4,350,0 - <5%,5 - <10%,45,N,N,N,2,2,Other Urban Areas,Other Urban Areas,2,2,692273,56.1157527,-3.355278,
5615127,5615127P,Primary,Local Authority,Fountainhall Primary School,Fountainhall,Galashiels,MIDLOTHIAN,TD1 2SY,Scottish Borders,S12000026,S01012271,116023861,Non-denominational,1.2,6,*,0%,54,N,N,N,6,5,Accessible Rural Areas,Accessible Rural Areas,6,5,649397,55.7345931,-2.9096769,
5226228,5226228P,Primary,Local Authority,Foveran School,Main Road,Foveran,ELLON ABERDEENSHIRE,AB41 6AZ,Aberdeenshire,S12000034,S01006973,151102993,Non-denominational,4.4,55,*,0%,74,N,N,N,6,5,Accessible Rural Areas,Accessible Rural Areas,6,5,824008,57.3066312,-2.047176,
5524024,5524024P,Primary,Local Authority,Fox Covert Primary School,Clerwood Terrace,Edinburgh,,EH12 8PG,City of Edinburgh,S12000036,S01008969,906292498,Non-denominational,14.3,273,10 - <20%,0 - <5%,72,N,N,N,1,1,Large Urban Areas,Large Urban Areas,1,1,673997,55.9523409,-3.2797519,
5219736,5219736S,Secondary,Local Authority,Fraserburgh Academy,Dennyduff Road,Fraserburgh,ABERDEENSHIRE,AB43 9NA,Aberdeenshire,S12000034,S01007123,151085018,Non-denominational,91.9,1127,*,20 - <25%,45,N,N,N,2,2,Other Urban Areas,Other Urban Areas,2,2,866438,57.6877674,-2.0153889,
5216923,5216923P,Primary,Local Authority,Fraserburgh North School,Finlayson Street,Fraserburgh,ABERDEENSHIRE,AB43 9JR,Aberdeenshire,S12000034,S01007126,151086165,Non-denominational,7.8,96,*,55 - <60%,9,Y,N,Y,2,2,Other Urban Areas,Other Urban Areas,2,2,867096,57.6936777,-2.0157101,
5217024,5217024P,Primary,Local Authority,Fraserburgh South Park School,Philorth Avenue,Fraserburgh,ABERDEENSHIRE,AB43 9QB,Aberdeenshire,S12000034,S01007114,151086558,Non-denominational,19.2,368,0 - <5%,0 - <5%,75,N,N,N,2,2,Other Urban Areas,Other Urban Areas,2,2,865985,57.6836984,-2.0152697,
5422728,5422728P,Primary,Local Authority,Freuchie Primary School,Lomond Road,Freuchie,CUPAR,KY15 7HF,Fife,S12000047,S01009669,320175472,Non-denominational,8.2,90,5 - <10%,0%,74,N,N,N,6,5,Accessible Rural Areas,Accessible Rural Areas,6,5,706699,56.2473734,-3.1584752,
5303621,5303621P,Primary,Local Authority,Friockheim Primary School,Friockheim,By Arbroath,,DD11 4XB,Angus,S12000041,S01007227,117097152,Non-denominational,8.7,117,*,*,50,N,N,N,6,5,Accessible Rural Areas,Accessible Rural Areas,6,5,749794,56.638235,-2.6553597,
1005146,1005146P,Primary,Local Authority,Frogston Primary School,7A Frogston Road East,,EDINBURGH,EH17 8AB,City of Edinburgh,S12000036,S01008549,10096079662,Non-denominational,21.2,392,>20%,20 - <25%,65,N,N,N,1,1,Large Urban Areas,Large Urban Areas,1,1,667912,55.898822,-3.16329,School Contacts List UPRN (10094689542) is not in SAD 2024 Q1.  GISAT has assigned the UPRN for Frogston Primary School as it is in SAD 2024 Q1 (10096079662).
8103224,8103224P,Primary,Local Authority,Furnace Primary School,Furnace,By Inveraray,ARGYLL,PA32 8XN,Argyll and Bute,S12000035,S01007312,125054296,Non-denominational,0.2,3,*,*,55,N,N,N,8,6,Very Remote Rural Areas,Remote Rural Areas,8,6,700080,56.1523213,-5.1832193,
5219922,5219922P,Primary,Local Authority,Fyvie School,Main Street,Fyvie Turriff,ABERDEENSHIRE,AB53 8RD,Aberdeenshire,S12000034,S01006991,151085644,Non-denominational,7.7,113,0 - <5%,0%,43,N,N,N,6,5,Accessible Rural Areas,Accessible Rural Areas,6,5,838171,57.4332523,-2.3918163,
5119030,5119030S,Secondary,Local Authority,Gairloch High School,Achtercairn,Gairloch,,IV21 2BP,Highland,S12000017,S01010687,130065069,Non-denominational,14.4,89,*,0%,62,N,N,N,8,6,Very Remote Rural Areas,Remote Rural Areas,8,6,877062,57.7293571,-5.6921491,
5153425,5153425P,Primary,Local Authority,Gairloch Primary School,Auchtercairn,Gairloch,,IV21 2BP,Highland,S12000017,S01010687,130106198,Non-denominational,3.8,56,*,0%,62,N,N,N,8,6,Very Remote Rural Areas,Remote Rural Areas,8,6,877009,57.728864,-5.6927206,
5619734,5619734SP,Special,Local Authority,Galashiels Academy,Elm Row,Galashiels,SELKIRKSHIRE,TD1 3HU,Scottish Borders,S12000026,S01012278,116004992,Non-denominational,0,0,0,0,31,N,N,N,2,2,Other Urban Areas,Other Urban Areas,2,2,635766,55.6127928,-2.8128227,"Pupil roll, FTE teachers, proportion of pupils minority ethnic, and proportion of puplis 20% most deprived is recorded as zero as this school is not included in the School Level Summary Statistics."
5619734,5619734S,Secondary,Local Authority,Galashiels Academy,Elm Row,Galashiels,SELKIRKSHIRE,TD1 3HU,Scottish Borders,S12000026,S01012278,116004992,Non-denominational,70.3,874,*,5 - <10%,31,N,N,N,2,2,Other Urban Areas,Other Urban Areas,2,2,635766,55.6127928,-2.8128227,
8625026,8625026P,Primary,Local Authority,Gallowhill Primary School,Netherhill Road,,PAISLEY,PA3 4SF,Renfrewshire,S12000038,S01012150,123064926,Non-denominational,15.3,217,*,75 - <80%,6,Y,N,Y,1,1,Large Urban Areas,Large Urban Areas,1,1,665194,55.8564012,-4.4044264,
8220921,8220921P,Primary,Local Authority,Galston Primary School,Western Road,Galston,,KA4 8BG,East Ayrshire,S12000008,S01007961,127065829,Non-denominational,18.8,307,*,25 - <30%,47,N,N,N,3,3,Accessible Small Towns,Accessible Small Towns,6,5,636875,55.6021358,-4.3911499,
8302529,8302529P,Primary,Local Authority,Garelochhead Primary School,Feorlin Way,Garelochhead,,G84 0DG,Argyll and Bute,S12000035,S01007380,125043296,Non-denominational,7.4,106,*,*,56,N,N,N,3,3,Accessible Small Towns,Accessible Small Towns,3,3,691380,56.0826697,-4.8323018,
8225427,8225427P,Primary,Local Authority,Gargieston Primary School,Dundonald Road,Kilmarnock,,KA1 1UG,East Ayrshire,S12000008,S01008018,127004450,Non-denominational,21.5,419,5 - <10%,5 - <10%,85,N,N,N,2,2,Other Urban Areas,Other Urban Areas,2,2,636943,55.600208,-4.5178786,
5724325,5724325P,Primary,Local Authority,Gargunnock Primary School,Station Road,Gargunnock,STIRLING,FK8 3DB,Stirling,S12000030,S01013018,122049861,Non-denominational,4.3,64,*,0%,75,N,N,N,6,5,Accessible Rural Areas,Accessible Rural Areas,6,5,694565,56.1262087,-4.0835216,
5900425,5900425P,Primary,Local Authority,Garlieston School,Randolph Crescent,Garlieston,NEWTON STEWART,DG8 8BG,Dumfries and Galloway,S12000006,S01007508,137041460,Non-denominational,1.5,11,0%,0%,38,N,N,N,7,6,Remote Rural Areas,Remote Rural Areas,7,6,546486,54.7900825,-4.3705351,
8412723,8412723P,Primary,Local Authority,Garnetbank Primary School,231 Renfrew Street,,GLASGOW,G3 6TX,Glasgow City,S12000049,S01010266,906700089657,Non-denominational,14.3,213,>20%,20 - <25%,53,N,N,N,1,1,Large Urban Areas,Large Urban Areas,1,1,666022,55.8664499,-4.2671439,
8215634,8215634P,Primary,Local Authority,Garnock Community Campus,Beith Road,,GLENGARNOCK,KA14 3BF,North Ayrshire,S12000021,S01011347,126086698,Non-denominational,10.8,165,*,45 - <50%,26,N,N,N,3,3,Accessible Small Towns,Accessible Small Towns,3,3,652815,55.7396362,-4.6708056,
8215634,8215634S,Secondary,Local Authority,Garnock Community Campus,Beith Road,,GLENGARNOCK,KA14 3BF,North Ayrshire,S12000021,S01011347,126086698,Non-denominational,82.2,990,0 - <5%,45 - <50%,26,N,N,N,3,3,Accessible Small Towns,Accessible Small Towns,3,3,652815,55.7396362,-4.6708056,
8456321,8456321P,Primary,Local Authority,Garrowhill Primary School,25 Bakewell Road,Garrowhill,GLASGOW,G69 6RN,Glasgow City,S12000049,S01010095,906700504312,Non-denominational,23.6,453,5 - <10%,15 - <20%,72,N,N,N,1,1,Large Urban Areas,Large Urban Areas,1,1,664296,55.8535395,-4.1213345,
8336229,8336229P,Primary,Local Authority,Gartconner Primary School,Gartshore Road,Kirkintilloch,,G66 3TH,East Dunbartonshire,S12000045,S01008144,132033720,Non-denominational,18.3,262,0 - <5%,*,84,N,N,N,2,2,Other Urban Areas,Other Urban Areas,2,2,673635,55.9375921,-4.1142088,
8341222,8341222P,Primary,Local Authority,Gartcosh Primary School,Lochend Road,Gartcosh,,G69 8AB,North Lanarkshire,S12000050,S01011693,118128910,Non-denominational,15,260,5 - <10%,0 - <5%,61,N,N,N,6,5,Accessible Rural Areas,Accessible Rural Areas,6,5,668021,55.8877036,-4.0810794,
5721024,5721024P,Primary,Local Authority,Gartmore Primary School,Main Street,Gartmore,,FK8 3RJ,Stirling,S12000030,S01013111,122007869,Non-denominational,3,33,0%,0%,66,N,N,N,7,6,Remote Rural Areas,Remote Rural Areas,7,6,697162,56.1441631,-4.3813375,
8302626,8302626P,Primary,Local Authority,Gartocharn Primary School,Ross Loan,Gartocharn,BY ALEXANDRIA,G83 8NE,West Dunbartonshire,S12000039,S01013242,129491271,Non-denominational,5.7,85,*,5 - <10%,75,N,N,N,6,5,Accessible Rural Areas,Accessible Rural Areas,6,5,686035,56.0411797,-4.5309849,
5918928,5918928P,Primary,Local Authority,Gatehouse School,Gatehouse Of Fleet,Castle Douglas,,DG7 2JX,Dumfries and Galloway,S12000006,S01007522,137105218,Non-denominational,5.5,81,*,0%,46,N,N,N,7,6,Remote Rural Areas,Remote Rural Areas,7,6,556304,54.8817323,-4.1895795,UPRN is a Parent UPRN in SAD 2024 Q1.
8211329,8211329P,Primary,Local Authority,Gateside Primary School,Main Road,,GATESIDE,KA15 2LF,North Ayrshire,S12000021,S01011356,126061846,Non-denominational,3.7,45,0%,*,56,N,N,N,6,5,Accessible Rural Areas,Accessible Rural Areas,6,5,653602,55.7480218,-4.6098028,
8313822,8313822P,Primary,Local Authority,Gavinburn Primary School,Dumbarton Road,,OLD KILPATRICK,G60 5NE,West Dunbartonshire,S12000039,S01013177,129022090,Non-denominational,14.4,267,0 - <5%,10 - <15%,61,N,N,N,1,1,Large Urban Areas,Large Urban Areas,1,1,673317,55.9281606,-4.4674476,
5916429,5916429P,Primary,Local Authority,Gelston School,Gelston,Castle Douglas,,DG7 1SH,Dumfries and Galloway,S12000006,S01007532,137079076,Non-denominational,2.7,39,*,0%,58,N,N,N,7,6,Remote Rural Areas,Remote Rural Areas,7,6,558566,54.9065721,-3.9232611,
5937329,5937329P,Primary,Local Authority,Georgetown School,Gillbrae Road,Dumfries,,DG1 4EJ,Dumfries and Galloway,S12000006,S01007607,137051497,Non-denominational,19.3,301,5 - <10%,0 - <5%,86,N,N,N,2,2,Other Urban Areas,Other Urban Areas,2,2,575506,55.0637207,-3.5833549,
8600821,8600821P,Primary,Local Authority,Giffnock Primary School,1 Academy Road,Giffnock,GLASGOW,G46 6JL,East Renfrewshire,S12000011,S01008406,131032960,Non-denominational,21.4,379,>20%,0 - <5%,68,N,N,N,1,1,Large Urban Areas,Large Urban Areas,1,1,658986,55.8027249,-4.2935168,
8103321,8103321P,Primary,Local Authority,Gigha Primary School,Isle Of Gigha,Argyll,,PA41 7AA,Argyll and Bute,S12000035,S01007329,125052871,Non-denominational,1.2,10,0%,0%,50,N,N,N,8,6,Very Remote Rural Areas,Remote Rural Areas,8,6,648882,55.6763329,-5.7402625,
5241626,5241626P,Primary,Local Authority,Gilcomstoun School,Skene Street,Aberdeen,,AB10 1PG,Aberdeen City,S12000033,S01006564,9051065010,Non-denominational,19.4,293,>20%,0 - <5%,48,N,N,N,1,1,Large Urban Areas,Large Urban Areas,1,1,806284,57.1473781,-2.1105348,
5524229,5524229P,Primary,Local Authority,Gilmerton Primary School,2 Moredun Dykes Road,Edinburgh,,EH17 8NQ,City of Edinburgh,S12000036,S01008562,906168212,Non-denominational,26.5,484,>20%,20 - <25%,8,Y,N,Y,1,1,Large Urban Areas,Large Urban Areas,1,1,668853,55.9075089,-3.1382901,
8532729,8532729P,Primary,Local Authority,Gilmourton Primary School,Drumclog,,STRATHAVEN,ML10 6QF,South Lanarkshire,S12000029,S01012696,484180058,Non-denominational,2.9,38,0%,0%,64,N,N,N,6,5,Accessible Rural Areas,Accessible Rural Areas,6,5,640096,55.6358232,-4.134365,
8236534,8236534S,Secondary,Local Authority,Girvan Academy,62 The Avenue,Girvan,,KA26 9DW,South Ayrshire,S12000028,S01012432,141052397,Non-denominational,53,542,0 - <5%,20 - <25%,34,N,N,N,4,4,Remote Small Towns,Remote Small Towns,4,4,597618,55.239538,-4.8452624,
8233322,8233322P,Primary,Local Authority,Girvan Primary School,7 Wesley Road,Girvan,,KA26 9DD,South Ayrshire,S12000028,S01012430,141050816,Non-denominational,22.9,305,0 - <5%,35 - <40%,48,N,N,N,4,4,Remote Small Towns,Remote Small Towns,4,4,597587,55.2390653,-4.8535668,
6003427,6003427P,Primary,Local Authority,Glaitness School,Kirkwall,Orkney,,KW15 1RP,Orkney Islands,S12000023,S01011821,134010578,Non-denominational,18.6,210,0 - <5%,0%,29,N,N,N,5,4,Very Remote Small Towns,Remote Small Towns,5,4,1010916,58.981742,-2.970164,
5303729,5303729P,Primary,Local Authority,Glamis Primary School,Dundee Road,Glamis,BY FORFAR,DD8 1RJ,Angus,S12000041,S01007247,117096129,Non-denominational,4.4,62,*,*,59,N,N,N,6,5,Accessible Rural Areas,Accessible Rural Areas,6,5,746600,56.6071951,-3.0064824,
8432627,8432627P,Primary,Local Authority,Glasgow Gaelic School,147 Berkeley Street,,GLASGOW,G3 7HP,Glasgow City,S12000049,S01010279,906700012289,Non-denominational,21,410,5 - <10%,25 - <30%,22,N,Y,Y,1,1,Large Urban Areas,Large Urban Areas,1,1,665834,55.8645231,-4.2799771,
8432627,8432627S,Secondary,Local Authority,Glasgow Gaelic School,147 Berkeley Street,,GLASGOW,G3 7HP,Glasgow City,S12000049,S01010279,906700012289,Non-denominational,43.2,491,0 - <5%,20 - <25%,22,N,Y,Y,1,1,Large Urban Areas,Large Urban Areas,1,1,665834,55.8645231,-4.2799771,
5235529,5235529P,Primary,Local Authority,Glashieburn School,Jesmond Drive,Bridge Of Don,ABERDEEN,AB22 8UR,Aberdeen City,S12000033,S01006772,9051101625,Non-denominational,16.9,220,10 - <20%,0 - <5%,93,N,N,N,1,1,Large Urban Areas,Large Urban Areas,1,1,811285,57.1923016,-2.1113803,
5226422,5226422P,Primary,Local Authority,Glass School,Glass,Huntly,ABERDEENSHIRE,AB54 4YA,Aberdeenshire,S12000034,S01007007,151113559,Non-denominational,1.7,15,0%,0%,57,N,N,N,7,6,Remote Rural Areas,Remote Rural Areas,7,6,839704,57.443967,-2.9610468,
8103429,8103429P,Primary,Local Authority,Glassary Primary School,Kilmichael,Glassary,LOCHGILPHEAD,PA31 8QA,Argyll and Bute,S12000035,S01007314,125050885,Non-denominational,2.8,23,0%,0%,62,N,N,N,8,6,Very Remote Rural Areas,Remote Rural Areas,8,6,693470,56.0858998,-5.4437285,
8532826,8532826P,Primary,Local Authority,Glassford Primary School,Alston Street,Glassford,STRATHAVEN,ML10 6TG,South Lanarkshire,S12000029,S01012699,484178741,Non-denominational,4.8,56,*,0%,48,N,N,N,6,5,Accessible Rural Areas,Accessible Rural Areas,6,5,646855,55.6983565,-4.0289409,
8211922,8211922P,Primary,Local Authority,Glebe Primary School,Kirk Vennel,,IRVINE,KA12 0DQ,North Ayrshire,S12000021,S01011229,126061206,Non-denominational,17.8,285,5 - <10%,45 - <50%,6,Y,N,Y,2,2,Other Urban Areas,Other Urban Areas,2,2,638650,55.6124865,-4.6628475,
5325323,5325323P,Primary,Local Authority,Glebelands Primary School,Baffin Street,Dundee,,DD4 6EZ,Dundee City,S12000042,S01007731,9059025237,Non-denominational,22.8,356,>20%,45 - <50%,39,N,N,N,1,1,Large Urban Areas,Large Urban Areas,1,1,731074,56.4681237,-2.9532293,
5112729,5112729P,Primary,Local Authority,Gledfield Primary School,Ardgay,,,IV24 3BN,Highland,S12000017,S01010757,130059409,Non-denominational,2.5,25,0%,0%,45,N,N,N,8,6,Very Remote Rural Areas,Remote Rural Areas,8,6,891004,57.8861594,-4.3775495,
5142539,5142539S,Secondary,Local Authority,Glen Urquhart High School,Pitkerrald Road,Drumnadrochit,,IV63 6XA,Highland,S12000017,S01010666,130111598,Non-denominational,24.3,209,0 - <5%,*,59,N,N,N,7,6,Remote Rural Areas,Remote Rural Areas,7,6,829139,57.3281893,-4.4847817,
8103526,8103526P,Primary,Local Authority,Glenbarr Primary School,Glenbarr,By Tarbert,ARGYLL,PA29 6UT,Argyll and Bute,S12000035,S01007329,125051806,Non-denominational,1.5,5,0%,0%,50,N,N,N,8,6,Very Remote Rural Areas,Remote Rural Areas,8,6,637411,55.5745524,-5.6952542,
5249929,5249929P,Primary,Local Authority,Glenbervie School,Drumlithie,Stonehaven,KINCARDINESHIRE,AB39 3YS,Aberdeenshire,S12000034,S01006818,151100588,Non-denominational,4.8,63,*,0%,78,N,N,N,6,5,Accessible Rural Areas,Accessible Rural Areas,6,5,780941,56.9192608,-2.3564097,
8504326,8504326P,Primary,Local Authority,Glenboig Primary School,5 South Medrox Street,Glenboig,COATBRIDGE,ML5 2RU,North Lanarkshire,S12000050,S01011692,118180386,Non-denominational,9.2,120,5 - <10%,0%,22,N,Y,Y,6,5,Accessible Rural Areas,Accessible Rural Areas,6,5,669052,55.8973495,-4.0584679,
8234523,8234523P,Primary,Local Authority,Glenburn Primary School,Sherwood Road,Prestwick,,KA9 1EY,South Ayrshire,S12000028,S01012534,141042895,Non-denominational,18.4,287,*,*,34,N,N,N,2,2,Other Urban Areas,Other Urban Areas,2,2,625969,55.4999191,-4.5969025,
8214328,8214328P,Primary,Local Authority,Glencairn Primary School,New Street,,STEVENSTON,KA20 3HQ,North Ayrshire,S12000021,S01011270,126060416,Non-denominational,16.3,249,5 - <10%,65 - <70%,8,Y,N,Y,2,2,Other Urban Areas,Other Urban Areas,2,2,641751,55.6383417,-4.7542157,
8512620,8512620P,Primary,Local Authority,Glencairn Primary School,Glencairn Street,Motherwell,,ML1 1TT,North Lanarkshire,S12000050,S01011474,118073190,Non-denominational,27.8,346,>20%,35 - <40%,10,Y,N,Y,1,1,Large Urban Areas,Large Urban Areas,1,1,656339,55.784286,-3.9863008,
8620024,8620024P,Primary,Local Authority,Glencoats Primary School,Falcon Crescent,,PAISLEY,PA3 1NS,Renfrewshire,S12000038,S01012068,123096474,Non-denominational,19.6,181,10 - <20%,85 - <90%,1,Y,N,Y,1,1,Large Urban Areas,Large Urban Areas,1,1,664486,55.8491073,-4.4517477,
5130425,5130425P,Primary,Local Authority,Glencoe Primary School,Ballachulish,Glencoe,,PH49 4HP,Highland,S12000017,S01010526,130111490,Non-denominational,2.6,22,*,0%,70,N,N,N,7,6,Remote Rural Areas,Remote Rural Areas,7,6,758902,56.6830507,-5.1057242,
8357544,8357544SP,Special,Local Authority,Glencryan School,Greenfaulds Road,Cumbernauld,,G67 2XJ,North Lanarkshire,S12000050,S01011738,118025883,Non-denominational,37.4,184,*,20 - <25%,34,N,N,N,2,2,Other Urban Areas,Other Urban Areas,2,2,673175,55.9354559,-3.9944317,
1003275,1003275P,Primary,Local Authority,Glendale Gaelic Primary School,2 Kenmuir Street,,GLASGOW,G41 1PH,Glasgow City,S12000049,S01009875,906700509271,Non-denominational,9.3,166,5 - <10%,10 - <15%,18,N,Y,Y,1,1,Large Urban Areas,Large Urban Areas,1,1,663675,55.845275,-4.2719129,
8444323,8444323P,Primary,Local Authority,Glendale Primary School,120 McCulloch Street,,GLASGOW,G41 1NX,Glasgow City,S12000049,S01009875,906700185567,Non-denominational,19.4,300,>20%,35 - <40%,18,N,Y,Y,1,1,Large Urban Areas,Large Urban Areas,1,1,663670,55.8452162,-4.2723558,
5344026,5344026P,Primary,Local Authority,Glendelvine Primary School,Caputh,Perth,,PH1 4JL,Perth and Kinross,S12000048,S01011999,124065590,Non-denominational,2.8,34,*,*,67,N,N,N,6,5,Accessible Rural Areas,Accessible Rural Areas,6,5,740442,56.547263,-3.4689898,
5618827,5618827P,Primary,Local Authority,Glendinning Terrace Primary School,Glendinning Terrace,Galashiels,,TD1 2JW,Scottish Borders,S12000026,S01012274,116007927,Non-denominational,4.4,58,*,*,55,N,N,N,2,2,Other Urban Areas,Other Urban Areas,2,2,636878,55.6227891,-2.8121563,
5144221,5144221P,Primary,Local Authority,Glenelg Primary School,By Kyle,,,IV40 8LA,Highland,S12000017,S01010669,130111612,Non-denominational,1.5,9,0%,0%,58,N,N,N,8,6,Very Remote Rural Areas,Remote Rural Areas,8,6,819450,57.2135011,-5.6200923,
8504822,8504822P,Primary,Local Authority,Glengowan Primary School,Drumfin Avenue,Caldercruix,AIRDRIE,ML6 7QP,North Lanarkshire,S12000050,S01011680,118181185,Non-denominational,12.8,162,*,40 - <45%,9,Y,N,Y,6,5,Accessible Rural Areas,Accessible Rural Areas,6,5,667903,55.8898055,-3.8848337,
8522820,8522820P,Primary,Local Authority,Glengowan Primary School,Summerlee Road,Larkhall,,ML9 2UH,South Lanarkshire,S12000029,S01012658,484165224,Non-denominational,16.9,279,0 - <5%,5 - <10%,74,N,N,N,2,2,Other Urban Areas,Other Urban Areas,2,2,652417,55.7492047,-3.9760525,
8628831,8628831S,Secondary,Local Authority,Gleniffer High School,Amochrie Road,,PAISLEY,PA2 0AG,Renfrewshire,S12000038,S01012089,123035698,Non-denominational,80.1,1110,0 - <5%,25 - <30%,69,N,N,N,1,1,Large Urban Areas,Large Urban Areas,1,1,661927,55.8259723,-4.4583361,
8520828,8520828P,Primary,Local Authority,Glenlee Primary School,Anderson Street,Burnbank,HAMILTON,ML3 0QL,South Lanarkshire,S12000029,S01012775,484158666,Non-denominational,17,278,5 - <10%,55 - <60%,33,N,N,N,2,2,Other Urban Areas,Other Urban Areas,2,2,656282,55.782346,-4.0727455,
5207223,5207223P,Primary,Local Authority,Glenlivet Primary School,Glenlivet,Ballindalloch,MORAY,AB37 9DA,Moray,S12000020,S01011045,133048879,Non-denominational,2,16,*,0%,57,N,N,N,7,6,Remote Rural Areas,Remote Rural Areas,7,6,829818,57.3516898,-3.3414137,
5900522,5900522P,Primary,Local Authority,Glenluce School,Glenluce,Newton Stewart,,DG8 0JE,Dumfries and Galloway,S12000006,S01007503,137082346,Non-denominational,3.2,66,*,0%,37,N,N,N,6,5,Accessible Rural Areas,Accessible Rural Areas,6,5,557143,54.8764577,-4.8118294,
5344220,5344220P,Primary,Local Authority,Glenlyon Primary School,Bridge of Balgie,Glenlyon,ABERFELDY,PH15 2PP,Perth and Kinross,S12000048,S01012017,124064017,Non-denominational,1.3,7,0%,0%,50,N,N,N,8,6,Very Remote Rural Areas,Remote Rural Areas,8,6,747115,56.5943908,-4.3125967,
8341427,8341427P,Primary,Local Authority,Glenmanor Primary School,Glenmanor Avenue,Moodiesburn,CHRYSTON,G69 0JA,North Lanarkshire,S12000050,S01011709,118014397,Non-denominational,13.8,251,*,15 - <20%,54,N,N,N,2,2,Other Urban Areas,Other Urban Areas,2,2,670890,55.9132892,-4.0927554,
5406730,5406730S,Secondary,Local Authority,Glenrothes High School,Napier Road,Glenrothes,,KY6 1HJ,Fife,S12000047,S01009562,320178909,Non-denominational,65.5,830,5 - <10%,20 - <25%,36,N,N,N,2,2,Other Urban Areas,Other Urban Areas,2,2,701307,56.1986215,-3.1905615,
5144124,5144124P,Primary,Local Authority,Glenurquhart Primary School,Drumnadrochit,,,IV63 6UT,Highland,S12000017,S01010666,130057852,Non-denominational,8.7,145,5 - <10%,*,59,N,N,N,7,6,Remote Rural Areas,Remote Rural Areas,7,6,829260,57.3293119,-4.4829967,
5406536,5406536S,Secondary,Local Authority,Glenwood High School,South Parks Road,Glenrothes,,KY6 1JX,Fife,S12000047,S01009559,320178911,Non-denominational,72.8,876,0 - <5%,40 - <45%,10,Y,N,Y,2,2,Other Urban Areas,Other Urban Areas,2,2,701150,56.1970624,-3.2058884,
8314020,8314020P,Primary,Local Authority,Goldenhill Primary School,Stewart Drive,Hardgate,CLYDEBANK,G81 6AH,West Dunbartonshire,S12000039,S01013151,129032937,Non-denominational,16.1,272,0 - <5%,30 - <35%,59,N,N,N,1,1,Large Urban Areas,Large Urban Areas,1,1,672621,55.9231227,-4.4059646,
8412928,8412928P,Primary,Local Authority,Golfhill Primary School,280 Onslow Drive,,GLASGOW,G31 2QF,Glasgow City,S12000049,S01010238,906700513704,Non-denominational,12.1,155,>20%,60 - <65%,44,N,N,N,1,1,Large Urban Areas,Large Urban Areas,1,1,665285,55.8608224,-4.2125305,
8500622,8500622P,Primary,Local Authority,Golfhill Primary School,Ballochney Street,Burnfoot,AIRDRIE,ML6 0LT,North Lanarkshire,S12000050,S01011688,118134209,Non-denominational,8.7,147,*,45 - <50%,52,N,N,N,6,5,Accessible Rural Areas,Accessible Rural Areas,6,5,666921,55.87928,-3.992811,"School Contacts List UPRN (118134205) is not in SAD 2024 Q1.  GISAT has assigned the UPRN for 103 Glenmavis Road (118134209), which is next door."
5109531,5109531S,Secondary,Local Authority,Golspie High School,Main Street,,GOLSPIE,KW10 6RF,Highland,S12000017,S01010770,130015403,Non-denominational,26.1,264,0 - <5%,0%,34,N,N,N,8,6,Very Remote Rural Areas,Remote Rural Areas,8,6,900175,57.9754806,-3.9734226,
5108225,5108225P,Primary,Local Authority,Golspie Primary School,Golspie,Sutherland,,KW10 6RW,Highland,S12000017,S01010770,130015504,Non-denominational,6.4,98,*,0%,34,N,N,N,8,6,Very Remote Rural Areas,Remote Rural Areas,8,6,900283,57.9765116,-3.9695053,
5346924,5346924P,Primary,Local Authority,Goodlyburn Primary School,Crieff Road,Perth,,PH1 2NT,Perth and Kinross,S12000048,S01011919,124031521,Non-denominational,16.9,221,5 - <10%,30 - <35%,31,N,N,N,2,2,Other Urban Areas,Other Urban Areas,2,2,724351,56.4028213,-3.4573752,
5226724,5226724P,Primary,Local Authority,Gordon Primary School,Huntly,Aberdeenshire,,AB54 4SE,Aberdeenshire,S12000034,S01007008,151085781,Non-denominational,25.6,357,0 - <5%,0%,51,N,N,N,4,4,Remote Small Towns,Remote Small Towns,4,4,840299,57.4505326,-2.7849894,
5646227,5646227P,Primary,Local Authority,Gordon Primary School,Gordon,Berwickshire,,TD3 6LW,Scottish Borders,S12000026,S01012304,116022747,Non-denominational,4.5,48,*,0%,65,N,N,N,6,5,Accessible Rural Areas,Accessible Rural Areas,6,5,643134,55.6803872,-2.5651869,
1003399,1003399P,Primary,Local Authority,Gore Glen Primary School,Whitehouse Way,,GOREBRIDGE,EH23 4FP,Midlothian,S12000019,S01010931,120047385,Non-denominational,26.8,332,5 - <10%,5 - <10%,71,N,N,N,2,2,Other Urban Areas,Other Urban Areas,6,5,662747,55.8533191,-3.0631607,
5543428,5543428P,Primary,Local Authority,Gorebridge Primary School,2C Barleyknowe Lane,Gorebridge,,EH23 4XA,Midlothian,S12000019,S01011041,120039067,Non-denominational,17.8,285,0 - <5%,25 - <30%,27,N,N,N,2,2,Other Urban Areas,Other Urban Areas,2,2,662085,55.8474858,-3.0493482,
5500648,5500648SP,Special,Local Authority,Gorgie Mills,97 Gorgie Park Road,Edinburgh,,EH11 2QL,City of Edinburgh,S12000036,S01008493,906439888,Non-denominational,17.3,49,*,45 - <50%,37,N,N,N,1,1,Large Urban Areas,Large Urban Areas,1,1,672067,55.9354134,-3.239334,
5250021,5250021P,Primary,Local Authority,Gourdon School,McGill Terrace,Gourdon,MONTROSE,DD10 0LU,Aberdeenshire,S12000034,S01006813,151085786,Non-denominational,4.7,67,*,0%,68,N,N,N,6,5,Accessible Rural Areas,Accessible Rural Areas,6,5,770925,56.8294692,-2.2855669,
8641323,8641323P,Primary,Local Authority,Gourock Primary School,Davidson Drive,Gourock,,PA19 1QD,Inverclyde,S12000018,S01010842,119000328,Non-denominational,12.9,207,5 - <10%,25 - <30%,8,Y,N,Y,2,2,Other Urban Areas,Other Urban Areas,2,2,677289,55.9564423,-4.8135736,
1005189,1005189P,Primary,Local Authority,Govan Gaelic Primary School,3 Burndyke Court,,GLASGOW,G51 2BG,Glasgow City,S12000049,S01009859,906700360936,Non-denominational,12.3,226,5 - <10%,25 - <30%,3,Y,N,Y,1,1,Large Urban Areas,Large Urban Areas,1,1,665229,55.8586574,-4.3029638,
8433836,8433836S,Secondary,Local Authority,Govan High School,12 Ardnish Street,,GLASGOW,G51 4NB,Glasgow City,S12000049,S01009837,906700182881,Non-denominational,69,612,5 - <10%,80 - <85%,10,Y,N,Y,1,1,Large Urban Areas,Large Urban Areas,1,1,665218,55.8579883,-4.3332918,
8413029,8413029P,Primary,Local Authority,Gowanbank Primary School,Gowanbank Campus,1 Craigbank Drive,GLASGOW,G53 6RA,Glasgow City,S12000049,S01009785,906700504648,Non-denominational,25.7,293,10 - <20%,80 - <85%,7,Y,N,Y,1,1,Large Urban Areas,Large Urban Areas,1,1,660725,55.8170384,-4.3629966,
5532930,5532930S,Secondary,Local Authority,Gracemount High School,136 Lasswade Road,Edinburgh,,EH16 6TZ,City of Edinburgh,S12000036,S01008557,906406847,Non-denominational,58.3,631,>20%,40 - <45%,17,N,Y,Y,1,1,Large Urban Areas,Large Urban Areas,1,1,668471,55.9039561,-3.1512372,
5524423,5524423P,Primary,Local Authority,Gracemount Primary School,45 Gracemount House Drive,Edinburgh,,EH16 6FD,City of Edinburgh,S12000036,S01008557,906460822,Non-denominational,24.4,454,>20%,40 - <45%,17,N,Y,Y,1,1,Large Urban Areas,Large Urban Areas,1,1,668566,55.9047722,-3.1552442,
5746132,5746132S,Secondary,Local Authority,Graeme High School,Callendar Road,Falkirk,,FK1 1SY,Falkirk,S12000014,S01009149,136062622,Non-denominational,90.5,1152,5 - <10%,20 - <25%,47,N,N,N,2,2,Other Urban Areas,Other Urban Areas,2,2,679727,55.9978572,-3.7635885,
8231222,8231222P,Primary,Local Authority,Grammar Primary School,Fort Street,Ayr,,KA7 1HX,South Ayrshire,S12000028,S01012481,141072872,Non-denominational,16.9,313,5 - <10%,25 - <30%,22,N,Y,Y,2,2,Other Urban Areas,Other Urban Areas,2,2,622123,55.4645444,-4.6346573,
5344328,5344328P,Primary,Local Authority,Grandtully Primary School,Grandtully,Pitlochry,,PH9 0PL,Perth and Kinross,S12000048,S01012013,124065681,Non-denominational,2.7,35,*,0%,64,N,N,N,7,6,Remote Rural Areas,Remote Rural Areas,7,6,753189,56.6578246,-3.7736635,
8224234,8224234S,Secondary,Local Authority,Grange Academy,Beech Avenue,Kilmarnock,,KA1 2EW,East Ayrshire,S12000008,S01008017,127066834,Non-denominational,92.7,1229,0 - <5%,30 - <35%,93,N,N,N,2,2,Other Urban Areas,Other Urban Areas,2,2,637742,55.607492,-4.5130954,
5339421,5339421P,Primary,Local Authority,Grange Primary School,Grange Road,Monifieth,,DD5 4LU,Angus,S12000041,S01007145,117079856,Non-denominational,23.2,363,5 - <10%,*,72,N,N,N,1,1,Large Urban Areas,Large Urban Areas,1,1,732414,56.4810196,-2.8341499,
5758327,5758327P,Primary,Local Authority,Grange Primary School,Grange Loan,Bo'ness,,EH51 9DX,Falkirk,S12000014,S01009261,136061439,Non-denominational,17.2,256,5 - <10%,0 - <5%,23,N,Y,Y,2,2,Other Urban Areas,Other Urban Areas,2,2,681280,56.0141749,-3.5898631,
5746639,5746639S,Secondary,Local Authority,Grangemouth High School,Tinto Drive,Grangemouth,,FK3 0HW,Falkirk,S12000014,S01009242,136078914,Non-denominational,79.6,838,0 - <5%,20 - <25%,64,N,N,N,2,2,Other Urban Areas,Other Urban Areas,2,2,680306,56.0037559,-3.7142686,
5524520,5524520P,Primary,Local Authority,Granton Primary School,55 Boswall Parkway,Edinburgh,,EH5 2DA,City of Edinburgh,S12000036,S01008917,906025394,Non-denominational,28.5,439,>20%,50 - <55%,13,Y,N,Y,1,1,Large Urban Areas,Large Urban Areas,1,1,676630,55.9765423,-3.2263712,
5150132,5150132S,Secondary,Local Authority,Grantown Grammar School,Cromdale Road,Grantown-on-Spey,,PH26 3HU,Highland,S12000017,S01010546,130089171,Non-denominational,31.7,362,0 - <5%,0%,71,N,N,N,7,6,Remote Rural Areas,Remote Rural Areas,7,6,828236,57.3344595,-3.5989099,
5146127,5146127P,Primary,Local Authority,Grantown Primary School,South Street,Grantown-on-Spey,,PH26 3HZ,Highland,S12000017,S01010546,130110293,Non-denominational,10.4,203,*,0%,71,N,N,N,7,6,Remote Rural Areas,Remote Rural Areas,7,6,827797,57.3304436,-3.6045493,
5248922,5248922P,Primary,Local Authority,Greenbrae School,Greenbrae Crescent,Bridge Of Don,ABERDEEN,AB23 8NJ,Aberdeen City,S12000033,S01006786,9051103349,Non-denominational,19.3,363,10 - <20%,*,84,N,N,N,1,1,Large Urban Areas,Large Urban Areas,1,1,811437,57.1936815,-2.0979018,
8534144,8534144SP,Special,Local Authority,Greenburn School,Calderwood Road,East Kilbride,,G74 3DP,South Lanarkshire,S12000029,S01012911,484175595,Non-denominational,13,62,*,25 - <30%,58,N,N,N,2,2,Other Urban Areas,Other Urban Areas,2,2,654961,55.7689934,-4.1586994,
8357331,8357331S,Secondary,Local Authority,Greenfaulds High School,Athelstane Drive,Cumbernauld,,G67 4AQ,North Lanarkshire,S12000050,S01011734,118189238,Non-denominational,109.5,1398,0 - <5%,5 - <10%,53,N,N,N,2,2,Other Urban Areas,Other Urban Areas,2,2,673227,55.9357095,-4.0077193,
8504520,8504520P,Primary,Local Authority,Greengairs Primary School,Greengairs Road,Greengairs,AIRDRIE,ML6 7TE,North Lanarkshire,S12000050,S01011683,118038025,Non-denominational,6,82,*,*,38,N,N,N,6,5,Accessible Rural Areas,Accessible Rural Areas,6,5,670595,55.9130424,-3.946189,
8502625,8502625P,Primary,Local Authority,Greenhill Primary School,Albert Street,Coatbridge,,ML5 3ET,North Lanarkshire,S12000050,S01011596,118184851,Non-denominational,17,274,0 - <5%,35 - <40%,29,N,N,N,2,2,Other Urban Areas,Other Urban Areas,2,2,665454,55.8655973,-4.0237072,
8530920,8530920P,Primary,Local Authority,Greenhills Primary School,Cedar Drive,East Kilbride,,G75 9JD,South Lanarkshire,S12000029,S01012972,484156301,Non-denominational,22.4,220,5 - <10%,0 - <5%,26,N,N,N,2,2,Other Urban Areas,Other Urban Areas,2,2,652488,55.746193,-4.1911059,
5646324,5646324P,Primary,Local Authority,Greenlaw Primary School,Greenlaw,Berwickshire,,TD10 6XL,Scottish Borders,S12000026,S01012300,116026235,Non-denominational,4.2,51,*,0%,44,N,N,N,7,6,Remote Rural Areas,Remote Rural Areas,7,6,646229,55.7086316,-2.4609761,
5506921,5506921P,Primary,Local Authority,Greenrigg Primary School,Polkemmet Road,Harthill,BY SHOTTS,ML7 5RF,West Lothian,S12000040,S01013382,200004119699,Non-denominational,8.7,125,5 - <10%,*,69,N,N,N,3,3,Accessible Small Towns,Accessible Small Towns,3,3,664615,55.8623075,-3.7459337,
5209927,5209927P,Primary,Local Authority,Greenwards Primary School,Edgar Road,New Elgin,ELGIN,IV30 6UQ,Moray,S12000020,S01011116,133039254,Non-denominational,21.6,326,0 - <5%,*,72,N,N,N,2,2,Other Urban Areas,Other Urban Areas,2,2,861622,57.6376042,-3.3213532,
8215030,8215030S,Secondary,Local Authority,Greenwood Academy,Dreghorn,,IRVINE,KA11 4HL,North Ayrshire,S12000021,S01011187,126073224,Non-denominational,106.9,1388,0 - <5%,30 - <35%,78,N,N,N,2,2,Other Urban Areas,Other Urban Areas,2,2,638145,55.6085939,-4.632921,
5947022,5947022P,Primary,Local Authority,Gretna School,Victory Avenue,Gretna,,DG16 5AG,Dumfries and Galloway,S12000006,S01007680,137003736,Non-denominational,14.9,273,0 - <5%,0%,93,N,N,N,3,3,Accessible Small Towns,Accessible Small Towns,3,3,567382,54.9963509,-3.0651856,
5425123,5425123P,Primary,Local Authority,Greyfriars RC Primary School,Kilrymont Road,St Andrews,,KY16 8DF,Fife,S12000047,S01009716,320175087,Roman Catholic,12.6,199,10 - <20%,*,94,N,N,N,2,2,Other Urban Areas,Other Urban Areas,2,2,715828,56.3322839,-2.7916021,
5329434,5329434S,Secondary,Local Authority,Grove Academy,24 Claypotts Road,Broughty Ferry,DUNDEE,DD5 1AB,Dundee City,S12000042,S01007760,9059095133,Non-denominational,97.3,1346,10 - <20%,*,99,N,N,N,1,1,Large Urban Areas,Large Urban Areas,1,1,731313,56.4708156,-2.8794405,
8633436,8633436S,Secondary,Local Authority,Gryffe High School,Old Bridge of Weir Road,,HOUSTON,PA6 7EB,Renfrewshire,S12000038,S01012235,123014135,Non-denominational,72.6,958,5 - <10%,0 - <5%,99,N,N,N,3,3,Accessible Small Towns,Accessible Small Towns,3,3,666490,55.8650294,-4.5542416,
5422922,5422922P,Primary,Local Authority,Guardbridge Primary School,Innerbridge Street,Guardbridge,ST ANDREWS,KY16 0UZ,Fife,S12000047,S01009738,320176562,Non-denominational,7.6,74,*,*,76,N,N,N,3,3,Accessible Small Towns,Accessible Small Towns,3,3,719621,56.3656673,-2.8937708,
5344522,5344522P,Primary,Local Authority,Guildtown Primary School,School Road,Guildtown,BY PERTH,PH2 6BX,Perth and Kinross,S12000048,S01011959,124051072,Non-denominational,2.7,27,*,0%,39,N,N,N,6,5,Accessible Rural Areas,Accessible Rural Areas,6,5,731907,56.4712939,-3.407013,
5553326,5553326P,Primary,Local Authority,Gullane Primary School,Muirfield Terrace,Gullane,EAST LOTHIAN,EH31 2HL,East Lothian,S12000010,S01008264,138030944,Non-denominational,11.8,240,*,*,61,N,N,N,6,5,Accessible Rural Areas,Accessible Rural Areas,6,5,682633,56.0338228,-2.8247659,
5524822,5524822P,Primary,Local Authority,Gylemuir Primary School,10 Wester Broom Place,Edinburgh,,EH12 7RT,City of Edinburgh,S12000036,S01008987,906260848,Non-denominational,22.9,454,>20%,0 - <5%,95,N,N,N,1,1,Large Urban Areas,Large Urban Areas,1,1,672408,55.9378996,-3.2953649,
1004760,1004760P,Primary,Local Authority,Haddington Primary School,Neilson Park Road,Haddington,EAST LOTHIAN,EH41 3DT,East Lothian,S12000010,S01008257,138040801,Non-denominational,36.9,744,0 - <5%,0%,43,N,N,N,2,2,Other Urban Areas,Other Urban Areas,2,2,673693,55.9537833,-2.780751,
8413223,8413223P,Primary,Local Authority,Haghill Park Primary School & Nursery Class,415 Cumbernauld Road,Dennistoun,GLASGOW,G31 3LS,Glasgow City,S12000049,S01010241,906700399940,Non-denominational,13.4,174,>20%,90 - <95%,29,N,N,N,1,1,Large Urban Areas,Large Urban Areas,1,1,665528,55.8631754,-4.2030277,UPRN is a Parent UPRN in SAD 2024 Q1.
8531021,8531021P,Primary,Local Authority,Halfmerke Primary School,Logie Park,,EAST KILBRIDE,G74 4BU,South Lanarkshire,S12000029,S01012914,484182783,Non-denominational,12.2,198,10 - <20%,0%,53,N,N,N,2,2,Other Urban Areas,Other Urban Areas,2,2,655008,55.7692622,-4.1674189,
5100623,5100623P,Primary,Local Authority,Halkirk Primary School,Halkirk,,,KW12 6YN,Highland,S12000017,S01010795,130073340,Non-denominational,5,83,0%,0%,68,N,N,N,8,6,Very Remote Rural Areas,Remote Rural Areas,8,6,959746,58.5171652,-3.4913149,
5742625,5742625P,Primary,Local Authority,Hallglen Primary School,New Hallglen Road,Hallglen,FALKIRK,FK1 2RA,Falkirk,S12000014,S01009180,136016305,Non-denominational,20.8,307,10 - <20%,55 - <60%,20,N,Y,Y,3,3,Accessible Small Towns,Accessible Small Towns,3,3,678370,55.9853832,-3.7829936,
8456429,8456429P,Primary,Local Authority,Hallside Primary School,Newton Station Road,Halfway,CAMBUSLANG,G72 7XN,South Lanarkshire,S12000029,S01012818,484011326,Non-denominational,14.4,267,10 - <20%,5 - <10%,68,N,N,N,1,1,Large Urban Areas,Large Urban Areas,1,1,659909,55.8138624,-4.135805,
5601029,5601029P,Primary,Local Authority,Halyrude Primary School,Rosetta Road,Peebles,,EH45 8HQ,Scottish Borders,S12000026,S01012251,116027356,Roman Catholic,6,83,5 - <10%,0%,39,N,N,N,3,3,Accessible Small Towns,Accessible Small Towns,3,3,641129,55.6578321,-3.197422,
8524734,8524734S,Secondary,Local Authority,Hamilton Grammar School,Auchincampbell Road,Hamilton,,ML3 6PE,South Lanarkshire,S12000029,S01012718,484066038,Non-denominational,105,1302,5 - <10%,25 - <30%,51,N,N,N,2,2,Other Urban Areas,Other Urban Areas,2,2,655304,55.7740066,-4.0459001,
8550840,8550840SP,Special,Local Authority,Hamilton School for the Deaf,Anderson Street,Hamilton,,ML3 0QL,South Lanarkshire,S12000029,S01012775,484157362,Non-denominational,10,12,*,40 - <45%,33,N,N,N,2,2,Other Urban Areas,Other Urban Areas,2,2,656282,55.7823463,-4.0727295,
6101321,6101321P,Primary,Local Authority,Hamnavoe Primary School,Hamnavoe,Shetland,,ZE2 9LA,Shetland Islands,S12000027,S01012403,30100005399,Non-denominational,6.4,74,0%,0%,65,N,N,N,8,6,Very Remote Rural Areas,Remote Rural Areas,8,6,1135699,60.1042203,-1.3332701,
8443440,8443440SP,Special,Local Authority,Hampden Primary School,18 Logan Gardens,,GLASGOW,G5 0LJ,Glasgow City,S12000049,S01010022,906700291390,Inter-denominational,14.2,63,>20%,50 - <55%,22,N,Y,Y,1,1,Large Urban Areas,Large Urban Areas,1,1,663106,55.840741,-4.2401145,
5239729,5239729P,Primary,Local Authority,Hanover Street School,Beach Boulevard,,ABERDEEN,AB24 5HN,Aberdeen City,S12000033,S01006637,9051083770,Non-denominational,14.8,258,>20%,5 - <10%,36,N,N,N,1,1,Large Urban Areas,Large Urban Areas,1,1,806533,57.1496319,-2.0890727,
6101429,6101429P,Primary,Local Authority,Happyhansel Primary School,Walls,Shetland,,ZE2 9PG,Shetland Islands,S12000027,S01012409,30100005941,Non-denominational,3.4,30,*,0%,55,N,N,N,8,6,Very Remote Rural Areas,Remote Rural Areas,8,6,1149492,60.2290383,-1.5672572,
5916623,5916623P,Primary,Local Authority,Hardgate School,Hardgate,Castle Douglas,,DG7 3LD,Dumfries and Galloway,S12000006,S01007545,137080992,Non-denominational,4,68,*,0%,71,N,N,N,6,5,Accessible Rural Areas,Accessible Rural Areas,6,5,566681,54.9804977,-3.8596424,
8522928,8522928P,Primary,Local Authority,Hareleeshill Primary School,Myrtle Lane,Larkhall,,ML9 2RQ,South Lanarkshire,S12000029,S01012667,484162210,Non-denominational,18.9,154,*,70 - <75%,5,Y,N,Y,2,2,Other Urban Areas,Other Urban Areas,2,2,650425,55.7316038,-3.9572608,
8336520,8336520P,Primary,Local Authority,Harestanes Primary School,Mauchline Court,Kirkintilloch,,G66 2SA,East Dunbartonshire,S12000045,S01008149,132033300,Non-denominational,19.4,180,5 - <10%,10 - <15%,34,N,N,N,2,2,Other Urban Areas,Other Urban Areas,2,2,674396,55.9442557,-4.1244047,
5243238,5243238S,Secondary,Local Authority,Harlaw Academy,18/20 Albyn Place,Aberdeen,,AB10 1RG,Aberdeen City,S12000033,S01006571,9051043375,Non-denominational,82,1075,>20%,5 - <10%,92,N,N,N,1,1,Large Urban Areas,Large Urban Areas,1,1,805736,57.1424492,-2.1176256,
5571448,5571448SP,Special,Grant Aided,Harmeny Education Trust,45 Mansfield Road,Balerno,MIDLOTHIAN,EH14 7JY,City of Edinburgh,S12000036,S01008419,906156871,Non-denominational,8.4,29,N/A,N/A,75,N,N,N,1,1,Large Urban Areas,Large Urban Areas,1,1,665757,55.8777226,-3.3341671,
5329531,5329531S,Secondary,Local Authority,Harris Academy,470 - 472 Perth Road,Dundee,,DD2 1NL,Dundee City,S12000042,S01007685,9059065449,Non-denominational,102.6,1338,10 - <20%,30 - <35%,98,N,N,N,1,1,Large Urban Areas,Large Urban Areas,1,1,729756,56.455837,-3.009565,School Contacts List UPRN (9059088912) is not in SAD 2024 Q1.  GISAT has assigned the UPRN for Harris Academy as it is in SAD 2024 Q1 (9059065449).
5501024,5501024P,Primary,Local Authority,Harrysmuir Primary School,Willowbank,Ladywell,LIVINGSTON,EH54 6HN,West Lothian,S12000040,S01013329,200004106911,Non-denominational,22.5,367,5 - <10%,35 - <40%,26,N,N,N,2,2,Other Urban Areas,Other Urban Areas,2,2,668473,55.8999843,-3.5191161,
5217229,5217229P,Primary,Local Authority,Hatton (Cruden) School,Station Road,Hatton Peterhead,ABERDEENSHIRE,AB42 0HZ,Aberdeenshire,S12000034,S01007066,151085878,Non-denominational,7.3,96,5 - <10%,0%,54,N,N,N,6,5,Accessible Rural Areas,Accessible Rural Areas,6,5,837113,57.4243374,-1.9146688,
5226627,5226627P,Primary,Local Authority,Hatton (Fintray) School,Station Road,Hatton of Fintray,DYCE,AB21 0YG,Aberdeenshire,S12000034,S01006949,151124344,Non-denominational,3.2,36,*,0%,80,N,N,N,6,5,Accessible Rural Areas,Accessible Rural Areas,6,5,816227,57.2364623,-2.2665875,
5632536,5632536SP,Special,Local Authority,Hawick High School,Buccleuch Road,Hawick,ROXBURGHSHIRE,TD9 0EG,Scottish Borders,S12000026,S01012369,116040812,Non-denominational,0,0,0,0,72,N,N,N,2,2,Other Urban Areas,Other Urban Areas,2,2,614470,55.4215564,-2.794245,"Pupil roll, FTE teachers, proportion of pupils minority ethnic, and proportion of puplis 20% most deprived is recorded as zero as this school is not included in the School Level Summary Statistics."
5632536,5632536S,Secondary,Local Authority,Hawick High School,Buccleuch Road,Hawick,ROXBURGHSHIRE,TD9 0EG,Scottish Borders,S12000026,S01012369,116040812,Non-denominational,66.3,756,*,35 - <40%,72,N,N,N,2,2,Other Urban Areas,Other Urban Areas,2,2,614470,55.4215564,-2.794245,
5542227,5542227P,Primary,Local Authority,Hawthornden Primary School,Polton Avenue Road,Bonnyrigg,,EH19 2NZ,Midlothian,S12000019,S01010973,120032096,Non-denominational,19.3,265,0 - <5%,*,56,N,N,N,2,2,Other Urban Areas,Other Urban Areas,2,2,664700,55.8703568,-3.1203605,
8214220,8214220P,Primary,Local Authority,Hayocks Primary School,Lumsden Place,,STEVENSTON,KA20 4HG,North Ayrshire,S12000021,S01011274,126060516,Non-denominational,14.8,185,0 - <5%,90 - <95%,13,Y,N,Y,2,2,Other Urban Areas,Other Urban Areas,2,2,642598,55.6461756,-4.7443865,
5300428,5300428P,Primary,Local Authority,Hayshead Primary School,Abbey View Campus,Hayshead Road,ARBROATH,DD11 5FE,Angus,S12000041,S01007190,117136932,Non-denominational,33,486,5 - <10%,25 - <30%,53,N,N,N,2,2,Other Urban Areas,Other Urban Areas,2,2,741502,56.5641447,-2.5747713,
8441243,8441243SP,Special,Local Authority,Hazelwood School,50 Dumbreck Court,,GLASGOW,G41 5DQ,Glasgow City,S12000049,S01009874,906700421450,Inter-denominational,25.8,59,>20%,40 - <45%,17,N,Y,Y,1,1,Large Urban Areas,Large Urban Areas,1,1,663371,55.8418241,-4.3101305,
5243432,5243432S,Secondary,Local Authority,Hazlehead Academy,Groat's Road,Aberdeen,,AB15 8BE,Aberdeen City,S12000033,S01006547,9051009101,Non-denominational,82.9,1074,10 - <20%,5 - <10%,55,N,N,N,1,1,Large Urban Areas,Large Urban Areas,1,1,805944,57.1442461,-2.1786075,
5239826,5239826P,Primary,Local Authority,Hazlehead Primary School,Provost Graham Avenue,Aberdeen,,AB15 8HB,Aberdeen City,S12000033,S01006547,9051019995,Non-denominational,17.3,335,>20%,*,55,N,N,N,1,1,Large Urban Areas,Large Urban Areas,1,1,805710,57.1421695,-2.1659204,
5745527,5745527P,Primary,Local Authority,Head Of Muir Primary School,Haypark Road,Head of Muir,DENNY,FK6 5JZ,Falkirk,S12000014,S01009068,136063272,Non-denominational,15,258,5 - <10%,*,41,N,N,N,2,2,Other Urban Areas,Other Urban Areas,2,2,680859,56.0058145,-3.9120717,
8531129,8531129P,Primary,Local Authority,Heathery Knowe Primary School,Whitehills Terrace,Murray,EAST KILBRIDE,G75 0NG,South Lanarkshire,S12000029,S01012974,484176215,Non-denominational,14.9,256,5 - <10%,10 - <15%,19,N,Y,Y,2,2,Other Urban Areas,Other Urban Areas,2,2,653069,55.7515644,-4.1827067,
8231427,8231427P,Primary,Local Authority,Heathfield Primary School,Heathfield Road,Ayr,,KA8 9DR,South Ayrshire,S12000028,S01012508,141028192,Non-denominational,25.4,414,5 - <10%,10 - <15%,37,N,N,N,2,2,Other Urban Areas,Other Urban Areas,2,2,624152,55.4832062,-4.6147648,
5900026,5900026P,Primary,Local Authority,Heathhall Primary School,Herries Avenue,Heathhall,DUMFRIES,DG1 3QZ,Dumfries and Galloway,S12000006,S01007620,137103705,Non-denominational,15.2,307,0 - <5%,*,83,N,N,N,3,3,Accessible Small Towns,Accessible Small Towns,3,3,579221,55.0972464,-3.572675,
5230829,5230829P,Primary,Local Authority,Heathryburn School,Howes Road,,ABERDEEN,AB16 7RW,Aberdeen City,S12000033,S01006720,9051317011,Non-denominational,18.9,310,10 - <20%,20 - <25%,29,N,N,N,1,1,Large Urban Areas,Large Urban Areas,1,1,808414,57.166446,-2.174122,
5945127,5945127P,Primary,Local Authority,Hecklegirth School,Solway Street,Annan,DUMFRIESSHIRE,DG12 6HY,Dumfries and Galloway,S12000006,S01007663,137068923,Non-denominational,10.4,201,*,10 - <15%,59,N,N,N,3,3,Accessible Small Towns,Accessible Small Towns,3,3,566329,54.9850475,-3.2578699,
5110823,5110823P,Primary,Local Authority,Helmsdale Primary School,Helmsdale,Sutherland,,KW8 6JW,Highland,S12000017,S01010771,130019929,Non-denominational,3.6,46,*,0%,32,N,N,N,8,6,Very Remote Rural Areas,Remote Rural Areas,8,6,915732,58.1198172,-3.6521321,
5615224,5615224P,Primary,Local Authority,Heriot Primary School,Heriot,Midlothian,,EH38 5YE,Scottish Borders,S12000026,S01012271,116056198,Non-denominational,2.7,24,0%,0%,54,N,N,N,6,5,Accessible Rural Areas,Accessible Rural Areas,6,5,652796,55.7646935,-2.9673704,
8624925,8624925P,Primary,Local Authority,Heriot Primary School,Heriot Avenue,,PAISLEY,PA2 0DS,Renfrewshire,S12000038,S01012083,123104931,Non-denominational,15.3,232,0 - <5%,55 - <60%,5,Y,N,Y,1,1,Large Urban Areas,Large Urban Areas,1,1,661913,55.8256766,-4.4671652,
8304734,8304734S,Secondary,Local Authority,Hermitage Academy,Cardross Road,Helensburgh,,G84 7LA,Argyll and Bute,S12000035,S01007405,125070021,Non-denominational,92.8,1282,0 - <5%,5 - <10%,83,N,N,N,2,2,Other Urban Areas,Other Urban Areas,6,5,681308,55.9950838,-4.7010133,
5525128,5525128P,Primary,Local Authority,Hermitage Park Primary School,9 Hermitage Park,Edinburgh,,EH6 8HD,City of Edinburgh,S12000036,S01008763,906124634,Non-denominational,15.9,304,>20%,30 - <35%,91,N,N,N,1,1,Large Urban Areas,Large Urban Areas,1,1,675341,55.965584,-3.1620081,
8302820,8302820P,Primary,Local Authority,Hermitage Primary School,Argyle Street East,Helensburgh,,G84 7EW,Argyll and Bute,S12000035,S01007397,125031922,Non-denominational,19.8,374,5 - <10%,10 - <15%,62,N,N,N,2,2,Other Urban Areas,Other Urban Areas,2,2,682584,56.0059187,-4.7297958,
8522626,8522626P,Primary,Local Authority,High Blantyre Primary School,Broompark Road,High Blantyre,,G72 9SH,South Lanarkshire,S12000029,S01012758,484154805,Non-denominational,19.8,235,5 - <10%,25 - <30%,30,N,N,N,2,2,Other Urban Areas,Other Urban Areas,2,2,657175,55.7897805,-4.1074977,
8550824,8550824P,Primary,Local Authority,High Mill Primary School,Market Road,Carluke,,ML8 4BE,South Lanarkshire,S12000029,S01012602,484166074,Non-denominational,7.9,81,*,55 - <60%,14,Y,N,Y,2,2,Other Urban Areas,Other Urban Areas,2,2,650773,55.7366003,-3.8362809,
1001507,1001507P,Primary,Local Authority,Highpark Primary School,100 Bilsland Drive,,GLASGOW,G20 9NY,Glasgow City,S12000049,S01010316,906700496246,Non-denominational,22.4,215,>20%,70 - <75%,3,Y,N,Y,1,1,Large Urban Areas,Large Urban Areas,1,1,668158,55.8856087,-4.2692208,
5947421,5947421P,Primary,Local Authority,Hightae School,Hightae,Lockerbie,,DG11 1JN,Dumfries and Galloway,S12000006,S01007631,137065168,Non-denominational,1.5,14,0%,0%,60,N,N,N,6,5,Accessible Rural Areas,Accessible Rural Areas,6,5,578707,55.0944662,-3.423161,
5250820,5250820P,Primary,Local Authority,Hill of Banchory School,Firbrae,Hill of Banchory South,BANCHORY,AB31 5ZT,Aberdeenshire,S12000034,S01006863,151142875,Non-denominational,19.5,363,5 - <10%,0%,76,N,N,N,3,3,Accessible Small Towns,Accessible Small Towns,3,3,796497,57.0585911,-2.4805674,
5443229,5443229P,Primary,Local Authority,Hill of Beath Primary School,Main Street,Hill 0f Beath,COWDENBEATH,KY4 8DP,Fife,S12000047,S01009410,320189942,Non-denominational,15,181,0 - <5%,5 - <10%,21,N,Y,Y,2,2,Other Urban Areas,Other Urban Areas,2,2,690079,56.0958972,-3.3681635,
5115221,5115221P,Primary,Local Authority,Hill of Fearn Primary School,Rhynie Road,Fearn,,IV20 1SU,Highland,S12000017,S01010746,130110268,Non-denominational,2.7,39,*,*,50,N,N,N,8,6,Very Remote Rural Areas,Remote Rural Areas,8,6,877815,57.7747326,-3.9644728,
8434239,8434239S,Secondary,Local Authority,Hillhead High School,22-44 Oakfield Avenue,,GLASGOW,G12 8LJ,Glasgow City,S12000049,S01010377,906700084225,Non-denominational,79.6,1046,>20%,30 - <35%,80,N,N,N,1,1,Large Urban Areas,Large Urban Areas,1,1,666949,55.8744448,-4.2853227,
8222029,8222029P,Primary,Local Authority,Hillhead Primary School,2 Kilmaurs Road,Kilmarnock,,KA3 1QJ,East Ayrshire,S12000008,S01008006,127047690,Non-denominational,14.2,204,10 - <20%,65 - <70%,2,Y,N,Y,2,2,Other Urban Areas,Other Urban Areas,2,2,639156,55.6203839,-4.5042642,
8336628,8336628P,Primary,Local Authority,Hillhead Primary School,Newdyke Avenue,Kirkintilloch,,G66 2DQ,East Dunbartonshire,S12000045,S01008139,132047526,Non-denominational,10.7,82,5 - <10%,55 - <60%,10,Y,N,Y,2,2,Other Urban Areas,Other Urban Areas,2,2,673897,55.9394798,-4.141228,
8413525,8413525P,Primary,Local Authority,Hillhead Primary School,110 Otago Street,,GLASGOW,G12 8NS,Glasgow City,S12000049,S01010379,906700436631,Non-denominational,31.6,621,>20%,10 - <15%,58,N,N,N,1,1,Large Urban Areas,Large Urban Areas,1,1,666708,55.8723152,-4.2835818,
8413622,8413622P,Primary,Local Authority,Hillington Primary School,227 Hartlaw Crescent,,GLASGOW,G52 2JL,Glasgow City,S12000049,S01009829,906700172536,Non-denominational,13.5,228,>20%,45 - <50%,14,Y,N,Y,1,1,Large Urban Areas,Large Urban Areas,1,1,664675,55.8526326,-4.3581453,
8434336,8434336S,Secondary,Local Authority,Hillpark Secondary School,36 Cairngorm Road,,GLASGOW,G43 2XA,Glasgow City,S12000049,S01009954,906700246950,Non-denominational,98.7,1148,>20%,45 - <50%,48,N,N,N,1,1,Large Urban Areas,Large Urban Areas,1,1,660409,55.8154166,-4.2992136,
1003607,1003607P,Primary,Local Authority,Hillside School,Newlands Drive,Portlethen,ABERDEENSHIRE,AB12 4LX,Aberdeenshire,S12000034,S01006849,151172832,Non-denominational,26,503,>20%,0%,88,N,N,N,3,3,Accessible Small Towns,Accessible Small Towns,3,3,797997,57.0729065,-2.1447289,
8243743,8243743SP,Special,Local Authority,Hillside School,Barony Campus,Auchinleck Road,CUMNOCK,KA18 1RS,East Ayrshire,S12000008,S01007915,127057224,Non-denominational,12.2,53,*,50 - <55%,32,N,N,N,3,3,Accessible Small Towns,Accessible Small Towns,3,3,620223,55.4551663,-4.2491056,
1004867,1004867P,Primary,Local Authority,Hilltop Primary School,Petersburn Road,,AIRDRIE,ML6 8BH,North Lanarkshire,S12000050,S01011629,118059848,Non-denominational,35.8,439,0 - <5%,45 - <50%,24,N,Y,Y,2,2,Other Urban Areas,Other Urban Areas,2,2,664957,55.86232,-3.949722,"School Contacts List UPRN (118007770) is not in SAD 2024 Q1.  GISAT has assigned the UPRN for 1 Glen Road (118059848), which is next door."
8621322,8621322P,Primary,Local Authority,Hillview Primary School,Springhill Road,Barrhead,GLASGOW,G78 2SE,East Renfrewshire,S12000011,S01008318,131024412,Non-denominational,20.3,247,5 - <10%,20 - <25%,72,N,N,N,6,5,Accessible Rural Areas,Accessible Rural Areas,1,1,658034,55.792211,-4.3964102,
5540526,5540526P,Primary,Local Authority,Hillwood Primary School,Station Road,Ratho Station,EDINBURGH,EH28 8PT,City of Edinburgh,S12000036,S01008997,906312211,Non-denominational,5.8,65,10 - <20%,*,59,N,N,N,6,5,Accessible Rural Areas,Accessible Rural Areas,6,5,672269,55.9356057,-3.3912089,
5115329,5115329P,Primary,Local Authority,Hilton of Cadboll Primary School,Hilton,Fearn,TAIN,IV20 1XR,Highland,S12000017,S01010750,130111781,Non-denominational,7,107,0%,50 - <55%,42,N,N,N,8,6,Very Remote Rural Areas,Remote Rural Areas,8,6,876261,57.7616919,-3.9041735,
5140226,5140226P,Primary,Local Authority,Hilton Primary School,Temple Crescent,Inverness,,IV2 4TP,Highland,S12000017,S01010613,10091914761,Non-denominational,15,274,5 - <10%,10 - <15%,34,N,N,N,2,2,Other Urban Areas,Other Urban Areas,2,2,843740,57.4645139,-4.2101048,
5946425,5946425P,Primary,Local Authority,Hoddom School,Langlands Road,Ecclefechan,LOCKERBIE,DG11 3DS,Dumfries and Galloway,S12000006,S01007654,137046789,Non-denominational,3.7,51,*,0%,42,N,N,N,6,5,Accessible Rural Areas,Accessible Rural Areas,6,5,574769,55.0608471,-3.2626099,
8440948,8440948SP,Special,Local Authority,Hollybrook Academy,135 Hollybrook Street,,GOVANHILL,G42 7HU,Glasgow City,S12000049,S01009898,906700261998,Non-denominational,29.4,127,>20%,55 - <60%,10,Y,N,Y,1,1,Large Urban Areas,Large Urban Areas,1,1,662715,55.8369837,-4.2532744,
5139120,5139120P,Primary,Local Authority,Holm Primary School,Stratherrick Road,Inverness,,IV2 4YL,Highland,S12000017,S01010605,130042558,Non-denominational,11.4,228,5 - <10%,*,77,N,N,N,2,2,Other Urban Areas,Other Urban Areas,2,2,842369,57.4516301,-4.2420805,
8231524,8231524P,Primary,Local Authority,Holmston Primary School,Holmston Road,Ayr,,KA7 3BB,South Ayrshire,S12000028,S01012483,141022643,Non-denominational,11.2,194,5 - <10%,30 - <35%,11,Y,N,Y,2,2,Other Urban Areas,Other Urban Areas,2,2,621296,55.457351,-4.62335,
8524831,8524831S,Secondary,Local Authority,Holy Cross High School,51 New Park Street,Hamilton,,ML3 0BN,South Lanarkshire,S12000029,S01012793,484154700,Roman Catholic,105.1,1438,5 - <10%,20 - <25%,7,Y,N,Y,2,2,Other Urban Areas,Other Urban Areas,2,2,656627,55.7857313,-4.0557965,
8355428,8355428P,Primary,Local Authority,Holy Cross Primary School,Constarry Road,Croy,KILSYTH,G65 9JG,North Lanarkshire,S12000050,S01011787,118016467,Roman Catholic,15.8,304,5 - <10%,25 - <30%,13,Y,N,Y,2,2,Other Urban Areas,Other Urban Areas,2,2,675590,55.9564625,-4.0370016,
8414122,8414122P,Primary,Local Authority,Holy Cross Primary School,316 Calder Street,,GLASGOW,G42 7NH,Glasgow City,S12000049,S01009895,906700256427,Roman Catholic,36.8,543,>20%,80 - <85%,4,Y,N,Y,1,1,Large Urban Areas,Large Urban Areas,1,1,662615,55.8360552,-4.2548976,
5525225,5525225P,Primary,Local Authority,Holy Cross RC Primary School,Craighall Road,Edinburgh,,EH6 4RE,City of Edinburgh,S12000036,S01008823,906337855,Roman Catholic,11.8,238,>20%,15 - <20%,91,N,N,N,1,1,Large Urban Areas,Large Urban Areas,1,1,676218,55.9731326,-3.1966518,
5509122,5509122P,Primary,Local Authority,Holy Family Primary School,Linlithgow Road,Winchburgh,WEST LOTHIAN,EH52 6FY,West Lothian,S12000040,S01013457,200004088402,Roman Catholic,12.4,156,>20%,*,34,N,N,N,3,3,Accessible Small Towns,Accessible Small Towns,3,3,674786,55.9573338,-3.4685351,
8336725,8336725P,Primary,Local Authority,Holy Family Primary School,Westergreens Avenue,Kirkintilloch,GLASGOW,G66 4AT,East Dunbartonshire,S12000045,S01008116,132018210,Roman Catholic,20.7,333,10 - <20%,*,79,N,N,N,2,2,Other Urban Areas,Other Urban Areas,2,2,672787,55.9291024,-4.1642032,
8512221,8512221P,Primary,Local Authority,Holy Family Primary School,Hope Street,Mossend,BELLSHILL,ML4 1QA,North Lanarkshire,S12000050,S01011522,118124086,Roman Catholic,12,162,>20%,30 - <35%,15,Y,N,Y,1,1,Large Urban Areas,Large Urban Areas,1,1,660252,55.8191013,-4.0078814,
5239923,5239923P,Primary,Local Authority,Holy Family RC School,Summerhill Terrace,Aberdeen,,AB15 6HE,Aberdeen City,S12000033,S01006553,9051020047,Roman Catholic,9.3,168,>20%,10 - <15%,76,N,N,N,1,1,Large Urban Areas,Large Urban Areas,1,1,806476,57.1490541,-2.1568812,
5444527,5444527P,Primary,Local Authority,Holy Name RC Primary School,Oakley Campus,Station Road,OAKLEY - DUNFERMLINE,KY12 9RJ,Fife,S12000047,S01009270,320284534,Roman Catholic,2.7,24,*,70 - <75%,20,N,Y,Y,3,3,Accessible Small Towns,Accessible Small Towns,3,3,689093,56.0846242,-3.5708592,
5533031,5533031S,Secondary,Local Authority,Holy Rood RC High School,55 Duddingston Road West,Edinburgh,,EH15 3ST,City of Edinburgh,S12000036,S01008700,906463299,Roman Catholic,88.1,1163,>20%,45 - <50%,83,N,N,N,1,1,Large Urban Areas,Large Urban Areas,1,1,672525,55.9404524,-3.1437404,
1004115,1004115P,Primary,Local Authority,Holy Trinity Primary School,New Dyke Road,Kirkintilloch,GLASGOW,G66 2JW,East Dunbartonshire,S12000045,S01008138,132057460,Roman Catholic,18.6,297,10 - <20%,25 - <30%,11,Y,N,Y,2,2,Other Urban Areas,Other Urban Areas,2,2,674192,55.9422549,-4.1346031,
8434530,8434530S,Secondary,Local Authority,Holyrood Secondary School,100 Dixon Road,,GLASGOW,G42 8AU,Glasgow City,S12000049,S01009897,906700257438,Roman Catholic,159.8,2269,>20%,40 - <45%,30,N,N,N,1,1,Large Urban Areas,Large Urban Areas,1,1,662234,55.8326759,-4.2524503,
8512027,8512027P,Primary,Local Authority,Holytown Primary School,Willow Grove,Holytown,MOTHERWELL,ML1 4SR,North Lanarkshire,S12000050,S01011502,118136655,Non-denominational,18.1,243,5 - <10%,25 - <30%,39,N,N,N,1,1,Large Urban Areas,Large Urban Areas,1,1,660175,55.8190477,-3.9684035,
5937523,5937523P,Primary,Local Authority,Holywood School,School Road,Holywood,DUMFRIES,DG2 0RF,Dumfries and Galloway,S12000006,S01007569,137048352,Non-denominational,3.9,61,*,10 - <15%,53,N,N,N,6,5,Accessible Rural Areas,Accessible Rural Areas,6,5,579804,55.1015298,-3.6450528,
6001521,6001521P,Primary,Local Authority,Hope Primary School,St Margaret's Hope,Orkney,,KW17 2TN,Orkney Islands,S12000023,S01011828,134014675,Non-denominational,4.4,54,0%,0%,50,N,N,N,8,6,Very Remote Rural Areas,Remote Rural Areas,8,6,993501,58.8253678,-2.9656175,
5201624,5201624P,Primary,Local Authority,Hopeman Primary School,School Road,Hopeman,MORAY,IV30 5TQ,Moray,S12000020,S01011143,133001201,Non-denominational,8.9,141,*,0%,91,N,N,N,6,5,Accessible Rural Areas,Accessible Rural Areas,6,5,869647,57.7084965,-3.431583,
5245842,5245842SP,Special,Local Authority,Hospital & Home Tuition Service,Royal Aberdeen Children's Hospital,Lowit Unit - Westburn Road,ABERDEEN,AB25 2ZG,Aberdeen City,S12000033,S01006563,9051049219,Non-denominational,0,0,0,0,73,N,N,N,1,1,Large Urban Areas,Large Urban Areas,1,1,806977,57.15358,-2.135214,"School Contacts List UPRN (9051131492) is not in SAD 2024 Q1.  GISAT has assigned the UPRN for the Royal Aberdeen Children's Hospital (9051049219), which shares the site.  Pupil roll, FTE teachers, proportion of pupils minority ethnic, and proportion of puplis 20% most deprived is recorded as zero as this school is not included in the School Level Summary Statistics."
8400946,8400946SP,Special,Local Authority,Hospital Education Service,RHSC,1345 Govan Road,GLASGOW,G3 8SJ,Glasgow City,S12000049,S01010284,906700032819,Non-denominational,0,0,0,0,86,N,N,N,1,1,Large Urban Areas,Large Urban Areas,1,1,666108,55.8666728,-4.2967894,"Pupil roll, FTE teachers, proportion of pupils minority ethnic, and proportion of puplis 20% most deprived is recorded as zero as this school is not included in the School Level Summary Statistics."
5947529,5947529P,Primary,Local Authority,Hottsbridge School,Waterbeck,Lockerbie,,DG11 3HA,Dumfries and Galloway,S12000006,S01007655,137067154,Non-denominational,1.6,11,0%,0%,46,N,N,N,6,5,Accessible Rural Areas,Accessible Rural Areas,7,6,577974,55.0905863,-3.1687825,
8622221,8622221P,Primary,Local Authority,Houston Primary School,Crosslee Road,,HOUSTON,PA6 7EJ,Renfrewshire,S12000038,S01012234,123014516,Non-denominational,25.7,534,5 - <10%,0 - <5%,78,N,N,N,3,3,Accessible Small Towns,Accessible Small Towns,3,3,666314,55.8636639,-4.5440923,
5501121,5501121P,Primary,Local Authority,Howden St Andrew's Primary School,Kingsport Avenue,Howden East,LIVINGSTON,EH54 6BA,West Lothian,S12000040,S01013311,135009667,Roman Catholic,17.9,280,10 - <20%,20 - <25%,24,N,Y,Y,2,2,Other Urban Areas,Other Urban Areas,2,2,667753,55.893648,-3.5082183,
8441049,8441049SP,Special,Local Authority,Howford Primary School,Gowanbank Campus,1 Craigbank Drive,GLASGOW,G53 6RA,Glasgow City,S12000049,S01009785,906700504648,Non-denominational,15.6,60,>20%,65 - <70%,7,Y,N,Y,1,1,Large Urban Areas,Large Urban Areas,1,1,660725,55.8170384,-4.3629966,
8622426,8622426P,Primary,Local Authority,Howwood Primary School,Semple View,,HOWWOOD,PA9 1BT,Renfrewshire,S12000038,S01012024,123016847,Non-denominational,8.7,116,0 - <5%,0%,80,N,N,N,6,5,Accessible Rural Areas,Accessible Rural Areas,6,5,660267,55.8090933,-4.5547548,
5553822,5553822P,Primary,Local Authority,Humbie Primary School,Humbie,East Lothian,,EH36 5PJ,East Lothian,S12000010,S01008247,138030416,Non-denominational,1.9,10,0%,0%,62,N,N,N,6,5,Accessible Rural Areas,Accessible Rural Areas,6,5,662705,55.8544755,-2.8673025,
8531226,8531226P,Primary,Local Authority,Hunter Primary School,Crawford Drive,Calderwood,EAST KILBRIDE,G74 3YB,South Lanarkshire,S12000029,S01012922,484175446,Non-denominational,11.8,180,5 - <10%,*,67,N,N,N,2,2,Other Urban Areas,Other Urban Areas,2,2,654936,55.7688433,-4.1544504,
8221421,8221421P,Primary,Local Authority,Hurlford Primary School,Union Street,Hurlford,,KA1 5BT,East Ayrshire,S12000008,S01007957,127027459,Non-denominational,13.4,206,0 - <5%,65 - <70%,23,N,Y,Y,2,2,Other Urban Areas,Other Urban Areas,2,2,636834,55.6004907,-4.4556811,
5407842,5407842SP,Special,Local Authority,Hyndhead School,Barncraig Street,Buckhaven,LEVEN,KY8 1JE,Fife,S12000047,S01009619,320286728,Non-denominational,6.4,25,0%,60 - <65%,17,N,Y,Y,2,2,Other Urban Areas,Other Urban Areas,2,2,698813,56.1776603,-3.029393,
8414521,8414521P,Primary,Local Authority,Hyndland Primary School,44 Fortrose Street,,GLASGOW,G11 5LP,Glasgow City,S12000049,S01010396,906700361407,Non-denominational,26.6,406,>20%,20 - <25%,47,N,N,N,1,1,Large Urban Areas,Large Urban Areas,1,1,666783,55.8725449,-4.3071751,
8434638,8434638S,Secondary,Local Authority,Hyndland Secondary School,74 Lauderdale Gardens,,GLASGOW,G12 9RQ,Glasgow City,S12000049,S01010400,906700079634,Non-denominational,80,1034,>20%,25 - <30%,98,N,N,N,1,1,Large Urban Areas,Large Urban Areas,1,1,667287,55.8770237,-4.3098869,
5202124,5202124P,Primary,Local Authority,Hythehill Primary School,Lossiemouth,Moray,,IV31 6RF,Moray,S12000020,S01011138,133039373,Non-denominational,19.1,287,0 - <5%,*,34,N,N,N,3,3,Accessible Small Towns,Accessible Small Towns,3,3,870354,57.7162621,-3.3004824,
8414629,8414629P,Primary,Local Authority,Ibrox Primary School & Nursery Class,46 Hinshelwood Drive,,GLASGOW,G51 2XP,Glasgow City,S12000049,S01009864,906700171108,Non-denominational,15.6,211,>20%,40 - <45%,23,N,Y,Y,1,1,Large Urban Areas,Large Urban Areas,1,1,664482,55.8518426,-4.3083603,
5340420,5340420P,Primary,Local Authority,Inch View Primary and Nursery School,Glenearn Community Campus,Glenearn Road,PERTH,PH2 0BE,Perth and Kinross,S12000048,S01011890,124092365,Non-denominational,24.2,400,>20%,25 - <30%,73,N,N,N,2,2,Other Urban Areas,Other Urban Areas,2,2,722546,56.3868285,-3.4382631,
8622523,8622523P,Primary,Local Authority,Inchinnan Primary School,Old Greenock Road,,INCHINNAN,PA4 9PH,Renfrewshire,S12000038,S01012188,123017710,Non-denominational,8,125,5 - <10%,*,55,N,N,N,2,2,Other Urban Areas,Other Urban Areas,2,2,669107,55.8909728,-4.4347772,
5344727,5344727P,Primary,Local Authority,Inchture Primary School,Inchture,Perthshire,,PH14 9RN,Perth and Kinross,S12000048,S01011961,124065222,Non-denominational,12.8,208,*,0%,62,N,N,N,6,5,Accessible Rural Areas,Accessible Rural Areas,6,5,728897,56.4467341,-3.168012,
1002848,1002848SP,Special,Local Authority,Inclusion and Wellbeing Service,Bog Road,Laurieston,FALKIRK,FK2 9PB,Falkirk,S12000014,S01009149,136075188,Non-denominational,16.8,11,0%,*,47,N,N,N,2,2,Other Urban Areas,Other Urban Areas,2,2,679900,55.9995198,-3.7560312,
8103925,8103925P,Primary,Local Authority,Innellan Primary School,Wyndham Road,Innellan,ARGYLL,PA23 7SJ,Argyll and Bute,S12000035,S01007354,125031793,Non-denominational,2.7,15,0%,0%,52,N,N,N,8,6,Very Remote Rural Areas,Remote Rural Areas,8,6,670796,55.8946904,-4.9579163,
5553725,5553725P,Primary,Local Authority,Innerwick Primary School,Innerwick,Dunbar,EAST LOTHIAN,EH42 1SD,East Lothian,S12000010,S01008282,138042473,Non-denominational,3.8,46,*,0%,61,N,N,N,6,5,Accessible Rural Areas,Accessible Rural Areas,6,5,674096,55.9590683,-2.4465398,
5231523,5231523P,Primary,Local Authority,Insch School,Alexander Street,Insch,ABERDEENSHIRE,AB52 6JH,Aberdeenshire,S12000034,S01007001,151085935,Non-denominational,18.2,338,0 - <5%,0%,69,N,N,N,6,5,Accessible Rural Areas,Accessible Rural Areas,6,5,828112,57.3420185,-2.6124474,
5120721,5120721P,Primary,Local Authority,Inshes Primary School,Inshes Road,Inverness,,IV2 3RF,Highland,S12000017,S01010595,130125493,Non-denominational,17.2,296,10 - <20%,5 - <10%,74,N,N,N,2,2,Other Urban Areas,Other Urban Areas,2,2,843682,57.4643271,-4.1909518,
5115426,5115426P,Primary,Local Authority,Inver Primary School,Inver,Tain,,IV20 1RX,Highland,S12000017,S01010749,130071366,Non-denominational,2.4,26,0%,0%,55,N,N,N,8,6,Very Remote Rural Areas,Remote Rural Areas,8,6,882282,57.8154917,-3.9236602,
5217326,5217326P,Primary,Local Authority,Inverallochy School,School Street,Inverallochy Fraserburgh,ABERDEENSHIRE,AB43 8XZ,Aberdeenshire,S12000034,S01007103,151086440,Non-denominational,8.6,127,*,*,60,N,N,N,6,5,Accessible Rural Areas,Accessible Rural Areas,6,5,865006,57.6748927,-1.9305878,
5502632,5502632S,Secondary,Local Authority,Inveralmond Community High School,Willowbank,Ladywell,LIVINGSTON,EH54 6HW,West Lothian,S12000040,S01013329,200004106914,Non-denominational,76.5,1033,5 - <10%,25 - <30%,26,N,N,N,2,2,Other Urban Areas,Other Urban Areas,2,2,668462,55.8998662,-3.5206788,
8104026,8104026P,Primary,Local Authority,Inveraray Primary School,Inveraray,Argyll,,PA32 8YH,Argyll and Bute,S12000035,S01007311,125041824,Non-denominational,6.5,59,*,0%,52,N,N,N,8,6,Very Remote Rural Areas,Remote Rural Areas,8,6,708411,56.2299319,-5.0758838,
5304121,5304121P,Primary,Local Authority,Inverarity Primary School,Gateside Road,Inverarity,BY FORFAR,DD8 2JN,Angus,S12000041,S01007240,117079084,Non-denominational,3,43,0%,*,46,N,N,N,6,5,Accessible Rural Areas,Accessible Rural Areas,6,5,744124,56.5857832,-2.8979609,
5300525,5300525P,Primary,Local Authority,Inverbrothock Primary School,East Kirkton Road,Arbroath,,DD11 4GR,Angus,S12000041,S01007173,117097423,Non-denominational,22.5,299,*,0 - <5%,75,N,N,N,2,2,Other Urban Areas,Other Urban Areas,2,2,742494,56.5729308,-2.6001465,
8640033,8640033S,Secondary,Local Authority,Inverclyde Academy,Cumberland Road,Greenock,,PA16 0FB,Inverclyde,S12000018,S01010853,119051658,Non-denominational,59.1,773,5 - <10%,55 - <60%,31,N,N,N,2,2,Other Urban Areas,Other Urban Areas,2,2,675418,55.9396978,-4.8103925,
5134129,5134129P,Primary,Local Authority,Invergarry Primary School,Invergarry,,,PH35 4HG,Highland,S12000017,S01010530,130111983,Non-denominational,2.9,22,*,0%,66,N,N,N,7,6,Remote Rural Areas,Remote Rural Areas,7,6,801069,57.0692668,-4.8009264,
8237549,8237549SP,Special,Local Authority,Invergarven School,Coalpots Road,Girvan,,KA26 0EH,South Ayrshire,S12000028,S01012431,141051415,Non-denominational,6.3,22,0%,*,45,N,N,N,4,4,Remote Small Towns,Remote Small Towns,4,4,597976,55.2424585,-4.8579952,
5119634,5119634S,Secondary,Local Authority,Invergordon Academy,Academy Road,Invergordon,,IV18 0LD,Highland,S12000017,S01010742,130005452,Non-denominational,31.2,343,5 - <10%,35 - <40%,31,N,N,N,4,4,Remote Small Towns,Remote Small Towns,4,4,869074,57.6928859,-4.1673377,
5339022,5339022P,Primary,Local Authority,Invergowrie Primary School,14 Errol Road,Invergowrie,,DD2 5AD,Perth and Kinross,S12000048,S01011966,124099460,Non-denominational,9.4,158,10 - <20%,*,72,N,N,N,1,1,Large Urban Areas,Large Urban Areas,6,5,730302,56.4602974,-3.0636314,
5134226,5134226P,Primary,Local Authority,Inverie Primary School,Inverie,By Mallaig,,PH41 4PL,Highland,S12000017,S01010506,130074388,Non-denominational,1.7,9,0%,0%,57,N,N,N,8,6,Very Remote Rural Areas,Remote Rural Areas,8,6,800251,57.0389673,-5.6861296,
5304229,5304229P,Primary,Local Authority,Inverkeilor Primary School,22 Station Road,Inverkeilor,ARBROATH,DD11 5RY,Angus,S12000041,S01007204,117097796,Non-denominational,5.3,63,0%,0%,54,N,N,N,6,5,Accessible Rural Areas,Accessible Rural Areas,6,5,749224,56.6336495,-2.5443001,
5446732,5446732S,Secondary,Local Authority,Inverkeithing High School,Hillend Road,Inverkeithing,,KY11 1PL,Fife,S12000047,S01009386,320188952,Non-denominational,126.4,1643,0 - <5%,0 - <5%,50,N,N,N,2,2,Other Urban Areas,Other Urban Areas,2,2,683450,56.0361237,-3.3868642,
5443326,5443326P,Primary,Local Authority,Inverkeithing Primary School,Hillend Road,Inverkeithing,,KY11 1PL,Fife,S12000047,S01009386,320284518,Non-denominational,18.4,339,5 - <10%,20 - <25%,50,N,N,N,2,2,Other Urban Areas,Other Urban Areas,2,2,683259,56.0343934,-3.3881182,
8642923,8642923P,Primary,Local Authority,Inverkip Primary School,Station Road,Inverkip,,PA16 0AY,Inverclyde,S12000018,S01010829,119000245,Non-denominational,13.2,206,*,*,58,N,N,N,3,3,Accessible Small Towns,Accessible Small Towns,3,3,672022,55.9078177,-4.8691744,
5134323,5134323P,Primary,Local Authority,Inverlochy Primary School,Inverlochy,Fort William,,PH33 6LS,Highland,S12000017,S01010520,130107819,Non-denominational,7.4,126,*,25 - <30%,65,N,N,N,2,2,Other Urban Areas,Other Urban Areas,2,2,774481,56.8233515,-5.0951096,
5142636,5142636S,Secondary,Local Authority,Inverness High School,Montague Row,Inverness,,IV3 5DZ,Highland,S12000017,S01010636,130048291,Non-denominational,45.7,491,5 - <10%,60 - <65%,63,N,N,N,2,2,Other Urban Areas,Other Urban Areas,2,2,845093,57.4762125,-4.2360979,
5142938,5142938S,Secondary,Local Authority,Inverness Royal Academy,Culduthel Road,Inverness,,IV2 6RE,Highland,S12000017,S01010596,130178280,Non-denominational,97.5,1351,0 - <5%,5 - <10%,76,N,N,N,2,2,Other Urban Areas,Other Urban Areas,6,5,842128,57.4497569,-4.2255981,
5231639,5231639S,Secondary,Local Authority,Inverurie Academy,"Inverurie Community Campus, Victoria Street",Inverurie,ABERDEENSHIRE,AB51 3QZ,Aberdeenshire,S12000034,S01006907,151179738,Non-denominational,96.7,1292,5 - <10%,0%,58,N,N,N,2,2,Other Urban Areas,Other Urban Areas,2,2,821333,57.2820484,-2.3784953,
5444624,5444624P,Primary,Local Authority,Inzievar Primary School,Oakley Campus,Station Road,OAKLEY - DUNFERMLINE,KY12 9RJ,Fife,S12000047,S01009270,320294812,Non-denominational,14.9,210,0 - <5%,50 - <55%,20,N,Y,Y,3,3,Accessible Small Towns,Accessible Small Towns,3,3,689093,56.0846242,-3.5708592,
6233627,6233627P,Primary,Local Authority,Iochdar Primary School,Iochdar,South Uist,,HS8 5RQ,Na h-Eileanan an Iar,S12000013,S01009018,139019698,Non-denominational,4.2,43,0%,0%,40,N,N,N,8,6,Very Remote Rural Areas,Remote Rural Areas,8,6,846019,57.3908587,-7.3452267,
8104123,8104123P,Primary,Local Authority,Iona Primary School,Isle Of Iona,Argyll,,PA76 6SJ,Argyll and Bute,S12000035,S01007287,125067299,Non-denominational,2.6,11,0%,0%,53,N,N,N,8,6,Very Remote Rural Areas,Remote Rural Areas,8,6,724145,56.3315589,-6.3946617,
8215138,8215138S,Secondary,Local Authority,Irvine Royal Academy,Kilwinning Road,,IRVINE,KA12 8SJ,North Ayrshire,S12000021,S01011226,126061021,Non-denominational,61.8,767,0 - <5%,70 - <75%,59,N,N,N,2,2,Other Urban Areas,Other Urban Areas,2,2,640418,55.628101,-4.6755844,
5302226,5302226P,Primary,Local Authority,Isla Primary School,Peel Farm,Lintrathen,KIRRIEMUIR,DD8 5JJ,Angus,S12000041,S01007279,117118292,Non-denominational,3,33,*,0%,56,N,N,N,6,5,Accessible Rural Areas,Accessible Rural Areas,6,5,754032,56.6722343,-3.2016771,
8109931,8109931S,Secondary,Local Authority,Islay High School,Bowmore,Isle Of Islay,ARGYLL,PA43 7LS,Argyll and Bute,S12000035,S01007327,125030848,Non-denominational,22.7,191,*,0%,39,N,N,N,8,6,Very Remote Rural Areas,Remote Rural Areas,8,6,659676,55.7553584,-6.2913891,
8602344,8602344SP,Special,Local Authority,Isobel Mair School,58 Stewarton Road,Newton Mearns,GLASGOW,G77 6NB,East Renfrewshire,S12000011,S01008328,131044843,Non-denominational,37.1,151,>20%,0 - <5%,71,N,N,N,1,1,Large Urban Areas,Large Urban Areas,1,1,656801,55.7820268,-4.3497673,
1006053,1006053P,Primary,Local Authority,Jackton Primary School,Rochester Avenue,,EAST KILBRIDE,G75 8WG,South Lanarkshire,S12000029,S01012894,484191061,Non-denominational,7,54,*,*,77,N,N,N,6,5,Accessible Rural Areas,Accessible Rural Areas,2,2,652782,55.747935,-4.241025,No UPRN was provided in the School Contact List dataset.  GISAT has assigned the UPRN for Jackton Primary School as it is in SAD 2024 Q1 (484191061).
8455724,8455724P,Primary,Local Authority,James Aiton Primary School,Morriston Street,,CAMBUSLANG,G72 7HZ,South Lanarkshire,S12000029,S01012846,484175428,Non-denominational,10.6,154,10 - <20%,70 - <75%,10,Y,N,Y,1,1,Large Urban Areas,Large Urban Areas,1,1,660807,55.8213331,-4.1700582,
5533139,5533139S,Secondary,Local Authority,James Gillespie's High School,57 Lauderdale Street,Edinburgh,,EH9 1DD,City of Edinburgh,S12000036,S01008623,906497001,Non-denominational,128.3,1628,>20%,*,99,N,N,N,1,1,Large Urban Areas,Large Urban Areas,1,1,672197,55.9369744,-3.1999443,
5525829,5525829P,Primary,Local Authority,James Gillespie's Primary School,Whitehouse Loan,Edinburgh,,EH9 1BD,City of Edinburgh,S12000036,S01008623,906461775,Non-denominational,26.8,540,>20%,0 - <5%,99,N,N,N,1,1,Large Urban Areas,Large Urban Areas,1,1,672169,55.9367001,-3.2019637,
1004573,1004573P,Primary,Local Authority,James Hamilton Primary,William McIlvanney Campus,Sutherland Drive,KILMARNOCK,KA3 7DF,East Ayrshire,S12000008,S01007985,127073025,Non-denominational,21.9,358,0 - <5%,25 - <30%,23,N,Y,Y,2,2,Other Urban Areas,Other Urban Areas,2,2,638487,55.6149783,-4.4744138,
5632730,5632730SP,Special,Local Authority,Jedburgh Grammar School,JEDBURGH GRAMMAR CAMPUS,PRIORS ROAD,JEDBURGH,TD8 6HH,Scottish Borders,S12000026,S01012350,116095203,Non-denominational,0,0,0,0,36,N,N,N,3,3,Accessible Small Towns,Accessible Small Towns,3,3,620639,55.4783531,-2.5453336,"Pupil roll, FTE teachers, proportion of pupils minority ethnic, and proportion of puplis 20% most deprived is recorded as zero as this school is not included in the School Level Summary Statistics."
5632730,5632730P,Primary,Local Authority,Jedburgh Grammar School,JEDBURGH GRAMMAR CAMPUS,PRIORS ROAD,JEDBURGH,TD8 6HH,Scottish Borders,S12000026,S01012350,116095203,Non-denominational,22.3,379,0 - <5%,*,36,N,N,N,3,3,Accessible Small Towns,Accessible Small Towns,3,3,620639,55.4783531,-2.5453336,
5632730,5632730S,Secondary,Local Authority,Jedburgh Grammar School,JEDBURGH GRAMMAR CAMPUS,PRIORS ROAD,JEDBURGH,TD8 6HH,Scottish Borders,S12000026,S01012350,116095203,Non-denominational,33.4,381,*,*,36,N,N,N,3,3,Accessible Small Towns,Accessible Small Towns,3,3,620639,55.4783531,-2.5453336,
5408644,5408644SP,Special,Local Authority,John Fergus School,Erskine Place,Glenrothes,,KY7 4JB,Fife,S12000047,S01009571,320178920,Non-denominational,5.1,19,0%,*,9,Y,N,Y,2,2,Other Urban Areas,Other Urban Areas,2,2,700645,56.1928287,-3.1742997,
8302928,8302928P,Primary,Local Authority,John Logie Baird Primary School,1 Winston Road,Helensburgh,,G84 9EP,Argyll and Bute,S12000035,S01007390,125046576,Non-denominational,10.9,92,*,15 - <20%,51,N,N,N,2,2,Other Urban Areas,Other Urban Areas,2,2,682709,56.0074398,-4.7117906,
8458731,8458731S,Secondary,Local Authority,John Paul Academy,2 Arrochar Street,,GLASGOW,G23 5LY,Glasgow City,S12000049,S01010347,906700004459,Roman Catholic,75,927,10 - <20%,65 - <70%,7,Y,N,Y,1,1,Large Urban Areas,Large Urban Areas,1,1,670276,55.9041447,-4.2961248,
8422621,8422621P,Primary,Local Authority,John Paul II Primary School,29 Dunagoil Road,,GLASGOW,G45 9UR,Glasgow City,S12000049,S01009975,906700431500,Roman Catholic,25,299,10 - <20%,80 - <85%,1,Y,N,Y,1,1,Large Urban Areas,Large Urban Areas,1,1,658449,55.7989639,-4.2357287,
5250129,5250129P,Primary,Local Authority,Johnshaven School,Seaview Terrace,Johnshaven by Montrose,ANGUS,DD10 0HF,Aberdeenshire,S12000034,S01006810,151102336,Non-denominational,3.2,40,0%,0%,55,N,N,N,6,5,Accessible Rural Areas,Accessible Rural Areas,6,5,766961,56.7937192,-2.3395958,
8628130,8628130S,Secondary,Local Authority,Johnstone High School,Beith Road,,JOHNSTONE,PA5 0JN,Renfrewshire,S12000038,S01012040,123018179,Non-denominational,74.2,869,0 - <5%,20 - <25%,66,N,N,N,1,1,Large Urban Areas,Large Urban Areas,1,1,661747,55.8229964,-4.5257465,
5947626,5947626P,Primary,Local Authority,Johnstonebridge School,Johnstonebridge,Lockerbie,DUMFRIESSHIRE,DG11 1ES,Dumfries and Galloway,S12000006,S01007640,137064877,Non-denominational,3.4,31,0%,0%,41,N,N,N,7,6,Remote Rural Areas,Remote Rural Areas,6,5,591740,55.2116636,-3.4169659,
8470332,8470332P,Primary,Grant Aided,Jordanhill School,45 Chamberlain Road,Jordanhill,GLASGOW,G13 1SP,Glasgow City,S12000049,S01010411,906700351517,Non-denominational,21.3,462,10 - <20%,*,96,N,N,N,1,1,Large Urban Areas,Large Urban Areas,1,1,668212,55.8848837,-4.3339081,
8470332,8470332S,Secondary,Grant Aided,Jordanhill School,45 Chamberlain Road,Jordanhill,GLASGOW,G13 1SP,Glasgow City,S12000049,S01010411,906700351517,Non-denominational,55.1,584,10 - <20%,*,96,N,N,N,1,1,Large Urban Areas,Large Urban Areas,1,1,668212,55.8848837,-4.3339081,
5525926,5525926P,Primary,Local Authority,Juniper Green Primary School,20 Baberton Mains Wynd,Edinburgh,,EH14 3EE,City of Edinburgh,S12000036,S01008436,906013718,Non-denominational,22.2,385,10 - <20%,5 - <10%,91,N,N,N,1,1,Large Urban Areas,Large Urban Areas,1,1,668907,55.9065522,-3.2848011,
5535042,5535042SP,Special,Local Authority,Kaimes School,140 Lasswade Road,Edinburgh,,EH16 6RT,City of Edinburgh,S12000036,S01008557,906308582,Non-denominational,30.7,94,5 - <10%,30 - <35%,17,N,Y,Y,1,1,Large Urban Areas,Large Urban Areas,1,1,668606,55.9051665,-3.1515131,
5245923,5245923P,Primary,Local Authority,Kaimhill Primary School,Pitmedden Terrace,Aberdeen,,AB10 7HR,Aberdeen City,S12000033,S01006530,9051040034,Non-denominational,21.7,392,>20%,0 - <5%,32,N,N,N,1,1,Large Urban Areas,Large Urban Areas,1,1,803635,57.1235651,-2.1287308,
1003046,1003046SP,Special,Local Authority,Kear Campus,Bardykes Road,Blantyre,,G72 9UJ,South Lanarkshire,S12000029,S01012765,484175685,Non-denominational,54.4,62,0%,40 - <45%,35,N,N,N,2,2,Other Urban Areas,Other Urban Areas,2,2,657941,55.7966832,-4.1064029,
5226929,5226929P,Primary,Local Authority,Keig School,Keig,Alford,ABERDEENSHIRE,AB33 8BH,Aberdeenshire,S12000034,S01006888,151113875,Non-denominational,3.1,26,0%,0%,80,N,N,N,7,6,Remote Rural Areas,Remote Rural Areas,6,5,818947,57.2595157,-2.6464624,
8104220,8104220P,Primary,Local Authority,Keills Primary School,Port Askaig,Isle Of Islay,ARGYLL,PA46 7RF,Argyll and Bute,S12000035,S01007326,125061020,Non-denominational,2.8,31,0%,0%,60,N,N,N,8,6,Very Remote Rural Areas,Remote Rural Areas,8,6,668669,55.8418947,-6.126297,
8513821,8513821P,Primary,Local Authority,Keir Hardie Memorial Primary,Brannock Road,Newarthill,MOTHERWELL,ML1 5DU,North Lanarkshire,S12000050,S01011456,118085961,Non-denominational,12.6,205,0 - <5%,35 - <40%,16,N,Y,Y,1,1,Large Urban Areas,Large Urban Areas,1,1,659420,55.8124719,-3.9552878,
5100720,5100720P,Primary,Local Authority,Keiss Primary School,Keiss,Wick,CAITHNESS,KW1 4XB,Highland,S12000017,S01010789,130072492,Non-denominational,2.2,38,0%,0%,42,N,N,N,8,6,Very Remote Rural Areas,Remote Rural Areas,8,6,961232,58.5342717,-3.1219664,
5208831,5208831S,Secondary,Local Authority,Keith Grammar School,School Road,Keith,MORAY,AB55 5GS,Moray,S12000020,S01011060,133038733,Non-denominational,35.8,370,0 - <5%,0%,61,N,N,N,4,4,Remote Small Towns,Remote Small Towns,4,4,850937,57.5449929,-2.9451608,
5207525,5207525P,Primary,Local Authority,Keith Primary School,School Road,Keith,MORAY,AB55 5ES,Moray,S12000020,S01011060,133040394,Non-denominational,20,325,*,0%,61,N,N,N,4,4,Remote Small Towns,Remote Small Towns,4,4,850820,57.5439405,-2.9453507,
5227127,5227127P,Primary,Local Authority,Keithhall School,Keithhall,Inverurie,ABERDEENSHIRE,AB51 0LX,Aberdeenshire,S12000034,S01006912,151107134,Non-denominational,3,36,0%,0%,78,N,N,N,6,5,Accessible Rural Areas,Accessible Rural Areas,6,5,820948,57.2787189,-2.3303814,
8441146,8441146SP,Special,Local Authority,Kelbourne Park Primary School,109 Hotspur Street,,GLASGOW,G20 8LH,Glasgow City,S12000049,S01010322,906700057341,Inter-denominational,14.6,63,>20%,70 - <75%,85,N,N,N,1,1,Large Urban Areas,Large Urban Areas,1,1,668015,55.8839892,-4.287275,
5232228,5232228P,Primary,Local Authority,Kellands School,Upper Manse Road,Inverurie,ABERDEENSHIRE,AB51 3YH,Aberdeenshire,S12000034,S01006902,151101765,Non-denominational,23.5,396,5 - <10%,0%,39,N,N,N,2,2,Other Urban Areas,Other Urban Areas,2,2,821101,57.2799453,-2.3842681,
5937825,5937825P,Primary,Local Authority,Kelloholm School,Hyslop Street,Kelloholm,SANQUHAR,DG4 6QJ,Dumfries and Galloway,S12000006,S01007553,137022868,Non-denominational,10.4,161,*,*,19,N,Y,Y,7,6,Remote Rural Areas,Remote Rural Areas,7,6,611525,55.3814799,-3.9898749,
5916720,5916720P,Primary,Local Authority,Kells School,Braeside,New Galloway,CASTLE DOUGLAS,DG7 3RL,Dumfries and Galloway,S12000006,S01007550,137039697,Non-denominational,2.9,30,0%,0%,43,N,N,N,7,6,Remote Rural Areas,Remote Rural Areas,7,6,577913,55.0767644,-4.144358,
5632838,5632838S,Secondary,Local Authority,Kelso High School,Angraflat Road,Kelso,ROXBURGHSHIRE,TD5 7NL,Scottish Borders,S12000026,S01012332,116086333,Non-denominational,48.4,592,*,*,68,N,N,N,4,4,Remote Small Towns,Remote Small Towns,7,6,635240,55.6099802,-2.4377738,
5443423,5443423P,Primary,Local Authority,Kelty Primary School,Main Street,Kelty,,KY4 0AQ,Fife,S12000047,S01009427,320190989,Non-denominational,27.8,406,0 - <5%,45 - <50%,13,Y,N,Y,3,3,Accessible Small Towns,Accessible Small Towns,3,3,694520,56.1356576,-3.3810167,
8414823,8414823P,Primary,Local Authority,Kelvindale Primary School,11 Dorchester Place,,GLASGOW,G12 0BP,Glasgow City,S12000049,S01010467,906700028652,Non-denominational,21.9,383,>20%,15 - <20%,73,N,N,N,1,1,Large Urban Areas,Large Urban Areas,1,1,668487,55.8877384,-4.3136261,
5233038,5233038S,Secondary,Local Authority,Kemnay Academy,Bremner Way,Kemnay Inverurie,ABERDEENSHIRE,AB51 5FW,Aberdeenshire,S12000034,S01006889,151085963,Non-denominational,74.5,993,0 - <5%,0%,40,N,N,N,3,3,Accessible Small Towns,Accessible Small Towns,3,3,816838,57.2414366,-2.4476861,
5230721,5230721P,Primary,Local Authority,Kemnay Primary School,Grove Road,Kemnay Inverurie,ABERDEENSHIRE,AB51 5RA,Aberdeenshire,S12000034,S01006891,151085965,Non-denominational,11.1,195,5 - <10%,0%,79,N,N,N,3,3,Accessible Small Towns,Accessible Small Towns,3,3,815893,57.2329644,-2.4439573,
5344824,5344824P,Primary,Local Authority,Kenmore Primary School,Kenmore,By Aberfeldy,PERTHSHIRE,PH15 2HL,Perth and Kinross,S12000048,S01012018,124070375,Non-denominational,2.9,34,10 - <20%,0%,66,N,N,N,8,6,Very Remote Rural Areas,Remote Rural Areas,8,6,745505,56.5853975,-3.9968141,
5227224,5227224P,Primary,Local Authority,Kennethmont School,Kennethmont,Huntly,ABERDEENSHIRE,AB54 4NP,Aberdeenshire,S12000034,S01007004,151107687,Non-denominational,3.9,65,0%,0%,63,N,N,N,7,6,Remote Rural Areas,Remote Rural Areas,7,6,828935,57.3486178,-2.7575828,
5402921,5402921P,Primary,Local Authority,Kennoway Primary & Community School,Langside Crescent,Kennoway,LEVEN,KY8 5JR,Fife,S12000047,S01009659,320299302,Non-denominational,21.7,385,0 - <5%,40 - <45%,11,Y,N,Y,2,2,Other Urban Areas,Other Urban Areas,2,2,703082,56.2158354,-3.0509257,
5359627,5359627P,Primary,Local Authority,Kettins Primary School,School Road,Kettins,BLAIRGOWRIE,PH13 9JL,Perth and Kinross,S12000048,S01011972,124065323,Non-denominational,2.8,27,*,0%,56,N,N,N,6,5,Accessible Rural Areas,Accessible Rural Areas,6,5,738949,56.5363612,-3.2383125,
5423120,5423120P,Primary,Local Authority,Kettle Primary School,6 Rumdewan,Kingskettle,CUPAR,KY15 7QR,Fife,S12000047,S01009662,320177222,Non-denominational,5.2,82,*,0%,55,N,N,N,6,5,Accessible Rural Areas,Accessible Rural Areas,6,5,708086,56.2602083,-3.1179562,
8623228,8623228P,Primary,Local Authority,Kilbarchan Primary School,Meadside Avenue,,KILBARCHAN,PA10 2LA,Renfrewshire,S12000038,S01012033,123027471,Non-denominational,13.2,214,0 - <5%,10 - <15%,54,N,N,N,1,1,Large Urban Areas,Large Urban Areas,1,1,663736,55.8403531,-4.5505458,
8312729,8312729P,Primary,Local Authority,Kilbowie Primary School,West Thomson Street,,CLYDEBANK,G81 3EA,West Dunbartonshire,S12000039,S01013141,129021935,Non-denominational,15.2,244,5 - <10%,60 - <65%,18,N,Y,Y,1,1,Large Urban Areas,Large Urban Areas,1,1,671384,55.9119833,-4.4070665,
8104522,8104522P,Primary,Local Authority,Kilchattan Primary School,Kilchattan,Isle Of Colonsay,ARGYLL,PA61 7YR,Argyll and Bute,S12000035,S01007324,125062214,Non-denominational,1.8,2,*,*,55,N,N,N,8,6,Very Remote Rural Areas,Remote Rural Areas,8,6,695766,56.0824528,-6.2188323,
5130921,5130921P,Primary,Local Authority,Kilchoan Primary School,Kilchoan,Acharacle,,PH36 4LH,Highland,S12000017,S01010504,130111364,Non-denominational,1.6,13,0%,0%,58,N,N,N,8,6,Very Remote Rural Areas,Remote Rural Areas,8,6,763753,56.6977819,-6.102603,
5142431,5142431S,Secondary,Local Authority,Kilchuimen Academy,Station Road,Fort Augustus,INVERNESS-SHIRE,PH32 4DL,Highland,S12000017,S01010668,130099940,Non-denominational,10.5,47,*,0%,66,N,N,N,7,6,Remote Rural Areas,Remote Rural Areas,7,6,809053,57.1435529,-4.6853267,
5153727,5153727P,Primary,Local Authority,Kilchuimen Primary School,Station Road,Fort Augustus,INVERNESS-SHIRE,PH32 4DL,Highland,S12000017,S01010668,130169547,Non-denominational,5,48,*,0%,66,N,N,N,7,6,Remote Rural Areas,Remote Rural Areas,7,6,809062,57.1436377,-4.6852409,
8303223,8303223P,Primary,Local Authority,Kilcreggan Primary School,School Road,Kilcreggan,HELENSBURGH,G84 0HT,Argyll and Bute,S12000035,S01007374,125044970,Non-denominational,5.7,81,*,0%,66,N,N,N,7,6,Remote Rural Areas,Remote Rural Areas,7,6,681004,55.9891702,-4.8424207,
8355924,8355924P,Primary,Local Authority,Kildrum Primary School,Ellisland Road,Kildrum,CUMBERNAULD,G67 2HQ,North Lanarkshire,S12000050,S01011750,118032987,Non-denominational,18.4,294,10 - <20%,25 - <30%,25,N,Y,Y,2,2,Other Urban Areas,Other Urban Areas,2,2,674922,55.9514553,-3.9758264,
5724627,5724627P,Primary,Local Authority,Killearn Primary School,Crosshead Road,Killearn,,G63 9RN,Stirling,S12000030,S01013004,122007766,Non-denominational,12.1,188,*,0%,77,N,N,N,6,5,Accessible Rural Areas,Accessible Rural Areas,6,5,685712,56.041445,-4.3716152,
8324425,8324425P,Primary,Local Authority,Killermont Primary School,1 Aviemore Gardens,Bearsden,,G61 2BL,East Dunbartonshire,S12000045,S01008078,132001426,Non-denominational,25.3,442,10 - <20%,*,96,N,N,N,1,1,Large Urban Areas,Large Urban Areas,1,1,671963,55.9189658,-4.314302,
5721121,5721121P,Primary,Local Authority,Killin Primary School,Main Street,Killin,,FK21 8UW,Stirling,S12000030,S01013120,122000832,Non-denominational,4.6,54,0%,0%,59,N,N,N,8,6,Very Remote Rural Areas,Remote Rural Areas,8,6,733021,56.467621,-4.3185984,
8643024,8643024P,Primary,Local Authority,Kilmacolm Primary School,Churchill Road,Kilmacolm,,PA13 4LH,Inverclyde,S12000018,S01010820,119000203,Non-denominational,13.5,225,5 - <10%,10 - <15%,58,N,N,N,3,3,Accessible Small Towns,Accessible Small Towns,3,3,669486,55.8903042,-4.633006,
1004522,1004522S,Secondary,Local Authority,Kilmarnock Academy,William McIlvanney Campus,Sutherland Drive,KILMARNOCK,KA3 7DF,East Ayrshire,S12000008,S01007985,127073024,Non-denominational,86,1264,0 - <5%,30 - <35%,23,N,Y,Y,2,2,Other Urban Areas,Other Urban Areas,2,2,638531,55.6153944,-4.4731779,
5426847,5426847SP,Special,Local Authority,Kilmaron School,Balgarvie Road,Cupar,,KY15 4PE,Fife,S12000047,S01009688,320175602,Non-denominational,5.5,23,0%,*,15,Y,N,Y,3,3,Accessible Small Towns,Accessible Small Towns,3,3,714951,56.3226742,-3.027293,
8105022,8105022P,Primary,Local Authority,Kilmartin Primary School,Kilmartin,Lochgilphead,ARGYLL,PA31 8QF,Argyll and Bute,S12000035,S01007313,125050806,Non-denominational,2.5,27,0%,0%,57,N,N,N,8,6,Very Remote Rural Areas,Remote Rural Areas,8,6,698105,56.1261439,-5.4944924,
8223122,8223122P,Primary,Local Authority,Kilmaurs Primary School,15 Sunnyside,Kilmaurs,,KA3 2RY,East Ayrshire,S12000008,S01008031,127002920,Non-denominational,12.8,223,0 - <5%,*,33,N,N,N,6,5,Accessible Rural Areas,Accessible Rural Areas,6,5,641181,55.6380756,-4.5287784,
8105324,8105324P,Primary,Local Authority,Kilmodan Primary School,Kilmodan,Glendaruel,ARGYLL,PA22 3AE,Argyll and Bute,S12000035,S01007352,125059361,Non-denominational,0.8,11,0%,0%,49,N,N,N,8,6,Very Remote Rural Areas,Remote Rural Areas,8,6,688984,56.0528723,-5.171544,
8200424,8200424P,Primary,Local Authority,Kilmory Primary School,Kilmory,,ISLE OF ARRAN,KA27 8PQ,North Ayrshire,S12000021,S01011172,126058050,Non-denominational,2.4,23,*,0%,50,N,N,N,8,6,Very Remote Rural Areas,Remote Rural Areas,8,6,621452,55.4441841,-5.2317909,
5126827,5126827P,Primary,Local Authority,Kilmuir Primary School,Portree,Isle Of Skye,,IV51 9UB,Highland,S12000017,S01010683,130111138,Non-denominational,4.6,17,*,0%,49,N,N,N,8,6,Very Remote Rural Areas,Remote Rural Areas,8,6,869062,57.6355806,-6.376136,
8105626,8105626P,Primary,Local Authority,Kilninver Primary School,Kilninver,Oban,ARGYLL,PA34 4UT,Argyll and Bute,S12000035,S01007309,125064144,Non-denominational,2.9,22,0%,0%,53,N,N,N,8,6,Very Remote Rural Areas,Remote Rural Areas,8,6,721053,56.3319851,-5.5112999,
8314942,8314942SP,Special,Local Authority,Kilpatrick School,Mountblow Road,Dalmuir,CLYDEBANK,G81 4BD,West Dunbartonshire,S12000039,S01013164,129057088,Non-denominational,41.2,210,0 - <5%,55 - <60%,24,N,Y,Y,1,1,Large Urban Areas,Large Urban Areas,1,1,672674,55.9231295,-4.4302006,
8358532,8358532S,Secondary,Local Authority,Kilsyth Academy,Balmalloch,Kilsyth,GLASGOW,G65 9NF,North Lanarkshire,S12000050,S01011800,118013090,Non-denominational,41.2,441,0 - <5%,15 - <20%,62,N,N,N,2,2,Other Urban Areas,Other Urban Areas,2,2,678267,55.980038,-4.0659549,
8358222,8358222P,Primary,Local Authority,Kilsyth Primary School,Shuttle Street,Kilsyth,,G65 0BL,North Lanarkshire,S12000050,S01011796,118012738,Non-denominational,9.9,104,5 - <10%,35 - <40%,15,Y,N,Y,2,2,Other Urban Areas,Other Urban Areas,2,2,677649,55.974692,-4.0535217,
5115922,5115922P,Primary,Local Authority,Kiltearn Primary School,Drummond Road,Evanton,,IV16 9UT,Highland,S12000017,S01010700,130003404,Non-denominational,6.2,113,*,*,72,N,N,N,7,6,Remote Rural Areas,Remote Rural Areas,7,6,865670,57.659194,-4.341549,
8217831,8217831S,Secondary,Local Authority,Kilwinning Academy,Dalry Road,,KILWINNING,KA13 7HD,North Ayrshire,S12000021,S01011295,126060677,Non-denominational,74.9,910,0 - <5%,55 - <60%,58,N,N,N,2,2,Other Urban Areas,Other Urban Areas,2,2,643657,55.6565907,-4.7040484,
8237425,8237425P,Primary,Local Authority,Kincaidston Primary School,25 Cranesbill Court,Kincaidston,AYR,KA7 3YN,South Ayrshire,S12000028,S01012464,141020077,Non-denominational,13.3,221,0 - <5%,50 - <55%,12,Y,N,Y,2,2,Other Urban Areas,Other Urban Areas,2,2,619467,55.4411063,-4.6142387,
5256925,5256925P,Primary,Local Authority,Kincardine O'Neil School,North Deeside Road,Kincardine O'Neil,ABERDEENSHIRE,AB34 5AA,Aberdeenshire,S12000034,S01006869,151086439,Non-denominational,3.1,35,0%,0%,75,N,N,N,7,6,Remote Rural Areas,Remote Rural Areas,7,6,799540,57.0850445,-2.6720985,
5721326,5721326P,Primary,Local Authority,Kincardine-in-Menteith Primary School,Blair Drummond,,STIRLING,FK9 4UX,Stirling,S12000030,S01013109,122048795,Non-denominational,2.9,35,*,*,57,N,N,N,6,5,Accessible Rural Areas,Accessible Rural Areas,6,5,698862,56.1651333,-4.0651109,
5232325,5232325P,Primary,Local Authority,Kinellar School,Fintray Road,Blackburn,ABERDEENSHIRE,AB21 0SR,Aberdeenshire,S12000034,S01006928,151129352,Non-denominational,20.2,345,5 - <10%,0%,70,N,N,N,3,3,Accessible Small Towns,Accessible Small Towns,3,3,812727,57.204975,-2.2888831,
5217423,5217423P,Primary,Local Authority,King Edward School,King Edward,Banff,ABERDEENSHIRE,AB45 3ND,Aberdeenshire,S12000034,S01007043,151104587,Non-denominational,2.1,24,0%,0%,55,N,N,N,7,6,Remote Rural Areas,Remote Rural Areas,7,6,857524,57.6068071,-2.4748612,
8234620,8234620P,Primary,Local Authority,Kingcase Primary School,Nursery Avenue,Prestwick,,KA9 2DG,South Ayrshire,S12000028,S01012512,141061448,Non-denominational,21,352,0 - <5%,5 - <10%,27,N,N,N,2,2,Other Urban Areas,Other Urban Areas,2,2,624565,55.4869643,-4.6126236,
5403022,5403022P,Primary,Local Authority,Kinghorn Primary School,Baliol Street,Kinghorn,BURNTISLAND,KY3 9UD,Fife,S12000047,S01009468,320179756,Non-denominational,13.8,187,0 - <5%,0 - <5%,31,N,N,N,6,5,Accessible Rural Areas,Accessible Rural Areas,6,5,686863,56.0689625,-3.177919,
5403227,5403227P,Primary,Local Authority,Kinglassie Primary School,85 Main Street,Kinglassie,LOCHGELLY,KY5 0YE,Fife,S12000047,S01009545,320182051,Non-denominational,12.6,152,0 - <5%,*,41,N,N,N,6,5,Accessible Rural Areas,Accessible Rural Areas,6,5,698777,56.1754306,-3.2372804,
8640521,8640521P,Primary,Local Authority,King's Oak Primary School,35 East Crawford Street,Greenock,,PA15 2DX,Inverclyde,S12000018,S01010902,119000463,Non-denominational,18.3,256,10 - <20%,80 - <85%,17,N,Y,Y,2,2,Other Urban Areas,Other Urban Areas,2,2,675171,55.9392458,-4.7317312,
5542820,5542820P,Primary,Local Authority,King's Park Primary School,20 Croft Street,Dalkeith,,EH22 3BA,Midlothian,S12000019,S01011010,120022203,Non-denominational,28,490,5 - <10%,15 - <20%,6,Y,N,Y,2,2,Other Urban Areas,Other Urban Areas,2,2,667001,55.8914755,-3.0705551,
8415129,8415129P,Primary,Local Authority,King's Park Primary School,44 Kingsbridge Drive,,GLASGOW,G44 4JS,Glasgow City,S12000049,S01009999,906700285731,Non-denominational,16.4,301,>20%,5 - <10%,75,N,N,N,1,1,Large Urban Areas,Large Urban Areas,1,1,660880,55.820675,-4.2432637,
8435138,8435138S,Secondary,Local Authority,King's Park Secondary School,14 Fetlar Drive,Simshill,GLASGOW,G44 5BL,Glasgow City,S12000049,S01009968,906700264786,Non-denominational,78,908,>20%,25 - <30%,64,N,N,N,1,1,Large Urban Areas,Large Urban Areas,1,1,660120,55.8137588,-4.2479574,
5444829,5444829P,Primary,Local Authority,King's Road Primary School,King's Crescent,Rosyth,DUNFERMLINE,KY11 2RS,Fife,S12000047,S01009373,320229815,Non-denominational,20.9,328,0 - <5%,*,32,N,N,N,2,2,Other Urban Areas,Other Urban Areas,2,2,683651,56.03748,-3.4263488,
5423422,5423422P,Primary,Local Authority,Kingsbarns Primary School,8 Main Street,Kingsbarns,ST ANDREWS,KY16 8SZ,Fife,S12000047,S01009715,320177692,Non-denominational,4.1,45,*,0%,63,N,N,N,6,5,Accessible Rural Areas,Accessible Rural Areas,6,5,711981,56.2984935,-2.659664,
5241820,5241820P,Primary,Local Authority,Kingsford School,Kingsford Road,Aberdeen,,AB16 6PQ,Aberdeen City,S12000033,S01006708,9051131493,Non-denominational,16.5,328,10 - <20%,10 - <15%,40,N,N,N,1,1,Large Urban Areas,Large Urban Areas,1,1,807065,57.1543259,-2.1716639,
5600529,5600529P,Primary,Local Authority,Kingsland Primary School,Neidpath Road,Peebles,,EH45 8NN,Scottish Borders,S12000026,S01012250,116075624,Non-denominational,18.1,332,*,0%,77,N,N,N,3,3,Accessible Small Towns,Accessible Small Towns,6,5,640629,55.653253,-3.206302,
5331749,5331749SP,Special,Local Authority,Kingspark School,5 Glenaffric Terrace,Dundee,,DD3 8HF,Dundee City,S12000042,S01007833,9059100832,Non-denominational,43.1,180,10 - <20%,45 - <50%,27,N,N,N,1,1,Large Urban Areas,Large Urban Areas,1,1,732194,56.4778495,-2.9960912,
5235227,5235227P,Primary,Local Authority,Kingswells Primary School,Kingswells Avenue,Kingswells,ABERDEEN,AB15 8TG,Aberdeen City,S12000033,S01006734,9051003948,Non-denominational,23.4,396,>20%,0%,97,N,N,N,3,3,Accessible Small Towns,Accessible Small Towns,3,3,807327,57.1566002,-2.2232764,
5146038,5146038S,Secondary,Local Authority,Kingussie High School,Ruthven Road,Kingussie,,PH21 1ES,Highland,S12000017,S01010533,130088744,Non-denominational,37.8,417,0 - <5%,0%,71,N,N,N,8,6,Very Remote Rural Areas,Remote Rural Areas,8,6,800431,57.0780863,-4.0496656,
5146224,5146224P,Primary,Local Authority,Kingussie Primary School,Station Road,Kingussie,,PH21 1EN,Highland,S12000017,S01010533,130110319,Non-denominational,3.7,67,0%,0%,71,N,N,N,8,6,Very Remote Rural Areas,Remote Rural Areas,8,6,800542,57.0790187,-4.0536275,
5217520,5217520P,Primary,Local Authority,Kininmonth School,Kininmonth,Peterhead,ABERDEENSHIRE,AB42 4HT,Aberdeenshire,S12000034,S01007095,151105722,Non-denominational,2.9,34,*,0%,60,N,N,N,6,5,Accessible Rural Areas,Accessible Rural Areas,6,5,852868,57.5658784,-1.9972824,
5345022,5345022P,Primary,Local Authority,Kinloch Rannoch Primary School,Kinloch Rannoch,By Pitlochry,PERTHSHIRE,PH16 5PL,Perth and Kinross,S12000048,S01012016,124027083,Non-denominational,1.4,16,0%,0%,52,N,N,N,8,6,Very Remote Rural Areas,Remote Rural Areas,8,6,758764,56.7013939,-4.1841815,
5153239,5153239S,Secondary,Local Authority,Kinlochbervie High School,Manse Road,Kinlochbervie,,IV27 4RG,Highland,S12000017,S01010815,130113725,Non-denominational,8.9,27,0%,0%,53,N,N,N,8,6,Very Remote Rural Areas,Remote Rural Areas,8,6,956530,58.4609996,-5.0361603,
5108322,5108322P,Primary,Local Authority,Kinlochbervie Primary School,Manse Road,Kinlochbervie,LAIRG,IV27 4RG,Highland,S12000017,S01010815,130145051,Non-denominational,2.7,19,*,0%,53,N,N,N,8,6,Very Remote Rural Areas,Remote Rural Areas,8,6,956475,58.4605161,-5.0357071,
5135532,5135532S,Secondary,Local Authority,Kinlochleven High School,Riverside Road,Kinlochleven,ARGYLL,PH50 4QG,Highland,S12000017,S01010527,130123390,Non-denominational,17,135,*,*,33,N,N,N,7,6,Remote Rural Areas,Remote Rural Areas,7,6,762019,56.7144552,-4.9668652,
5135427,5135427P,Primary,Local Authority,Kinlochleven Primary School,Kinlochleven,,,PH50 4QG,Highland,S12000017,S01010527,130123390,Non-denominational,3.5,50,*,0%,33,N,N,N,7,6,Remote Rural Areas,Remote Rural Areas,7,6,762019,56.7144552,-4.9668652,
5201721,5201721P,Primary,Local Authority,Kinloss Primary School,Burghead Road,Kinloss,MORAY,IV36 3SX,Moray,S12000020,S01011150,133001414,Non-denominational,15.3,221,10 - <20%,0%,63,N,N,N,6,5,Accessible Rural Areas,Accessible Rural Areas,6,5,861977,57.6380475,-3.5621486,
5142229,5142229P,Primary,Local Authority,Kinmylies Primary School,Assynt Road,Inverness,,IV3 8PB,Highland,S12000017,S01010654,130053419,Non-denominational,15.4,304,0 - <5%,35 - <40%,38,N,N,N,2,2,Other Urban Areas,Other Urban Areas,2,2,844693,57.4722868,-4.2547044,
5740029,5740029P,Primary,Local Authority,Kinnaird Primary School,McIntyre Avenue,Larbert,,FK5 4TQ,Falkirk,S12000014,S01009090,136074511,Non-denominational,47,685,5 - <10%,0 - <5%,78,N,N,N,2,2,Other Urban Areas,Other Urban Areas,2,2,684076,56.0360761,-3.8228437,
5250226,5250226P,Primary,Local Authority,Kinneff School,Kinneff,Inverbervie,MONTROSE,DD10 0SZ,Aberdeenshire,S12000034,S01006817,151117443,Non-denominational,1.5,10,0%,0%,72,N,N,N,6,5,Accessible Rural Areas,Accessible Rural Areas,6,5,776499,56.8796259,-2.2439614,
5758424,5758424P,Primary,Local Authority,Kinneil Primary School,Dean Road,Bo'ness,,EH51 0DJ,Falkirk,S12000014,S01009246,136058126,Non-denominational,17,252,0 - <5%,20 - <25%,47,N,N,N,2,2,Other Urban Areas,Other Urban Areas,2,2,680847,56.0099818,-3.6131408,
5347025,5347025P,Primary,Local Authority,Kinnoull Primary School,Dundee Road,Perth,,PH2 7EY,Perth and Kinross,S12000048,S01011946,124035460,Non-denominational,10.1,179,5 - <10%,5 - <10%,39,N,N,N,2,2,Other Urban Areas,Other Urban Areas,2,2,723522,56.3957882,-3.421561,
5350530,5350530S,Secondary,Local Authority,Kinross High School,Loch Leven Community Campus,The Muirs,KINROSS,KY13 8FQ,Perth and Kinross,S12000048,S01011834,124092361,Non-denominational,67.3,912,0 - <5%,0 - <5%,85,N,N,N,3,3,Accessible Small Towns,Accessible Small Towns,6,5,703586,56.2166209,-3.4252222,
5345227,5345227P,Primary,Local Authority,Kinross Primary School,Station Road,Kinross,,KY13 8TG,Perth and Kinross,S12000048,S01011842,124112974,Non-denominational,24,446,0 - <5%,*,51,N,N,N,3,3,Accessible Small Towns,Accessible Small Towns,3,3,702363,56.2056018,-3.4280102,
5231922,5231922P,Primary,Local Authority,Kintore School,Castle Walk,Kintore,ABERDEENSHIRE,AB51 0RU,Aberdeenshire,S12000034,S01006920,151650920,Non-denominational,22.3,383,0 - <5%,0%,70,N,N,N,3,3,Accessible Small Towns,Accessible Small Towns,3,3,816056,57.234724,-2.3489228,
5724724,5724724P,Primary,Local Authority,Kippen Primary School,Main Street,Kippen,,FK8 3DN,Stirling,S12000030,S01013017,122010038,Non-denominational,8.7,133,0 - <5%,0%,65,N,N,N,6,5,Accessible Rural Areas,Accessible Rural Areas,6,5,694682,56.1256939,-4.174352,
8504628,8504628P,Primary,Local Authority,Kirk O'Shotts Primary School,School Road,Salsburgh,SHOTTS,ML7 4NS,North Lanarkshire,S12000050,S01011446,118174318,Non-denominational,4.6,60,0%,45 - <50%,37,N,N,N,6,5,Accessible Rural Areas,Accessible Rural Areas,6,5,663038,55.8465086,-3.8570513,
5930227,5930227P,Primary,Local Authority,Kirkbean School,Kirkbean,Dumfries,,DG2 8DW,Dumfries and Galloway,S12000006,S01007596,137072733,Non-denominational,1.7,11,0%,0%,43,N,N,N,6,5,Accessible Rural Areas,Accessible Rural Areas,6,5,559240,54.9173849,-3.5947502,
5407036,5407036S,Secondary,Local Authority,Kirkcaldy High School,Dunnikier Way,Kirkcaldy,,KY1 3LR,Fife,S12000047,S01009519,320181775,Non-denominational,114.3,1469,5 - <10%,20 - <25%,58,N,N,N,2,2,Other Urban Areas,Other Urban Areas,2,2,693891,56.1322214,-3.1661285,
5403820,5403820P,Primary,Local Authority,Kirkcaldy North Primary School,Nile Street,Kirkcaldy,,KY2 5AY,Fife,S12000047,S01009481,320181592,Non-denominational,11.5,164,10 - <20%,60 - <65%,56,N,N,N,2,2,Other Urban Areas,Other Urban Areas,2,2,692618,56.1208195,-3.1623252,
5404525,5404525P,Primary,Local Authority,Kirkcaldy West Primary School,Milton Road,Kirkcaldy,,KY1 1TL,Fife,S12000047,S01009472,320179208,Non-denominational,23.2,419,10 - <20%,55 - <60%,13,Y,N,Y,2,2,Other Urban Areas,Other Urban Areas,2,2,690810,56.1045646,-3.1633786,
5900824,5900824P,Primary,Local Authority,Kirkcolm School,Kirkcolm,Stranraer,,DG9 0NS,Dumfries and Galloway,S12000006,S01007494,137085527,Non-denominational,2.6,37,0%,*,33,N,N,N,6,5,Accessible Rural Areas,Accessible Rural Areas,6,5,568467,54.9718338,-5.0769654,
5900921,5900921P,Primary,Local Authority,Kirkcowan School,Wellhouse Road,Kirkcowan,NEWTON STEWART,DG8 0HP,Dumfries and Galloway,S12000006,S01007504,137082321,Non-denominational,2.8,42,*,0%,44,N,N,N,7,6,Remote Rural Areas,Remote Rural Areas,7,6,561035,54.9159166,-4.6115884,
5918731,5918731S,Secondary,Local Authority,Kirkcudbright Academy,St Mary's Wynd,Kirkcudbright,,DG6 4JN,Dumfries and Galloway,S12000006,S01007526,137000399,Non-denominational,34.6,414,*,0%,42,N,N,N,4,4,Remote Small Towns,Remote Small Towns,4,4,550875,54.8352477,-4.0577117,
5910420,5910420P,Primary,Local Authority,Kirkcudbright Primary School,St Mary's Wynd,,KIRKCUDBRIGHT,DG6 4JT,Dumfries and Galloway,S12000006,S01007526,137103703,Non-denominational,12.8,223,*,0%,42,N,N,N,4,4,Remote Small Towns,Remote Small Towns,4,4,550779,54.8343818,-4.0575233,
8547920,8547920P,Primary,Local Authority,Kirkfieldbank Primary School,144 Riverside Road,Kirkfieldbank,LANARK,ML11 9JS,South Lanarkshire,S12000029,S01012634,484164177,Non-denominational,4.9,34,0%,*,34,N,N,N,3,3,Accessible Small Towns,Accessible Small Towns,3,3,643811,55.6744524,-3.8081764,
5917123,5917123P,Primary,Local Authority,Kirkgunzeon School,Kirkgunzeon,Dumfries,,DG2 8LA,Dumfries and Galloway,S12000006,S01007545,137073133,Non-denominational,2.7,18,*,0%,71,N,N,N,6,5,Accessible Rural Areas,Accessible Rural Areas,6,5,566780,54.9826539,-3.774898,
5142326,5142326P,Primary,Local Authority,Kirkhill Primary School,St Mary's Road,Kirkhill,INVERNESS-SHIRE,IV5 7NX,Highland,S12000017,S01010662,130110231,Non-denominational,8.8,144,5 - <10%,0%,55,N,N,N,6,5,Accessible Rural Areas,Accessible Rural Areas,6,5,845612,57.4776761,-4.4096868,
5506123,5506123P,Primary,Local Authority,Kirkhill Primary School,Rashierig Road,Broxburn,WEST LOTHIAN,EH52 6AW,West Lothian,S12000040,S01013463,200004084458,Non-denominational,17.9,255,5 - <10%,0 - <5%,36,N,N,N,2,2,Other Urban Areas,Other Urban Areas,2,2,672482,55.9363205,-3.4936926,
8601224,8601224P,Primary,Local Authority,Kirkhill Primary School,Kirkhill Road,Newton Mearns,GLASGOW,G77 5RJ,East Renfrewshire,S12000011,S01008364,131038064,Non-denominational,31.6,611,>20%,*,91,N,N,N,1,1,Large Urban Areas,Large Urban Areas,1,1,656149,55.7770496,-4.3030114,
5240522,5240522P,Primary,Local Authority,Kirkhill School,Cairngorm Gardens,Kincorth,ABERDEEN,AB12 5BS,Aberdeen City,S12000033,S01006609,9051057423,Non-denominational,18.5,295,5 - <10%,*,45,N,N,N,1,1,Large Urban Areas,Large Urban Areas,1,1,803281,57.1204184,-2.1004974,
5619122,5619122P,Primary,Local Authority,Kirkhope Primary School,Ettrickbridge,By Selkirk,,TD7 5JJ,Scottish Borders,S12000026,S01012378,116049772,Non-denominational,2.7,34,*,*,60,N,N,N,6,5,Accessible Rural Areas,Accessible Rural Areas,6,5,624350,55.5090859,-2.967946,
5901022,5901022P,Primary,Local Authority,Kirkinner School,Kirkinner,Newton Stewart,,DG8 9AL,Dumfries and Galloway,S12000006,S01007508,137008302,Non-denominational,2.9,24,0%,0%,38,N,N,N,7,6,Remote Rural Areas,Remote Rural Areas,7,6,551542,54.8337861,-4.4582142,
8337632,8337632S,Secondary,Local Authority,Kirkintilloch High School,Waterside Road,Kirkintilloch,,G66 3PA,East Dunbartonshire,S12000045,S01008141,132053073,Non-denominational,66.1,790,5 - <10%,15 - <20%,81,N,N,N,2,2,Other Urban Areas,Other Urban Areas,2,2,673499,55.9360568,-4.1323612,
8627029,8627029P,Primary,Local Authority,Kirklandneuk Primary School,Ard Road,,RENFREW,PA4 9DA,Renfrewshire,S12000038,S01012165,123076660,Non-denominational,29,446,10 - <20%,25 - <30%,10,Y,N,Y,1,1,Large Urban Areas,Large Urban Areas,1,1,667514,55.8773463,-4.399614,
8534322,8534322P,Primary,Local Authority,Kirklandpark Primary School,Kirklandpark Avenue,Strathaven,,ML10 6DY,South Lanarkshire,S12000029,S01012689,484181229,Non-denominational,20.6,367,0 - <5%,0%,89,N,N,N,3,3,Accessible Small Towns,Accessible Small Towns,3,3,644793,55.6790511,-4.075228,
5531721,5531721P,Primary,Local Authority,Kirkliston Primary School,15 Carmel Road,Kirkliston,EDINBURGH,EH29 9DD,City of Edinburgh,S12000036,S01008997,906045221,Non-denominational,33.6,632,10 - <20%,*,59,N,N,N,3,3,Accessible Small Towns,Accessible Small Towns,6,5,674546,55.9558482,-3.4103703,
5345324,5345324P,Primary,Local Authority,Kirkmichael Primary School,Kirkmichael,Blairgowrie,PERTHSHIRE,PH10 7NX,Perth and Kinross,S12000048,S01011981,124066732,Non-denominational,4,46,0%,0%,51,N,N,N,7,6,Remote Rural Areas,Remote Rural Areas,7,6,760058,56.7230684,-3.5059748,
8233527,8233527P,Primary,Local Authority,Kirkmichael Primary School,Woodside Avenue,Kirkmichael,,KA19 7PP,South Ayrshire,S12000028,S01012441,141018024,Non-denominational,4.3,34,0%,*,57,N,N,N,6,5,Accessible Rural Areas,Accessible Rural Areas,6,5,608547,55.342966,-4.6134458,
5500729,5500729P,Primary,Local Authority,Kirknewton Primary School,21 Station Road,Kirknewton,WEST LOTHIAN,EH27 8DD,West Lothian,S12000040,S01013289,200004077238,Non-denominational,12.5,172,0 - <5%,0%,83,N,N,N,6,5,Accessible Rural Areas,Accessible Rural Areas,6,5,667017,55.8879745,-3.4294595,
5947723,5947723P,Primary,Local Authority,Kirkpatrick Fleming School,Kirkpatrick Fleming,Lockerbie,,DG11 3AU,Dumfries and Galloway,S12000006,S01007652,137066840,Non-denominational,3.9,67,0%,0%,45,N,N,N,6,5,Accessible Rural Areas,Accessible Rural Areas,6,5,570475,55.0235284,-3.1335596,
8441448,8441448SP,Special,Local Authority,Kirkriggs Primary School,500 Croftfoot Road,,GLASGOW,G45 0NJ,Glasgow City,S12000049,S01009982,906700254034,Non-denominational,12.2,51,*,50 - <55%,9,Y,N,Y,1,1,Large Urban Areas,Large Urban Areas,1,1,660104,55.8141771,-4.2170165,
8502722,8502722P,Primary,Local Authority,Kirkshaws Primary School,Old Monkland Road,Coatbridge,,ML5 5EJ,North Lanarkshire,S12000050,S01011567,118109642,Non-denominational,12.7,195,5 - <10%,50 - <55%,19,N,Y,Y,2,2,Other Urban Areas,Other Urban Areas,2,2,663494,55.8477254,-4.0389255,
5423627,5423627P,Primary,Local Authority,Kirkton of Largo Primary School,34 North Feus,Upper Largo,LEVEN,KY8 6ER,Fife,S12000047,S01009651,320174181,Non-denominational,0,0,0,0,42,N,N,N,6,5,Accessible Rural Areas,Accessible Rural Areas,6,5,703690,56.2222537,-2.9317295,"Pupil roll, FTE teachers, proportion of pupils minority ethnic, and proportion of puplis 20% most deprived is recorded as zero as this school is not included in the School Level Summary Statistics."
8550727,8550727P,Primary,Local Authority,Kirkton Primary School,Kirkton Avenue,Carluke,,ML8 5AB,South Lanarkshire,S12000029,S01012599,484176789,Non-denominational,10.8,165,0 - <5%,0 - <5%,51,N,N,N,2,2,Other Urban Areas,Other Urban Areas,2,2,650438,55.7334938,-3.8426808,
8531323,8531323P,Primary,Local Authority,Kirktonholme Primary School,Dornoch Place,West Mains,EAST KILBRIDE,G74 1DJ,South Lanarkshire,S12000029,S01012937,484159271,Non-denominational,20.2,373,5 - <10%,*,52,N,N,N,2,2,Other Urban Areas,Other Urban Areas,2,2,654754,55.7665638,-4.1908302,
6002730,6002730S,Secondary,Local Authority,Kirkwall Grammar School,Kirkwall,Orkney,,KW15 1QN,Orkney Islands,S12000023,S01011823,134017599,Non-denominational,73.3,861,0 - <5%,0%,64,N,N,N,5,4,Very Remote Small Towns,Remote Small Towns,5,4,1010568,58.9787942,-2.9471656,
8105723,8105723P,Primary,Local Authority,Kirn Primary School,Park Road,Kirn,DUNOON,PA23 8EH,Argyll and Bute,S12000035,S01007364,125031672,Non-denominational,16,299,0 - <5%,35 - <40%,15,Y,N,Y,5,4,Very Remote Small Towns,Remote Small Towns,5,4,677901,55.9594109,-4.9222936,
5240425,5240425P,Primary,Local Authority,Kittybrewster School,Great Northern Road,Aberdeen,,AB24 3QG,Aberdeen City,S12000033,S01006657,9051074053,Non-denominational,18.4,302,>20%,15 - <20%,37,N,N,N,1,1,Large Urban Areas,Large Urban Areas,1,1,808142,57.1640633,-2.1163213,
5507529,5507529P,Primary,Local Authority,Knightsridge Primary School,Davidson Way,Knightsridge,LIVINGSTON,EH54 8HG,West Lothian,S12000040,S01013335,135013401,Non-denominational,19,231,5 - <10%,60 - <65%,17,N,Y,Y,2,2,Other Urban Areas,Other Urban Areas,2,2,669465,55.908865,-3.5218151,
8415226,8415226P,Primary,Local Authority,Knightswood Primary School,36 Knightscliffe Avenue,,GLASGOW,G13 2TE,Glasgow City,S12000049,S01010471,906700388532,Non-denominational,31.2,507,>20%,35 - <40%,27,N,N,N,1,1,Large Urban Areas,Large Urban Areas,1,1,669405,55.8955969,-4.3343756,
8435634,8435634S,Secondary,Local Authority,Knightswood Secondary School,60 Knightswood Road,,GLASGOW,G13 2XD,Glasgow City,S12000049,S01010477,906700072470,Non-denominational,92.6,1193,10 - <20%,45 - <50%,39,N,N,N,1,1,Large Urban Areas,Large Urban Areas,1,1,668853,55.890576,-4.3375285,
5201829,5201829P,Primary,Local Authority,Knockando Primary School,Knockando,Moray,,AB38 7RY,Moray,S12000020,S01011050,133048395,Non-denominational,3,44,0%,0%,64,N,N,N,7,6,Remote Rural Areas,Remote Rural Areas,7,6,843031,57.4702059,-3.357841,
5126924,5126924P,Primary,Local Authority,Knockbreck Primary School - Dunvegan,Hallin,Dunvegan,ISLE OF SKYE,IV55 8GP,Highland,S12000017,S01010684,130111094,Non-denominational,1.4,6,0%,0%,52,N,N,N,8,6,Very Remote Rural Areas,Remote Rural Areas,8,6,860187,57.5486349,-6.5767907,
5118328,5118328P,Primary,Local Authority,Knockbreck Primary School - Tain,Tain,,,IV19 1BL,Highland,S12000017,S01010752,130006970,Non-denominational,9.1,155,5 - <10%,*,41,N,N,N,5,4,Very Remote Small Towns,Remote Small Towns,5,4,881817,57.8093487,-4.0490532,
5619424,5619424P,Primary,Local Authority,Knowepark Primary School,1 Curror Street,Selkirk,,TD7 4HF,Scottish Borders,S12000026,S01012383,116001523,Non-denominational,13.2,217,0 - <5%,0 - <5%,66,N,N,N,3,3,Accessible Small Towns,Accessible Small Towns,3,3,629086,55.5526168,-2.8355149,
8512728,8512728P,Primary,Local Authority,Knowetop Primary School,Knowetop Avenue,Motherwell,,ML1 2AG,North Lanarkshire,S12000050,S01011377,118071642,Non-denominational,33.2,471,5 - <10%,5 - <10%,96,N,N,N,1,1,Large Urban Areas,Large Urban Areas,1,1,655949,55.7809025,-3.978777,
5555930,5555930S,Secondary,Local Authority,Knox Academy,Pencaitland Road,Haddington,EAST LOTHIAN,EH41 4DT,East Lothian,S12000010,S01008258,138029708,Non-denominational,71.7,902,0 - <5%,*,75,N,N,N,2,2,Other Urban Areas,Other Urban Areas,2,2,673639,55.9532565,-2.7872905,UPRN is a Parent UPRN in SAD 2024 Q1.
8302022,8302022P,Primary,Local Authority,Knoxland Primary School,Leven Street,,DUMBARTON,G82 1QU,West Dunbartonshire,S12000039,S01013193,129032353,Non-denominational,19,333,5 - <10%,10 - <15%,55,N,N,N,2,2,Other Urban Areas,Other Urban Areas,2,2,675132,55.9425968,-4.5593959,
8238030,8238030S,Secondary,Local Authority,Kyle Academy,7 Overmills Road,Ayr,,KA7 3LR,South Ayrshire,S12000028,S01012473,141032764,Non-denominational,63.5,821,0 - <5%,5 - <10%,79,N,N,N,2,2,Other Urban Areas,Other Urban Areas,2,2,621252,55.4574684,-4.5993456,
5123127,5123127P,Primary,Local Authority,Kyle Primary School,Kyle Of Lochalsh,,,IV40 8LG,Highland,S12000017,S01010672,130111616,Non-denominational,3.2,35,*,0%,35,N,N,N,8,6,Very Remote Rural Areas,Remote Rural Areas,8,6,827848,57.2861143,-5.7188921,
5127025,5127025P,Primary,Local Authority,Kyleakin Primary School,Kyleakin,Isle Of Skye,,IV41 8PH,Highland,S12000017,S01010674,130111358,Non-denominational,2.9,32,0%,0%,45,N,N,N,8,6,Very Remote Rural Areas,Remote Rural Areas,8,6,826438,57.2728755,-5.7378038,
5744326,5744326P,Primary,Local Authority,Ladeside Primary School,Carronvale Road,Larbert,,FK5 3LH,Falkirk,S12000014,S01009098,136006989,Non-denominational,24.2,228,5 - <10%,25 - <30%,89,N,N,N,2,2,Other Urban Areas,Other Urban Areas,2,2,681993,56.0173536,-3.8231014,
8640920,8640920P,Primary,Local Authority,Lady Alice Primary School,Gateside Avenue,,GREENOCK,PA16 9EJ,Inverclyde,S12000018,S01010879,119055653,Non-denominational,13.8,171,*,50 - <55%,44,N,N,N,2,2,Other Urban Areas,Other Urban Areas,2,2,675568,55.9415799,-4.7870134,
5134625,5134625P,Primary,Local Authority,Lady Lovat Primary School,Morar,,,PH40 4PA,Highland,S12000017,S01010506,130074301,Non-denominational,1.6,11,0%,0%,57,N,N,N,8,6,Very Remote Rural Areas,Remote Rural Areas,8,6,793309,56.9724317,-5.8232995,
5423724,5423724P,Primary,Local Authority,Ladybank Primary School,47 Church Street,Ladybank,CUPAR,KY15 7LE,Fife,S12000047,S01009665,320177194,Non-denominational,7.6,85,5 - <10%,*,50,N,N,N,6,5,Accessible Rural Areas,Accessible Rural Areas,6,5,709905,56.2764745,-3.1264895,
5300622,5300622P,Primary,Local Authority,Ladyloan Primary School,Millgate Loan,Arbroath,,DD11 1LX,Angus,S12000041,S01007185,117082219,Non-denominational,20.1,284,5 - <10%,45 - <50%,14,Y,N,Y,2,2,Other Urban Areas,Other Urban Areas,2,2,740605,56.5560241,-2.5867494,
8512825,8512825P,Primary,Local Authority,Ladywell Primary School,240 Ladywell Road,Motherwell,,ML1 3EU,North Lanarkshire,S12000050,S01011482,118067096,Non-denominational,20.7,364,10 - <20%,25 - <30%,28,N,N,N,1,1,Large Urban Areas,Large Urban Areas,1,1,657121,55.7910549,-4.0022604,
8223629,8223629P,Primary,Local Authority,Lainshaw Primary School,Kilwinning Road,Stewarton,,KA3 3DL,East Ayrshire,S12000008,S01007939,127006567,Non-denominational,20,398,0 - <5%,*,23,N,Y,Y,3,3,Accessible Small Towns,Accessible Small Towns,3,3,645696,55.6788097,-4.5213568,
8336822,8336822P,Primary,Local Authority,Lairdsland Primary School,70 Donaldson Street,Kirkintilloch,,G66 1XS,East Dunbartonshire,S12000045,S01008131,132056155,Non-denominational,19.2,310,10 - <20%,10 - <15%,19,N,Y,Y,2,2,Other Urban Areas,Other Urban Areas,2,2,673395,55.9346278,-4.1611759,
5109922,5109922P,Primary,Local Authority,Lairg Primary School,Lairg,,,IV27 4DD,Highland,S12000017,S01010765,130009967,Non-denominational,4.3,54,*,0%,46,N,N,N,8,6,Very Remote Rural Areas,Remote Rural Areas,8,6,906408,58.0242179,-4.3961941,
5210020,5210020P,Primary,Local Authority,Lairhillock School,Lairhillock,Netherley,ABERDEENSHIRE,AB39 3QS,Aberdeenshire,S12000034,S01006821,151143673,Non-denominational,8.8,128,5 - <10%,*,83,N,N,N,6,5,Accessible Rural Areas,Accessible Rural Areas,6,5,795326,57.0487643,-2.2383434,
8548021,8548021P,Primary,Local Authority,Lamington Primary School (Decanted),Lamington,,BIGGAR,ML12 6HW,South Lanarkshire,S12000029,S01012572,484176790,Non-denominational,1.9,10,*,0%,41,N,N,N,7,6,Remote Rural Areas,Remote Rural Areas,6,5,630980,55.5617443,-3.6224196,
8218420,8218420P,Primary,Local Authority,Lamlash Primary School,McKelvie Road,Lamlash,ISLE OF ARRAN,KA27 8NP,North Ayrshire,S12000021,S01011175,126058608,Non-denominational,7.2,61,*,0%,53,N,N,N,8,6,Very Remote Rural Areas,Remote Rural Areas,8,6,630660,55.5295041,-5.1342753,
8550034,8550034S,Secondary,Local Authority,Lanark Grammar School,Kirklands Road,Lanark,,ML11 9AJ,South Lanarkshire,S12000029,S01012629,484162228,Non-denominational,116.3,1143,0 - <5%,10 - <15%,77,N,N,N,3,3,Accessible Small Towns,Accessible Small Towns,3,3,643164,55.6691756,-3.7713302,
8548129,8548129P,Primary,Local Authority,Lanark Primary School,Rhyber Avenue,Lanark,,ML11 7HQ,South Lanarkshire,S12000029,S01012622,484175287,Non-denominational,16.8,244,0 - <5%,15 - <20%,53,N,N,N,3,3,Accessible Small Towns,Accessible Small Towns,3,3,644187,55.678379,-3.7706331,
8643121,8643121P,Primary,Local Authority,Langbank Primary School,Dennistoun Road,,LANGBANK,PA14 6XH,Renfrewshire,S12000038,S01012028,123028335,Non-denominational,6.8,75,10 - <20%,5 - <10%,88,N,N,N,6,5,Accessible Rural Areas,Accessible Rural Areas,6,5,673196,55.9244586,-4.5946179,
8625123,8625123P,Primary,Local Authority,Langcraigs Primary School,Glenfield Road,,PAISLEY,PA2 8QE,Renfrewshire,S12000038,S01012096,123052914,Non-denominational,15.8,286,*,10 - <15%,23,N,Y,Y,1,1,Large Urban Areas,Large Urban Areas,1,1,661089,55.8187892,-4.4408333,
8449325,8449325P,Primary,Local Authority,Langfaulds Primary School,56 Ledmore Drive,,GLASGOW,G15 7AQ,Glasgow City,S12000049,S01010496,906700071774,Non-denominational,17,132,10 - <20%,95 - <100%,3,Y,N,Y,1,1,Large Urban Areas,Large Urban Areas,1,1,671576,55.9144181,-4.370538,
5948533,5948533S,Secondary,Local Authority,Langholm Academy,Langholm,Dumfriesshire,,DG13 0BL,Dumfries and Galloway,S12000006,S01007648,137025975,Non-denominational,23.8,250,*,0%,71,N,N,N,7,6,Remote Rural Areas,Remote Rural Areas,7,6,584850,55.1538361,-3.0052404,
5949025,5949025P,Primary,Local Authority,Langholm Primary School,Thomas Telford Road,Langholm,,DG13 0BL,Dumfries and Galloway,S12000006,S01007648,137026058,Non-denominational,9.6,155,*,0%,71,N,N,N,7,6,Remote Rural Areas,Remote Rural Areas,7,6,584882,55.1541185,-3.0058753,
5303427,5303427P,Primary,Local Authority,Langlands Primary School,Glamis Road,Forfar,,DD8 1DH,Angus,S12000041,S01007265,117079276,Non-denominational,24.9,392,*,0 - <5%,35,N,N,N,2,2,Other Urban Areas,Other Urban Areas,2,2,750164,56.6400719,-2.8953199,
8447241,8447241SP,Special,Local Authority,Langlands Primary School,Glenside Avenue,,GLASGOW,G53 5SD,Glasgow City,S12000049,S01009803,906700431176,Non-denominational,15.8,56,*,55 - <60%,9,Y,N,Y,1,1,Large Urban Areas,Large Urban Areas,1,1,662601,55.8340857,-4.3532692,
5940745,5940745SP,Special,Local Authority,Langlands School,North West Community Campus,Alloway Road,,DG2 9DF,Dumfries and Galloway,S12000006,S01007613,137024148,Non-denominational,4.6,21,0%,*,52,N,N,N,2,2,Other Urban Areas,Other Urban Areas,2,2,576676,55.0739369,-3.6061722,
5620627,5620627P,Primary,Local Authority,Langlee Primary School,Langlee Drive,Galashiels,,TD1 2EB,Scottish Borders,S12000026,S01012288,116089713,Non-denominational,14.7,189,*,45 - <50%,15,Y,N,Y,2,2,Other Urban Areas,Other Urban Areas,2,2,635587,55.6113596,-2.7870893,
5742722,5742722P,Primary,Local Authority,Langlees Primary School,David's Loan,Falkirk,,FK2 7RG,Falkirk,S12000014,S01009126,10091787594,Non-denominational,17,199,5 - <10%,65 - <70%,1,Y,N,Y,2,2,Other Urban Areas,Other Urban Areas,2,2,681860,56.0167274,-3.7842632,
8502927,8502927P,Primary,Local Authority,Langloan Primary School,Bank Street,Coatbridge,,ML5 1EG,North Lanarkshire,S12000050,S01011577,118111239,Non-denominational,11.2,200,*,35 - <40%,25,N,Y,Y,2,2,Other Urban Areas,Other Urban Areas,2,2,664610,55.857666,-4.044288,
8415420,8415420P,Primary,Local Authority,Langside Primary School,233 Tantallon Road,,GLASGOW,G41 3JW,Glasgow City,S12000049,S01009932,906700309572,Non-denominational,22.2,362,>20%,5 - <10%,68,N,N,N,1,1,Large Urban Areas,Large Urban Areas,1,1,661599,55.8264263,-4.2818666,
5747031,5747031S,Secondary,Local Authority,Larbert High School,Carrongrange Avenue,Stenhousemuir,LARBERT,FK5 3BL,Falkirk,S12000014,S01009107,136070398,Non-denominational,160.5,2054,5 - <10%,*,64,N,N,N,2,2,Other Urban Areas,Other Urban Areas,2,2,682482,56.0219559,-3.8090056,
5744229,5744229P,Primary,Local Authority,Larbert Village Primary School,Main Street,Larbert,,FK5 3AS,Falkirk,S12000014,S01009095,136003411,Non-denominational,22.2,327,0 - <5%,0 - <5%,61,N,N,N,2,2,Other Urban Areas,Other Urban Areas,2,2,682388,56.0207867,-3.8309644,
5423821,5423821P,Primary,Local Authority,Largoward Primary School,16 St Andrews Road,Largoward,LEVEN,KY9 1HZ,Fife,S12000047,S01009702,320174554,Non-denominational,1.9,17,0%,0%,59,N,N,N,6,5,Accessible Rural Areas,Accessible Rural Areas,6,5,707586,56.2577927,-2.8578238,
8215839,8215839S,Secondary,Local Authority,Largs Academy,Alexander Avenue,,LARGS,KA30 9DR,North Ayrshire,S12000021,S01011334,126087649,Non-denominational,78.2,994,0 - <5%,5 - <10%,45,N,N,N,6,5,Accessible Rural Areas,Accessible Rural Areas,6,5,660097,55.8009758,-4.8541175,
1004336,1004336P,Primary,Local Authority,Largs Primary School,Alexander Avenue,,LARGS,KA30 9DR,North Ayrshire,S12000021,S01011334,126087649,Non-denominational,24.4,442,0 - <5%,5 - <10%,45,N,N,N,6,5,Accessible Rural Areas,Accessible Rural Areas,6,5,660097,55.8009758,-4.8541175,
5227526,5227526P,Primary,Local Authority,Largue School,Forgue,Huntly,ABERDEENSHIRE,AB54 6HS,Aberdeenshire,S12000034,S01006999,151107516,Non-denominational,1.7,9,*,0%,58,N,N,N,7,6,Remote Rural Areas,Remote Rural Areas,7,6,841589,57.4631178,-2.6038287,
8525234,8525234S,Secondary,Local Authority,Larkhall Academy,Broomhill Road,Larkhall,,ML9 1QN,South Lanarkshire,S12000029,S01012661,484145947,Non-denominational,109.7,1234,0 - <5%,35 - <40%,61,N,N,N,2,2,Other Urban Areas,Other Urban Areas,2,2,650717,55.7339612,-3.9739275,
5546532,5546532S,Secondary,Local Authority,Lasswade High School Centre,Eskdale Drive,Bonnyrigg,,EH19 2LA,Midlothian,S12000019,S01010975,120013849,Non-denominational,120.3,1604,5 - <10%,0 - <5%,25,N,Y,Y,2,2,Other Urban Areas,Other Urban Areas,2,2,664931,55.8724882,-3.1146919,
5543827,5543827P,Primary,Local Authority,Lasswade Primary School,7a Pendreich Drive,Bonnyrigg,,EH19 2DU,Midlothian,S12000019,S01010983,120030443,Non-denominational,19.4,334,5 - <10%,*,49,N,N,N,2,2,Other Urban Areas,Other Urban Areas,2,2,665785,55.8803,-3.098828,
5616220,5616220P,Primary,Local Authority,Lauder Primary School,Allanbank Gardens,Lauder,BERWICKSHIRE,TD2 6AD,Scottish Borders,S12000026,S01012298,116057063,Non-denominational,13.6,225,>20%,0%,70,N,N,N,6,5,Accessible Rural Areas,Accessible Rural Areas,6,5,647460,55.71824,-2.7545072,
5258227,5258227P,Primary,Local Authority,Laurencekirk School,Frain Drive,Laurencekirk,ABERDEENSHIRE,AB30 1EG,Aberdeenshire,S12000034,S01006803,151086001,Non-denominational,23.1,386,*,0%,59,N,N,N,3,3,Accessible Small Towns,Accessible Small Towns,3,3,770706,56.8269385,-2.4704027,
5935822,5935822P,Primary,Local Authority,Laurieknowe School,Laurieknowe,Dumfries,,DG2 7AJ,Dumfries and Galloway,S12000006,S01007587,137029395,Non-denominational,14.4,280,5 - <10%,10 - <15%,70,N,N,N,2,2,Other Urban Areas,Other Urban Areas,2,2,576011,55.0677364,-3.6230724,
5742927,5742927P,Primary,Local Authority,Laurieston Primary School,School Road,Laurieston,FALKIRK,FK2 9JA,Falkirk,S12000014,S01009216,136038187,Non-denominational,13.8,208,5 - <10%,5 - <10%,43,N,N,N,2,2,Other Urban Areas,Other Urban Areas,2,2,679327,55.9944907,-3.7475774,
5554225,5554225P,Primary,Local Authority,Law Primary School,Haddington Road,North Berwick,EAST LOTHIAN,EH39 4QZ,East Lothian,S12000010,S01008273,138025713,Non-denominational,30.6,651,5 - <10%,0%,93,N,N,N,3,3,Accessible Small Towns,Accessible Small Towns,3,3,684564,56.051826,-2.7204054,
8548226,8548226P,Primary,Local Authority,Law Primary School,Lawhill Road,Law,CARLUKE,ML8 5HA,South Lanarkshire,S12000029,S01012593,484178745,Non-denominational,15.8,228,*,*,82,N,N,N,3,3,Accessible Small Towns,Accessible Small Towns,3,3,652093,55.747798,-3.8801919,
5541026,5541026P,Primary,Local Authority,Lawfield Primary School,26 Lawfield Road,Mayfield,DALKEITH,EH22 5BB,Midlothian,S12000019,S01011023,120038648,Non-denominational,19.8,307,5 - <10%,45 - <50%,31,N,N,N,2,2,Other Urban Areas,Other Urban Areas,2,2,665399,55.8773334,-3.0411068,
5425328,5425328P,Primary,Local Authority,Lawhead Primary School,Strathkinness Low Road,St Andrews,,KY16 9NG,Fife,S12000047,S01009735,320174974,Non-denominational,10.4,210,*,0%,97,N,N,N,2,2,Other Urban Areas,Other Urban Areas,2,2,716027,56.3338462,-2.8261489,
8510520,8510520P,Primary,Local Authority,Lawmuir Primary School,Footfield Road,Orbiston,BELLSHILL,ML4 2BY,North Lanarkshire,S12000050,S01011518,118063393,Non-denominational,16,257,5 - <10%,60 - <65%,19,N,Y,Y,1,1,Large Urban Areas,Large Urban Areas,1,1,659226,55.8095676,-4.0269555,
8218722,8218722P,Primary,Local Authority,Lawthorn Primary School,Lochlibo Road,Lawthorn,IRVINE,KA11 2AY,North Ayrshire,S12000021,S01011207,126063051,Non-denominational,18.3,309,0 - <5%,*,33,N,N,N,2,2,Other Urban Areas,Other Urban Areas,2,2,640906,55.6334368,-4.6317277,
6231624,6231624P,Primary,Local Authority,Laxdale Primary School,Laxdale,Isle of Lewis,,HS2 0DS,Na h-Eileanan an Iar,S12000013,S01009037,139014189,Non-denominational,12.1,155,*,0%,50,N,N,N,5,4,Very Remote Small Towns,Remote Small Towns,5,4,935153,58.2294762,-6.3901291,
1004409,1004409SP,Special,Local Authority,Leader Valley School,Southcroft Park,,EARLSTON,TD4 6HE,Scottish Borders,S12000026,S01012270,116092094,Non-denominational,0,0,0,0,55,N,N,N,6,5,Accessible Rural Areas,Accessible Rural Areas,6,5,638478,55.6380101,-2.6727379,"Pupil roll, FTE teachers, proportion of pupils minority ethnic, and proportion of puplis 20% most deprived is recorded as zero as this school is not included in the School Level Summary Statistics."
8548420,8548420P,Primary,Local Authority,Leadhills Primary School,Main Street,Leadhills,BIGGAR,ML12 6XR,South Lanarkshire,S12000029,S01012571,484116838,Non-denominational,4,20,*,0%,28,N,N,N,7,6,Remote Rural Areas,Remote Rural Areas,7,6,615115,55.4172767,-3.7594541,
5533236,5533236S,Secondary,Local Authority,Leith Academy,20 Academy Park,Edinburgh,,EH6 8JQ,City of Edinburgh,S12000036,S01008794,906006102,Non-denominational,84,982,>20%,20 - <25%,33,N,N,N,1,1,Large Urban Areas,Large Urban Areas,1,1,675536,55.9672915,-3.1667213,
5532221,5532221P,Primary,Local Authority,Leith Primary School,St Andrews Place,Edinburgh,,EH6 7EG,City of Edinburgh,S12000036,S01008792,906380388,Non-denominational,15.4,306,>20%,20 - <25%,41,N,N,N,1,1,Large Urban Areas,Large Urban Areas,1,1,675899,55.9705334,-3.1688057,
5526124,5526124P,Primary,Local Authority,Leith Walk Primary School,9 Brunswick Road,Edinburgh,,EH7 5NG,City of Edinburgh,S12000036,S01008806,906032750,Non-denominational,9.8,223,>20%,5 - <10%,71,N,N,N,1,1,Large Urban Areas,Large Urban Areas,1,1,674766,55.9602543,-3.1791957,
1003623,1003623P,Primary,Local Authority,Lennox Primary School,Redburn,Bonhill,ALEXANDRIA,G83 9BP,West Dunbartonshire,S12000039,S01013217,129056405,Non-denominational,14.4,196,*,50 - <55%,30,N,N,N,2,2,Other Urban Areas,Other Urban Areas,2,2,679075,55.9779626,-4.5633525,
8350329,8350329P,Primary,Local Authority,Lennoxtown Primary School,School Lane,Lennoxtown,NR GLASGOW,G66 7LX,East Dunbartonshire,S12000045,S01008159,132016684,Non-denominational,11.3,126,5 - <10%,30 - <35%,9,Y,N,Y,3,3,Accessible Small Towns,Accessible Small Towns,3,3,677855,55.9740335,-4.1989429,
8338132,8338132S,Secondary,Local Authority,Lenzie Academy,Myrtle Avenue,Lenzie,,G66 4HR,East Dunbartonshire,S12000045,S01008118,132021752,Non-denominational,104.4,1360,10 - <20%,5 - <10%,61,N,N,N,2,2,Other Urban Areas,Other Urban Areas,2,2,672596,55.9274606,-4.1599496,
1003542,1003542P,Primary,Local Authority,Lenzie Meadow Primary School,Myrtle Avenue,LENZIE,GLASGOW,G66 4HW,East Dunbartonshire,S12000045,S01008122,132057229,Non-denominational,29.1,580,10 - <20%,0 - <5%,98,N,N,N,2,2,Other Urban Areas,Other Urban Areas,2,2,672327,55.9249666,-4.1646458,
5404622,5404622P,Primary,Local Authority,Leslie Primary School,31 Rothes Park,Leslie,GLENROTHES,KY6 3LL,Fife,S12000047,S01009552,320179129,Non-denominational,12.6,212,*,35 - <40%,62,N,N,N,2,2,Other Urban Areas,Other Urban Areas,2,2,701424,56.1993561,-3.2230129,
8550131,8550131S,Secondary,Local Authority,Lesmahagow High School,Strathaven Road,Lesmahagow,,ML11 0FS,South Lanarkshire,S12000029,S01012646,484157057,Non-denominational,64.2,634,0 - <5%,20 - <25%,74,N,N,N,3,3,Accessible Small Towns,Accessible Small Towns,3,3,640485,55.6433711,-3.8872594,
5901227,5901227P,Primary,Local Authority,Leswalt School,Leswalt,Stranraer,,DG9 0LJ,Dumfries and Galloway,S12000006,S01007495,137085431,Non-denominational,2.8,33,*,0%,49,N,N,N,6,5,Accessible Rural Areas,Accessible Rural Areas,6,5,563973,54.93101,-5.0935481,
1004808,1004808P,Primary,Local Authority,Letham Mains Primary School,Hays Walk,,HADDINGTON,EH41 3FH,East Lothian,S12000010,S01008250,138069807,Non-denominational,9.6,156,10 - <20%,0%,74,N,N,N,6,5,Accessible Rural Areas,Accessible Rural Areas,2,2,673553,55.9523699,-2.8052446,
5304822,5304822P,Primary,Local Authority,Letham Primary School,3 Braehead Road,Letham,BY FORFAR,DD8 2PG,Angus,S12000041,S01007242,117080471,Non-denominational,9.8,148,*,0%,60,N,N,N,6,5,Accessible Rural Areas,Accessible Rural Areas,6,5,748483,56.6258096,-2.7685154,
5347122,5347122P,Primary,Local Authority,Letham Primary School,Struan Road,Perth,,PH1 2NL,Perth and Kinross,S12000048,S01011917,124012711,Non-denominational,14.8,224,0 - <5%,30 - <35%,36,N,N,N,2,2,Other Urban Areas,Other Urban Areas,2,2,724570,56.4046513,-3.469048,
5423929,5423929P,Primary,Local Authority,Letham Primary School,Schoolbrae,Letham,CUPAR,KY15 7RN,Fife,S12000047,S01009664,320175698,Non-denominational,2.9,28,*,0%,68,N,N,N,6,5,Accessible Rural Areas,Accessible Rural Areas,6,5,714644,56.3190846,-3.1230875,
5501229,5501229P,Primary,Local Authority,Letham Primary School,Forth Drive,Craigshill,LIVINGSTON,EH54 5LZ,West Lothian,S12000040,S01013304,200004112252,Non-denominational,13.5,160,*,55 - <60%,17,N,Y,Y,2,2,Other Urban Areas,Other Urban Areas,2,2,668306,55.898828,-3.4909221,
5424127,5424127P,Primary,Local Authority,Leuchars Primary School,Pitlethie Road,Leuchars,ST ANDREWS,KY16 0EZ,Fife,S12000047,S01009740,320176436,Non-denominational,15.4,199,10 - <20%,0%,41,N,N,N,3,3,Accessible Small Towns,Accessible Small Towns,3,3,721524,56.3828573,-2.8808776,
1003232,1003232S,Secondary,Local Authority,Levenmouth Academy,Methilhaven Road,Buckhaven,FIFE,KY8 1HL,Fife,S12000047,S01009624,320316590,Non-denominational,121.2,1755,0 - <5%,55 - <60%,15,Y,N,Y,2,2,Other Urban Areas,Other Urban Areas,2,2,699487,56.180971,-3.036021,"School Contacts List UPRN (320315258) is not in SAD 2024 Q1.  GISAT has assigned the UPRN from Fife College Levenmouth Campus (320316590), which shares the site."
8300720,8300720P,Primary,Local Authority,Levenvale Primary School,Argyll Street,Levenvale,ALEXANDRIA,G83 0QN,West Dunbartonshire,S12000039,S01013232,129011420,Non-denominational,13,183,0 - <5%,45 - <50%,27,N,N,N,2,2,Other Urban Areas,Other Urban Areas,2,2,681173,55.9963781,-4.5840894,
6203736,6203736P,Primary,Local Authority,Leverhulme Memorial School,Leverburgh,Harris,,HS5 3TS,Na h-Eileanan an Iar,S12000013,S01009023,139018046,Non-denominational,2.5,15,0%,0%,46,N,N,N,8,6,Very Remote Rural Areas,Remote Rural Areas,8,6,886790,57.7711801,-7.0179354,
5201926,5201926P,Primary,Local Authority,Lhanbryde Primary School,Garmouth Road,Lhanbryde,MORAY,IV30 8PD,Moray,S12000020,S01011098,133001425,Non-denominational,13,156,*,*,66,N,N,N,6,5,Accessible Rural Areas,Accessible Rural Areas,6,5,861243,57.6352748,-3.214092,
8548528,8548528P,Primary,Local Authority,Libberton Primary School,Muir Road,Libberton,BIGGAR,ML12 6NB,South Lanarkshire,S12000029,S01012579,484179158,Non-denominational,3.9,36,10 - <20%,*,46,N,N,N,6,5,Accessible Rural Areas,Accessible Rural Areas,6,5,641296,55.6548108,-3.5947959,
5533430,5533430S,Secondary,Local Authority,Liberton High School,328 Gilmerton Road,Edinburgh,,EH17 7PT,City of Edinburgh,S12000036,S01008576,906462100,Non-denominational,67.1,857,>20%,20 - <25%,88,N,N,N,1,1,Large Urban Areas,Large Urban Areas,1,1,669588,55.9139831,-3.152255,
5531829,5531829P,Primary,Local Authority,Liberton Primary School,229 Gilmerton Road,Edinburgh,,EH16 5UD,City of Edinburgh,S12000036,S01008587,906106685,Non-denominational,21.2,395,>20%,5 - <10%,81,N,N,N,1,1,Large Urban Areas,Large Urban Areas,1,1,670601,55.9229917,-3.1622043,
5320321,5320321P,Primary,Local Authority,Liff Primary School,Liff,Dundee,,DD2 5NJ,Angus,S12000041,S01007129,117077264,Non-denominational,7.8,114,5 - <10%,0%,89,N,N,N,6,5,Accessible Rural Areas,Accessible Rural Areas,6,5,733011,56.4845393,-3.0744923,
5620023,5620023P,Primary,Local Authority,Lilliesleaf Primary School,Lilliesleaf,Melrose,,TD6 9HX,Scottish Borders,S12000026,S01012376,116050685,Non-denominational,4.2,50,*,0%,75,N,N,N,6,5,Accessible Rural Areas,Accessible Rural Areas,6,5,625108,55.5174824,-2.7406502,
5443628,5443628P,Primary,Local Authority,Limekilns Primary School,8 Dunfermline Road,Limekilns,DUNFERMLINE,KY11 3JS,Fife,S12000047,S01009287,320190939,Non-denominational,8.4,144,0 - <5%,0%,85,N,N,N,6,5,Accessible Rural Areas,Accessible Rural Areas,6,5,683473,56.0352882,-3.4766639,
8443645,8443645SP,Special,Local Authority,Linburn Academy,77 Linburn Road,,GLASGOW,G52 4EX,Glasgow City,S12000049,S01009823,906700179290,Inter-denominational,13.9,48,>20%,65 - <70%,12,Y,N,Y,1,1,Large Urban Areas,Large Urban Areas,1,1,664907,55.8545461,-4.3670817,
5936020,5936020P,Primary,Local Authority,Lincluden School,Priory Road,Lincluden,DUMFRIES,DG2 0PU,Dumfries and Galloway,S12000006,S01007580,137017917,Non-denominational,14.5,219,0 - <5%,70 - <75%,14,Y,N,Y,2,2,Other Urban Areas,Other Urban Areas,2,2,577581,55.0818019,-3.6263992,
1003674,1003674P,Primary,Local Authority,Linkwood Primary School,Institution Road,,ELGIN,IV30 1RP,Moray,S12000020,S01011104,133044300,Non-denominational,21.4,295,*,5 - <10%,49,N,N,N,2,2,Other Urban Areas,Other Urban Areas,2,2,862749,57.6478878,-3.3059938,
5510236,5510236S,Secondary,Local Authority,Linlithgow Academy,Braehead Road,Linlithgow,WEST LOTHIAN,EH49 6EH,West Lothian,S12000040,S01013437,200004118743,Non-denominational,93.7,1329,5 - <10%,0 - <5%,55,N,N,N,2,2,Other Urban Areas,Other Urban Areas,2,2,676577,55.9716188,-3.6125852,
5503027,5503027P,Primary,Local Authority,Linlithgow Bridge Primary School,East Mill Road,Linlithgow Bridge,WEST LOTHIAN,EH49 7PB,West Lothian,S12000040,S01013447,135013064,Non-denominational,11.3,167,10 - <20%,*,88,N,N,N,2,2,Other Urban Areas,Other Urban Areas,2,2,677308,55.97806,-3.622309,
5507227,5507227P,Primary,Local Authority,Linlithgow Primary School,Preston Road,Linlithgow,WEST LOTHIAN,EH49 6HB,West Lothian,S12000040,S01013437,200004118728,Non-denominational,18.8,350,5 - <10%,0 - <5%,55,N,N,N,2,2,Other Urban Areas,Other Urban Areas,2,2,676578,55.9716688,-3.6094466,
8312826,8312826P,Primary,Local Authority,Linnvale Primary School,Livingstone Street,Linnvale,CLYDEBANK,G81 2RL,West Dunbartonshire,S12000039,S01013136,129021798,Non-denominational,11.7,180,10 - <20%,60 - <65%,30,N,N,N,1,1,Large Urban Areas,Large Urban Areas,1,1,670318,55.9027561,-4.3890155,
8628432,8628432S,Secondary,Local Authority,Linwood High School,Stirling Drive,,LINWOOD,PA3 3NB,Renfrewshire,S12000038,S01012225,123103712,Non-denominational,40.2,436,0 - <5%,25 - <30%,30,N,N,N,1,1,Large Urban Areas,Large Urban Areas,1,1,664644,55.84936,-4.5098277,
6232736,6232736P,Primary,Local Authority,Lionel School,Lionel,Port of Ness,ISLE OF LEWIS,HS2 0XB,Na h-Eileanan an Iar,S12000013,S01009033,139013912,Non-denominational,6.5,74,*,0%,48,N,N,N,8,6,Very Remote Rural Areas,Remote Rural Areas,8,6,964128,58.4946271,-6.2546693,
8105928,8105928P,Primary,Local Authority,Lismore Primary School,Isle Of Lismore,Oban,ARGYLL,PA34 5UG,Argyll and Bute,S12000035,S01007304,125066969,Non-denominational,1.5,6,0%,0%,50,N,N,N,8,6,Very Remote Rural Areas,Remote Rural Areas,7,6,740924,56.5110929,-5.4951154,
8241821,8241821P,Primary,Local Authority,Littlemill Primary School,Littlemill,Rankinston,,KA6 7HJ,East Ayrshire,S12000008,S01007881,127058016,Non-denominational,3.2,28,0%,0%,22,N,Y,Y,6,5,Accessible Rural Areas,Accessible Rural Areas,6,5,615039,55.4047671,-4.4472348,
5502225,5502225P,Primary,Local Authority,Livingston Village Primary School,Kirkton North Road,Livingston Village,WEST LOTHIAN,EH54 7EQ,West Lothian,S12000040,S01013317,200004156190,Non-denominational,11.6,195,>20%,*,75,N,N,N,2,2,Other Urban Areas,Other Urban Areas,2,2,667077,55.8871543,-3.5428317,
5543924,5543924P,Primary,Local Authority,Loanhead Primary School,34 Edgefield Road,Loanhead,,EH20 9DY,Midlothian,S12000019,S01010969,120044736,Non-denominational,11,178,10 - <20%,*,41,N,N,N,3,3,Accessible Small Towns,Accessible Small Towns,3,3,665930,55.8811428,-3.1492364,
8222223,8222223P,Primary,Local Authority,Loanhead Primary School,Loanhead Street,Kilmarnock,,KA1 3AU,East Ayrshire,S12000008,S01007978,127019041,Non-denominational,16.8,283,5 - <10%,20 - <25%,25,N,Y,Y,2,2,Other Urban Areas,Other Urban Areas,2,2,637645,55.6070671,-4.4913297,
5122821,5122821P,Primary,Local Authority,Loch Duich Primary School,Kyle Of Lochalsh,,,IV40 8HE,Highland,S12000017,S01010669,130111494,Non-denominational,1.9,11,0%,0%,58,N,N,N,8,6,Very Remote Rural Areas,Remote Rural Areas,8,6,821035,57.2333698,-5.4198937,
8457220,8457220P,Primary,Local Authority,Loch Primary School,Lochaber Drive,Springhall,RUTHERGLEN,G73 5HX,South Lanarkshire,S12000029,S01012885,484162268,Non-denominational,12.3,196,5 - <10%,75 - <80%,3,Y,N,Y,1,1,Large Urban Areas,Large Urban Areas,1,1,659723,55.8111962,-4.1923005,
5135931,5135931S,Secondary,Local Authority,Lochaber High School,Camaghael,Fort William,,PH33 7ND,Highland,S12000017,S01010510,130073636,Non-denominational,64.8,839,0 - <5%,5 - <10%,55,N,N,N,2,2,Other Urban Areas,Other Urban Areas,2,2,775929,56.8368019,-5.0775423,
5131227,5131227P,Primary,Local Authority,Lochaline Primary School,Lochaline,By Oban,,PA80 5XT,Highland,S12000017,S01010508,130111984,Non-denominational,1.8,9,0%,0%,56,N,N,N,8,6,Very Remote Rural Areas,Remote Rural Areas,8,6,744922,56.5387127,-5.7791206,
5937922,5937922P,Primary,Local Authority,Locharbriggs School,Wallamhill Road,Locharbriggs,DUMFRIES,DG1 1UW,Dumfries and Galloway,S12000006,S01007618,137020923,Non-denominational,8.2,113,*,*,38,N,N,N,3,3,Accessible Small Towns,Accessible Small Towns,3,3,580139,55.1053646,-3.5828694,
5140323,5140323P,Primary,Local Authority,Lochardil Primary School,Lochardil Road,Inverness,,IV2 4LB,Highland,S12000017,S01010601,130039587,Non-denominational,15.6,331,*,*,77,N,N,N,2,2,Other Urban Areas,Other Urban Areas,2,2,842670,57.4544722,-4.2343364,
5116120,5116120P,Primary,Local Authority,Lochcarron Primary School,Strathcarron,,,IV54 8YS,Highland,S12000017,S01010689,130111559,Non-denominational,4.6,54,*,0%,50,N,N,N,8,6,Very Remote Rural Areas,Remote Rural Areas,8,6,840654,57.4081692,-5.4769639,
8106029,8106029P,Primary,Local Authority,Lochdonhead Primary School,Lochdonhead,Isle Of Mull,ARGYLL,PA64 6AP,Argyll and Bute,S12000035,S01007288,125067451,Non-denominational,2.5,19,0%,0%,57,N,N,N,8,6,Very Remote Rural Areas,Remote Rural Areas,8,6,733471,56.4385712,-5.6855105,
8435731,8435731S,Secondary,Local Authority,Lochend Community High School,20 Cairnbrook Road,,GLASGOW,G34 0NZ,Glasgow City,S12000049,S01010110,906700381036,Non-denominational,49.4,493,5 - <10%,90 - <95%,4,Y,N,Y,1,1,Large Urban Areas,Large Urban Areas,1,1,665928,55.8684394,-4.1077786,
8625220,8625220P,Primary,Local Authority,Lochfield Primary School,Quarry Road,,PAISLEY,PA2 7RD,Renfrewshire,S12000038,S01012112,123059288,Non-denominational,14.2,252,0 - <5%,25 - <30%,40,N,N,N,1,1,Large Urban Areas,Large Urban Areas,1,1,662169,55.8289765,-4.4165133,
5447437,5447437S,Secondary,Local Authority,Lochgelly High School,Station Road,Lochgelly,,KY5 8LZ,Fife,S12000047,S01009417,320189702,Non-denominational,71.7,798,0 - <5%,35 - <40%,68,N,N,N,2,2,Other Urban Areas,Other Urban Areas,2,2,694686,56.1378488,-3.3169513,
5443822,5443822P,Primary,Local Authority,Lochgelly South Primary School,High Street,Lochgelly,,KY5 9LW,Fife,S12000047,S01009448,320189790,Non-denominational,9.6,156,5 - <10%,20 - <25%,57,N,N,N,2,2,Other Urban Areas,Other Urban Areas,2,2,693302,56.125527,-3.3062185,
5444020,5444020P,Primary,Local Authority,Lochgelly West Primary School,15 Main Street,Lochgelly,,KY5 9NS,Fife,S12000047,S01009452,320189772,Non-denominational,14.6,202,*,30 - <35%,24,N,Y,Y,2,2,Other Urban Areas,Other Urban Areas,2,2,693358,56.1259474,-3.3140349,
8111030,8111030P,Primary,Local Authority,Lochgilphead High School,Lochgilphead Joint Campus,Kilmory,LOCHGILPHEAD,PA31 8AA,Argyll and Bute,S12000035,S01007317,125080289,Non-denominational,15.5,201,*,0%,39,N,N,N,8,6,Very Remote Rural Areas,Remote Rural Areas,8,6,687202,56.0300013,-5.4274235,
8111030,8111030S,Secondary,Local Authority,Lochgilphead High School,Lochgilphead Joint Campus,Kilmory,LOCHGILPHEAD,PA31 8AA,Argyll and Bute,S12000035,S01007317,125080289,Non-denominational,40.4,408,*,0%,39,N,N,N,8,6,Very Remote Rural Areas,Remote Rural Areas,8,6,687202,56.0300013,-5.4274235,
8106428,8106428P,Primary,Local Authority,Lochgoilhead Primary School,Lochgoilhead,Cairndow,ARGYLL,PA24 8AJ,Argyll and Bute,S12000035,S01007355,125058774,Non-denominational,2.6,24,0%,0%,38,N,N,N,7,6,Remote Rural Areas,Remote Rural Areas,8,6,701653,56.173415,-4.900972,
5702941,5702941SP,Special,Local Authority,Lochies School,c/o Deerpark Primary School,Gartmorn Road,SAUCHIE,FK10 3PB,Clackmannanshire,S12000005,S01007454,35015723,Non-denominational,10,35,*,40 - <45%,23,N,Y,Y,2,2,Other Urban Areas,Other Urban Areas,2,2,694177,56.1277108,-3.7632216,
5109728,5109728P,Primary,Local Authority,Lochinver Primary School,Lochinver,By Lairg,,IV27 4LF,Highland,S12000017,S01010813,130060232,Non-denominational,2.4,29,*,0%,39,N,N,N,8,6,Very Remote Rural Areas,Remote Rural Areas,8,6,921741,58.1434379,-5.2356801,
5947820,5947820P,Primary,Local Authority,Lochmaben School,Lochmaben,Lockerbie,,DG11 1NR,Dumfries and Galloway,S12000006,S01007632,137097229,Non-denominational,15.2,259,*,0%,55,N,N,N,6,5,Accessible Rural Areas,Accessible Rural Areas,6,5,582496,55.1283345,-3.4387308,
8106126,8106126P,Primary,Local Authority,Lochnell Primary School,Ledaig,Benderloch,OBAN,PA37 1QS,Argyll and Bute,S12000035,S01007303,125067339,Non-denominational,8.1,118,*,0%,49,N,N,N,8,6,Very Remote Rural Areas,Remote Rural Areas,8,6,738648,56.4932135,-5.402229,
1005022,1005022P,Primary,Local Authority,Lochnorris Primary School,The Barony Campus,Auchinleck Road,CUMNOCK,KA18 1FQ,East Ayrshire,S12000008,S01007919,127074085,Non-denominational,26,493,0 - <5%,20 - <25%,92,N,N,N,3,3,Accessible Small Towns,Accessible Small Towns,3,3,620376,55.4560278,-4.2768521,UPRN is a Parent UPRN in SAD 2024 Q1.
8240140,8240140SP,Special,Local Authority,Lochnorris SLU,Lochnorris Primary School,Auchinleck Road,CUMNOCK,KA18 1RS,East Ayrshire,S12000008,S01007919,127074085,Non-denominational,5.6,37,*,60 - <65%,92,N,N,N,3,3,Accessible Small Towns,Accessible Small Towns,3,3,620376,55.4560278,-4.2768521,UPRN is a Parent UPRN in SAD 2024 Q1.
5222020,5222020P,Primary,Local Authority,Lochpots School,Robertson Road,Fraserburgh,ABERDEENSHIRE,AB43 9BF,Aberdeenshire,S12000034,S01007120,151086042,Non-denominational,9.9,175,*,45 - <50%,17,N,Y,Y,2,2,Other Urban Areas,Other Urban Areas,2,2,866519,57.6884931,-2.0261735,
5917328,5917328P,Primary,Local Authority,Lochrutton School,Lochfoot,Dumfries,,DG2 8NR,Dumfries and Galloway,S12000006,S01007546,137073334,Non-denominational,1.9,8,0%,0%,58,N,N,N,6,5,Accessible Rural Areas,Accessible Rural Areas,6,5,573603,55.0446744,-3.7263165,
1004166,1004166S,Secondary,Local Authority,Lochside Academy,Wellington Circle,Altens,ABERDEEN,AB12 3JG,Aberdeen City,S12000033,S01006608,9051150182,Non-denominational,88.5,1201,10 - <20%,25 - <30%,80,N,N,N,1,1,Large Urban Areas,Large Urban Areas,1,1,802409,57.112582,-2.097451,"School Contacts List UPRN (9051148374) is not in SAD 2024 Q1.  GISAT has assigned the UPRN for Cove Rangers FC (9051150182), which is next door."
5307929,5307929P,Primary,Local Authority,Lochside Primary School,Nursery Road,Montrose,,DD10 9AN,Angus,S12000041,S01007217,117083153,Non-denominational,26.2,351,*,0%,27,N,N,N,2,2,Other Urban Areas,Other Urban Areas,2,2,758804,56.7200108,-2.4715338,
8623929,8623929P,Primary,Local Authority,Lochwinnoch Primary School,Calder Street,,LOCHWINNOCH,PA12 4DG,Renfrewshire,S12000038,S01012022,123033276,Non-denominational,11.2,199,*,0%,55,N,N,N,6,5,Accessible Rural Areas,Accessible Rural Areas,6,5,659215,55.7979595,-4.6339213,
5948630,5948630S,Secondary,Local Authority,Lockerbie Academy,Glasgow Road,Lockerbie,DUMFRIESSHIRE,DG11 2AT,Dumfries and Galloway,S12000006,S01007638,137103673,Non-denominational,53.8,767,0 - <5%,*,48,N,N,N,3,3,Accessible Small Towns,Accessible Small Towns,3,3,582466,55.1289834,-3.3587349,
5948827,5948827P,Primary,Local Authority,Lockerbie Primary School,Glasgow Road,Lockerbie,,DG11 2AT,Dumfries and Galloway,S12000006,S01007638,137103665,Non-denominational,21.7,298,0 - <5%,*,48,N,N,N,3,3,Accessible Small Towns,Accessible Small Towns,3,3,582457,55.1289101,-3.358058,
1005405,1005405SP,Special,Local Authority,Lockhart Campus,Boglemart Street,,STEVENSTON,KA20 3JX,North Ayrshire,S12000021,S01011268,126062680,Non-denominational,41.5,198,0 - <5%,50 - <55%,35,N,N,N,2,2,Other Urban Areas,Other Urban Areas,2,2,641850,55.6390067,-4.7642108,
8241023,8241023P,Primary,Local Authority,Logan Primary School,Logangate Terrace,Cumnock,,KA18 3HD,East Ayrshire,S12000008,S01007900,127044005,Non-denominational,9.2,109,*,85 - <90%,11,Y,N,Y,7,6,Remote Rural Areas,Remote Rural Areas,7,6,620477,55.4577788,-4.2308037,
8512922,8512922P,Primary,Local Authority,Logans Primary School,Logans Road,Motherwell,,ML1 3PH,North Lanarkshire,S12000050,S01011487,118061083,Non-denominational,11.4,147,*,85 - <90%,16,N,Y,Y,1,1,Large Urban Areas,Large Urban Areas,1,1,657412,55.793401,-4.0187144,
5257026,5257026P,Primary,Local Authority,Logie Coldstone School,Dinnet,Aboyne,ABERDEENSHIRE,AB34 5PQ,Aberdeenshire,S12000034,S01006879,151105778,Non-denominational,2.3,15,0%,0%,72,N,N,N,7,6,Remote Rural Areas,Remote Rural Areas,7,6,804432,57.1273006,-2.9357313,
5227623,5227623P,Primary,Local Authority,Logie Durno School,Pitcaple,Inverurie,ABERDEENSHIRE,AB51 5EN,Aberdeenshire,S12000034,S01006915,151119956,Non-denominational,2.9,41,0%,0%,73,N,N,N,6,5,Accessible Rural Areas,Accessible Rural Areas,6,5,826646,57.3294663,-2.467939,
5202027,5202027P,Primary,Local Authority,Logie Primary School,Dunphail,Forres,MORAY,IV36 2QG,Moray,S12000020,S01011168,133045728,Non-denominational,3.2,42,*,*,54,N,N,N,6,5,Accessible Rural Areas,Accessible Rural Areas,6,5,850595,57.5346289,-3.6536191,
5345421,5345421P,Primary,Local Authority,Logiealmond Primary School,Harrietfield,Perth,,PH1 3TB,Perth and Kinross,S12000048,S01012006,124066574,Non-denominational,1.5,8,0%,0%,67,N,N,N,6,5,Accessible Rural Areas,Accessible Rural Areas,6,5,729851,56.4500645,-3.6325637,
5345529,5345529P,Primary,Local Authority,Logierait Primary School,Ballinluig,Pitlochry,,PH9 0LG,Perth and Kinross,S12000048,S01012009,124067809,Non-denominational,2.6,21,0%,0%,67,N,N,N,7,6,Remote Rural Areas,Remote Rural Areas,7,6,752814,56.6558758,-3.6710087,
5246024,5246024P,Primary,Local Authority,Loirston School,Loirston Avenue,Cove Bay,ABERDEEN,AB12 3HE,Aberdeen City,S12000033,S01006620,9051091871,Non-denominational,23.3,353,5 - <10%,*,73,N,N,N,1,1,Large Urban Areas,Large Urban Areas,1,1,801362,57.1031861,-2.083478,
1004174,1004174SP,Special,Local Authority,Lomond View Academy,Ingleston Street,Greenock,,PA15 4UQ,Inverclyde,S12000018,S01010894,119001538,Non-denominational,8.4,4,*,*,9,Y,N,Y,2,2,Other Urban Areas,Other Urban Areas,2,2,675327,55.9403035,-4.7471751,
8531420,8531420P,Primary,Local Authority,Long Calderwood Primary,Neville,,EAST KILBRIDE,G74 3QT,South Lanarkshire,S12000029,S01012904,484176139,Non-denominational,10.6,171,*,*,42,N,N,N,2,2,Other Urban Areas,Other Urban Areas,2,2,656006,55.7785331,-4.1502647,
5339227,5339227P,Primary,Local Authority,Longforgan Primary School,66 Main Street,Longforgan,,DD2 5EU,Perth and Kinross,S12000048,S01011966,124044588,Non-denominational,6.9,91,*,0%,72,N,N,N,6,5,Accessible Rural Areas,Accessible Rural Areas,6,5,729974,56.4568414,-3.1207112,
5326125,5326125P,Primary,Local Authority,Longhaugh Primary,9 Lothian Crescent,Dundee,,DD4 0SX,Dundee City,S12000042,S01007785,9059106368,Non-denominational,21,260,0 - <5%,50 - <55%,4,Y,N,Y,1,1,Large Urban Areas,Large Urban Areas,1,1,733474,56.4898899,-2.927388,
5554020,5554020P,Primary,Local Authority,Longniddry Primary School,Kitchener Crescent,Longniddry,EAST LOTHIAN,EH32 0LR,East Lothian,S12000010,S01008242,138012457,Non-denominational,11.9,172,0 - <5%,0%,59,N,N,N,6,5,Accessible Rural Areas,Accessible Rural Areas,6,5,676309,55.976529,-2.8925306,
5507723,5507723P,Primary,Local Authority,Longridge Primary School,School Road,Longridge,WEST LOTHIAN,EH47 8AG,West Lothian,S12000040,S01013364,135009725,Non-denominational,8.7,87,5 - <10%,5 - <10%,52,N,N,N,6,5,Accessible Rural Areas,Accessible Rural Areas,6,5,662557,55.8447691,-3.6772678,
5217725,5217725P,Primary,Local Authority,Longside School,22 Inn Brae,Longside Peterhead,ABERDEENSHIRE,AB42 4TP,Aberdeenshire,S12000034,S01007096,151141675,Non-denominational,9.2,148,*,0%,71,N,N,N,6,5,Accessible Rural Areas,Accessible Rural Areas,6,5,847055,57.5136496,-1.9405002,
5526523,5526523P,Primary,Local Authority,Longstone Primary School,Redhall Grove,Edinburgh,,EH14 2DU,City of Edinburgh,S12000036,S01008484,906297246,Non-denominational,15.5,248,>20%,10 - <15%,56,N,N,N,1,1,Large Urban Areas,Large Urban Areas,1,1,670476,55.9208896,-3.2616723,
5936225,5936225P,Primary,Local Authority,Loreburn School,George Street,Dumfries,,DG1 1EA,Dumfries and Galloway,S12000006,S01007612,137001860,Non-denominational,9.8,175,10 - <20%,35 - <40%,6,Y,N,Y,2,2,Other Urban Areas,Other Urban Areas,2,2,576339,55.070774,-3.6163198,
5550424,5550424P,Primary,Local Authority,Loretto RC Primary School,20 Newbigging,Musselburgh,EAST LOTHIAN,EH21 7AH,East Lothian,S12000010,S01008192,138007722,Roman Catholic,9.4,164,*,10 - <15%,24,N,Y,Y,1,1,Large Urban Areas,Large Urban Areas,1,1,672620,55.9421672,-3.046961,
5526620,5526620P,Primary,Local Authority,Lorne Primary School,7 Lorne Street,Edinburgh,,EH6 8QS,City of Edinburgh,S12000036,S01008797,906152116,Non-denominational,10.7,175,>20%,5 - <10%,64,N,N,N,1,1,Large Urban Areas,Large Urban Areas,1,1,675418,55.966158,-3.174441,
8416028,8416028P,Primary,Local Authority,Lorne Street Primary School,28 Lorne Street,,GLASGOW,G51 1DP,Glasgow City,S12000049,S01009866,906700179455,Non-denominational,14.9,241,>20%,15 - <20%,31,N,N,N,1,1,Large Urban Areas,Large Urban Areas,1,1,664640,55.8536437,-4.2879676,
5702631,5702631S,Secondary,Local Authority,Lornshill Academy,Tullibody Road,Alloa,,FK10 2ES,Clackmannanshire,S12000005,S01007420,35006530,Non-denominational,76.6,1028,0 - <5%,35 - <40%,71,N,N,N,6,5,Accessible Rural Areas,Accessible Rural Areas,3,3,694889,56.1333729,-3.8146184,
5203139,5203139S,Secondary,Local Authority,Lossiemouth High School,Coulardbank Road,Lossiemouth,MORAY,IV31 6JU,Moray,S12000020,S01011142,133072026,Non-denominational,54.4,658,0 - <5%,*,81,N,N,N,3,3,Accessible Small Towns,Accessible Small Towns,6,5,869968,57.7128639,-3.2945514,
8223831,8223831S,Secondary,Local Authority,Loudoun Academy,Glasgow Road,Galston,,KA4 8PD,East Ayrshire,S12000008,S01007926,127058023,Non-denominational,77.6,888,0 - <5%,20 - <25%,63,N,N,N,6,5,Accessible Rural Areas,Accessible Rural Areas,6,5,637480,55.6077758,-4.380786,
8212120,8212120P,Primary,Local Authority,Loudoun-Montgomery Primary School,Ayr Road,,IRVINE,KA12 8DF,North Ayrshire,S12000021,S01011230,126061212,Non-denominational,12.6,147,*,80 - <85%,2,Y,N,Y,2,2,Other Urban Areas,Other Urban Areas,2,2,638350,55.6097491,-4.6647263,
8435839,8435839S,Secondary,Local Authority,Lourdes Secondary School,47 Kirriemuir Avenue,,GLASGOW,G52 3DF,Glasgow City,S12000049,S01009806,906700288263,Roman Catholic,119.2,1484,>20%,55 - <60%,17,N,Y,Y,1,1,Large Urban Areas,Large Urban Areas,1,1,663713,55.8443177,-4.3408049,
5507421,5507421P,Primary,Local Authority,Low Port Primary School,Blackness Road,Linlithgow,WEST LOTHIAN,EH49 7HZ,West Lothian,S12000040,S01013444,200004079051,Non-denominational,11.5,195,5 - <10%,*,39,N,N,N,2,2,Other Urban Areas,Other Urban Areas,2,2,677307,55.9783875,-3.5965361,
5257123,5257123P,Primary,Local Authority,Lumphanan School,Lumphanan,,ABERDEENSHIRE,AB31 4SU,Aberdeenshire,S12000034,S01006876,151086435,Non-denominational,3.7,48,*,0%,77,N,N,N,7,6,Remote Rural Areas,Remote Rural Areas,7,6,804473,57.1292797,-2.6867259,
5444225,5444225P,Primary,Local Authority,Lumphinnans Primary & Community School,Main Street,Lumphinnans,COWDENBEATH,KY4 9HG,Fife,S12000047,S01009418,320189816,Non-denominational,10,106,*,40 - <45%,28,N,N,N,2,2,Other Urban Areas,Other Urban Areas,2,2,692511,56.1180776,-3.3381819,
5227720,5227720P,Primary,Local Authority,Lumsden School,Lumsden,Huntly,ABERDEENSHIRE,AB54 4JR,Aberdeenshire,S12000034,S01006878,151104695,Non-denominational,1.9,16,0%,0%,52,N,N,N,7,6,Remote Rural Areas,Remote Rural Areas,7,6,821504,57.2811065,-2.8751801,
5349729,5349729P,Primary,Local Authority,Luncarty Primary School,Marshall Road,Luncarty,PERTHSHIRE,PH1 3EX,Perth and Kinross,S12000048,S01012005,124014161,Non-denominational,7.8,106,*,0%,85,N,N,N,6,5,Accessible Rural Areas,Accessible Rural Areas,6,5,729817,56.4518223,-3.4668608,
1003224,1003224P,Primary,Local Authority,Lundavra Primary School,Lundavra Road,Fort William,,PH33 6JN,Highland,S12000017,S01010521,130149724,Non-denominational,10.8,205,*,20 - <25%,40,N,N,N,2,2,Other Urban Areas,Other Urban Areas,2,2,772938,56.8088696,-5.1196745,
5424224,5424224P,Primary,Local Authority,Lundin Mill Primary School,Pitcruvie Park,Lundin Links,LEVEN,KY8 6HY,Fife,S12000047,S01009652,320176344,Non-denominational,9.3,127,*,*,71,N,N,N,6,5,Accessible Rural Areas,Accessible Rural Areas,6,5,702753,56.2137333,-2.9451311,
6101828,6101828P,Primary,Local Authority,Lunnasting Primary School,Vidlin,Shetland,,ZE2 9QB,Shetland Islands,S12000027,S01012406,30100004658,Non-denominational,2.8,33,0%,0%,64,N,N,N,8,6,Very Remote Rural Areas,Remote Rural Areas,8,6,1165722,60.3726339,-1.1308917,
8303320,8303320P,Primary,Local Authority,Luss Primary School,Luss,By Alexandria,,G83 8NY,Argyll and Bute,S12000035,S01007404,125054978,Non-denominational,1.5,11,*,0%,56,N,N,N,6,5,Accessible Rural Areas,Accessible Rural Areas,6,5,693069,56.1020858,-4.6413802,
5250420,5250420P,Primary,Local Authority,Luthermuir School,Luthermuir,Laurencekirk,KINCARDINESHIRE,AB30 1QA,Aberdeenshire,S12000034,S01006806,151100580,Non-denominational,3.2,28,0%,0%,65,N,N,N,6,5,Accessible Rural Areas,Accessible Rural Areas,6,5,768920,56.81056,-2.5518915,
5100925,5100925P,Primary,Local Authority,Lybster Primary School,Lybster,Wick,,KW3 6BJ,Highland,S12000017,S01010774,130072836,Non-denominational,4.1,64,*,0%,21,N,Y,Y,8,6,Very Remote Rural Areas,Remote Rural Areas,8,6,935969,58.3058415,-3.2834613,
5442028,5442028P,Primary,Local Authority,Lynburn Primary School,Nith Street,Dunfermline,,KY11 4LU,Fife,S12000047,S01009344,320188769,Non-denominational,22.9,377,10 - <20%,35 - <40%,31,N,N,N,2,2,Other Urban Areas,Other Urban Areas,2,2,686656,56.0645674,-3.4189161,
5127122,5127122P,Primary,Local Authority,Macdiarmid Primary School,Carbost,Skeabost Bridge,PORTREE ISLE OF SKYE,IV51 9PD,Highland,S12000017,S01010682,130062655,Non-denominational,2.5,22,0%,0%,58,N,N,N,8,6,Very Remote Rural Areas,Remote Rural Areas,8,6,847807,57.4475566,-6.2852322,
5212723,5212723P,Primary,Local Authority,Macduff School,Berrymuir Road,Macduff,BANFFSHIRE,AB44 1PT,Aberdeenshire,S12000034,S01007037,151086074,Non-denominational,18.2,303,*,0%,48,N,N,N,4,4,Remote Small Towns,Remote Small Towns,4,4,863940,57.6643965,-2.4871096,
8523029,8523029P,Primary,Local Authority,Machanhill Primary School,Machanhill,,LARKHALL,ML9 2HG,South Lanarkshire,S12000029,S01012670,484180295,Non-denominational,17.8,335,5 - <10%,25 - <30%,83,N,N,N,2,2,Other Urban Areas,Other Urban Areas,2,2,651116,55.7376572,-3.9670577,
5251931,5251931S,Secondary,Local Authority,Mackie Academy,Slug Road,Stonehaven,KINCARDINESHIRE,AB39 3DF,Aberdeenshire,S12000034,S01006837,151062411,Non-denominational,86.2,1118,5 - <10%,*,85,N,N,N,2,2,Other Urban Areas,Other Urban Areas,2,2,786711,56.9714031,-2.2224106,
5554128,5554128P,Primary,Local Authority,Macmerry Primary School,Main Road Macmerry,Tranent,EAST LOTHIAN,EH33 1QA,East Lothian,S12000010,S01008239,138032108,Non-denominational,7.4,97,*,*,38,N,N,N,6,5,Accessible Rural Areas,Accessible Rural Areas,6,5,672536,55.9425523,-2.9029718,
5345626,5345626P,Primary,Local Authority,Madderty Primary School,Madderty,Crieff,,PH7 3PA,Perth and Kinross,S12000048,S01011872,124067866,Non-denominational,4,69,*,0%,70,N,N,N,6,5,Accessible Rural Areas,Accessible Rural Areas,6,5,721781,56.3766441,-3.6996499,
5744520,5744520P,Primary,Local Authority,Maddiston Primary School,Glendevon Drive,Maddiston,FALKIRK,FK2 0GT,Falkirk,S12000014,S01009200,136078313,Non-denominational,31.7,471,5 - <10%,15 - <20%,84,N,N,N,2,2,Other Urban Areas,Other Urban Areas,2,2,677030,55.9744974,-3.7012592,
5426537,5426537S,Secondary,Local Authority,Madras College,Bell Brae,St Andrews,,KY16 9BY,Fife,S12000047,S01009722,320175046,Non-denominational,101.4,1412,5 - <10%,0 - <5%,97,N,N,N,2,2,Other Urban Areas,Other Urban Areas,2,2,716545,56.338681,-2.7985769,UPRN is a Parent UPRN in SAD 2024 Q1.
1004786,1004786P,Primary,Local Authority,Maidenhill Primary School,2 Maidenhill Grove,Newton Mearns,GLASGOW,G77 5GW,East Renfrewshire,S12000011,S01008354,131048778,Non-denominational,25.9,448,>20%,*,64,N,N,N,6,5,Accessible Rural Areas,Accessible Rural Areas,1,1,654474,55.761161,-4.3472489,
8233721,8233721P,Primary,Local Authority,Maidens Primary School,35A Shanter Road,Maidens,GIRVAN,KA26 9NL,South Ayrshire,S12000028,S01012422,141000348,Non-denominational,6.2,63,*,*,42,N,N,N,7,6,Remote Rural Areas,Remote Rural Areas,6,5,607809,55.3317408,-4.8197947,
5301521,5301521P,Primary,Local Authority,Maisondieu Primary School,St Andrew's Street,Brechin,,DD9 6JJ,Angus,S12000041,S01007236,117081543,Non-denominational,22.5,367,0 - <5%,5 - <10%,48,N,N,N,3,3,Accessible Small Towns,Accessible Small Towns,3,3,760385,56.7333497,-2.6617886,
5135834,5135834S,Secondary,Local Authority,Mallaig High School,Mallaig,,,PH41 4RG,Highland,S12000017,S01010507,130074354,Non-denominational,14.1,101,*,0%,70,N,N,N,8,6,Very Remote Rural Areas,Remote Rural Areas,8,6,796508,57.0009446,-5.8314679,
5136423,5136423P,Primary,Local Authority,Mallaig Primary School,Mallaig,,,PH41 4QX,Highland,S12000017,S01010507,130111377,Non-denominational,5.5,70,*,0%,70,N,N,N,8,6,Very Remote Rural Areas,Remote Rural Areas,8,6,796788,57.0035639,-5.8281455,
5241723,5241723P,Primary,Local Authority,Manor Park School,Danestone Circle,Middlefield,ABERDEEN,AB16 7YB,Aberdeen City,S12000033,S01006726,9051131494,Non-denominational,15.5,235,10 - <20%,85 - <90%,16,N,Y,Y,1,1,Large Urban Areas,Large Urban Areas,1,1,808713,57.1691613,-2.1467631,
5405025,5405025P,Primary,Local Authority,Markinch Primary School,Betson Street,Markinch,GLENROTHES,KY7 6AA,Fife,S12000047,S01009608,320179281,Non-denominational,16.4,288,0 - <5%,0 - <5%,54,N,N,N,2,2,Other Urban Areas,Other Urban Areas,2,2,701562,56.2014322,-3.1353142,
8237832,8237832S,Secondary,Local Authority,Marr College,Dundonald Road,Troon,,KA10 7AB,South Ayrshire,S12000028,S01012552,141015686,Non-denominational,83.6,1122,0 - <5%,10 - <15%,90,N,N,N,2,2,Other Urban Areas,Other Urban Areas,2,2,631531,55.5488731,-4.6454772,
8631042,8631042SP,Special,Local Authority,Mary Russell School,Hawkhead Road,,PAISLEY,PA2 7BE,Renfrewshire,S12000038,S01012120,123054743,Non-denominational,47.6,169,5 - <10%,40 - <45%,16,N,Y,Y,1,1,Large Urban Areas,Large Urban Areas,1,1,662928,55.8362599,-4.3928972,
5116325,5116325P,Primary,Local Authority,Marybank Primary School,Urray,Muir Of Ord,,IV6 7UN,Highland,S12000017,S01010697,130100062,Non-denominational,2.1,19,0%,0%,51,N,N,N,7,6,Remote Rural Areas,Remote Rural Areas,7,6,853671,57.5475462,-4.5395691,
5250722,5250722P,Primary,Local Authority,Marykirk School,Kirktonhill Road,Marykirk,LAURENCEKIRK,AB30 1UZ,Aberdeenshire,S12000034,S01006806,151086093,Non-denominational,3.2,38,*,0%,65,N,N,N,6,5,Accessible Rural Areas,Accessible Rural Areas,6,5,765751,56.782256,-2.5133105,
5400228,5400228P,Primary,Local Authority,Masterton Primary School,Aberdour Road,Dunfermline,,KY11 8HY,Fife,S12000047,S01009354,320277085,Non-denominational,23.4,401,10 - <20%,*,97,N,N,N,2,2,Other Urban Areas,Other Urban Areas,2,2,685826,56.0572774,-3.4042276,
5320429,5320429P,Primary,Local Authority,Mattocks Primary School,13 School Road,Wellbank,ANGUS,DD5 3PF,Angus,S12000041,S01007139,117102329,Non-denominational,5.8,76,*,0%,67,N,N,N,6,5,Accessible Rural Areas,Accessible Rural Areas,6,5,736889,56.5210643,-2.8576551,
8241929,8241929P,Primary,Local Authority,Mauchline Primary School,The Loan,Mauchline,,KA5 6AN,East Ayrshire,S12000008,S01007894,127033113,Non-denominational,15.4,281,0 - <5%,20 - <25%,43,N,N,N,3,3,Accessible Small Towns,Accessible Small Towns,3,3,627378,55.517086,-4.3752529,
5217822,5217822P,Primary,Local Authority,Maud Primary School,School Road,Maud,ABERDEENSHIRE,AB42 4LA,Aberdeenshire,S12000034,S01007051,151086106,Non-denominational,5.4,89,*,0%,78,N,N,N,6,5,Accessible Rural Areas,Accessible Rural Areas,6,5,847765,57.5199784,-2.1298428,
5545226,5545226P,Primary,Local Authority,Mauricewood Primary School,11 Muirhead Place,Penicuik,,EH26 0LE,Midlothian,S12000019,S01010949,120004347,Non-denominational,19.3,346,5 - <10%,0%,85,N,N,N,2,2,Other Urban Areas,Other Urban Areas,2,2,661493,55.8406386,-3.2153811,
8507848,8507848SP,Special,Local Authority,Mavisbank School,Mitchell Street,Airdrie,,ML6 0EB,North Lanarkshire,S12000050,S01011655,118132990,Non-denominational,6.9,23,*,45 - <50%,5,Y,N,Y,2,2,Other Urban Areas,Other Urban Areas,2,2,665758,55.8689624,-3.9844983,
8531528,8531528P,Primary,Local Authority,Maxwellton Primary School,Calderwood Road,,EAST KILBRIDE,G74 3DP,South Lanarkshire,S12000029,S01012911,484175594,Non-denominational,12.3,171,*,*,58,N,N,N,2,2,Other Urban Areas,Other Urban Areas,2,2,654966,55.7690397,-4.1586222,
5544122,5544122P,Primary,Local Authority,Mayfield Primary School,Stone Avenue,Mayfield,DALKEITH,EH22 5PB,Midlothian,S12000019,S01011029,120035179,Non-denominational,26.3,248,0 - <5%,35 - <40%,24,N,Y,Y,2,2,Other Urban Areas,Other Urban Areas,2,2,664470,55.868992,-3.0403881,
8213623,8213623P,Primary,Local Authority,Mayfield Primary School,Kenilworth Drive,,SALTCOATS,KA21 6HS,North Ayrshire,S12000021,S01011266,126069160,Non-denominational,13.6,184,*,50 - <55%,26,N,N,N,2,2,Other Urban Areas,Other Urban Areas,2,2,642795,55.6472794,-4.7740294,
5722330,5722330S,Secondary,Local Authority,McLaren High School,Mollands Road,Callander,,FK17 8JH,Stirling,S12000030,S01013116,122000977,Non-denominational,51.2,641,0 - <5%,*,94,N,N,N,3,3,Accessible Small Towns,Accessible Small Towns,3,3,707352,56.238879,-4.2125234,
5442125,5442125P,Primary,Local Authority,McLean Primary School,Baldridgeburn,Dunfermline,,KY12 9EE,Fife,S12000047,S01009298,320188219,Non-denominational,21.3,390,5 - <10%,20 - <25%,19,N,Y,Y,2,2,Other Urban Areas,Other Urban Areas,2,2,688108,56.0769942,-3.4718148,
8341826,8341826P,Primary,Local Authority,Meadowburn Gaelic Unit,Meadowburn Primary School,Lendale lane,BISHOPBRIGGS,G64 3LL,East Dunbartonshire,S12000045,S01008088,132012662,Non-denominational,5.4,83,*,5 - <10%,80,N,N,N,1,1,Large Urban Areas,Large Urban Areas,1,1,671446,55.9160292,-4.2215329,
8340323,8340323P,Primary,Local Authority,Meadowburn Primary School,Lendale Lane,Bishopbriggs,,G64 3LL,East Dunbartonshire,S12000045,S01008088,132012662,Non-denominational,16.3,256,10 - <20%,0%,80,N,N,N,1,1,Large Urban Areas,Large Urban Areas,1,1,671446,55.9160292,-4.2215329,
5252032,5252032S,Secondary,Local Authority,Mearns Academy,Aberdeen Road,Laurencekirk,KINCARDINESHIRE,AB30 1ZJ,Aberdeenshire,S12000034,S01006801,151167541,Non-denominational,58.6,687,*,0%,82,N,N,N,3,3,Accessible Small Towns,Accessible Small Towns,3,3,771918,56.8378698,-2.4592471,UPRN is a Parent UPRN in SAD 2024 Q1.
8602239,8602239S,Secondary,Local Authority,Mearns Castle High School,51 Waterfoot Road,Newton Mearns,GLASGOW,G77 5GU,East Renfrewshire,S12000011,S01008350,131033656,Non-denominational,111.5,1468,>20%,0 - <5%,98,N,N,N,1,1,Large Urban Areas,Large Urban Areas,1,1,655348,55.7697817,-4.30668,
8601321,8601321P,Primary,Local Authority,Mearns Primary School,2 Hunter Drive,Newton Mearns,GLASGOW,G77 6DP,East Renfrewshire,S12000011,S01008354,131033310,Non-denominational,42.1,764,>20%,0 - <5%,64,N,N,N,1,1,Large Urban Areas,Large Urban Areas,1,1,655388,55.7694201,-4.3447788,
5218721,5218721P,Primary,Local Authority,Meethill School,School Road,Peterhead,ABERDEENSHIRE,AB42 2BF,Aberdeenshire,S12000034,S01007074,151086115,Non-denominational,14.6,187,5 - <10%,0 - <5%,50,N,N,N,2,2,Other Urban Areas,Other Urban Areas,2,2,845204,57.4968811,-1.801199,
5345723,5345723P,Primary,Local Authority,Meigle Primary School,Dundee Road,Meigle,PERTHSHIRE,PH12 8SD,Perth and Kinross,S12000048,S01011973,124012301,Non-denominational,2.9,40,*,0%,67,N,N,N,6,5,Accessible Rural Areas,Accessible Rural Areas,6,5,744376,56.5858821,-3.1593375,
5232724,5232724P,Primary,Local Authority,Meiklemill School,Provost Davidson Drive,Ellon,ABERDEENSHIRE,AB41 9BQ,Aberdeenshire,S12000034,S01006963,151086119,Non-denominational,14.3,236,5 - <10%,0%,83,N,N,N,2,2,Other Urban Areas,Other Urban Areas,2,2,830169,57.3619546,-2.0841162,
5232333,5232333S,Secondary,Local Authority,Meldrum Academy,Colpy Road,Oldmeldrum,ABERDEENSHIRE,AB51 0NT,Aberdeenshire,S12000034,S01006985,151086237,Non-denominational,84.9,1004,0 - <5%,*,88,N,N,N,3,3,Accessible Small Towns,Accessible Small Towns,3,3,827447,57.3370924,-2.3323024,
5511623,5511623P,Primary,Local Authority,Meldrum Primary School,Westwood Park,Deans,LIVINGSTON,EH54 8NW,West Lothian,S12000040,S01013337,200004093763,Non-denominational,11.5,171,10 - <20%,10 - <15%,62,N,N,N,2,2,Other Urban Areas,Other Urban Areas,2,2,669164,55.9056472,-3.5627677,
5227828,5227828P,Primary,Local Authority,Meldrum School,Meadowbank,Oldmeldrum Inverurie,ABERDEENSHIRE,AB51 0BF,Aberdeenshire,S12000034,S01006985,151086122,Non-denominational,23,406,0 - <5%,0%,88,N,N,N,3,3,Accessible Small Towns,Accessible Small Towns,3,3,827153,57.3344806,-2.323193,
5620120,5620120P,Primary,Local Authority,Melrose Primary School,Huntly Road,Melrose,ROXBURGHSHIRE,TD6 9SB,Scottish Borders,S12000026,S01012292,116014388,Non-denominational,17.8,327,5 - <10%,*,95,N,N,N,6,5,Accessible Rural Areas,Accessible Rural Areas,6,5,634019,55.5976322,-2.7273066,
5110122,5110122P,Primary,Local Authority,Melvich Primary School,By Thurso,,,KW14 7YL,Highland,S12000017,S01010810,130111962,Non-denominational,3.2,37,0%,0%,46,N,N,N,8,6,Very Remote Rural Areas,Remote Rural Areas,8,6,965635,58.5641521,-3.9345297,
5701422,5701422P,Primary,Local Authority,Menstrie Primary School,Elmbank,Menstrie,,FK11 7AP,Clackmannanshire,S12000005,S01007423,35014023,Non-denominational,17.3,267,*,0 - <5%,66,N,N,N,6,5,Accessible Rural Areas,Accessible Rural Areas,6,5,696753,56.1495651,-3.8516387,
5140420,5140420P,Primary,Local Authority,Merkinch Primary School,Telford Road,Inverness,,IV3 8HY,Highland,S12000017,S01010639,130107017,Non-denominational,15.4,234,*,85 - <90%,14,Y,N,Y,2,2,Other Urban Areas,Other Urban Areas,2,2,845925,57.4836499,-4.2382711,UPRN is a Parent UPRN in SAD 2024 Q1.
8416524,8416524P,Primary,Local Authority,Merrylee Primary School,50 Friarton Road,,GLASGOW,G43 2PR,Glasgow City,S12000049,S01009956,906700430718,Non-denominational,21.2,383,10 - <20%,0 - <5%,43,N,N,N,1,1,Large Urban Areas,Large Urban Areas,1,1,660448,55.8162061,-4.2751548,
5405327,5405327P,Primary,Local Authority,Methilhill Primary & Community School,Sea Road,Methilhill,LEVEN,KY8 2JW,Fife,S12000047,S01009627,320180975,Non-denominational,21.5,354,*,80 - <85%,25,N,Y,Y,2,2,Other Urban Areas,Other Urban Areas,2,2,699997,56.188244,-3.0358798,
5227925,5227925P,Primary,Local Authority,Methlick School,Methlick,Ellon,ABERDEENSHIRE,AB41 7DS,Aberdeenshire,S12000034,S01006978,151109450,Non-denominational,8.2,123,*,0%,64,N,N,N,6,5,Accessible Rural Areas,Accessible Rural Areas,6,5,837138,57.4243509,-2.2415958,
5345928,5345928P,Primary,Local Authority,Methven Primary School,Main Street,Methven,PERTH,PH1 3PX,Perth and Kinross,S12000048,S01012003,124022174,Non-denominational,8.7,120,*,*,61,N,N,N,6,5,Accessible Rural Areas,Accessible Rural Areas,6,5,725923,56.4154839,-3.5769038,
5501520,5501520P,Primary,Local Authority,Mid Calder Primary School,Mid Calder,Livingston,WEST LOTHIAN,EH53 0RR,West Lothian,S12000040,S01013285,200004147205,Non-denominational,12.4,180,*,0%,79,N,N,N,2,2,Other Urban Areas,Other Urban Areas,2,2,666908,55.886355,-3.4835209,
6103731,6103731P,Primary,Local Authority,Mid Yell Junior High School,Mid Yell,Shetland,,ZE2 9BN,Shetland Islands,S12000027,S01012413,301000017587,Non-denominational,3,30,0%,0%,55,N,N,N,8,6,Very Remote Rural Areas,Remote Rural Areas,8,6,1190729,60.5967313,-1.0652747,
6103731,6103731S,Secondary,Local Authority,Mid Yell Junior High School,Mid Yell,Shetland,,ZE2 9BN,Shetland Islands,S12000027,S01012413,301000017587,Non-denominational,8,42,0%,0%,55,N,N,N,8,6,Very Remote Rural Areas,Remote Rural Areas,8,6,1190729,60.5967313,-1.0652747,
8452741,8452741SP,Special,Local Authority,Middlefield School,80 Ardnahoe Avenue,,GLASGOW,G42 0DL,Glasgow City,S12000049,S01010017,906700233482,Inter-denominational,12.4,25,*,65 - <70%,13,Y,N,Y,1,1,Large Urban Areas,Large Urban Areas,1,1,661443,55.8259007,-4.2341606,
5235928,5235928P,Primary,Local Authority,Middleton Park School,Jesmond Drive,Bridge Of Don,ABERDEEN,AB22 8UR,Aberdeen City,S12000033,S01006773,9051098463,Non-denominational,10,160,>20%,*,88,N,N,N,1,1,Large Urban Areas,Large Urban Areas,1,1,811029,57.1899973,-2.1210501,
5228026,5228026P,Primary,Local Authority,Midmar School,Sauchen,Inverurie,ABERDEENSHIRE,AB51 7PQ,Aberdeenshire,S12000034,S01006858,151114011,Non-denominational,3.1,28,*,0%,77,N,N,N,6,5,Accessible Rural Areas,Accessible Rural Areas,6,5,807614,57.158265,-2.527833,
1003615,1003615P,Primary,Local Authority,Midmill School,Carnie Road,Kintore,INVERURIE,AB51 0QH,Aberdeenshire,S12000034,S01006924,151165491,Non-denominational,9.6,150,5 - <10%,0%,72,N,N,N,3,3,Accessible Small Towns,Accessible Small Towns,6,5,815182,57.2269016,-2.3383985,
5240026,5240026P,Primary,Local Authority,Mile End School,Mid Stocket Road,,ABERDEEN,AB15 5LT,Aberdeen City,S12000033,S01006562,9051141004,Non-denominational,34.9,572,>20%,0 - <5%,68,N,N,N,1,1,Large Urban Areas,Large Urban Areas,1,1,806718,57.1512498,-2.1393697,
5442222,5442222P,Primary,Local Authority,Milesmark Primary School,Rumblingwell,Dunfermline,,KY12 9AT,Fife,S12000047,S01009293,320188435,Non-denominational,6.2,92,5 - <10%,0%,58,N,N,N,2,2,Other Urban Areas,Other Urban Areas,2,2,688310,56.0786704,-3.4834154,
5326524,5326524P,Primary,Local Authority,Mill Of Mains Primary School,Barns Of Claverhouse Road,Dundee,,DD4 9RD,Dundee City,S12000042,S01007796,9059040857,Non-denominational,18.2,277,5 - <10%,40 - <45%,28,N,N,N,1,1,Large Urban Areas,Large Urban Areas,1,1,733853,56.4930497,-2.9586461,
5257727,5257727P,Primary,Local Authority,Mill O'Forest School,Woodview Place,Stonehaven,KINCARDINESHIRE,AB39 2TD,Aberdeenshire,S12000034,S01006825,151086133,Non-denominational,22.7,283,0 - <5%,0%,74,N,N,N,2,2,Other Urban Areas,Other Urban Areas,2,2,785759,56.9628384,-2.2308499,
5153026,5153026P,Primary,Local Authority,Millbank Primary School,Millbank Crescent,Nairn,,IV12 4QB,Highland,S12000017,S01010555,130108931,Non-denominational,15.4,248,0 - <5%,0 - <5%,46,N,N,N,2,2,Other Urban Areas,Other Urban Areas,2,2,856175,57.5817561,-3.8689671,
5206421,5206421P,Primary,Local Authority,Millbank Primary School,McWilliam Crescent,Buckie,MORAY,AB56 1LU,Moray,S12000020,S01011077,133038849,Non-denominational,16,212,*,*,31,N,N,N,3,3,Accessible Small Towns,Accessible Small Towns,3,3,865012,57.6713394,-2.9567774,
5142830,5142830S,Secondary,Local Authority,Millburn Academy,Diriebught Road,Inverness,,IV2 3QR,Highland,S12000017,S01010621,130034961,Non-denominational,93.5,1240,10 - <20%,5 - <10%,56,N,N,N,2,2,Other Urban Areas,Other Urban Areas,2,2,845477,57.4801468,-4.2091226,
5101328,5101328P,Primary,Local Authority,Miller Academy Primary School,Princes Street,Thurso,,KW14 7DH,Highland,S12000017,S01010805,130016400,Non-denominational,14,267,*,0%,68,N,N,N,5,4,Very Remote Small Towns,Remote Small Towns,5,4,968023,58.5911113,-3.5255155,
8431221,8431221P,Primary,Local Authority,Miller Primary School,20 Ardencraig Road,,GLASGOW,G45 9US,Glasgow City,S12000049,S01009979,906700422379,Non-denominational,16.6,191,10 - <20%,90 - <95%,2,Y,N,Y,1,1,Large Urban Areas,Large Urban Areas,1,1,658936,55.8035974,-4.221585,
8350922,8350922P,Primary,Local Authority,Millersneuk Primary School,Lindsaybeg Road,Lenzie,,G66 5HZ,East Dunbartonshire,S12000045,S01008125,132027167,Non-denominational,20.9,339,5 - <10%,*,85,N,N,N,2,2,Other Urban Areas,Other Urban Areas,2,2,671827,55.9208438,-4.1431126,
5235324,5235324P,Primary,Local Authority,Milltimber School,Agricola Street,Milltimber,ABERDEEN,AB13 0BF,Aberdeen City,S12000033,S01006515,9051156696,Non-denominational,18.4,310,>20%,0%,92,N,N,N,6,5,Accessible Rural Areas,Accessible Rural Areas,1,1,802337,57.1117686,-2.2302142,
5346029,5346029P,Primary,Local Authority,Milnathort Primary School,Bridgefauld Road,Milnathort,KINROSS,KY13 9XP,Perth and Kinross,S12000048,S01011845,124040169,Non-denominational,12.4,215,*,0%,66,N,N,N,6,5,Accessible Rural Areas,Accessible Rural Areas,6,5,704592,56.2256518,-3.4255923,
5202930,5202930S,Secondary,Local Authority,Milne's High School,West Street,Fochabers,MORAY,IV32 7DJ,Moray,S12000020,S01011088,133040334,Non-denominational,42,477,0 - <5%,*,77,N,N,N,6,5,Accessible Rural Areas,Accessible Rural Areas,6,5,858290,57.609798,-3.1003007,
5202825,5202825P,Primary,Local Authority,Milne's Primary School,High Street,Fochabers,MORAY,IV32 7EP,Moray,S12000020,S01011089,133036368,Non-denominational,12.8,196,0 - <5%,*,35,N,N,N,6,5,Accessible Rural Areas,Accessible Rural Areas,6,5,858484,57.6116155,-3.0914408,
8325022,8325022P,Primary,Local Authority,Milngavie Primary School,Hillhead Street,Milngavie,,G62 8AG,East Dunbartonshire,S12000045,S01008042,132036917,Non-denominational,20.4,356,10 - <20%,*,85,N,N,N,1,1,Large Urban Areas,Large Urban Areas,1,1,674643,55.9430281,-4.3155772,
5101620,5101620P,Primary,Local Authority,Milton of Leys Primary School,Milton of Leys,Inverness,,IV2 6HF,Highland,S12000017,S01010591,130150620,Non-denominational,16,303,0 - <5%,*,68,N,N,N,2,2,Other Urban Areas,Other Urban Areas,2,2,842108,57.4504517,-4.1755204,
5120624,5120624P,Primary,Local Authority,Milton Primary School,Kildary,Invergordon,,IV18 0PX,Highland,S12000017,S01010747,130110269,Non-denominational,4.7,59,*,85 - <90%,20,N,Y,Y,7,6,Remote Rural Areas,Remote Rural Areas,7,6,874428,57.7425674,-4.0732631,
8551022,8551022P,Primary,Local Authority,Milton Primary School,Strathaven Road,Lesmahagow,,ML11 0DN,South Lanarkshire,S12000029,S01012646,484175142,Non-denominational,10.6,165,*,0 - <5%,74,N,N,N,3,3,Accessible Small Towns,Accessible Small Towns,3,3,640379,55.6424021,-3.8883251,
8416729,8416729P,Primary,Local Authority,Miltonbank Primary School,11 Skerray Street,,GLASGOW,G22 7PT,Glasgow City,S12000049,S01010344,906700102845,Non-denominational,15.4,165,>20%,85 - <90%,1,Y,N,Y,1,1,Large Urban Areas,Large Urban Areas,1,1,669914,55.9016802,-4.2534585,
8234124,8234124P,Primary,Local Authority,Minishant Primary School,Merrick Crescent,Minishant,,KA19 8ET,South Ayrshire,S12000028,S01012443,141005578,Non-denominational,2.8,22,*,*,61,N,N,N,6,5,Accessible Rural Areas,Accessible Rural Areas,6,5,613922,55.3906248,-4.6439566,
5910226,5910226P,Primary,Local Authority,Minnigaff School,McGregor Drive,Minnigaff,NEWTON STEWART,DG8 6PE,Dumfries and Galloway,S12000006,S01007518,137010500,Non-denominational,4.1,52,0%,0%,39,N,N,N,4,4,Remote Small Towns,Remote Small Towns,4,4,565763,54.9613072,-4.4734976,
5222133,5222133S,Secondary,Local Authority,Mintlaw Academy,Station Road,Mintlaw,PETERHEAD ABERDEENSHIRE,AB42 5FN,Aberdeenshire,S12000034,S01007059,151100479,Non-denominational,73.4,880,0 - <5%,0 - <5%,59,N,N,N,6,5,Accessible Rural Areas,Accessible Rural Areas,6,5,848269,57.5245675,-2.0132712,UPRN is a Parent UPRN in SAD 2024 Q1.
5220122,5220122P,Primary,Local Authority,Mintlaw Primary School,Longside Road,Mintlaw,ABERDEENSHIRE,AB42 5EJ,Aberdeenshire,S12000034,S01007058,151086139,Non-denominational,12.9,167,0 - <5%,0%,40,N,N,N,6,5,Accessible Rural Areas,Accessible Rural Areas,6,5,848249,57.5243886,-1.9982526,
5948738,5948738P,Primary,Local Authority,Moffat Academy,Jeff Brown Drive,Moffat,,DG10 9QL,Dumfries and Galloway,S12000006,S01007643,137103678,Non-denominational,10.9,176,0 - <5%,0%,74,N,N,N,7,6,Remote Rural Areas,Remote Rural Areas,7,6,604829,55.3290453,-3.4378769,
5948738,5948738S,Secondary,Local Authority,Moffat Academy,Jeff Brown Drive,Moffat,,DG10 9QL,Dumfries and Galloway,S12000006,S01007643,137103678,Non-denominational,23.3,254,*,0%,74,N,N,N,7,6,Remote Rural Areas,Remote Rural Areas,7,6,604829,55.3290453,-3.4378769,
5340020,5340020P,Primary,Local Authority,Moncreiffe Primary School,Gleneagles Road,Perth,,PH2 0AW,Perth and Kinross,S12000048,S01011888,124016124,Non-denominational,11.3,164,5 - <10%,0 - <5%,30,N,N,N,2,2,Other Urban Areas,Other Urban Areas,2,2,721703,56.3792417,-3.4391302,
5938023,5938023P,Primary,Local Authority,Moniaive School,Chapel Street,Moniaive,THORNHILL,DG3 4EJ,Dumfries and Galloway,S12000006,S01007563,137017453,Non-denominational,3.8,49,*,0%,60,N,N,N,7,6,Remote Rural Areas,Remote Rural Areas,7,6,590770,55.1960579,-3.9203304,
5339537,5339537S,Secondary,Local Authority,Monifieth High School,Panmurefield Road,Monifieth,,DD5 4QT,Angus,S12000041,S01007145,117096654,Non-denominational,81,1035,5 - <10%,0 - <5%,72,N,N,N,1,1,Large Urban Areas,Large Urban Areas,1,1,732199,56.4790489,-2.8399514,
5305624,5305624P,Primary,Local Authority,Monikie Primary School,Craigton Road,Monikie,ANGUS,DD5 3QN,Angus,S12000041,S01007140,117083574,Non-denominational,5.9,76,*,*,66,N,N,N,6,5,Accessible Rural Areas,Accessible Rural Areas,6,5,738320,56.5343329,-2.7956994,
8234221,8234221P,Primary,Local Authority,Monkton Primary School,Station Road,Monkton,PRESTWICK,KA9 2RH,South Ayrshire,S12000028,S01012532,141068904,Non-denominational,11.4,165,0 - <5%,*,64,N,N,N,2,2,Other Urban Areas,Other Urban Areas,2,2,627847,55.5166356,-4.6046102,
5218020,5218020P,Primary,Local Authority,Monquhitter School,Thornhill Road,Cuminestown,BY TURRIFF ABERDEENSHIRE,AB53 5WH,Aberdeenshire,S12000034,S01007042,151086142,Non-denominational,8.7,122,0%,0%,48,N,N,N,7,6,Remote Rural Areas,Remote Rural Areas,7,6,850222,57.5416876,-2.3294394,
5308038,5308038S,Secondary,Local Authority,Montrose Academy,Academy Square,Montrose,,DD10 8HU,Angus,S12000041,S01007211,117097634,Non-denominational,76.4,859,0 - <5%,*,22,N,Y,Y,2,2,Other Urban Areas,Other Urban Areas,2,2,757616,56.709366,-2.4640994,
5228220,5228220P,Primary,Local Authority,Monymusk School,Monymusk,Inverurie,ABERDEENSHIRE,AB51 7HJ,Aberdeenshire,S12000034,S01006886,151102691,Non-denominational,4.4,64,*,0%,68,N,N,N,6,5,Accessible Rural Areas,Accessible Rural Areas,6,5,815446,57.2286285,-2.5258568,
5540720,5540720P,Primary,Local Authority,Moorfoot Primary School,41 Borthwick Castle Road,North Middleton,GOREBRIDGE,EH23 4QS,Midlothian,S12000019,S01011020,120038646,Non-denominational,5.3,78,*,*,87,N,N,N,6,5,Accessible Rural Areas,Accessible Rural Areas,6,5,659187,55.8216726,-3.0224929,
8641420,8641420P,Primary,Local Authority,Moorfoot Primary School,Moorfoot Drive,GREENOCK,,PA19 1ES,Inverclyde,S12000018,S01010837,119000949,Non-denominational,20.6,252,0 - <5%,15 - <20%,56,N,N,N,2,2,Other Urban Areas,Other Urban Areas,2,2,676542,55.949246,-4.8348516,
8211523,8211523P,Primary,Local Authority,Moorpark Primary School,Milton Road,,KILBIRNIE,KA25 7EP,North Ayrshire,S12000021,S01011339,126061150,Non-denominational,12.2,151,5 - <10%,60 - <65%,20,N,Y,Y,3,3,Accessible Small Towns,Accessible Small Towns,3,3,655049,55.759279,-4.6908475,
5759323,5759323P,Primary,Local Authority,Moray Primary School,Moray Place,Grangemouth,,FK3 9DL,Falkirk,S12000014,S01009237,10091787453,Non-denominational,19.8,294,0 - <5%,10 - <15%,98,N,N,N,2,2,Other Urban Areas,Other Urban Areas,2,2,681316,56.0128525,-3.7127788,
5631726,5631726P,Primary,Local Authority,Morebattle Primary School,Main Street,Morebattle,KELSO,TD5 8QG,Scottish Borders,S12000026,S01012329,116019352,Non-denominational,4.2,51,*,0%,48,N,N,N,7,6,Remote Rural Areas,Remote Rural Areas,7,6,624955,55.5177978,-2.3669509,
5330432,5330432S,Secondary,Local Authority,Morgan Academy,Forfar Road,Dundee,,DD4 7AX,Dundee City,S12000042,S01007730,9059035421,Non-denominational,75,942,>20%,*,29,N,N,N,1,1,Large Urban Areas,Large Urban Areas,1,1,731809,56.474721,-2.9540442,
8512329,8512329P,Primary,Local Authority,Morningside Primary School,School Road,Morningside,WISHAW,ML2 9QW,North Lanarkshire,S12000050,S01011426,118048479,Non-denominational,11.4,191,*,20 - <25%,78,N,N,N,6,5,Accessible Rural Areas,Accessible Rural Areas,6,5,655557,55.7790944,-3.8692942,
5207827,5207827P,Primary,Local Authority,Mortlach Primary School,York Street,Dufftown Keith,MORAY,AB55 4AU,Moray,S12000020,S01011048,133038804,Non-denominational,8.4,125,*,0%,51,N,N,N,6,5,Accessible Rural Areas,Accessible Rural Areas,6,5,840053,57.4456883,-3.1314253,
6104428,6104428P,Primary,Local Authority,Mossbank Primary School,Mossbank,Shetland,,ZE2 9RB,Shetland Islands,S12000027,S01012411,30100004557,Non-denominational,3.2,45,0%,0%,50,N,N,N,8,6,Very Remote Rural Areas,Remote Rural Areas,8,6,1175051,60.4567177,-1.18119,
8512124,8512124P,Primary,Local Authority,Mossend Primary School,Calder Road,Mossend,BELLSHILL,ML4 2RH,North Lanarkshire,S12000050,S01011507,118070773,Non-denominational,21.5,325,5 - <10%,35 - <40%,32,N,N,N,1,1,Large Urban Areas,Large Urban Areas,1,1,659984,55.8167344,-4.0053333,
8324727,8324727P,Primary,Local Authority,Mosshead Primary School,Stockiemuir Avenue,Bearsden,,G61 3LZ,East Dunbartonshire,S12000045,S01008050,132039659,Non-denominational,21.6,370,10 - <20%,0%,88,N,N,N,1,1,Large Urban Areas,Large Urban Areas,1,1,673306,55.930719,-4.3311086,
8533229,8533229P,Primary,Local Authority,Mossneuk Primary School,Mossneuk Drive,East Kilbride,,G75 8XQ,South Lanarkshire,S12000029,S01012953,484176646,Non-denominational,25.4,497,5 - <10%,0%,82,N,N,N,2,2,Other Urban Areas,Other Urban Areas,2,2,653315,55.7530746,-4.2217708,
8416923,8416923P,Primary,Local Authority,Mosspark Primary School & Nursery Class,20 Mosspark Square,Mosspark,GLASGOW,G52 1LZ,Glasgow City,S12000049,S01009858,906700300210,Non-denominational,14.5,287,>20%,25 - <30%,40,N,N,N,1,1,Large Urban Areas,Large Urban Areas,1,1,663110,55.8391451,-4.3277964,
5202329,5202329P,Primary,Local Authority,Mosstodloch Primary School,Garmouth Road,Mosstodloch,MORAY,IV32 7JB,Moray,S12000020,S01011086,133001441,Non-denominational,10.4,179,*,0%,66,N,N,N,6,5,Accessible Rural Areas,Accessible Rural Areas,6,5,860049,57.6253603,-3.1264233,
5202426,5202426P,Primary,Local Authority,Mosstowie Primary School,Miltonbrae,Miltonduff,MORAY,IV30 8TY,Moray,S12000020,S01011095,133056543,Non-denominational,3.8,56,*,0%,74,N,N,N,6,5,Accessible Rural Areas,Accessible Rural Areas,6,5,860309,57.6251595,-3.3821201,
8625425,8625425P,Primary,Local Authority,Mossvale Primary School,Gockston Road,,PAISLEY,PA3 2QB,Renfrewshire,S12000038,S01012157,123110946,Non-denominational,14.4,207,10 - <20%,50 - <55%,33,N,N,N,1,1,Large Urban Areas,Large Urban Areas,1,1,665346,55.8572109,-4.4327282,
8531625,8531625P,Primary,Local Authority,Mount Cameron Primary School,Blacklaw Drive,St Leonard's,EAST KILBRIDE,G74 2EX,South Lanarkshire,S12000029,S01012923,484157179,Non-denominational,11.7,167,5 - <10%,5 - <10%,60,N,N,N,2,2,Other Urban Areas,Other Urban Areas,2,2,653491,55.7558383,-4.1554863,
8534527,8534527P,Primary,Local Authority,Mount Cameron Primary School Gaelic Unit,Blacklaw Drive,St Leonard's,EAST KILBRIDE,G74 2EX,South Lanarkshire,S12000029,S01012923,484157179,Non-denominational,4,66,*,*,60,N,N,N,2,2,Other Urban Areas,Other Urban Areas,2,2,653491,55.7558383,-4.1554863,
8222320,8222320P,Primary,Local Authority,Mount Carmel Primary School,Meiklewood Road,Kilmarnock,,KA3 2EL,East Ayrshire,S12000008,S01008000,127047792,Roman Catholic,13.4,171,5 - <10%,60 - <65%,12,Y,N,Y,2,2,Other Urban Areas,Other Urban Areas,2,2,640079,55.6288307,-4.4965832,
8417024,8417024P,Primary,Local Authority,Mount Florida Primary School & Nursery Class,1127 Cathcart Road,,GLASGOW,G42 9HF,Glasgow City,S12000049,S01010013,906700253806,Non-denominational,12.5,216,>20%,20 - <25%,30,N,N,N,1,1,Large Urban Areas,Large Urban Areas,1,1,661310,55.8242812,-4.2573773,
5101425,5101425P,Primary,Local Authority,Mount Pleasant Primary School,Castletown Road,Thurso,,KW14 8HL,Highland,S12000017,S01010794,130071729,Non-denominational,11.6,185,0 - <5%,0%,49,N,N,N,5,4,Very Remote Small Towns,Remote Small Towns,8,6,968353,58.594238,-3.5117664,
8456526,8456526P,Primary,Local Authority,Mount Vernon Primary School,80 Criffel Road,,GLASGOW,G32 9JG,Glasgow City,S12000049,S01010082,906700370528,Non-denominational,15.8,307,5 - <10%,10 - <15%,52,N,N,N,1,1,Large Urban Areas,Large Urban Areas,1,1,663099,55.8423925,-4.1437911,
5404827,5404827P,Primary,Local Authority,Mountfleurie Primary School,Christie Avenue,Leven,,KY8 4AZ,Fife,S12000047,S01009644,320180827,Non-denominational,18,293,5 - <10%,10 - <15%,32,N,N,N,2,2,Other Urban Areas,Other Urban Areas,2,2,701175,56.1989935,-3.0159586,
5136628,5136628P,Primary,Local Authority,Muck Primary School,Isle Of Muck,,,PH41 2RP,Highland,S12000017,S01010504,130111993,Non-denominational,1.8,4,*,*,58,N,N,N,8,6,Very Remote Rural Areas,Remote Rural Areas,8,6,779529,56.8354956,-6.2269278,
5718023,5718023P,Primary,Local Authority,Muckhart Primary School,Muckhart,Dollar,,FK14 7JN,Clackmannanshire,S12000005,S01007447,35014716,Non-denominational,3.5,40,*,*,83,N,N,N,6,5,Accessible Rural Areas,Accessible Rural Areas,6,5,699897,56.1810797,-3.6193142,
8513023,8513023P,Primary,Local Authority,Muir Street Primary School,Parkneuk Street,Motherwell,,ML1 1BY,North Lanarkshire,S12000050,S01011493,118065316,Non-denominational,16.8,252,10 - <20%,70 - <75%,94,N,N,N,1,1,Large Urban Areas,Large Urban Areas,1,1,657659,55.7959793,-3.9967695,
8523827,8523827P,Primary,Local Authority,Muiredge Primary School,Watson Street,,UDDINGSTON,G71 7JL,South Lanarkshire,S12000029,S01012810,484057247,Non-denominational,19,347,0 - <5%,10 - <15%,18,N,Y,Y,2,2,Other Urban Areas,Other Urban Areas,2,2,660568,55.8208069,-4.0761314,
5300827,5300827P,Primary,Local Authority,Muirfield Primary School,School Road,Arbroath,,DD11 2LU,Angus,S12000041,S01007179,117079294,Non-denominational,13.5,239,*,20 - <25%,73,N,N,N,2,2,Other Urban Areas,Other Urban Areas,2,2,740812,56.5577549,-2.61458,
5241022,5241022P,Primary,Local Authority,Muirfield School,Mastrick Drive,Aberdeen,,AB16 6UE,Aberdeen City,S12000033,S01006703,9051024494,Non-denominational,12.4,170,5 - <10%,35 - <40%,28,N,N,N,1,1,Large Urban Areas,Large Urban Areas,1,1,807054,57.1542455,-2.1575641,
8235325,8235325P,Primary,Local Authority,Muirhead Primary School,Buchan Road,Troon,,KA10 7BT,South Ayrshire,S12000028,S01012549,141016433,Non-denominational,9.7,129,*,30 - <35%,17,N,Y,Y,2,2,Other Urban Areas,Other Urban Areas,2,2,631669,55.5501886,-4.6419981,
8513120,8513120P,Primary,Local Authority,Muirhouse Primary School,66 Barons Road,Motherwell,,ML1 2NB,North Lanarkshire,S12000050,S01011369,118076760,Non-denominational,16,266,5 - <10%,30 - <35%,28,N,N,N,1,1,Large Urban Areas,Large Urban Areas,1,1,654946,55.7721495,-3.9625158,
8243921,8243921P,Primary,Local Authority,Muirkirk Primary School,Burns Avenue,Muirkirk,,KA18 3RH,East Ayrshire,S12000008,S01007903,127046241,Non-denominational,8.2,103,*,90 - <95%,18,N,Y,Y,7,6,Remote Rural Areas,Remote Rural Areas,7,6,627332,55.5222693,-4.0670105,
5143322,5143322P,Primary,Local Authority,Muirtown Primary School,King Brude Road,Inverness,,IV3 8LU,Highland,S12000017,S01010649,130052847,Non-denominational,10.2,179,0 - <5%,10 - <15%,63,N,N,N,2,2,Other Urban Areas,Other Urban Areas,2,2,845839,57.4826145,-4.2530055,
5116627,5116627P,Primary,Local Authority,Mulbuie Primary School,Muir Of Ord,,,IV6 7RB,Highland,S12000017,S01010707,130164600,Non-denominational,2.7,40,*,0%,45,N,N,N,6,5,Accessible Rural Areas,Accessible Rural Areas,6,5,852179,57.5364239,-4.423389,
5116724,5116724P,Primary,Local Authority,Munlochy Primary School,56 Millbank Road,Munlochy,,IV8 8NL,Highland,S12000017,S01010724,130011905,Non-denominational,3.9,68,5 - <10%,0%,61,N,N,N,6,5,Accessible Rural Areas,Accessible Rural Areas,6,5,853147,57.5480751,-4.2644675,
8531722,8531722P,Primary,Local Authority,Murray Primary School,Napier Hill,Murray,EAST KILBRIDE,G75 0JP,South Lanarkshire,S12000029,S01012991,484173349,Non-denominational,15.6,200,10 - <20%,5 - <10%,38,N,N,N,2,2,Other Urban Areas,Other Urban Areas,2,2,653457,55.7551376,-4.1778705,
5527023,5527023P,Primary,Local Authority,Murrayburn Primary School,1 Sighthill Loan,Edinburgh,,EH11 4NP,City of Edinburgh,S12000036,S01008466,906223174,Non-denominational,20.5,331,>20%,15 - <20%,53,N,N,N,1,1,Large Urban Areas,Large Urban Areas,1,1,670655,55.9222857,-3.2822174,
5505526,5505526P,Primary,Local Authority,Murrayfield Primary School,Catherine Terrace,Blackburn,WEST LOTHIAN,EH47 7DX,West Lothian,S12000040,S01013363,200004139544,Non-denominational,25,189,5 - <10%,35 - <40%,6,Y,N,Y,2,2,Other Urban Areas,Other Urban Areas,2,2,666165,55.8779577,-3.6200487,
5320828,5320828P,Primary,Local Authority,Murroes Primary School,Duntrune,Angus,,DD4 0PL,Angus,S12000041,S01007138,117096424,Non-denominational,7.9,107,*,*,69,N,N,N,6,5,Accessible Rural Areas,Accessible Rural Areas,6,5,736370,56.5160668,-2.9048498,
5346223,5346223P,Primary,Local Authority,Murthly Primary School,Murthly,Perth,,PH1 4HB,Perth and Kinross,S12000048,S01011995,124066786,Non-denominational,3.2,43,*,0%,76,N,N,N,6,5,Accessible Rural Areas,Accessible Rural Areas,6,5,737421,56.5201454,-3.4667861,
5550025,5550025P,Primary,Local Authority,Musselburgh Burgh Primary School,Kilwinning Street,Musselburgh,EAST LOTHIAN,EH21 7EE,East Lothian,S12000010,S01008188,138010531,Non-denominational,14.3,258,10 - <20%,10 - <15%,22,N,Y,Y,1,1,Large Urban Areas,Large Urban Areas,1,1,672562,55.9416166,-3.0504204,
5550831,5550831S,Secondary,Local Authority,Musselburgh Grammar School,86 Inveresk Road,Musselburgh,EAST LOTHIAN,EH21 7BA,East Lothian,S12000010,S01008176,138021203,Non-denominational,79.4,996,5 - <10%,*,63,N,N,N,1,1,Large Urban Areas,Large Urban Areas,1,1,672233,55.9386591,-3.0505806,
5346320,5346320P,Primary,Local Authority,Muthill Primary School,Station Road,Muthill,,PH5 2AR,Perth and Kinross,S12000048,S01011851,124004631,Non-denominational,4,59,0%,0%,68,N,N,N,7,6,Remote Rural Areas,Remote Rural Areas,7,6,717052,56.3322734,-3.8315602,
5153131,5153131S,Secondary,Local Authority,Nairn Academy,Duncan Drive,Nairn,,IV12 4RD,Highland,S12000017,S01010563,130030705,Non-denominational,54.7,679,0 - <5%,0 - <5%,41,N,N,N,2,2,Other Urban Areas,Other Urban Areas,2,2,855694,57.5772294,-3.8827836,
8521328,8521328P,Primary,Local Authority,Neilsland Primary School,Highstonehall Road,Hamilton,,ML3 8LU,South Lanarkshire,S12000029,S01012736,484175674,Non-denominational,11.5,173,*,45 - <50%,49,N,N,N,2,2,Other Urban Areas,Other Urban Areas,2,2,654340,55.7650258,-4.06486,
8631824,8631824P,Primary,Local Authority,Neilston Primary School,43 High Street,Neilston,GLASGOW,G78 3HJ,East Renfrewshire,S12000011,S01008300,131029100,Non-denominational,22.2,319,5 - <10%,*,35,N,N,N,3,3,Accessible Small Towns,Accessible Small Towns,3,3,657168,55.7838896,-4.423561,
1005839,1005839P,Primary,Local Authority,Ness Castle Primary School,Brodie Road,,INVERNESS,IV2 6FW,Highland,S12000017,S01010599,130184191,Non-denominational,10.4,158,10 - <20%,*,68,N,N,N,6,5,Accessible Rural Areas,Accessible Rural Areas,2,2,841539,57.443976,-4.253227,No UPRN was provided in the School Contact List dataset.  GISAT has assigned the UPRN for Ness Castle Primary School as it is in SAD 2024 Q1 (130184191).
6102727,6102727P,Primary,Local Authority,Nesting Primary School,South Nesting,Shetland,,ZE2 9PP,Shetland Islands,S12000027,S01012406,301000015952,Non-denominational,1.6,16,0%,0%,64,N,N,N,8,6,Very Remote Rural Areas,Remote Rural Areas,8,6,1153245,60.2608535,-1.1706653,
5540224,5540224P,Primary,Local Authority,Nether Currie Primary School,23 Thomson Crescent,Currie,EDINBURGH,EH14 5JR,City of Edinburgh,S12000036,S01008431,906299423,Non-denominational,10.2,180,10 - <20%,0 - <5%,83,N,N,N,1,1,Large Urban Areas,Large Urban Areas,1,1,668219,55.9001793,-3.302967,
8223726,8223726P,Primary,Local Authority,Nether Robertland Primary School,Pokelly Place,Stewarton,,KA3 5PF,East Ayrshire,S12000008,S01007934,127015998,Non-denominational,17.6,306,0 - <5%,*,42,N,N,N,3,3,Accessible Small Towns,Accessible Small Towns,3,3,646077,55.6825928,-4.5038467,
8523320,8523320P,Primary,Local Authority,Netherburn Primary School,Overton Road,Netherburn,LARKHALL,ML9 3BT,South Lanarkshire,S12000029,S01012653,484163748,Non-denominational,8,87,0%,95 - <100%,20,N,Y,Y,6,5,Accessible Rural Areas,Accessible Rural Areas,6,5,647921,55.7098849,-3.9074504,
8600929,8600929P,Primary,Local Authority,Netherlee Primary School,Clarkston Road,Netherlee,GLASGOW,G44 3SF,East Renfrewshire,S12000011,S01008391,131023636,Non-denominational,36.7,674,10 - <20%,0 - <5%,95,N,N,N,1,1,Large Urban Areas,Large Urban Areas,1,1,658842,55.8018806,-4.2692929,
5741629,5741629P,Primary,Local Authority,Nethermains Primary School,Bulloch Crescent,Denny,,FK6 5AR,Falkirk,S12000014,S01009064,136024534,Non-denominational,16.3,173,5 - <10%,30 - <35%,44,N,N,N,2,2,Other Urban Areas,Other Urban Areas,2,2,682096,56.0168709,-3.9159394,
5938228,5938228P,Primary,Local Authority,Nethermill School,Parkgate,Dumfries,,DG1 3NL,Dumfries and Galloway,S12000006,S01007566,137061984,Non-denominational,2.9,22,0%,0%,61,N,N,N,6,5,Accessible Rural Areas,Accessible Rural Areas,6,5,587756,55.1747096,-3.5127409,
8241120,8241120P,Primary,Local Authority,Netherthird Primary School,Craigens Road,Cumnock,,KA18 3AN,East Ayrshire,S12000008,S01007911,127041240,Non-denominational,12.5,205,0 - <5%,40 - <45%,31,N,N,N,3,3,Accessible Small Towns,Accessible Small Towns,3,3,618706,55.44157,-4.2471163,
8513422,8513422P,Primary,Local Authority,Netherton Primary School,Netherton Road,Wishaw,,ML2 0DD,North Lanarkshire,S12000050,S01011363,118087008,Non-denominational,11,192,5 - <10%,10 - <15%,21,N,Y,Y,1,1,Large Urban Areas,Large Urban Areas,1,1,654437,55.7678898,-3.9427246,
5930324,5930324P,Primary,Local Authority,New Abbey School,New Abbey,Dumfries,,DG2 8BY,Dumfries and Galloway,S12000006,S01007595,137025837,Non-denominational,2.7,35,0%,0%,41,N,N,N,6,5,Accessible Rural Areas,Accessible Rural Areas,6,5,566042,54.9782423,-3.6155692,
8242321,8242321P,Primary,Local Authority,New Cumnock Primary School,Castle,New Cumnock,,KA18 4AH,East Ayrshire,S12000008,S01007908,127069530,Non-denominational,12.4,224,5 - <10%,45 - <50%,46,N,N,N,7,6,Remote Rural Areas,Remote Rural Areas,7,6,613346,55.3945233,-4.1845666,
5220327,5220327P,Primary,Local Authority,New Deer School,New Deer,Turriff,ABERDEENSHIRE,AB53 6TB,Aberdeenshire,S12000034,S01007050,151126859,Non-denominational,6.7,117,*,0%,47,N,N,N,6,5,Accessible Rural Areas,Accessible Rural Areas,6,5,847016,57.5131714,-2.1928812,
5202523,5202523P,Primary,Local Authority,New Elgin Primary School,Bezack Street,New Elgin,MORAY,IV30 6DP,Moray,S12000020,S01011111,133039695,Non-denominational,24.4,364,0 - <5%,15 - <20%,19,N,Y,Y,2,2,Other Urban Areas,Other Urban Areas,2,2,861697,57.638488,-3.3010834,
8548625,8548625P,Primary,Local Authority,New Lanark Primary School,64 New Lanark Road,,LANARK,ML11 9BY,South Lanarkshire,S12000029,S01012627,484183587,Non-denominational,4.5,29,0%,0%,28,N,N,N,3,3,Accessible Small Towns,Accessible Small Towns,3,3,642837,55.6661147,-3.7797774,
5228425,5228425P,Primary,Local Authority,New Machar School,7 School Road,Newmachar,ABERDEENSHIRE,AB21 0WB,Aberdeenshire,S12000034,S01006946,151087759,Non-denominational,20.4,373,0 - <5%,0%,84,N,N,N,6,5,Accessible Rural Areas,Accessible Rural Areas,6,5,819541,57.2663753,-2.1885564,
8504725,8504725P,Primary,Local Authority,New Monkland Primary School,Raebog Road,Glenmavis,AIRDRIE,ML6 0NW,North Lanarkshire,S12000050,S01011686,118135284,Non-denominational,9.8,155,*,*,68,N,N,N,6,5,Accessible Rural Areas,Accessible Rural Areas,6,5,667802,55.887175,-3.9941592,
5220424,5220424P,Primary,Local Authority,New Pitsligo & St John's School,School Street,New Pitsligo Fraserburgh,ABERDEENSHIRE,AB43 6NE,Aberdeenshire,S12000034,S01007049,151012283,Non-denominational,9.5,123,*,0%,36,N,N,N,6,5,Accessible Rural Areas,Accessible Rural Areas,6,5,855617,57.5904171,-2.1973128,
8514224,8514224P,Primary,Local Authority,New Stevenston Primary School,10 Coronation Road East,New Stevenston,MOTHERWELL,ML1 4HX,North Lanarkshire,S12000050,S01011462,118181189,Non-denominational,23.8,298,5 - <10%,25 - <30%,33,N,N,N,1,1,Large Urban Areas,Large Urban Areas,1,1,659227,55.8103213,-3.9812886,
8640025,8640025P,Primary,Local Authority,Newark Primary School,Bridgend Avenue,Port Glasgow,,PA14 5SU,Inverclyde,S12000018,S01010919,119049924,Non-denominational,26.8,430,5 - <10%,75 - <80%,18,N,Y,Y,2,2,Other Urban Areas,Other Urban Areas,2,2,673676,55.9272907,-4.6642167,
8513627,8513627P,Primary,Local Authority,Newarthill Primary School,High Street,Newarthill,MOTHERWELL,ML1 5JU,North Lanarkshire,S12000050,S01011453,118089097,Non-denominational,9,125,10 - <20%,20 - <25%,33,N,N,N,1,1,Large Urban Areas,Large Urban Areas,1,1,659473,55.8131458,-3.942825,
5546036,5546036S,Secondary,Local Authority,Newbattle High School,"Newbattle Community Campus, Newbattle Way",Easthouses,DALKEITH,EH22 4SX,Midlothian,S12000019,S01010994,120052311,Non-denominational,95.3,1172,0 - <5%,20 - <25%,80,N,N,N,2,2,Other Urban Areas,Other Urban Areas,2,2,665084,55.8744457,-3.0486772,
5306124,5306124P,Primary,Local Authority,Newbigging Primary School,33-35 Pitairlie Road,Newbigging,DUNDEE,DD5 3RH,Angus,S12000041,S01007141,117080056,Non-denominational,2.2,6,0%,0%,78,N,N,N,6,5,Accessible Rural Areas,Accessible Rural Areas,6,5,736110,56.5143255,-2.819119,
5228328,5228328P,Primary,Local Authority,Newburgh Mathers School,School Road,Newburgh Ellon,ABERDEENSHIRE,AB41 6BT,Aberdeenshire,S12000034,S01006973,151086161,Non-denominational,9,143,*,0%,74,N,N,N,6,5,Accessible Rural Areas,Accessible Rural Areas,6,5,825187,57.317238,-2.0049447,
5424429,5424429P,Primary,Local Authority,Newburgh Primary School,Cupar Road,Newburgh,CUPAR,KY14 6HA,Fife,S12000047,S01009678,320175220,Non-denominational,8.5,128,*,0%,74,N,N,N,6,5,Accessible Rural Areas,Accessible Rural Areas,6,5,718241,56.3503692,-3.2318236,
5408423,5408423P,Primary,Local Authority,Newcastle Primary & Community School,Muirfield Drive,Glenrothes,,KY6 2PX,Fife,S12000047,S01009550,320180138,Non-denominational,8.5,105,5 - <10%,30 - <35%,61,N,N,N,2,2,Other Urban Areas,Other Urban Areas,2,2,700565,56.1917064,-3.2160659,
5631823,5631823P,Primary,Local Authority,Newcastleton Primary School,Montague Street,Newcastleton,ROXBURGHSHIRE,TD9 0QZ,Scottish Borders,S12000026,S01012354,116022264,Non-denominational,4.3,51,*,0%,54,N,N,N,7,6,Remote Rural Areas,Remote Rural Areas,7,6,587708,55.180944,-2.8141198,
5527120,5527120P,Primary,Local Authority,Newcraighall Primary School,Whitehill Street,Newcraighall,EDINBURGH,EH21 8QZ,City of Edinburgh,S12000036,S01008720,906263028,Non-denominational,10.7,177,10 - <20%,5 - <10%,43,N,N,N,1,1,Large Urban Areas,Large Urban Areas,1,1,671866,55.9350376,-3.0878759,
8526222,8526222P,Primary,Local Authority,Newfield Primary School,Muirhead,Stonehouse,,ML9 3HG,South Lanarkshire,S12000029,S01012676,484166054,Non-denominational,13.7,220,*,0 - <5%,37,N,N,N,3,3,Accessible Small Towns,Accessible Small Towns,3,3,645497,55.686722,-3.9945335,
5341426,5341426P,Primary,Local Authority,Newhill Primary School,Blairgowrie Community Campus,Henderson Place,BLAIRGOWRIE,PH10 6UZ,Perth and Kinross,S12000048,S01011988,124092349,Non-denominational,21.7,392,*,0 - <5%,76,N,N,N,4,4,Remote Small Towns,Remote Small Towns,4,4,743949,56.5802138,-3.3421904,
8443742,8443742SP,Special,Local Authority,Newhills Secondary School,42 Newhills Road,,GLASGOW,G33 4HJ,Glasgow City,S12000049,S01010118,906700202665,Inter-denominational,10.7,38,*,75 - <80%,1,Y,N,Y,1,1,Large Urban Areas,Large Urban Areas,1,1,665268,55.8620225,-4.1359237,
5945224,5945224P,Primary,Local Authority,Newington School,Hospital Road,Annan,DUMFRIESSHIRE,DG12 6LA,Dumfries and Galloway,S12000006,S01007667,137050258,Non-denominational,17.8,316,*,15 - <20%,75,N,N,N,3,3,Accessible Small Towns,Accessible Small Towns,3,3,567277,54.9936434,-3.250464,
5600928,5600928P,Primary,Local Authority,Newlands Primary School,Romanno Bridge,West Linton,PEEBLESSHIRE,EH46 7BZ,Scottish Borders,S12000026,S01012244,116051906,Non-denominational,4.3,67,*,0%,60,N,N,N,6,5,Accessible Rural Areas,Accessible Rural Areas,6,5,647983,55.7179302,-3.3415119,
8513929,8513929P,Primary,Local Authority,Newmains Primary School,2 Stewart Crescent,Newmains,WISHAW,ML2 9DH,North Lanarkshire,S12000050,S01011426,118198967,Non-denominational,13.8,176,5 - <10%,60 - <65%,78,N,N,N,6,5,Accessible Rural Areas,Accessible Rural Areas,6,5,656302,55.785596,-3.8824976,
8627223,8627223P,Primary,Local Authority,Newmains Primary School,Lang Avenue,,RENFREW,PA4 0DA,Renfrewshire,S12000038,S01012170,123081198,Non-denominational,20.2,403,10 - <20%,5 - <10%,35,N,N,N,1,1,Large Urban Areas,Large Urban Areas,1,1,666473,55.8681442,-4.3917097,
5207924,5207924P,Primary,Local Authority,Newmill Primary School,Isla Road,Newmill,KEITH,AB55 6US,Moray,S12000020,S01011057,133038773,Non-denominational,4.2,67,*,0%,66,N,N,N,6,5,Accessible Rural Areas,Accessible Rural Areas,6,5,852425,57.5583555,-2.9457076,
8223424,8223424P,Primary,Local Authority,Newmilns Primary School,Gilfoot,Newmilns,,KA16 9LP,East Ayrshire,S12000008,S01007948,127048504,Non-denominational,9.3,122,*,50 - <55%,8,Y,N,Y,6,5,Accessible Rural Areas,Accessible Rural Areas,6,5,637086,55.6048543,-4.3485931,
5116929,5116929P,Primary,Local Authority,Newmore Primary School,Invergordon,,,IV18 0PG,Highland,S12000017,S01010702,130111977,Non-denominational,2.9,36,*,15 - <20%,58,N,N,N,7,6,Remote Rural Areas,Remote Rural Areas,7,6,871798,57.7169816,-4.1893801,
5424321,5424321P,Primary,Local Authority,Newport Primary School,Cupar Road,Newport-on-Tay,,DD6 8JT,Fife,S12000047,S01009743,320176744,Non-denominational,10,199,5 - <10%,*,72,N,N,N,6,5,Accessible Rural Areas,Accessible Rural Areas,6,5,727110,56.4326459,-2.9353139,
1004328,1004328P,Primary,Local Authority,Newton Farm Primary School,Harvester Avenue,Newton,CAMBUSLANG,G72 6AA,South Lanarkshire,S12000029,S01012820,484179841,Non-denominational,40.4,689,10 - <20%,5 - <10%,77,N,N,N,1,1,Large Urban Areas,Large Urban Areas,1,1,661415,55.8275165,-4.1289218,
1003496,1003496P,Primary,Local Authority,Newton Park Primary,Seaforth Avenue,,WICK,KW1 5ND,Highland,S12000017,S01010780,130088468,Non-denominational,15.4,299,0 - <5%,40 - <45%,38,N,N,N,5,4,Very Remote Small Towns,Remote Small Towns,5,4,950171,58.4351332,-3.0976239,
5745829,5745829P,Primary,Local Authority,Newton Primary School,Newton Crescent,Dunblane,,FK15 0DZ,Stirling,S12000030,S01013094,122006259,Non-denominational,19.8,352,0 - <5%,*,98,N,N,N,3,3,Accessible Small Towns,Accessible Small Towns,3,3,701535,56.191021,-3.9501888,
8237921,8237921P,Primary,Local Authority,Newton Primary School,175A Russell Drive,Ayr,,KA8 8JL,South Ayrshire,S12000028,S01012491,141025237,Non-denominational,10.5,145,5 - <10%,80 - <85%,1,Y,N,Y,2,2,Other Urban Areas,Other Urban Areas,2,2,622406,55.4673147,-4.6239807,
5544629,5544629P,Primary,Local Authority,Newtongrange Primary School,Sixth Street,Newtongrange,,EH22 4LB,Midlothian,S12000019,S01011034,120032306,Non-denominational,22.5,369,0 - <5%,*,30,N,N,N,2,2,Other Urban Areas,Other Urban Areas,2,2,664279,55.8670826,-3.062996,
5251028,5251028P,Primary,Local Authority,Newtonhill School,St Michael's Road,"Newtonhill, Stonehaven",ABERDEENSHIRE,AB39 3XW,Aberdeenshire,S12000034,S01006841,151086162,Non-denominational,16.8,311,5 - <10%,0%,79,N,N,N,3,3,Accessible Small Towns,Accessible Small Towns,3,3,794146,57.0383016,-2.1518153,
5145929,5145929P,Primary,Local Authority,Newtonmore Primary School,7 Main Street,Newtonmore,,PH20 1DN,Highland,S12000017,S01010531,130110341,Non-denominational,5.8,115,5 - <10%,0%,60,N,N,N,8,6,Very Remote Rural Areas,Remote Rural Areas,8,6,799174,57.065654,-4.118024,
5620228,5620228P,Primary,Local Authority,Newtown Primary School,Sprouston Road,Newton St Boswells,,TD6 0RZ,Scottish Borders,S12000026,S01012345,116074543,Non-denominational,8.6,121,*,0%,63,N,N,N,6,5,Accessible Rural Areas,Accessible Rural Areas,6,5,631993,55.5797029,-2.6793096,
5308232,5308232P,Primary,Local Authority,Newtyle Primary School,Dundee Road,Newtyle,BLAIRGOWRIE,PH12 8UF,Angus,S12000041,S01007266,117083651,Non-denominational,6,71,0%,0%,47,N,N,N,6,5,Accessible Rural Areas,Accessible Rural Areas,6,5,740989,56.555622,-3.1409388,
5527228,5527228P,Primary,Local Authority,Niddrie Mill Primary School,20 Moffat Way,,EDINBURGH,EH16 4PY,City of Edinburgh,S12000036,S01008701,906462962,Non-denominational,22.3,344,>20%,80 - <85%,17,N,Y,Y,1,1,Large Urban Areas,Large Urban Areas,1,1,671856,55.9345923,-3.1275415,
8510628,8510628P,Primary,Local Authority,Noble Primary School,Shirrel Avenue,Bellshill,,ML4 1JR,North Lanarkshire,S12000050,S01011529,118117175,Non-denominational,13,231,5 - <10%,45 - <50%,5,Y,N,Y,1,1,Large Urban Areas,Large Urban Areas,1,1,661169,55.8271138,-4.0218012,
5936322,5936322P,Primary,Local Authority,Noblehill School,233 Annan Road,Dumfries,,DG1 3HB,Dumfries and Galloway,S12000006,S01007628,137039253,Non-denominational,16,269,*,*,78,N,N,N,2,2,Other Urban Areas,Other Urban Areas,2,2,576211,55.0700492,-3.5839337,
5556031,5556031S,Secondary,Local Authority,North Berwick High School,Grange Road,North Berwick,EAST LOTHIAN,EH39 4QS,East Lothian,S12000010,S01008273,138018259,Non-denominational,73.8,1045,0 - <5%,0%,93,N,N,N,3,3,Accessible Small Towns,Accessible Small Towns,3,3,684643,56.0525312,-2.721882,
8130124,8130124P,Primary,Local Authority,North Bute Primary School,Port Bannatyne,Rothesay,ISLE OF BUTE,PA20 0LZ,Argyll and Bute,S12000035,S01007340,125044240,Non-denominational,3.5,27,*,25 - <30%,25,N,Y,Y,8,6,Very Remote Rural Areas,Remote Rural Areas,8,6,667288,55.8600292,-5.0851473,
1005278,1005278P,Primary,Local Authority,North Kelvinside Primary School,200 Queen Margaret Drive,,GLASGOW,G20 8LY,Glasgow City,S12000049,S01010317,906700501354,Non-denominational,11.6,178,>20%,65 - <70%,45,N,N,N,1,1,Large Urban Areas,Large Urban Areas,1,1,667904,55.8831071,-4.2811149,
5114721,5114721P,Primary,Local Authority,North Kessock Primary School,North Kessock,Ferry Brae,,IV1 3WX,Highland,S12000017,S01010726,130112359,Non-denominational,8.3,138,0 - <5%,0%,65,N,N,N,6,5,Accessible Rural Areas,Accessible Rural Areas,6,5,848458,57.5060204,-4.2601078,
5444322,5444322P,Primary,Local Authority,North Queensferry Primary School,The Brae,North Queensferry,INVERKEITHING,KY11 1JH,Fife,S12000047,S01009385,320189644,Non-denominational,5.8,66,5 - <10%,*,76,N,N,N,6,5,Accessible Rural Areas,Accessible Rural Areas,6,5,680782,56.012056,-3.3951922,
6101925,6101925P,Primary,Local Authority,North Roe Primary School,North Roe,Shetland,,ZE2 9RY,Shetland Islands,S12000027,S01012412,30100004221,Non-denominational,1.6,16,0%,0%,56,N,N,N,8,6,Very Remote Rural Areas,Remote Rural Areas,8,6,1189544,60.5877053,-1.3359923,
6001726,6001726P,Primary,Local Authority,North Ronaldsay Primary School,North Ronaldsay,Orkney,,KW17 2BG,Orkney Islands,S12000023,S01011831,134014295,Non-denominational,1.5,5,0%,0%,36,N,N,N,8,6,Very Remote Rural Areas,Remote Rural Areas,8,6,1053134,59.363807,-2.4264681,
6002838,6002838P,Primary,Local Authority,North Walls Community School,Lyness,Stromness,ORKNEY,KW16 3NX,Orkney Islands,S12000023,S01011827,134014245,Non-denominational,2.6,20,0%,0%,31,N,N,N,8,6,Very Remote Rural Areas,Remote Rural Areas,8,6,992731,58.816469,-3.2016973,
1004620,1004620P,Primary,Local Authority,North West Community Campus,Alloway Road,Lochside,DUMFRIES,DG2 9DF,Dumfries and Galloway,S12000006,S01007577,137115088,Non-denominational,20.1,319,0 - <5%,50 - <55%,7,Y,N,Y,2,2,Other Urban Areas,Other Urban Areas,2,2,577382,55.0799044,-3.6346083,
1004620,1004620S,Secondary,Local Authority,North West Community Campus,Alloway Road,Lochside,DUMFRIES,DG2 9DF,Dumfries and Galloway,S12000006,S01007577,137115088,Non-denominational,30.8,302,0 - <5%,50 - <55%,7,Y,N,Y,2,2,Other Urban Areas,Other Urban Areas,2,2,577382,55.0799044,-3.6346083,
5244234,5244234S,Secondary,Local Authority,Northfield Academy,Granitehill Place,Aberdeen,,AB16 7AU,Aberdeen City,S12000033,S01006716,9051033032,Non-denominational,60.6,747,0 - <5%,25 - <30%,26,N,N,N,1,1,Large Urban Areas,Large Urban Areas,1,1,807943,57.1622442,-2.1469177,
5308127,5308127P,Primary,Local Authority,Northmuir Primary School,91 Roods,Kirriemuir,,DD8 4HA,Angus,S12000041,S01007276,117078344,Non-denominational,17.5,296,5 - <10%,0 - <5%,57,N,N,N,3,3,Accessible Small Towns,Accessible Small Towns,3,3,754637,56.6794094,-3.0054533,
1003526,1003526P,Primary,Local Authority,Noss primary school,Girnigoe Street,Wick,,KW1 4DT,Highland,S12000017,S01010783,130175661,Non-denominational,15.7,294,0 - <5%,25 - <30%,29,N,N,N,5,4,Very Remote Small Towns,Remote Small Towns,5,4,951449,58.446686,-3.0889548,
8436134,8436134S,Secondary,Local Authority,Notre Dame High School,160 Observatory Road,,GLASGOW,G12 9LN,Glasgow City,S12000049,S01010404,906700081544,Roman Catholic,69.9,789,>20%,45 - <50%,94,N,N,N,1,1,Large Urban Areas,Large Urban Areas,1,1,667398,55.8782264,-4.2989428,
8645132,8645132S,Secondary,Local Authority,Notre Dame High School,Dunlop Street,Greenock,,PA16 9BJ,Inverclyde,S12000018,S01010878,119001236,Roman Catholic,77.2,879,5 - <10%,50 - <55%,37,N,N,N,2,2,Other Urban Areas,Other Urban Areas,2,2,675522,55.9414115,-4.776019,
8417520,8417520P,Primary,Local Authority,Notre Dame Primary School,30 Havelock Street,,GLASGOW,G11 5JE,Glasgow City,S12000049,S01010380,906700058853,Roman Catholic,24.8,460,>20%,20 - <25%,80,N,N,N,1,1,Large Urban Areas,Large Urban Areas,1,1,666940,55.8741144,-4.2987156,
5347424,5347424P,Primary,Local Authority,Oakbank Primary School,Viewlands Road West,Perth,,PH1 1NA,Perth and Kinross,S12000048,S01011902,124049420,Non-denominational,21.7,384,10 - <20%,0 - <5%,87,N,N,N,2,2,Other Urban Areas,Other Urban Areas,2,2,723238,56.3927291,-3.4651867,
8417628,8417628P,Primary,Local Authority,Oakgrove Primary School,20 St Peter's Street,,GLASGOW,G4 9PW,Glasgow City,S12000049,S01010297,906700102198,Non-denominational,15.4,180,>20%,70 - <75%,14,Y,N,Y,1,1,Large Urban Areas,Large Urban Areas,1,1,666507,55.870843,-4.2652901,
5536049,5536049SP,Special,Local Authority,Oaklands School,750 Ferry Road,Edinburgh,,EH4 4PQ,City of Edinburgh,S12000036,S01008931,906432062,Non-denominational,10.9,54,*,20 - <25%,20,N,Y,Y,1,1,Large Urban Areas,Large Urban Areas,1,1,675615,55.9671621,-3.2522369,
8400121,8400121P,Primary,Local Authority,Oakwood Primary School,22 Drumlanrig Avenue,,GLASGOW,G34 0JD,Glasgow City,S12000049,S01010111,906700426679,Non-denominational,12.8,184,10 - <20%,90 - <95%,1,Y,N,Y,1,1,Large Urban Areas,Large Urban Areas,1,1,665904,55.8683501,-4.1003897,
8110336,8110336S,Secondary,Local Authority,Oban High School,Soroba Road,Oban,ARGYLL,PA34 4JB,Argyll and Bute,S12000035,S01007291,125031230,Non-denominational,77.4,1009,0 - <5%,0 - <5%,35,N,N,N,5,4,Very Remote Small Towns,Remote Small Towns,5,4,729142,56.4059557,-5.4671093,
5117224,5117224P,Primary,Local Authority,Obsdale Primary School,Alness,Ross-Shire,,IV17 0TP,Highland,S12000017,S01010736,130080761,Non-denominational,8.5,115,5 - <10%,65 - <70%,94,N,N,N,4,4,Remote Small Towns,Remote Small Towns,4,4,870223,57.7020594,-4.2334756,
8242623,8242623P,Primary,Local Authority,Ochiltree Primary School,Main Street,Ochiltree,,KA18 2PE,East Ayrshire,S12000008,S01007883,127032522,Non-denominational,8,94,*,0%,54,N,N,N,6,5,Accessible Rural Areas,Accessible Rural Areas,6,5,621044,55.4603488,-4.3652758,
5320038,5320038SP,Special,Local Authority,Off-site Education Service,Rockwell Learning Centre,Lawton Road,DUNDEE,DD3 6SY,Dundee City,S12000042,S01007831,9059105996,Non-denominational,12,83,*,65 - <70%,13,Y,N,Y,1,1,Large Urban Areas,Large Urban Areas,1,1,731777,56.4741755,-2.9872886,
5500346,5500346SP,Special,Local Authority,Ogilvie School Campus,Ogilvie Way,Livingston,WEST LOTHIAN,EH54 8HL,West Lothian,S12000040,S01013333,135020336,Non-denominational,21.6,108,10 - <20%,25 - <30%,57,N,N,N,2,2,Other Urban Areas,Other Urban Areas,2,2,669076,55.9052841,-3.528697,
8503028,8503028P,Primary,Local Authority,Old Monkland Primary School,Sharp Avenue,Coatbridge,,ML5 5TJ,North Lanarkshire,S12000050,S01011560,118103568,Non-denominational,11.2,123,*,65 - <70%,13,Y,N,Y,2,2,Other Urban Areas,Other Urban Areas,2,2,663798,55.8501798,-4.0556044,
5228522,5228522P,Primary,Local Authority,Old Rayne School,Old Rayne,Insch,ABERDEENSHIRE,AB52 6RY,Aberdeenshire,S12000034,S01006997,151102731,Non-denominational,4,59,0%,0%,81,N,N,N,6,5,Accessible Rural Areas,Accessible Rural Areas,6,5,828454,57.3454132,-2.5417127,
5246237,5246237S,Secondary,Local Authority,Oldmachar Academy,Jesmond Drive,Bridge Of Don,ABERDEEN,AB22 8UR,Aberdeen City,S12000033,S01006773,9051098895,Non-denominational,65.2,923,10 - <20%,0 - <5%,88,N,N,N,1,1,Large Urban Areas,Large Urban Areas,1,1,811379,57.1931351,-2.1230482,
6102026,6102026P,Primary,Local Authority,Ollaberry Primary School,Ollaberry,Shetland,,ZE2 9RT,Shetland Islands,S12000027,S01012412,30100004251,Non-denominational,2.1,18,0%,0%,56,N,N,N,8,6,Very Remote Rural Areas,Remote Rural Areas,8,6,1179929,60.5014401,-1.3490606,
8222525,8222525P,Primary,Local Authority,Onthank Primary School,Meiklewood Road,Kilmarnock,,KA3 2ES,East Ayrshire,S12000008,S01008000,127014841,Non-denominational,31.9,555,0 - <5%,40 - <45%,12,Y,N,Y,2,2,Other Urban Areas,Other Urban Areas,2,2,640269,55.6305362,-4.4966918,
1006304,1006304SP,Special,Local Authority,Onthank Supported Learning Centre,Meiklewood Road,Kilmarnock,,KA3 2ES,East Ayrshire,S12000008,S01008000,127014841,Non-denominational,5.8,40,*,70 - <75%,12,Y,N,Y,2,2,Other Urban Areas,Other Urban Areas,2,2,640269,55.6305362,-4.4966918,
1004140,1004140SP,Special,Local Authority,Orchard Brae School,Howes Road,,ABERDEEN,AB16 7RH,Aberdeen City,S12000033,S01006732,9051129833,Non-denominational,29.8,119,>20%,*,67,N,N,N,6,5,Accessible Rural Areas,Accessible Rural Areas,3,3,808685,57.1688664,-2.1802636,
1003488,1003488P,Primary,Local Authority,Orchard Primary,Castlehill Road,,WISHAW,ML2 0LS,North Lanarkshire,S12000050,S01011360,118188937,Non-denominational,25.7,246,5 - <10%,40 - <45%,11,Y,N,Y,6,5,Accessible Rural Areas,Accessible Rural Areas,6,5,653279,55.7578897,-3.9168649,UPRN is a Parent UPRN in SAD 2024 Q1.
5212928,5212928P,Primary,Local Authority,Ordiquhill School,Cornhill,Banff,,AB45 2EX,Aberdeenshire,S12000034,S01007024,151105516,Non-denominational,4,58,*,0%,45,N,N,N,7,6,Remote Rural Areas,Remote Rural Areas,7,6,856678,57.5980095,-2.7267422,
5554322,5554322P,Primary,Local Authority,Ormiston Primary School,Meadowbank,Ormiston,EAST LOTHIAN,EH35 5LQ,East Lothian,S12000010,S01008236,138025660,Non-denominational,12.8,222,5 - <10%,*,51,N,N,N,6,5,Accessible Rural Areas,Accessible Rural Areas,6,5,669106,55.9114473,-2.9411555,
6001823,6001823P,Primary,Local Authority,Orphir Community School,Orphir,Orkney,,KW17 2RB,Orkney Islands,S12000023,S01011809,134014572,Non-denominational,2.9,31,0%,0%,64,N,N,N,8,6,Very Remote Rural Areas,Remote Rural Areas,8,6,1006003,58.936214,-3.142007,
8312923,8312923P,Primary,Local Authority,Our Holy Redeemer Primary School,East Barns Street,,CLYDEBANK,G81 1EZ,West Dunbartonshire,S12000039,S01013125,129046437,Roman Catholic,13,209,5 - <10%,70 - <75%,38,N,N,N,1,1,Large Urban Areas,Large Urban Areas,1,1,669300,55.8936541,-4.3864653,
8511322,8511322P,Primary,Local Authority,Our Lady & St Francis Primary School,Newarthill Road,Carfin,MOTHERWELL,ML1 5AL,North Lanarkshire,S12000050,S01011459,118084705,Roman Catholic,15,304,10 - <20%,25 - <30%,46,N,N,N,1,1,Large Urban Areas,Large Urban Areas,1,1,658777,55.8066597,-3.957406,
8504423,8504423P,Primary,Local Authority,Our Lady & St Joseph's Primary School,5 South Medrox Street,Glenboig,COATBRIDGE,ML5 2RU,North Lanarkshire,S12000050,S01011692,118106872,Roman Catholic,10,153,0 - <5%,*,22,N,Y,Y,6,5,Accessible Rural Areas,Accessible Rural Areas,6,5,669052,55.8973495,-4.0584679,
8304238,8304238S,Secondary,Local Authority,Our Lady & St Patrick's High School,Howatshaws Road,Bellsmyre,DUMBARTON,G82 3DR,West Dunbartonshire,S12000039,S01013184,129056530,Roman Catholic,81.2,1013,5 - <10%,35 - <40%,12,Y,N,Y,2,2,Other Urban Areas,Other Urban Areas,2,2,677066,55.9601284,-4.5526532,
8521522,8521522P,Primary,Local Authority,Our Lady and St Anne's Primary School,Hall Street,Hamilton,,ML3 6RZ,South Lanarkshire,S12000029,S01012710,484161633,Roman Catholic,10.2,180,10 - <20%,45 - <50%,24,N,Y,Y,2,2,Other Urban Areas,Other Urban Areas,2,2,654008,55.7623454,-4.0467391,
8313423,8313423P,Primary,Local Authority,Our Lady of Loretto Primary School,Castle Street,Dalmuir,CLYDEBANK,G81 4HN,West Dunbartonshire,S12000039,S01013166,129003376,Roman Catholic,13.5,217,10 - <20%,75 - <80%,2,Y,N,Y,1,1,Large Urban Areas,Large Urban Areas,1,1,671434,55.9119211,-4.4330665,
5505623,5505623P,Primary,Local Authority,Our Lady Of Lourdes Primary School,Hopefield Road,Blackburn,WEST LOTHIAN,EH47 7HZ,West Lothian,S12000040,S01013360,200004138718,Roman Catholic,12.7,159,*,60 - <65%,19,N,Y,Y,2,2,Other Urban Areas,Other Urban Areas,2,2,665923,55.8756955,-3.626684,
8531927,8531927P,Primary,Local Authority,Our Lady Of Lourdes Primary School,Carnegie Hill,Murray,EAST KILBRIDE,G75 0AG,South Lanarkshire,S12000029,S01012992,484160719,Roman Catholic,18.5,335,10 - <20%,*,47,N,N,N,2,2,Other Urban Areas,Other Urban Areas,2,2,653520,55.7554583,-4.1916576,
8416125,8416125P,Primary,Local Authority,Our Lady of Lourdes Primary School & Nursery Class,150 Berryknowes Road,,GLASGOW,G52 2DE,Glasgow City,S12000049,S01009851,906700398040,Roman Catholic,23.4,348,>20%,60 - <65%,11,Y,N,Y,1,1,Large Urban Areas,Large Urban Areas,1,1,664216,55.8488442,-4.3405019,
8423822,8423822P,Primary,Local Authority,Our Lady of Peace Primary School,343 Hallhill Road,,GLASGOW,G33 4RY,Glasgow City,S12000049,S01010130,906700425644,Roman Catholic,20.2,294,>20%,75 - <80%,8,Y,N,Y,1,1,Large Urban Areas,Large Urban Areas,1,1,664873,55.8585039,-4.1341167,
8623724,8623724P,Primary,Local Authority,Our Lady Of Peace Primary School,Erskinefauld Road,,LINWOOD,PA3 3PR,Renfrewshire,S12000038,S01012219,123030388,Roman Catholic,14.6,230,10 - <20%,25 - <30%,13,Y,N,Y,1,1,Large Urban Areas,Large Urban Areas,1,1,664508,55.8482549,-4.5036935,
8417822,8417822P,Primary,Local Authority,Our Lady Of The Annunciation Primary School,80 Friarton Road,,GLASGOW,G43 2PR,Glasgow City,S12000049,S01009956,906700272653,Roman Catholic,10.8,164,10 - <20%,5 - <10%,43,N,N,N,1,1,Large Urban Areas,Large Urban Areas,1,1,660352,55.8153383,-4.2754234,
8600325,8600325P,Primary,Local Authority,Our Lady Of The Missions Primary School,49 Robslee Road,Thornliebank,GLASGOW,G46 7DD,East Renfrewshire,S12000011,S01008415,131033525,Roman Catholic,46,848,>20%,0 - <5%,67,N,N,N,1,1,Large Urban Areas,Large Urban Areas,1,1,658972,55.8023447,-4.3071057,
8418225,8418225P,Primary,Local Authority,Our Lady Of The Rosary Primary School & Nursery Class,50 Tarfside Gardens,,GLASGOW,G52 3AA,Glasgow City,S12000049,S01009806,906700305352,Roman Catholic,17.8,342,>20%,25 - <30%,17,N,Y,Y,1,1,Large Urban Areas,Large Urban Areas,1,1,663750,55.844773,-4.3343468,
8357439,8357439S,Secondary,Local Authority,Our Lady's High School - Cumbernauld,Dowanfield Road,Cumbernauld,,G67 1LA,North Lanarkshire,S12000050,S01011727,118028321,Roman Catholic,61.8,846,5 - <10%,10 - <15%,90,N,N,N,2,2,Other Urban Areas,Other Urban Areas,2,2,674081,55.9434624,-4.0027703,
8517134,8517134S,Secondary,Local Authority,Our Lady's High School - Motherwell,Dalzell Drive,Motherwell,,ML1 2DG,North Lanarkshire,S12000050,S01011377,118076845,Roman Catholic,59.4,852,10 - <20%,40 - <45%,96,N,N,N,1,1,Large Urban Areas,Large Urban Areas,1,1,655515,55.7770428,-3.9762528,
5508029,5508029P,Primary,Local Authority,Our Lady's Primary School,79 Main Street,Stoneyburn,WEST LOTHIAN,EH47 8BY,West Lothian,S12000040,S01013253,200004134610,Roman Catholic,7.1,72,10 - <20%,30 - <35%,55,N,N,N,3,3,Accessible Small Towns,Accessible Small Towns,3,3,662538,55.8451607,-3.6355025,
5326826,5326826P,Primary,Local Authority,Our Lady's RC Primary School,15 Alexander Street,Dundee,,DD3 7DL,Dundee City,S12000042,S01007715,9059106807,Roman Catholic,18.6,239,>20%,55 - <60%,7,Y,N,Y,1,1,Large Urban Areas,Large Urban Areas,1,1,731130,56.4684948,-2.9710301,
5347521,5347521P,Primary,Local Authority,Our Lady's RC Primary School,Garth Avenue,Perth,,PH1 2LG,Perth and Kinross,S12000048,S01011912,124005105,Roman Catholic,11.3,198,*,20 - <25%,26,N,N,N,2,2,Other Urban Areas,Other Urban Areas,2,2,724610,56.4049716,-3.47235,
5725720,5725720P,Primary,Local Authority,Our Lady's RC Primary School,Raploch Community Campus,Drip Road,STIRLING,FK8 1SD,Stirling,S12000030,S01013074,122069326,Roman Catholic,8.6,90,>20%,75 - <80%,3,Y,N,Y,2,2,Other Urban Areas,Other Urban Areas,2,2,694640,56.1290728,-3.9495483,
8337020,8337020P,Primary,Local Authority,Oxgang Primary School,Lammermoor Road,Kirkintilloch,,G66 2AB,East Dunbartonshire,S12000045,S01008140,132028599,Non-denominational,17.6,238,0 - <5%,20 - <25%,27,N,N,N,2,2,Other Urban Areas,Other Urban Areas,2,2,673527,55.936268,-4.1346944,
5527422,5527422P,Primary,Local Authority,Oxgangs Primary School,60 Oxgangs Road North,Edinburgh,,EH13 9DS,City of Edinburgh,S12000036,S01008526,906426081,Non-denominational,16.6,318,>20%,5 - <10%,47,N,N,N,1,1,Large Urban Areas,Large Urban Areas,1,1,669529,55.9126513,-3.2349587,
5228727,5228727P,Primary,Local Authority,Oyne School,Oyne,Insch,ABERDEENSHIRE,AB52 6QT,Aberdeenshire,S12000034,S01006997,151107635,Non-denominational,3.9,44,*,0%,81,N,N,N,6,5,Accessible Rural Areas,Accessible Rural Areas,6,5,825781,57.3213803,-2.5463257,
6231926,6231926P,Primary,Local Authority,Pairc Primary School,Gravir,Lewis,,HS2 9QX,Na h-Eileanan an Iar,S12000013,S01009025,139014512,Non-denominational,1.5,9,*,0%,37,N,N,N,8,6,Very Remote Rural Areas,Remote Rural Areas,8,6,915780,58.0533164,-6.4457946,
8628734,8628734S,Secondary,Local Authority,Paisley Grammar School,Glasgow Road,,PAISLEY,PA1 3RP,Renfrewshire,S12000038,S01012135,123050975,Non-denominational,80,1066,10 - <20%,35 - <40%,3,Y,N,Y,1,1,Large Urban Areas,Large Urban Areas,1,1,664099,55.8464213,-4.4114939,
5917425,5917425P,Primary,Local Authority,Palnackie School,Palnackie,Castle Douglas,,DG7 1PW,Dumfries and Galloway,S12000006,S01007538,137078787,Non-denominational,1.5,12,0%,0%,66,N,N,N,7,6,Remote Rural Areas,Remote Rural Areas,7,6,556495,54.8892011,-3.8430859,
6001920,6001920P,Primary,Local Authority,Papa Westray Community School,Papa Westray,Orkney,,KW17 2BU,Orkney Islands,S12000023,S01011832,134010774,Non-denominational,1.3,7,0%,0%,46,N,N,N,8,6,Very Remote Rural Areas,Remote Rural Areas,8,6,1051608,59.3477625,-2.8898919,
6001629,6001629P,Primary,Local Authority,Papdale Primary School,Kirkwall,Orkney,,KW15 1PJ,Orkney Islands,S12000023,S01011825,134011063,Non-denominational,23.7,422,0 - <5%,0%,65,N,N,N,5,4,Very Remote Small Towns,Remote Small Towns,5,4,1010829,58.9811066,-2.9505049,
5547326,5547326P,Primary,Local Authority,Paradykes Primary School,Mayburn Avenue,Loanhead,,EH20 9HB,Midlothian,S12000019,S01010968,120051707,Non-denominational,18.1,337,10 - <20%,10 - <15%,56,N,N,N,3,3,Accessible Small Towns,Accessible Small Towns,3,3,665832,55.880226,-3.1538899,
8627932,8627932S,Secondary,Local Authority,Park Mains High School,Barrhill Road,,ERSKINE,PA8 6EY,Renfrewshire,S12000038,S01012198,123092490,Non-denominational,105.5,1467,0 - <5%,0 - <5%,50,N,N,N,2,2,Other Urban Areas,Other Urban Areas,2,2,670477,55.9028074,-4.4588936,
5120527,5120527P,Primary,Local Authority,Park Primary School,Albany Road,Invergordon,,IV18 0HA,Highland,S12000017,S01010742,130005938,Non-denominational,8.6,117,*,*,31,N,N,N,4,4,Remote Small Towns,Remote Small Towns,4,4,868659,57.689073,-4.1722438,
5700523,5700523P,Primary,Local Authority,Park Primary School,East Castle Street,Alloa,,FK10 1BB,Clackmannanshire,S12000005,S01007466,35002432,Non-denominational,25.7,318,5 - <10%,70 - <75%,4,Y,N,Y,2,2,Other Urban Areas,Other Urban Areas,2,2,692393,56.111248,-3.7932021,
8106924,8106924P,Primary,Local Authority,Park Primary School,Kerrera Terrace,Oban,ARGYLL,PA34 5AU,Argyll and Bute,S12000035,S01007301,125045065,Non-denominational,12.2,216,*,0 - <5%,61,N,N,N,8,6,Very Remote Rural Areas,Remote Rural Areas,8,6,731256,56.424879,-5.4700127,
5444926,5444926P,Primary,Local Authority,Park Road Primary School,Park Road,Rosyth,DUNFERMLINE,KY11 2NH,Fife,S12000047,S01009371,320188900,Non-denominational,11,164,0 - <5%,*,51,N,N,N,2,2,Other Urban Areas,Other Urban Areas,2,2,683829,56.0392826,-3.4088203,
5902223,5902223P,Primary,Local Authority,Park School,Ashwood Drive,Stranraer,,DG9 7NW,Dumfries and Galloway,S12000006,S01007486,137030059,Non-denominational,16.9,253,0 - <5%,55 - <60%,3,Y,N,Y,2,2,Other Urban Areas,Other Urban Areas,2,2,560607,54.9023664,-5.0293806,
8224943,8224943SP,Special,Local Authority,Park School,Beech Avenue,Kilmarnock,,KA1 2EW,East Ayrshire,S12000008,S01008017,127066835,Non-denominational,30,189,*,40 - <45%,93,N,N,N,2,2,Other Urban Areas,Other Urban Areas,2,2,637742,55.607492,-4.5130954,
1002821,1002821P,Primary,Local Authority,Park View Primary School,New Road,Halfway,CAMBUSLANG,G72 7PU,South Lanarkshire,S12000029,S01012819,484175286,Non-denominational,11.4,186,10 - <20%,40 - <45%,5,Y,N,Y,1,1,Large Urban Areas,Large Urban Areas,1,1,659853,55.8132991,-4.1392536,
5501628,5501628P,Primary,Local Authority,Parkhead Primary School,Harburn Road,West Calder,WEST LOTHIAN,EH55 8AH,West Lothian,S12000040,S01013258,200004091424,Non-denominational,22.4,394,10 - <20%,*,80,N,N,N,2,2,Other Urban Areas,Other Urban Areas,2,2,663337,55.8532692,-3.564099,
5404924,5404924P,Primary,Local Authority,Parkhill Primary School,Aitken Street,Parkhall,LEVEN,KY8 4NP,Fife,S12000047,S01009641,320180859,Non-denominational,15.2,289,10 - <20%,45 - <50%,11,Y,N,Y,2,2,Other Urban Areas,Other Urban Areas,2,2,700806,56.1958094,-2.9998552,
8441340,8441340SP,Special,Local Authority,Parkhill Secondary School,375 Cumbernauld Road,,GLASGOW,G31 3LP,Glasgow City,S12000049,S01010241,906700036471,Non-denominational,24,98,10 - <20%,75 - <80%,29,N,N,N,1,1,Large Urban Areas,Large Urban Areas,1,1,665508,55.862965,-4.2047417,
8305943,8305943SP,Special,Local Authority,Parklands School,27 Charlotte Street,Helensburgh,,G84 7EZ,Argyll and Bute,S12000035,S01007397,125020272,Non-denominational,8.5,45,*,*,62,N,N,N,2,2,Other Urban Areas,Other Urban Areas,2,2,682699,56.0069993,-4.7276742,
8446822,8446822P,Primary,Local Authority,Parkview Primary School,19 Rothes Drive,Summerston,GLASGOW,G23 5PZ,Glasgow City,S12000049,S01010346,906700098292,Non-denominational,13.6,156,>20%,85 - <90%,59,N,N,N,1,1,Large Urban Areas,Large Urban Areas,1,1,669810,55.8999738,-4.2952065,
5527627,5527627P,Primary,Local Authority,Parsons Green Primary School,60 Meadowfield Drive,Edinburgh,,EH8 7LU,City of Edinburgh,S12000036,S01008698,906162357,Non-denominational,15.2,275,10 - <20%,5 - <10%,91,N,N,N,1,1,Large Urban Areas,Large Urban Areas,1,1,673334,55.9477253,-3.1433307,
5403928,5403928P,Primary,Local Authority,Pathhead Primary School,Cairns Street West,Kirkcaldy,,KY1 2JA,Fife,S12000047,S01009533,320181817,Non-denominational,17.5,260,5 - <10%,55 - <60%,16,N,Y,Y,2,2,Other Urban Areas,Other Urban Areas,2,2,693332,56.1273808,-3.1467092,
5546346,5546346SP,Special,Local Authority,Pathways to Success,208 Main Street,Pathhead,,EH37 5SG,Midlothian,S12000019,S01011018,120029404,Non-denominational,0,0,0,0,50,N,N,N,6,5,Accessible Rural Areas,Accessible Rural Areas,6,5,663713,55.8628207,-2.9629706,"Pupil roll, FTE teachers, proportion of pupils minority ethnic, and proportion of puplis 20% most deprived is recorded as zero as this school is not included in the School Level Summary Statistics."
8242720,8242720P,Primary,Local Authority,Patna Primary School,Whitehill Avenue,Patna,,KA6 7LY,East Ayrshire,S12000008,S01007877,127004070,Non-denominational,8.4,111,0%,95 - <100%,16,N,Y,Y,6,5,Accessible Rural Areas,Accessible Rural Areas,6,5,610333,55.3613609,-4.5017239,
8242143,8242143SP,Special,Local Authority,Patna Supported Learning Unit,Patna Primary School,Whitehill Avenue,PATNA,KA6 7LY,East Ayrshire,S12000008,S01007877,127004070,Non-denominational,2.3,19,*,70 - <75%,16,N,Y,Y,6,5,Accessible Rural Areas,Accessible Rural Areas,6,5,610333,55.3613609,-4.5017239,
5601932,5601932SP,Special,Local Authority,Peebles High School,Springwood Road,Peebles,PEEBLESSHIRE,EH45 9HB,Scottish Borders,S12000026,S01012259,116029665,Non-denominational,0,0,0,0,100,N,N,N,3,3,Accessible Small Towns,Accessible Small Towns,3,3,639698,55.645035,-3.1910889,"Pupil roll, FTE teachers, proportion of pupils minority ethnic, and proportion of puplis 20% most deprived is recorded as zero as this school is not included in the School Level Summary Statistics."
5601932,5601932S,Secondary,Local Authority,Peebles High School,Springwood Road,Peebles,PEEBLESSHIRE,EH45 9HB,Scottish Borders,S12000026,S01012259,116029665,Non-denominational,92.6,1342,0 - <5%,*,100,N,N,N,3,3,Accessible Small Towns,Accessible Small Towns,3,3,639698,55.645035,-3.1910889,
5512220,5512220P,Primary,Local Authority,Peel Primary School,Garden Place,Eliburn,LIVINGSTON,EH54 6RA,West Lothian,S12000040,S01013322,200004098982,Non-denominational,19.7,368,10 - <20%,*,47,N,N,N,2,2,Other Urban Areas,Other Urban Areas,2,2,667940,55.8949894,-3.535728,
5554527,5554527P,Primary,Local Authority,Pencaitland Primary School,The Glebe,Pencaitland,,EH34 5EZ,East Lothian,S12000010,S01008245,138006572,Non-denominational,8.3,147,0 - <5%,*,75,N,N,N,6,5,Accessible Rural Areas,Accessible Rural Areas,6,5,668979,55.9106838,-2.8903933,
5546834,5546834S,Secondary,Local Authority,Penicuik High School,39a Carlops Road,Penicuik,,EH26 9EP,Midlothian,S12000019,S01010939,120029831,Non-denominational,56.8,640,0 - <5%,*,66,N,N,N,2,2,Other Urban Areas,Other Urban Areas,2,2,660476,55.8313677,-3.2287259,
5901529,5901529P,Primary,Local Authority,Penninghame School,Auchendoon Road,Newton Stewart,,DG8 6HD,Dumfries and Galloway,S12000006,S01007515,137001085,Non-denominational,16.2,246,*,*,81,N,N,N,4,4,Remote Small Towns,Remote Small Towns,4,4,565340,54.9572144,-4.4877259,
8212929,8212929P,Primary,Local Authority,Pennyburn Primary School,Sundrum Place,Pennyburn,KILWINNING,KA13 6SE,North Ayrshire,S12000021,S01011286,126060645,Non-denominational,14.2,192,*,85 - <90%,15,Y,N,Y,2,2,Other Urban Areas,Other Urban Areas,2,2,642844,55.64913,-4.7109731,
5101026,5101026P,Primary,Local Authority,Pennyland Primary School,Trostan Road,Thurso,,KW14 7NY,Highland,S12000017,S01010808,130077995,Non-denominational,10.6,180,*,0%,68,N,N,N,5,4,Very Remote Small Towns,Remote Small Towns,5,4,968438,58.594715,-3.5359274,
5938325,5938325P,Primary,Local Authority,Penpont School,Penpont,Thornhill,,DG3 4BH,Dumfries and Galloway,S12000006,S01007562,137074588,Non-denominational,4.3,54,*,0%,52,N,N,N,6,5,Accessible Rural Areas,Accessible Rural Areas,6,5,594603,55.2321816,-3.8108571,
5530920,5530920P,Primary,Local Authority,Pentland Primary School,10 Oxgangs Green,Edinburgh,,EH13 9JF,City of Edinburgh,S12000036,S01008531,906430150,Non-denominational,24.8,506,10 - <20%,5 - <10%,26,N,N,N,1,1,Large Urban Areas,Large Urban Areas,1,1,668919,55.9073219,-3.2197209,
8350647,8350647SP,Special,Local Authority,Pentland School,Townhead Road,Coatbridge,,ML5 2HT,North Lanarkshire,S12000050,S01011695,118184290,Non-denominational,4,8,*,*,64,N,N,N,2,2,Other Urban Areas,Other Urban Areas,6,5,665790,55.8681374,-4.0523474,
5350638,5350638S,Secondary,Local Authority,Perth Academy,Murray Place,Perth,,PH1 1NJ,Perth and Kinross,S12000048,S01011902,124009146,Non-denominational,82.7,1011,*,5 - <10%,87,N,N,N,2,2,Other Urban Areas,Other Urban Areas,2,2,723014,56.3907974,-3.4583088,
5350832,5350832S,Secondary,Local Authority,Perth Grammar School,Gowans Terrace,Perth,,PH1 5AZ,Perth and Kinross,S12000048,S01011931,124000015,Non-denominational,63.8,728,0 - <5%,15 - <20%,6,Y,N,Y,2,2,Other Urban Areas,Other Urban Areas,2,2,725164,56.4102637,-3.4456175,
5351030,5351030S,Secondary,Local Authority,Perth High School,Oakbank Road,Perth,,PH1 1HB,Perth and Kinross,S12000048,S01011902,124009145,Non-denominational,102.1,1487,*,0 - <5%,87,N,N,N,2,2,Other Urban Areas,Other Urban Areas,2,2,723208,56.3924235,-3.4682367,
5220734,5220734S,Secondary,Local Authority,Peterhead Academy,Prince Street,Peterhead,ABERDEENSHIRE,AB42 1SY,Aberdeenshire,S12000034,S01007084,151086254,Non-denominational,94.4,1281,0 - <5%,10 - <15%,58,N,N,N,2,2,Other Urban Areas,Other Urban Areas,2,2,846515,57.5086368,-1.7885682,
5218527,5218527P,Primary,Local Authority,Peterhead Central School,St Peter Street,Peterhead,ABERDEENSHIRE,AB42 1QD,Aberdeenshire,S12000034,S01007085,151086259,Non-denominational,11.8,133,10 - <20%,65 - <70%,36,N,N,N,2,2,Other Urban Areas,Other Urban Areas,2,2,846279,57.5065075,-1.7829898,
5619327,5619327P,Primary,Local Authority,Philiphaugh Community School,2 Linglie Road,Selkirk,,TD7 5LT,Scottish Borders,S12000026,S01012386,116018172,Non-denominational,8,105,*,65 - <70%,13,Y,N,Y,3,3,Accessible Small Towns,Accessible Small Towns,3,3,628747,55.5494272,-2.85629,
5210127,5210127P,Primary,Local Authority,Pilmuir Primary School,Pilmuir Road,Forres,MORAY,IV36 1HD,Moray,S12000020,S01011160,133001092,Non-denominational,9.2,124,0 - <5%,0%,59,N,N,N,3,3,Accessible Small Towns,Accessible Small Towns,3,3,858402,57.6050984,-3.6280987,
5534747,5534747SP,Special,Local Authority,Pilrig Park School,12 Balfour Place,Edinburgh,,EH6 5DW,City of Edinburgh,S12000036,S01008815,906014784,Non-denominational,16.8,68,>20%,25 - <30%,45,N,N,N,1,1,Large Urban Areas,Large Urban Areas,1,1,675569,55.9674569,-3.1805042,
5510546,5510546SP,Special,Local Authority,Pinewood School,86 Elm Grove,Blackburn,WEST LOTHIAN,EH47 7QX,West Lothian,S12000040,S01013358,200004140819,Non-denominational,29.2,142,10 - <20%,25 - <30%,31,N,N,N,2,2,Other Urban Areas,Other Urban Areas,2,2,665569,55.8726877,-3.6135321,
5550521,5550521P,Primary,Local Authority,Pinkie St Peter's Primary School,44 Pinkie Road,Musselburgh,EAST LOTHIAN,EH21 7HA,East Lothian,S12000010,S01008192,138008869,Non-denominational,25.7,441,5 - <10%,0 - <5%,24,N,Y,Y,1,1,Large Urban Areas,Large Urban Areas,1,1,672585,55.941923,-3.0386611,
8410020,8410020P,Primary,Local Authority,Pirie Park Primary School,337 Langlands Road,,GLASGOW,G51 4AW,Glasgow City,S12000049,S01009838,906700430898,Non-denominational,28.4,418,10 - <20%,85 - <90%,14,Y,N,Y,1,1,Large Urban Areas,Large Urban Areas,1,1,665474,55.8603293,-4.3310929,
5527821,5527821P,Primary,Local Authority,Pirniehall Primary School,4 West Pilton Crescent,Edinburgh,,EH4 4EP,City of Edinburgh,S12000036,S01008925,906258238,Non-denominational,17.9,293,>20%,50 - <55%,33,N,N,N,1,1,Large Urban Areas,Large Urban Areas,1,1,676328,55.9735901,-3.2508012,
8200521,8200521P,Primary,Local Authority,Pirnmill Primary School,Pirnmill,Brodick,ISLE OF ARRAN,KA27 8HP,North Ayrshire,S12000021,S01011171,126057493,Non-denominational,1.4,8,0%,0%,64,N,N,N,8,6,Very Remote Rural Areas,Remote Rural Areas,8,6,644485,55.6472154,-5.3816593,
5348021,5348021P,Primary,Local Authority,Pitcairn Primary School,Bridgeton Brae,Almondbank,PERTH,PH1 3LJ,Perth and Kinross,S12000048,S01011875,124037017,Non-denominational,7,119,10 - <20%,*,62,N,N,N,6,5,Accessible Rural Areas,Accessible Rural Areas,6,5,726490,56.4213293,-3.5167061,
5408520,5408520P,Primary,Local Authority,Pitcoudie Primary School,20 Iona Park,Glenrothes,,KY7 6NU,Fife,S12000047,S01009599,320288877,Non-denominational,16.6,293,*,25 - <30%,27,N,N,N,2,2,Other Urban Areas,Other Urban Areas,2,2,702308,56.2077421,-3.1773347,
5221722,5221722P,Primary,Local Authority,Pitfour School,Newlands Road,Mintlaw,PETERHEAD,AB42 5GP,Aberdeenshire,S12000034,S01007059,151501104,Non-denominational,7.6,103,*,*,59,N,N,N,6,5,Accessible Rural Areas,Accessible Rural Areas,6,5,848079,57.5228612,-2.0092719,
5424623,5424623P,Primary,Local Authority,Pitlessie Primary School,Ladybank Road,Pitlessie,CUPAR,KY15 7SP,Fife,S12000047,S01009664,320175534,Non-denominational,2.5,14,0%,0%,68,N,N,N,6,5,Accessible Rural Areas,Accessible Rural Areas,6,5,709695,56.2750227,-3.0776275,
5351332,5351332P,Primary,Local Authority,Pitlochry High School,East Moulin Road,Pitlochry,,PH16 5ET,Perth and Kinross,S12000048,S01012011,124030586,Non-denominational,11.7,191,*,0%,75,N,N,N,7,6,Remote Rural Areas,Remote Rural Areas,7,6,758778,56.7087301,-3.7252731,
5351332,5351332S,Secondary,Local Authority,Pitlochry High School,East Moulin Road,Pitlochry,,PH16 5ET,Perth and Kinross,S12000048,S01012011,124030586,Non-denominational,17.3,117,*,*,75,N,N,N,7,6,Remote Rural Areas,Remote Rural Areas,7,6,758778,56.7087301,-3.7252731,
5228824,5228824P,Primary,Local Authority,Pitmedden School,Pitmedden,Ellon,ABERDEENSHIRE,AB41 7NY,Aberdeenshire,S12000034,S01006983,151107346,Non-denominational,9.2,160,*,0%,68,N,N,N,6,5,Accessible Rural Areas,Accessible Rural Areas,6,5,827451,57.3374427,-2.1809325,
5442524,5442524P,Primary,Local Authority,Pitreavie Primary School,Pitcorthie Drive,Dunfermline,,KY11 8AB,Fife,S12000047,S01009361,320188801,Non-denominational,20.7,314,10 - <20%,0 - <5%,74,N,N,N,2,2,Other Urban Areas,Other Urban Areas,2,2,685999,56.05846,-3.4369425,
5442621,5442621P,Primary,Local Authority,Pittencrieff Primary School,Dewar Street,Dunfermline,,KY12 8AB,Fife,S12000047,S01009299,320194444,Non-denominational,11.5,170,10 - <20%,0 - <5%,49,N,N,N,2,2,Other Urban Areas,Other Urban Areas,2,2,687599,56.072429,-3.4711107,
5424720,5424720P,Primary,Local Authority,Pittenweem Primary School,James Street,Pittenweem,ANSTRUTHER,KY10 2QN,Fife,S12000047,S01009704,320176049,Non-denominational,8.4,88,5 - <10%,0%,78,N,N,N,6,5,Accessible Rural Areas,Accessible Rural Areas,6,5,702716,56.214855,-2.73049,School Contacts List UPRN (10091804069) is not in SAD 2024 Q1.  GISAT has assigned the UPRN for Pittenweem Primary School as it is in SAD 2024 Q1 (320176049).
5402123,5402123P,Primary,Local Authority,Pitteuchar East Primary School,Glamis Avenue,Glenrothes,,KY7 4NU,Fife,S12000047,S01009586,320180217,Non-denominational,14.6,225,5 - <10%,5 - <10%,30,N,N,N,2,2,Other Urban Areas,Other Urban Areas,2,2,699494,56.1826152,-3.1606966,
5408121,5408121P,Primary,Local Authority,Pitteuchar West Primary School,Inveraray Avenue,Glenrothes,,KY7 4QL,Fife,S12000047,S01009585,320180244,Non-denominational,15.4,257,5 - <10%,5 - <10%,40,N,N,N,2,2,Other Urban Areas,Other Urban Areas,2,2,700034,56.1873938,-3.1684943,
8505020,8505020P,Primary,Local Authority,Plains Primary School,1 Annieshill View,Plains,AIRDRIE,ML6 7NY,North Lanarkshire,S12000050,S01011675,118183039,Non-denominational,8.6,95,*,70 - <75%,15,Y,N,Y,6,5,Accessible Rural Areas,Accessible Rural Areas,6,5,666896,55.8800197,-3.9323206,
5123437,5123437S,Secondary,Local Authority,Plockton High School,Plockton,Ross-shire,,IV52 8TU,Highland,S12000017,S01010671,130063333,Non-denominational,24.7,213,0 - <5%,0%,65,N,N,N,8,6,Very Remote Rural Areas,Remote Rural Areas,8,6,833045,57.3343926,-5.6660398,
5123526,5123526P,Primary,Local Authority,Plockton Primary School,Plockton,,,IV52 8TW,Highland,S12000017,S01010671,130108077,Non-denominational,3.9,48,0%,0%,65,N,N,N,8,6,Very Remote Rural Areas,Remote Rural Areas,8,6,833256,57.3366559,-5.653464,
5508622,5508622P,Primary,Local Authority,Polkemmet Primary School,The Avenue,Whitburn,WEST LOTHIAN,EH47 0BX,West Lothian,S12000040,S01013372,200004127299,Non-denominational,13.4,174,5 - <10%,45 - <50%,9,Y,N,Y,2,2,Other Urban Areas,Other Urban Areas,2,2,664455,55.8616064,-3.6932211,
8418721,8418721P,Primary,Local Authority,Pollokshields Primary School,241 Albert Drive,,GLASGOW,G41 2NA,Glasgow City,S12000049,S01009886,906700349099,Non-denominational,23.2,293,>20%,10 - <15%,28,N,N,N,1,1,Large Urban Areas,Large Urban Areas,1,1,663345,55.8422534,-4.2745838,
5117429,5117429P,Primary,Local Authority,Poolewe Primary School,Poolewe,Achnasheen,,IV22 2LA,Highland,S12000017,S01010686,130111978,Non-denominational,1.8,9,*,0%,46,N,N,N,8,6,Very Remote Rural Areas,Remote Rural Areas,8,6,880704,57.7647167,-5.6013216,
8107726,8107726P,Primary,Local Authority,Port Charlotte Primary School,Port Charlotte,Isle Of Islay,ARGYLL,PA48 7TW,Argyll and Bute,S12000035,S01007325,125046664,Non-denominational,3.1,29,*,0%,54,N,N,N,8,6,Very Remote Rural Areas,Remote Rural Areas,8,6,658282,55.7396729,-6.380286,
8107823,8107823P,Primary,Local Authority,Port Ellen Primary School,Port Ellen,Isle of Islay,ARGYLL,PA42 7BW,Argyll and Bute,S12000035,S01007328,125030892,Non-denominational,5.5,73,*,0%,56,N,N,N,8,6,Very Remote Rural Areas,Remote Rural Areas,8,6,645282,55.6297444,-6.1799993,
5228921,5228921P,Primary,Local Authority,Port Elphinstone School,School Road,Port Elphinstone Inverurie,ABERDEENSHIRE,AB51 3XJ,Aberdeenshire,S12000034,S01006903,151086281,Non-denominational,5.7,71,*,0%,34,N,N,N,2,2,Other Urban Areas,Other Urban Areas,2,2,820183,57.2717336,-2.3718883,
5219027,5219027P,Primary,Local Authority,Port Erroll School,Braehead Drive,Cruden Bay,ABERDEENSHIRE,AB42 0NP,Aberdeenshire,S12000034,S01007067,151086283,Non-denominational,9.6,126,*,*,74,N,N,N,6,5,Accessible Rural Areas,Accessible Rural Areas,6,5,836579,57.419479,-1.8510088,
8645531,8645531S,Secondary,Local Authority,Port Glasgow High School,Port Glasgow Comunity Campus,Kilmacolm Road,PORT GLASGOW,PA14 6PP,Inverclyde,S12000018,S01010926,119054310,Non-denominational,45.1,540,0 - <5%,60 - <65%,12,Y,N,Y,2,2,Other Urban Areas,Other Urban Areas,2,2,672845,55.9200465,-4.6535948,
5721725,5721725P,Primary,Local Authority,Port of Menteith Primary School,Port Of Menteith,,STIRLING,FK8 3RA,Stirling,S12000030,S01013110,122046642,Non-denominational,1.7,10,0%,0%,69,N,N,N,6,5,Accessible Rural Areas,Accessible Rural Areas,6,5,701499,56.1849333,-4.286446,
5901820,5901820P,Primary,Local Authority,Port William School,Port William,Newton Stewart,,DG8 9JX,Dumfries and Galloway,S12000006,S01007510,137084770,Non-denominational,3.8,66,*,0%,47,N,N,N,7,6,Remote Rural Areas,Remote Rural Areas,7,6,543427,54.7583493,-4.5781127,
5208025,5208025P,Primary,Local Authority,Portessie Primary School,School Road,Portessie,BUCKIE,AB56 1TN,Moray,S12000020,S01011073,133001608,Non-denominational,8.2,121,*,0%,51,N,N,N,3,3,Accessible Small Towns,Accessible Small Towns,3,3,866316,57.6831828,-2.9394301,
5208122,5208122P,Primary,Local Authority,Portgordon Primary School,Richmond Terrace,Portgordon,MORAY,AB56 5RA,Moray,S12000020,S01011083,133038925,Non-denominational,4.5,43,*,0%,54,N,N,N,6,5,Accessible Rural Areas,Accessible Rural Areas,6,5,864106,57.6627559,-3.0139245,
5208327,5208327P,Primary,Local Authority,Portknockie Primary School,King Edward Terrace,Portknockie,MORAY,AB56 4NX,Moray,S12000020,S01011071,133036196,Non-denominational,4.5,67,*,0%,73,N,N,N,7,6,Remote Rural Areas,Remote Rural Areas,7,6,868197,57.700667,-2.856595,
8507945,8507945SP,Special,Local Authority,Portland High School,31-33 Kildonan Street,Coatbridge,,ML5 3LG,North Lanarkshire,S12000050,S01011596,118123303,Non-denominational,6.5,14,*,70 - <75%,29,N,N,N,2,2,Other Urban Areas,Other Urban Areas,2,2,665310,55.8643532,-4.0203163,
5258030,5258030S,Secondary,Local Authority,Portlethen Academy,Bruntland Road,Portlethen,ABERDEEN,AB12 4QL,Aberdeenshire,S12000034,S01006847,151501103,Non-denominational,79,944,10 - <20%,*,86,N,N,N,3,3,Accessible Small Towns,Accessible Small Towns,3,3,796241,57.0571441,-2.1359503,UPRN is a Parent UPRN in SAD 2024 Q1.
5251125,5251125P,Primary,Local Authority,Portlethen Primary School,Cookston Road,Portlethen,ABERDEENSHIRE,AB12 4PT,Aberdeenshire,S12000034,S01006851,151124353,Non-denominational,17.8,253,5 - <10%,0%,62,N,N,N,3,3,Accessible Small Towns,Accessible Small Towns,3,3,796849,57.0626088,-2.1285545,
5348129,5348129P,Primary,Local Authority,Portmoak Primary School,Buchan Avenue,Kinnesswood,KINROSS,KY13 9HT,Perth and Kinross,S12000048,S01011836,124064107,Non-denominational,7.1,117,*,5 - <10%,75,N,N,N,6,5,Accessible Rural Areas,Accessible Rural Areas,6,5,702984,56.2122853,-3.3284352,
5533538,5533538S,Secondary,Local Authority,Portobello High School,1 Milton Road,Edinburgh,,EH15 3BY,City of Edinburgh,S12000036,S01008734,906477278,Non-denominational,109.3,1423,10 - <20%,10 - <15%,69,N,N,N,1,1,Large Urban Areas,Large Urban Areas,1,1,672944,55.9444964,-3.1132948,
5901723,5901723P,Primary,Local Authority,Portpatrick School,School Brae,Portpatrick,STRANRAER,DG9 8LG,Dumfries and Galloway,S12000006,S01007496,137001479,Non-denominational,2.8,24,*,0%,47,N,N,N,6,5,Accessible Rural Areas,Accessible Rural Areas,6,5,554267,54.8432299,-5.1138052,
5128234,5128234S,Secondary,Local Authority,Portree High School,Viewfield Road,Portree,ISLE OF SKYE,IV51 9ET,Highland,S12000017,S01010680,130106860,Non-denominational,46.4,494,0 - <5%,0%,35,N,N,N,8,6,Very Remote Rural Areas,Remote Rural Areas,8,6,843632,57.4127611,-6.2035905,
5128722,5128722P,Primary,Local Authority,Portree Primary,Blaven Road,Portree,,IV51 9PH,Highland,S12000017,S01010681,130082000,Non-denominational,8.3,132,0 - <5%,*,45,N,N,N,8,6,Very Remote Rural Areas,Remote Rural Areas,8,6,843920,57.4156256,-6.1953493,
5213029,5213029P,Primary,Local Authority,Portsoy School,Aird Street,Portsoy,BANFFSHIRE,AB45 2RB,Aberdeenshire,S12000034,S01007026,151086445,Non-denominational,8.8,112,*,0%,61,N,N,N,7,6,Remote Rural Areas,Remote Rural Areas,7,6,865696,57.6792279,-2.6885418,
5229022,5229022P,Primary,Local Authority,Premnay School,Premnay,Insch,ABERDEENSHIRE,AB52 6QA,Aberdeenshire,S12000034,S01006888,151106790,Non-denominational,2.8,43,0%,0%,80,N,N,N,6,5,Accessible Rural Areas,Accessible Rural Areas,6,5,824742,57.3116876,-2.6241513,
5556139,5556139S,Secondary,Local Authority,Preston Lodge High School,Park View,Prestonpans,EAST LOTHIAN,EH32 9QJ,East Lothian,S12000010,S01008208,138009227,Non-denominational,84.5,1060,0 - <5%,5 - <10%,65,N,N,N,2,2,Other Urban Areas,Other Urban Areas,2,2,674383,55.9586308,-2.9709228,
5528127,5528127P,Primary,Local Authority,Preston Street Primary School,169 Dalkeith Road,Edinburgh,,EH16 5BR,City of Edinburgh,S12000036,S01008601,906072107,Non-denominational,15.4,274,>20%,0 - <5%,94,N,N,N,1,1,Large Urban Areas,Large Urban Areas,1,1,672501,55.9399328,-3.1760484,
1004905,1004905P,Primary,Local Authority,Preston Tower Primary School,Preston Road,Prestonpans,EAST LOTHIAN,EH32 9EN,East Lothian,S12000010,S01008204,138042195,Non-denominational,38.9,706,0 - <5%,15 - <20%,33,N,N,N,2,2,Other Urban Areas,Other Urban Areas,2,2,673909,55.9543312,-2.9760683,
5527929,5527929P,Primary,Local Authority,Prestonfield Primary School,Peffermill Road,Edinburgh,,EH16 5LJ,City of Edinburgh,S12000036,S01008595,906194214,Non-denominational,11.6,181,>20%,50 - <55%,20,N,Y,Y,1,1,Large Urban Areas,Large Urban Areas,1,1,671461,55.9307559,-3.1583076,
8236836,8236836S,Secondary,Local Authority,Prestwick Academy,15 Newdykes Road,Prestwick,,KA9 2LB,South Ayrshire,S12000028,S01012524,141040027,Non-denominational,86.4,1186,0 - <5%,5 - <10%,64,N,N,N,2,2,Other Urban Areas,Other Urban Areas,2,2,626313,55.5028592,-4.6040483,
5700248,5700248SP,Special,Local Authority,Primary School Support Service,"62 The Orchard,",Tullibody,ALLOA,FK10 2SD,Clackmannanshire,S12000005,S01007411,35028278,Non-denominational,0,0,0,0,8,Y,N,Y,3,3,Accessible Small Towns,Accessible Small Towns,3,3,694901,56.133058,-3.842808,"School Contacts List UPRN (35022360) is not in SAD 2024 Q1.  GISAT has assigned the UPRN for 1 The Maltings (35028278), which is next door.  Pupil roll, FTE teachers, proportion of pupils minority ethnic, and proportion of puplis 20% most deprived is recorded as zero as this school is not included in the School Level Summary Statistics."
5601126,5601126P,Primary,Local Authority,Priorsford Primary School,Marmion Road,Peebles,,EH45 9BE,Scottish Borders,S12000026,S01012257,116020720,Non-denominational,20.4,388,*,*,62,N,N,N,3,3,Accessible Small Towns,Accessible Small Towns,3,3,639703,55.645192,-3.1794787,
5536243,5536243SP,Special,Local Authority,Prospect Bank School,81 Restalrig Road,Edinburgh,,EH6 8BQ,City of Edinburgh,S12000036,S01008766,906211040,Non-denominational,9.4,53,*,45 - <50%,73,N,N,N,1,1,Large Urban Areas,Large Urban Areas,1,1,675582,55.9678008,-3.1565473,
5500028,5500028P,Primary,Local Authority,Pumpherston and Uphall Station CPS,37 Drumshoreland Road,Pumpherston,WEST LOTHIAN,EH53 0LF,West Lothian,S12000040,S01013300,135041080,Non-denominational,13.5,193,5 - <10%,0 - <5%,30,N,N,N,2,2,Other Urban Areas,Other Urban Areas,2,2,669594,55.9104038,-3.491065,
5408849,5408849SP,Special,Local Authority,Pupil Support Service - Central Area,Rimbleton House,Rimbleton Park,GLENROTHES,KY6 2BZ,Fife,S12000047,S01009570,320311548,Non-denominational,0,0,0,0,30,N,N,N,2,2,Other Urban Areas,Other Urban Areas,2,2,700587,56.1922409,-3.1814973,"Pupil roll, FTE teachers, proportion of pupils minority ethnic, and proportion of puplis 20% most deprived is recorded as zero as this school is not included in the School Level Summary Statistics."
5408946,5408946SP,Special,Local Authority,Pupil Support Service - East and Levenmouth Area,Sandy Brae Centre,Sandy Brae,KENNOWAY,KY8 5JN,Fife,S12000047,S01009657,10091804330,Non-denominational,0,0,0,0,40,N,N,N,2,2,Other Urban Areas,Other Urban Areas,2,2,702042,56.2065048,-3.0493166,"Pupil roll, FTE teachers, proportion of pupils minority ethnic, and proportion of puplis 20% most deprived is recorded as zero as this school is not included in the School Level Summary Statistics."
5427649,5427649SP,Special,Local Authority,Pupil Support Service - The Bridges Centre,8a McGrigor Road,ROSYTH,FIFE,KY11 2AE,Fife,S12000047,S01009377,320203930,Non-denominational,0,0,0,0,68,N,N,N,2,2,Other Urban Areas,Other Urban Areas,2,2,682685,56.0287401,-3.4314987,"Pupil roll, FTE teachers, proportion of pupils minority ethnic, and proportion of puplis 20% most deprived is recorded as zero as this school is not included in the School Level Summary Statistics."
8418926,8418926P,Primary,Local Authority,Quarry Brae Primary School and Nursery Class,61 Crail Street,Parkhead,GLASGOW,G31 5AL,Glasgow City,S12000049,S01010057,906700430219,Non-denominational,17.1,289,>20%,85 - <90%,13,Y,N,Y,1,1,Large Urban Areas,Large Urban Areas,1,1,664148,55.8509963,-4.1905318,UPRN is a Parent UPRN in SAD 2024 Q1.
5241227,5241227P,Primary,Local Authority,Quarryhill School,Birkhall Parade,Aberdeen,,AB16 5QT,Aberdeen City,S12000033,S01006717,9051023307,Non-denominational,17.9,309,5 - <10%,5 - <10%,26,N,N,N,1,1,Large Urban Areas,Large Urban Areas,1,1,807764,57.1606277,-2.1541359,
8523428,8523428P,Primary,Local Authority,Quarter Primary School,Limekilnburn Road,Quarter,HAMILTON,ML3 7XA,South Lanarkshire,S12000029,S01012700,484175141,Non-denominational,5.2,68,*,*,58,N,N,N,6,5,Accessible Rural Areas,Accessible Rural Areas,6,5,651271,55.7380073,-4.0311119,
5446236,5446236S,Secondary,Local Authority,Queen Anne High School,Pilmuir Street,Broomhead,DUNFERMLINE,KY12 0PQ,Fife,S12000047,S01009297,320229083,Non-denominational,129.2,1843,0 - <5%,10 - <15%,92,N,N,N,2,2,Other Urban Areas,Other Urban Areas,2,2,688623,56.0817105,-3.4643619,
8236232,8236232S,Secondary,Local Authority,Queen Margaret Academy,33A Dalmellington Road,Ayr,,KA7 3TL,South Ayrshire,S12000028,S01012463,141031299,Roman Catholic,66.2,681,5 - <10%,30 - <35%,16,N,Y,Y,2,2,Other Urban Areas,Other Urban Areas,2,2,619544,55.4420196,-4.6041079,
5518334,5518334S,Secondary,Local Authority,Queensferry Community High School,80 Station Road,South Queensferry,EDINBURGH,EH30 9JX,City of Edinburgh,S12000036,S01009003,906321994,Non-denominational,82.1,1129,5 - <10%,*,88,N,N,N,2,2,Other Urban Areas,Other Urban Areas,2,2,677862,55.9859322,-3.3850179,
5518024,5518024P,Primary,Local Authority,Queensferry Primary School,Burgess Road,South Queensferry,EDINBURGH,EH30 9NX,City of Edinburgh,S12000036,S01009006,906429775,Non-denominational,25.1,535,5 - <10%,0%,73,N,N,N,2,2,Other Urban Areas,Other Urban Areas,2,2,678029,55.9873185,-3.3951662,
5127424,5127424P,Primary,Local Authority,Raasay Primary School,Isle Of Raasay,By Kyle,,IV40 8PB,Highland,S12000017,S01010677,130111980,Non-denominational,1.5,4,0%,*,59,N,N,N,8,6,Very Remote Rural Areas,Remote Rural Areas,8,6,836043,57.3488035,-6.0733636,
5140625,5140625P,Primary,Local Authority,Raigmore Primary School,King Duncan's Road,Inverness,,IV2 3UG,Highland,S12000017,S01010622,130036715,Non-denominational,9.8,158,>20%,*,16,N,Y,Y,2,2,Other Urban Areas,Other Urban Areas,2,2,845257,57.4783651,-4.1974972,
8625522,8625522P,Primary,Local Authority,Ralston Primary School,School Road,,PAISLEY,PA1 3AT,Renfrewshire,S12000038,S01012141,123068252,Non-denominational,18.6,382,5 - <10%,5 - <10%,85,N,N,N,1,1,Large Urban Areas,Large Urban Areas,1,1,664422,55.8499804,-4.3777961,
5725321,5725321P,Primary,Local Authority,Raploch Primary School,Raploch Community Campus,Drip Road,STIRLING,FK8 1SD,Stirling,S12000030,S01013074,122069324,Non-denominational,16.4,224,10 - <20%,90 - <95%,3,Y,N,Y,2,2,Other Urban Areas,Other Urban Areas,2,2,694631,56.1289799,-3.950312,
8622027,8622027P,Primary,Local Authority,Rashielea Primary School,North Barr,,ERSKINE,PA8 6EX,Renfrewshire,S12000038,S01012029,123012556,Non-denominational,9.8,161,5 - <10%,*,48,N,N,N,2,2,Other Urban Areas,Other Urban Areas,2,2,670938,55.9070131,-4.4559187,
5219124,5219124P,Primary,Local Authority,Rathen School,Rathen,Fraserburgh,ABERDEENSHIRE,AB43 8UL,Aberdeenshire,S12000034,S01007107,151121855,Non-denominational,4.1,68,*,0%,72,N,N,N,6,5,Accessible Rural Areas,Accessible Rural Areas,6,5,860757,57.6367402,-1.9984345,
5540623,5540623P,Primary,Local Authority,Ratho Primary School,1 School Wynd,Ratho,EDINBURGH,EH28 8TT,City of Edinburgh,S12000036,S01008995,906220308,Non-denominational,14.7,248,5 - <10%,0%,92,N,N,N,6,5,Accessible Rural Areas,Accessible Rural Areas,6,5,670776,55.9222686,-3.3842336,
5348226,5348226P,Primary,Local Authority,Rattray Primary School,High Street,Rattray,BLAIRGOWRIE,PH10 7DG,Perth and Kinross,S12000048,S01011987,124010298,Non-denominational,14.3,222,*,35 - <40%,46,N,N,N,4,4,Remote Small Towns,Remote Small Towns,4,4,745670,56.5958306,-3.3271869,
8359121,8359121P,Primary,Local Authority,Ravenswood Primary School,Tiree Road,Cumbernauld,,G67 1NR,North Lanarkshire,S12000050,S01011743,118025307,Non-denominational,12.6,231,5 - <10%,5 - <10%,44,N,N,N,2,2,Other Urban Areas,Other Urban Areas,2,2,673772,55.9407012,-4.001811,
5229227,5229227P,Primary,Local Authority,Rayne North School,Meikle Wartle,Inverurie,ABERDEENSHIRE,AB51 5BY,Aberdeenshire,S12000034,S01006915,151112843,Non-denominational,4.1,53,0%,0%,73,N,N,N,6,5,Accessible Rural Areas,Accessible Rural Areas,6,5,831686,57.3745802,-2.5090534,
5101123,5101123P,Primary,Local Authority,Reay Primary School,Reay,Thurso,,KW14 7RE,Highland,S12000017,S01010798,130058162,Non-denominational,2.8,36,0%,0%,51,N,N,N,8,6,Very Remote Rural Areas,Remote Rural Areas,8,6,964908,58.5599378,-3.7740985,
8351147,8351147SP,Special,Local Authority,Redburn School,Kildrum Ring Road,Cumbernauld,GLASGOW,G67 2EL,North Lanarkshire,S12000050,S01011754,118035818,Non-denominational,28.2,131,5 - <10%,25 - <30%,41,N,N,N,2,2,Other Urban Areas,Other Urban Areas,2,2,674879,55.9512075,-3.9671648,
5500443,5500443SP,Special,Local Authority,Redhall School,3c Redhall Grove,Edinburgh,,EH14 2DU,City of Edinburgh,S12000036,S01008484,906440126,Non-denominational,12.8,72,*,25 - <30%,56,N,N,N,1,1,Large Urban Areas,Large Urban Areas,1,1,670438,55.9205397,-3.2630984,
5251222,5251222P,Primary,Local Authority,Redmyre School,Fordoun,Laurencekirk,ABERDEENSHIRE,AB30 1NP,Aberdeenshire,S12000034,S01006812,151105988,Non-denominational,4.5,53,*,0%,67,N,N,N,6,5,Accessible Rural Areas,Accessible Rural Areas,6,5,775479,56.8700402,-2.4065587,
1003020,1003020P,Primary,Local Authority,Redwell primary school,Stirling Road,Alloa,,FK10 2BS,Clackmannanshire,S12000005,S01007476,35028343,Non-denominational,28.8,377,0 - <5%,5 - <10%,57,N,N,N,2,2,Other Urban Areas,Other Urban Areas,2,2,693267,56.1188419,-3.8110009,
8630534,8630534S,Secondary,Local Authority,Renfrew High School,Haining Road,,RENFREW,PA4 0AN,Renfrewshire,S12000038,S01012180,123096131,Non-denominational,65.7,829,5 - <10%,15 - <20%,48,N,N,N,1,1,Large Urban Areas,Large Urban Areas,1,1,666823,55.87142,-4.3853468,
8303622,8303622P,Primary,Local Authority,Renton Primary School,Main Street,Renton,DUMBARTON,G82 4NA,West Dunbartonshire,S12000039,S01013207,129057681,Non-denominational,16.6,151,0 - <5%,75 - <80%,13,Y,N,Y,2,2,Other Urban Areas,Other Urban Areas,2,2,678192,55.9695805,-4.5846666,
5902320,5902320P,Primary,Local Authority,Rephad School,Ladies Walk,Stranraer,,DG9 8BW,Dumfries and Galloway,S12000006,S01007489,137030849,Non-denominational,11.6,209,0 - <5%,*,42,N,N,N,2,2,Other Urban Areas,Other Urban Areas,2,2,560837,54.9049132,-5.0101161,
5120420,5120420P,Primary,Local Authority,Resolis Primary School,Balblair,Dingwall,,IV7 8LJ,Highland,S12000017,S01010730,130127250,Non-denominational,3.6,59,*,0%,61,N,N,N,7,6,Remote Rural Areas,Remote Rural Areas,7,6,865181,57.6567533,-4.2336227,
5646820,5646820P,Primary,Local Authority,Reston Primary School,Eyemouth,Berwickshire,,TD14 5LD,Scottish Borders,S12000026,S01012312,116063181,Non-denominational,2.9,37,*,0%,47,N,N,N,6,5,Accessible Rural Areas,Accessible Rural Areas,6,5,662107,55.8519903,-2.2045085,
8303924,8303924P,Primary,Local Authority,Rhu Primary School,School Road,Rhu,HELENSBURGH,G84 8RS,Argyll and Bute,S12000035,S01007382,125041395,Non-denominational,10.7,169,*,0%,69,N,N,N,2,2,Other Urban Areas,Other Urban Areas,2,2,684072,56.0181462,-4.781113,
8108129,8108129P,Primary,Local Authority,Rhunahaorine Primary School,Tayinloan,Tarbert,ARGYLL,PA29 6XG,Argyll and Bute,S12000035,S01007329,125052089,Non-denominational,1.2,13,0%,0%,50,N,N,N,8,6,Very Remote Rural Areas,Remote Rural Areas,8,6,648123,55.6722714,-5.6485621,
5229324,5229324P,Primary,Local Authority,Rhynie School,Essie Road,Rhynie Huntly,ABERDEENSHIRE,AB54 4GF,Aberdeenshire,S12000034,S01007006,151086403,Non-denominational,2.2,34,*,0%,54,N,N,N,7,6,Remote Rural Areas,Remote Rural Areas,7,6,827215,57.3326796,-2.8353023,
8547629,8547629P,Primary,Local Authority,Rigside Primary School,Muirfoot Road,Rigside,LANARK,ML11 9LY,South Lanarkshire,S12000029,S01012640,484151330,Non-denominational,5.2,65,10 - <20%,80 - <85%,3,Y,N,Y,6,5,Accessible Rural Areas,Accessible Rural Areas,6,5,635002,55.5957086,-3.7794616,
5402220,5402220P,Primary,Local Authority,Rimbleton Primary School,Bilsland Road,Glenrothes,,KY6 2DZ,Fife,S12000047,S01009569,320180109,Non-denominational,20.3,226,0 - <5%,20 - <25%,47,N,N,N,2,2,Other Urban Areas,Other Urban Areas,2,2,700636,56.1926252,-3.1871529,
1004778,1004778P,Primary,Local Authority,Riverbank Primary School,1 Sunnybank Street,Dalmarnock,GLASGOW,G40 4RX,Glasgow City,S12000049,S01010048,906700516396,Non-denominational,19.4,316,>20%,80 - <85%,7,Y,N,Y,1,1,Large Urban Areas,Large Urban Areas,1,1,663147,55.8416473,-4.2105003,
1006134,1006134P,Primary,Local Authority,Riverbank Primary School,1 Paddock Street,,COATBRIDGE,ML5 4PG,North Lanarkshire,S12000050,S01011611,118199020,Non-denominational,24,326,5 - <10%,30 - <35%,57,N,N,N,2,2,Other Urban Areas,Other Urban Areas,2,2,663826,55.851354,-3.999824,No UPRN was provided in the School Contact List dataset.  GISAT has assigned the UPRN for school street address; 1 Paddock St (118199020).
5230420,5230420P,Primary,Local Authority,Riverbank School,Dill Road,Tillydrone,ABERDEEN,AB24 2XL,Aberdeen City,S12000033,S01006678,9051054562,Non-denominational,18.6,317,10 - <20%,40 - <45%,23,N,Y,Y,1,1,Large Urban Areas,Large Urban Areas,1,1,809084,57.1725238,-2.1180515,
1003658,1003658SP,Special,Local Authority,Riverbrae School,2 Middleton Road,,LINWOOD,PA3 3DP,Renfrewshire,S12000038,S01012221,123110353,Non-denominational,42.3,219,10 - <20%,30 - <35%,24,N,Y,Y,1,1,Large Urban Areas,Large Urban Areas,1,1,664921,55.852304,-4.4870813,
1005910,1005910P,Primary,Local Authority,Riverside Primary School,Argyll Road,,PERTH,PH1 3BB,Perth and Kinross,S12000048,S01011930,124114658,Non-denominational,23.2,303,5 - <10%,15 - <20%,31,N,N,N,2,2,Other Urban Areas,Other Urban Areas,2,2,725590,56.414044,-3.450364,School Contacts List UPRN (12411658) is not in SAD 2024 Q1.  GISAT has assigned the UPRN for Riverside Primary School as it is in SAD 2024 Q1 (124114658).
5501326,5501326P,Primary,Local Authority,Riverside Primary School,The Mall,Craigshill,LIVINGSTON,EH54 5EJ,West Lothian,S12000040,S01013306,135013576,Non-denominational,13.6,206,5 - <10%,40 - <45%,4,Y,N,Y,2,2,Other Urban Areas,Other Urban Areas,2,2,668076,55.8967132,-3.4953122,
5725429,5725429P,Primary,Local Authority,Riverside Primary School,Forrest Road,,STIRLING,FK8 1UJ,Stirling,S12000030,S01013090,122020509,Non-denominational,32.6,463,10 - <20%,15 - <20%,80,N,N,N,2,2,Other Urban Areas,Other Urban Areas,2,2,694180,56.1252073,-3.932312,
8400229,8400229P,Primary,Local Authority,Riverside Primary School,635 Govan Road,,GLASGOW,G51 2AQ,Glasgow City,S12000049,S01009859,906700431915,Non-denominational,15.4,221,>20%,90 - <95%,3,Y,N,Y,1,1,Large Urban Areas,Large Urban Areas,1,1,665468,55.8607555,-4.305629,
1005014,1005014S,Secondary,Local Authority,Robert Burns Academy,The Barony Campus,Auchinleck Road,CUMNOCK,KA18 1FQ,East Ayrshire,S12000008,S01007919,127074085,Non-denominational,131.5,1734,0 - <5%,40 - <45%,92,N,N,N,3,3,Accessible Small Towns,Accessible Small Towns,3,3,620376,55.4560278,-4.2768521,UPRN is a Parent UPRN in SAD 2024 Q1.
5348722,5348722P,Primary,Local Authority,Robert Douglas Memorial Primary School,Spoutwells Road,Scone,PERTH,PH2 6RS,Perth and Kinross,S12000048,S01011949,124044072,Non-denominational,28.6,409,0 - <5%,*,97,N,N,N,3,3,Accessible Small Towns,Accessible Small Towns,3,3,726542,56.4231422,-3.4023319,
8548927,8548927P,Primary,Local Authority,Robert Owen Memorial Primary School,Smyllum Road,Lanark,,ML11 7BZ,South Lanarkshire,S12000029,S01012631,484156902,Non-denominational,23.8,259,0 - <5%,0 - <5%,27,N,N,N,3,3,Accessible Small Towns,Accessible Small Towns,3,3,643792,55.674956,-3.7618274,
8523126,8523126P,Primary,Local Authority,Robert Smillie Memorial Primary School,Glen Avenue,Larkhall,,ML9 1NJ,South Lanarkshire,S12000029,S01012674,484164576,Non-denominational,13.9,201,0 - <5%,90 - <95%,4,Y,N,Y,2,2,Other Urban Areas,Other Urban Areas,2,2,650290,55.7300877,-3.9761685,
8500924,8500924P,Primary,Local Authority,Rochsolloch Primary School,88 Bellsdyke Road,Cairnhill,AIRDRIE,ML6 9DW,North Lanarkshire,S12000050,S01011643,118183656,Non-denominational,17.6,287,0 - <5%,10 - <15%,61,N,N,N,2,2,Other Urban Areas,Other Urban Areas,2,2,664589,55.8585265,-3.9802565,
8109923,8109923P,Primary,Local Authority,Rockfield Gaelic Unit,Oban Primary Campus,Soroba Road,OBAN,PA34 4SB,Argyll and Bute,S12000035,S01007291,125069954,Non-denominational,4.1,50,*,0%,35,N,N,N,5,4,Very Remote Small Towns,Remote Small Towns,5,4,728543,56.4005119,-5.4692415,
8107025,8107025P,Primary,Local Authority,Rockfield Primary School,Oban Primary Campus,Soroba Road,OBAN,PA34 4SB,Argyll and Bute,S12000035,S01007291,125069954,Non-denominational,18.8,236,*,0 - <5%,35,N,N,N,5,4,Very Remote Small Towns,Remote Small Towns,5,4,728543,56.4005119,-5.4692415,
5108624,5108624P,Primary,Local Authority,Rogart Primary School,Rogart,,,IV28 3XF,Highland,S12000017,S01010764,130059508,Non-denominational,3,21,*,0%,55,N,N,N,8,6,Very Remote Rural Areas,Remote Rural Areas,8,6,903965,58.0068221,-4.1408812,
5153220,5153220P,Primary,Local Authority,Rosebank Primary School,Academy Street,Nairn,,IV12 4RB,Highland,S12000017,S01010555,130110857,Non-denominational,14.4,285,0 - <5%,5 - <10%,46,N,N,N,2,2,Other Urban Areas,Other Urban Areas,2,2,856393,57.5836581,-3.8727949,
5327229,5327229P,Primary,Local Authority,Rosebank Primary School,15 Alexander Street,Dundee,,DD3 7DL,Dundee City,S12000042,S01007715,9059106320,Non-denominational,17.4,295,>20%,60 - <65%,7,Y,N,Y,1,1,Large Urban Areas,Large Urban Areas,1,1,731130,56.468497,-2.9710301,
5528224,5528224P,Primary,Local Authority,Roseburn Primary School,64 Roseburn Street,Edinburgh,,EH12 5PL,City of Edinburgh,S12000036,S01008875,906214508,Non-denominational,9.6,262,>20%,0 - <5%,79,N,N,N,1,1,Large Urban Areas,Large Urban Areas,1,1,672969,55.9435459,-3.2365678,
5108721,5108721P,Primary,Local Authority,Rosehall Primary School,Altas,By Lairg,,IV27 4EU,Highland,S12000017,S01010757,130111580,Non-denominational,1.9,11,0%,0%,45,N,N,N,8,6,Very Remote Rural Areas,Remote Rural Areas,8,6,900391,57.9672985,-4.5430827,
5220823,5220823P,Primary,Local Authority,Rosehearty School,Pitsligo Street,Rosehearty,ABERDEENSHIRE,AB43 7JL,Aberdeenshire,S12000034,S01007110,151086443,Non-denominational,8.4,139,0%,*,36,N,N,N,6,5,Accessible Rural Areas,Accessible Rural Areas,6,5,867345,57.6958577,-2.1202546,
1005944,1005944S,Secondary,Local Authority,Rosehill High School,Wallyford Learning Campus,Masons Way,WALLYFORD,EH21 8BF,East Lothian,S12000010,S01008218,138070416,Non-denominational,32.9,315,*,5 - <10%,76,N,N,N,6,5,Accessible Rural Areas,Accessible Rural Areas,2,2,672333,55.939944,-3.0049928,
5330823,5330823P,Primary,Local Authority,Rosemount Primary School,Hospital Road,Hillside,MONTROSE,DD10 9JH,Angus,S12000041,S01007224,117098098,Non-denominational,10.1,181,*,0%,64,N,N,N,6,5,Accessible Rural Areas,Accessible Rural Areas,6,5,761361,56.7429476,-2.4806655,
5545420,5545420P,Primary,Local Authority,Rosewell Primary School,85 Carnethie Street,Rosewell,,EH24 9AN,Midlothian,S12000019,S01010932,120010539,Non-denominational,10.8,167,0 - <5%,*,31,N,N,N,6,5,Accessible Rural Areas,Accessible Rural Areas,6,5,662713,55.8523657,-3.1353047,
5545625,5545625P,Primary,Local Authority,Roslin Primary School,8 Pentland View Place,Roslin,MIDLOTHIAN,EH25 9ND,Midlothian,S12000019,S01010957,120006627,Non-denominational,14.2,279,5 - <10%,*,90,N,N,N,6,5,Accessible Rural Areas,Accessible Rural Areas,6,5,663211,55.8565053,-3.171082,
8304025,8304025P,Primary,Local Authority,Rosneath Primary School,Clachan Road,Rosneath,HELENSBURGH,G84 0RJ,Argyll and Bute,S12000035,S01007376,125043321,Non-denominational,5.7,83,*,*,27,N,N,N,7,6,Remote Rural Areas,Remote Rural Areas,7,6,683429,56.0118022,-4.8060083,
5556236,5556236S,Secondary,Local Authority,Ross High School,Well Wynd,Tranent,EAST LOTHIAN,EH33 2EQ,East Lothian,S12000010,S01008226,138019234,Non-denominational,96.8,1229,*,5 - <10%,17,N,Y,Y,2,2,Other Urban Areas,Other Urban Areas,2,2,672535,55.9421543,-2.954548,
8436339,8436339S,Secondary,Local Authority,Rosshall Academy,131 Crookston Road,,GLASGOW,G52 3PD,Glasgow City,S12000049,S01009820,906700381702,Non-denominational,100.3,1242,10 - <20%,50 - <55%,36,N,N,N,1,1,Large Urban Areas,Large Urban Areas,1,1,663518,55.84214,-4.3630363,
5408040,5408040SP,Special,Local Authority,Rosslyn School,Windmill Community Campus,Windmill Road,KIRKCALDY FIFE,KY1 3AL,Fife,S12000047,S01009531,320313394,Non-denominational,7.9,25,*,25 - <30%,11,Y,N,Y,2,2,Other Urban Areas,Other Urban Areas,2,2,693834,56.1320609,-3.1289034,
5202620,5202620P,Primary,Local Authority,Rothes Primary School,Green Street,Rothes,MORAY,AB38 7BD,Moray,S12000020,S01011053,133002339,Non-denominational,6.7,80,0%,0%,43,N,N,N,6,5,Accessible Rural Areas,Accessible Rural Areas,6,5,849463,57.5295678,-3.2021474,
8130434,8130434P,Primary,Local Authority,Rothesay Academy,Rothesay Joint Campus,Townhead,ROTHESAY,PA20 9JH,Argyll and Bute,S12000035,S01007348,125056195,Non-denominational,15.2,241,5 - <10%,40 - <45%,28,N,N,N,5,4,Very Remote Small Towns,Remote Small Towns,5,4,663361,55.8253855,-5.0588147,UPRN is a Parent UPRN in SAD 2024 Q1.
8130434,8130434S,Secondary,Local Authority,Rothesay Academy,Rothesay Joint Campus,Townhead,ROTHESAY,PA20 9JH,Argyll and Bute,S12000035,S01007348,125056195,Non-denominational,28.9,277,0 - <5%,30 - <35%,28,N,N,N,5,4,Very Remote Small Towns,Remote Small Towns,5,4,663361,55.8253855,-5.0588147,UPRN is a Parent UPRN in SAD 2024 Q1.
5208424,5208424P,Primary,Local Authority,Rothiemay Primary School,Rothiemay,Huntly,MORAY,AB54 7LT,Moray,S12000020,S01011059,133057558,Non-denominational,4.6,55,*,0%,58,N,N,N,7,6,Remote Rural Areas,Remote Rural Areas,7,6,848211,57.5217814,-2.7559617,
5219221,5219221P,Primary,Local Authority,Rothienorman School,Rothienorman,Inverurie,ABERDEENSHIRE,AB51 8YE,Aberdeenshire,S12000034,S01006996,151143529,Non-denominational,9.6,129,*,0%,74,N,N,N,6,5,Accessible Rural Areas,Accessible Rural Areas,6,5,835582,57.4097529,-2.4635026,
6002129,6002129P,Primary,Local Authority,Rousay Primary School,Rousay,Orkney,,KW17 2PR,Orkney Islands,S12000023,S01011830,134014513,Non-denominational,1.9,13,0%,0%,39,N,N,N,8,6,Very Remote Rural Areas,Remote Rural Areas,8,6,1030678,59.1591146,-2.9846797,
5502640,5502640SP,Special,Local Authority,Rowanfield Special School,67c Groathill Road North,Edinburgh,,EH4 2SA,City of Edinburgh,S12000036,S01008901,906404218,Non-denominational,11.6,41,*,45 - <50%,39,N,N,N,1,1,Large Urban Areas,Large Urban Areas,1,1,675096,55.9625651,-3.2457127,
5320224,5320224P,Primary,Local Authority,Rowantree Primary School,1 Birks Terrace,Dundee,,DD4 8EJ,Dundee City,S12000042,S01007800,9059095132,Non-denominational,23,299,0 - <5%,80 - <85%,3,Y,N,Y,1,1,Large Urban Areas,Large Urban Areas,1,1,732667,56.4825403,-2.9395458,
5571146,5571146SP,Special,Grant Aided,Royal Blind School,Canaan Lane,Edinburgh,,EH10 4SG,City of Edinburgh,S12000036,S01008628,906043083,Non-denominational,15.1,14,N/A,N/A,89,N,N,N,1,1,Large Urban Areas,Large Urban Areas,1,1,671292,55.928815,-3.202455,School Contacts List UPRN (906065587) is not in SAD 2024 Q1.  GISAT has assigned the UPRN for The Royal Blind School as it is in SAD 2024 Q1 (906043083).
5541727,5541727P,Primary,Local Authority,Royal Mile Primary School,86 Canongate,Edinburgh,,EH8 8BZ,City of Edinburgh,S12000036,S01008685,906043796,Non-denominational,13.2,135,>20%,10 - <15%,38,N,N,N,1,1,Large Urban Areas,Large Urban Areas,1,1,673828,55.9518436,-3.1773866,
5342929,5342929P,Primary,Local Authority,Royal School Of Dunkeld Primary School,Dunkeld,,,PH8 0AB,Perth and Kinross,S12000048,S01012007,124024412,Non-denominational,8.3,119,*,0%,71,N,N,N,6,5,Accessible Rural Areas,Accessible Rural Areas,6,5,742215,56.5617869,-3.5835406,
8419221,8419221P,Primary,Local Authority,Royston Primary School,102 Royston Road,,GLASGOW,G21 2NU,Glasgow City,S12000049,S01010232,906700206651,Non-denominational,10,108,>20%,*,20,N,Y,Y,1,1,Large Urban Areas,Large Urban Areas,1,1,666243,55.8691384,-4.2290072,
5135028,5135028P,Primary,Local Authority,Rum Primary School,Isle Of Rum,,,PH43 4RR,Highland,S12000017,S01010504,130111985,Non-denominational,0.9,5,0%,0%,58,N,N,N,8,6,Very Remote Rural Areas,Remote Rural Areas,8,6,799029,57.009438,-6.2688304,
8550948,8550948SP,Special,Local Authority,Rutherglen High School,Langlea Road,Cambuslang,,G72 8ES,South Lanarkshire,S12000029,S01012842,484153519,Non-denominational,28.6,119,10 - <20%,35 - <40%,76,N,N,N,1,1,Large Urban Areas,Large Urban Areas,1,1,659883,55.8128276,-4.1814273,
5348420,5348420P,Primary,Local Authority,Ruthvenfield Primary School,Ruthvenfield,Perth,,PH1 3JP,Perth and Kinross,S12000048,S01011873,124066777,Non-denominational,4.5,57,*,0%,64,N,N,N,6,5,Accessible Rural Areas,Accessible Rural Areas,6,5,725451,56.4122625,-3.4945611,
5545323,5545323P,Primary,Local Authority,Sacred Heart Primary School,Crockett Gardens,Penicuik,,EH26 9BB,Midlothian,S12000019,S01010939,120029741,Roman Catholic,9.1,127,10 - <20%,0%,66,N,N,N,2,2,Other Urban Areas,Other Urban Areas,2,2,660384,55.8305184,-3.230982,
8238324,8238324P,Primary,Local Authority,Sacred Heart Primary School,Henrietta Street,Girvan,,KA26 9AW,South Ayrshire,S12000028,S01012431,141055449,Roman Catholic,9.2,120,*,35 - <40%,45,N,N,N,4,4,Remote Small Towns,Remote Small Towns,4,4,597849,55.2413139,-4.8581176,
8419728,8419728P,Primary,Local Authority,Sacred Heart Primary School,31 Reid Street,Bridgeton,GLASGOW,G40 4AR,Glasgow City,S12000049,S01010045,906700214390,Roman Catholic,21,349,>20%,85 - <90%,3,Y,N,Y,1,1,Large Urban Areas,Large Urban Areas,1,1,663634,55.8457751,-4.2240552,
8510725,8510725P,Primary,Local Authority,Sacred Heart Primary School,Liberty Road,Orbiston,BELLSHILL,ML4 2EU,North Lanarkshire,S12000050,S01011514,118063226,Roman Catholic,15.8,220,10 - <20%,70 - <75%,15,Y,N,Y,1,1,Large Urban Areas,Large Urban Areas,1,1,659410,55.8112752,-4.0236769,
5743923,5743923P,Primary,Local Authority,Sacred Heart RC Primary School,Bowhouse Road,Grangemouth,,FK3 0EU,Falkirk,S12000014,S01009241,136050905,Roman Catholic,16.2,178,10 - <20%,25 - <30%,11,Y,N,Y,2,2,Other Urban Areas,Other Urban Areas,2,2,680638,56.0067132,-3.7161478,
8110026,8110026P,Primary,Local Authority,Salen Primary Gaelic Unit,Salen,Aros,ISLE OF MULL,PA72 6JL,Argyll and Bute,S12000035,S01007285,125066267,Non-denominational,3.2,32,0%,0%,57,N,N,N,8,6,Very Remote Rural Areas,Remote Rural Areas,8,6,743290,56.5189326,-5.9431938,
8108226,8108226P,Primary,Local Authority,Salen Primary School,Salen,Aros,ISLE OF MULL,PA72 6JL,Argyll and Bute,S12000035,S01007285,125066267,Non-denominational,2.5,32,*,0%,57,N,N,N,8,6,Very Remote Rural Areas,Remote Rural Areas,8,6,743290,56.5189326,-5.9431938,
5445124,5445124P,Primary,Local Authority,Saline Primary School,Oakley Road,Saline,DUNFERMLINE,KY12 9TG,Fife,S12000047,S01009274,320189362,Non-denominational,9,134,*,*,57,N,N,N,6,5,Accessible Rural Areas,Accessible Rural Areas,6,5,692385,56.1141756,-3.5731734,
5546443,5546443SP,Special,Local Authority,Saltersgate School,3 Cousland Road,Dalkeith,MIDLOTHIAN,EH22 2PS,Midlothian,S12000019,S01011006,120037128,Non-denominational,29.6,99,*,10 - <15%,38,N,N,N,2,2,Other Urban Areas,Other Urban Areas,2,2,668141,55.9019362,-3.045269,
5554926,5554926P,Primary,Local Authority,Saltoun Primary School,East Saltoun,Pencaitland,EAST LOTHIAN,EH34 5DY,East Lothian,S12000010,S01008247,138001915,Non-denominational,2.8,23,0%,0%,62,N,N,N,6,5,Accessible Rural Areas,Accessible Rural Areas,6,5,667968,55.9019386,-2.8422599,
8445028,8445028P,Primary,Local Authority,Sandaig Primary School,31 Burnmouth Road,,GLASGOW,G33 4SA,Glasgow City,S12000049,S01010130,906700365135,Non-denominational,20.2,192,10 - <20%,70 - <75%,8,Y,N,Y,1,1,Large Urban Areas,Large Urban Areas,1,1,664691,55.8568762,-4.1336599,
6003230,6003230P,Primary,Local Authority,Sanday Community School,Sanday,Orkney,,KW17 2AY,Orkney Islands,S12000023,S01011831,134010801,Non-denominational,3,29,0%,0%,36,N,N,N,8,6,Very Remote Rural Areas,Remote Rural Areas,8,6,1040653,59.2510998,-2.5871546,
6003230,6003230S,Secondary,Local Authority,Sanday Community School,Sanday,Orkney,,KW17 2AY,Orkney Islands,S12000023,S01011831,134010801,Non-denominational,5.7,25,*,0%,36,N,N,N,8,6,Very Remote Rural Areas,Remote Rural Areas,8,6,1040653,59.2510998,-2.5871546,
8110123,8110123P,Primary,Local Authority,Sandbank Primary Gaelic Unit,Sandbank,By Dunoon,ARGYLL,PA23 8PW,Argyll and Bute,S12000035,S01007355,125057435,Non-denominational,2.6,39,*,15 - <20%,38,N,N,N,5,4,Very Remote Small Towns,Remote Small Towns,8,6,679759,55.9756486,-4.9416854,
8108323,8108323P,Primary,Local Authority,Sandbank Primary School,Sandbank,By Dunoon,ARGYLL,PA23 8PW,Argyll and Bute,S12000035,S01007355,125057435,Non-denominational,4,64,*,*,38,N,N,N,5,4,Very Remote Small Towns,Remote Small Towns,8,6,679759,55.9756486,-4.9416854,
8525749,8525749SP,Special,Local Authority,Sanderson High School,High Common Road,St Leonards,EAST KILBRIDE,G74 2LP,South Lanarkshire,S12000029,S01012923,484159701,Non-denominational,33.4,118,*,10 - <15%,60,N,N,N,2,2,Other Urban Areas,Other Urban Areas,2,2,653854,55.7591884,-4.1504913,
5550220,5550220P,Primary,Local Authority,Sanderson's Wynd Primary School,Sanderson's Wynd,Tranent,EAST LOTHIAN,EH33 1DA,East Lothian,S12000010,S01008219,138055033,Non-denominational,22.1,322,0 - <5%,35 - <40%,38,N,N,N,2,2,Other Urban Areas,Other Urban Areas,2,2,673159,55.9478013,-2.9493385,
8523525,8523525P,Primary,Local Authority,Sandford Primary School,Stonehouse Road,Sandford,STRATHAVEN,ML10 6PD,South Lanarkshire,S12000029,S01012697,484057570,Non-denominational,4.3,64,*,0%,84,N,N,N,6,5,Accessible Rural Areas,Accessible Rural Areas,6,5,643042,55.6639641,-4.036478,
5219523,5219523P,Primary,Local Authority,Sandhaven School,High Street,Sandhaven,FRASERBURGH,AB43 7EQ,Aberdeenshire,S12000034,S01007109,151086433,Non-denominational,6.7,80,*,*,32,N,N,N,6,5,Accessible Rural Areas,Accessible Rural Areas,6,5,867476,57.6970749,-2.0651836,
5901928,5901928P,Primary,Local Authority,Sandhead School,Sandhead,Stranraer,,DG9 9JD,Dumfries and Galloway,S12000006,S01007500,137087675,Non-denominational,4.7,78,5 - <10%,0%,27,N,N,N,6,5,Accessible Rural Areas,Accessible Rural Areas,6,5,549639,54.8053887,-4.9634558,
6102328,6102328P,Primary,Local Authority,Sandness Primary School,Sandness,Shetland,,ZE2 9PL,Shetland Islands,S12000027,S01012409,30100004581,Non-denominational,1.9,15,0%,0%,55,N,N,N,8,6,Very Remote Rural Areas,Remote Rural Areas,8,6,1157230,60.2987542,-1.6478589,
6103839,6103839P,Primary,Local Authority,Sandwick Junior High School,Sandwick,Shetland,,ZE2 9HH,Shetland Islands,S12000027,S01012389,30100005633,Non-denominational,8,82,*,0%,68,N,N,N,8,6,Very Remote Rural Areas,Remote Rural Areas,8,6,1123791,59.9968065,-1.2426574,
6103839,6103839S,Secondary,Local Authority,Sandwick Junior High School,Sandwick,Shetland,,ZE2 9HH,Shetland Islands,S12000027,S01012389,30100005633,Non-denominational,14.6,82,*,0%,68,N,N,N,8,6,Very Remote Rural Areas,Remote Rural Areas,8,6,1123791,59.9968065,-1.2426574,
8428220,8428220P,Primary,Local Authority,Sandwood Primary School,120 Sandwood Road,,GLASGOW,G52 2QY,Glasgow City,S12000049,S01009832,906700214650,Non-denominational,30,316,10 - <20%,60 - <65%,44,N,N,N,1,1,Large Urban Areas,Large Urban Areas,1,1,664354,55.8496734,-4.362008,
5939631,5939631S,Secondary,Local Authority,Sanquhar Academy,Broomfield,Sanquhar,,DG4 6JN,Dumfries and Galloway,S12000006,S01007555,137076143,Non-denominational,23.8,218,*,50 - <55%,61,N,N,N,7,6,Remote Rural Areas,Remote Rural Areas,7,6,610391,55.3722274,-3.9313174,
5940427,5940427P,Primary,Local Authority,Sanquhar Primary School,Queensberry Court,Lovedale,SANQUHAR,DG4 6BD,Dumfries and Galloway,S12000006,S01007556,137006762,Non-denominational,12.6,166,0 - <5%,5 - <10%,32,N,N,N,7,6,Remote Rural Areas,Remote Rural Areas,7,6,609785,55.3668863,-3.9246506,
8428328,8428328P,Primary,Local Authority,Saracen Primary School,65 Stonyhurst Street,,GLASGOW,G22 5AX,Glasgow City,S12000049,S01010224,906700430721,Non-denominational,15.2,196,>20%,90 - <95%,1,Y,N,Y,1,1,Large Urban Areas,Large Urban Areas,1,1,667608,55.8810253,-4.2496388,
6103936,6103936P,Primary,Local Authority,Scalloway Primary School,Scalloway,Shetland,,ZE1 0TN,Shetland Islands,S12000027,S01012404,30100005210,Non-denominational,10.7,143,*,0%,59,N,N,N,8,6,Very Remote Rural Areas,Remote Rural Areas,8,6,1139768,60.1404379,-1.2724457,
5528526,5528526P,Primary,Local Authority,Sciennes Primary School,10 Sciennes Road,Edinburgh,,EH9 1LG,City of Edinburgh,S12000036,S01008613,906220469,Non-denominational,29.1,594,>20%,0 - <5%,95,N,N,N,1,1,Large Urban Areas,Large Urban Areas,1,1,672338,55.9383558,-3.1877831,
5120829,5120829P,Primary,Local Authority,Scoraig School,Scoraig,Dundonnell,GARVE,IV23 2RE,Highland,S12000017,S01010691,130064568,Non-denominational,1.3,6,0%,0%,59,N,N,N,8,6,Very Remote Rural Areas,Remote Rural Areas,8,6,896292,57.9114703,-5.3599737,
8428522,8428522P,Primary,Local Authority,Scotstoun Primary School,21 Duncan Avenue,,GLASGOW,G14 9HN,Glasgow City,S12000049,S01010431,906700036951,Non-denominational,22.2,433,>20%,40 - <45%,97,N,N,N,1,1,Large Urban Areas,Large Urban Areas,1,1,667585,55.879023,-4.3457716,
5234123,5234123P,Primary,Local Authority,Scotstown School,Scotstown Road,Bridge Of Don,ABERDEEN,AB22 8HH,Aberdeen City,S12000033,S01006779,9051100716,Non-denominational,11.8,176,10 - <20%,*,41,N,N,N,1,1,Large Urban Areas,Large Urban Areas,1,1,810120,57.1818517,-2.1014551,
5108829,5108829P,Primary,Local Authority,Scourie Primary School,Scourie,By Lairg,,IV27 4TG,Highland,S12000017,S01010814,130060341,Non-denominational,2.8,22,0%,0%,44,N,N,N,8,6,Very Remote Rural Areas,Remote Rural Areas,8,6,943956,58.345001,-5.1598076,
5201020,5201020P,Primary,Local Authority,Seafield Primary School,Deanshaugh Terrace,Bishopmill,ELGIN,IV30 4ES,Moray,S12000020,S01011123,133039111,Non-denominational,22.6,358,0 - <5%,5 - <10%,56,N,N,N,2,2,Other Urban Areas,Other Urban Areas,2,2,863890,57.6580718,-3.3123596,
5507820,5507820P,Primary,Local Authority,Seafield Primary School,Cousland Terrace,Seafield,BATHGATE,EH47 7BL,West Lothian,S12000040,S01013354,200004089640,Non-denominational,8.6,95,*,5 - <10%,75,N,N,N,6,5,Accessible Rural Areas,Accessible Rural Areas,6,5,666197,55.8786559,-3.5885543,
5241529,5241529P,Primary,Local Authority,Seaton School,Seaton Place East,Aberdeen,,AB24 1XE,Aberdeen City,S12000033,S01006674,9051089139,Non-denominational,13.5,202,>20%,40 - <45%,15,Y,N,Y,1,1,Large Urban Areas,Large Urban Areas,1,1,808802,57.1700118,-2.0927427,
5320623,5320623P,Primary,Local Authority,Seaview Primary School,Victoria Street,Monifieth,ANGUS,DD5 4HL,Angus,S12000041,S01007150,117080029,Non-denominational,24.7,388,5 - <10%,*,95,N,N,N,1,1,Large Urban Areas,Large Urban Areas,1,1,732603,56.482786,-2.824048,
8338744,8338744SP,Special,Local Authority,Secondary Wellbeing,15 Donaldson Street,Kirkintilloch,GLASGOW,G66 1XD,East Dunbartonshire,S12000045,S01008131,132037058,Non-denominational,0,0,0,0,19,N,Y,Y,2,2,Other Urban Areas,Other Urban Areas,2,2,673453,55.9352699,-4.15382,"Pupil roll, FTE teachers, proportion of pupils minority ethnic, and proportion of puplis 20% most deprived is recorded as zero as this school is not included in the School Level Summary Statistics."
5619831,5619831S,Secondary,Local Authority,Selkirk High School,Hillside Terrace,Selkirk,,TD7 4EW,Scottish Borders,S12000026,S01012382,116012918,Non-denominational,36.6,423,0 - <5%,10 - <15%,79,N,N,N,3,3,Accessible Small Towns,Accessible Small Towns,3,3,628694,55.5491054,-2.8339029,
6232434,6232434P,Primary,Local Authority,Sgoil an Rubha,Bayble,Point,ISLE OF LEWIS,HS2 0PX,Na h-Eileanan an Iar,S12000013,S01009047,139023566,Non-denominational,10.1,128,0%,0%,54,N,N,N,8,6,Very Remote Rural Areas,Remote Rural Areas,8,6,932888,58.2145187,-6.230125,
1000322,1000322P,Primary,Local Authority,Sgoil an Taobh Siar,Barvas,Isle of Lewis,,HS2 0RA,Na h-Eileanan an Iar,S12000013,S01009031,139020357,Non-denominational,7.1,78,*,0%,44,N,N,N,8,6,Very Remote Rural Areas,Remote Rural Areas,8,6,948513,58.345319,-6.5136901,
6200427,6200427P,Primary,Local Authority,Sgoil Bhaile a Mhanaich,Balivanich,Isle of Benbecula,,HS7 5LS,Na h-Eileanan an Iar,S12000013,S01009020,139019727,Non-denominational,10.5,118,0 - <5%,0%,51,N,N,N,8,6,Very Remote Rural Areas,Remote Rural Areas,8,6,855442,57.4736059,-7.3932725,
6233430,6233430S,Secondary,Local Authority,Sgoil Lionacleit,Liniclate,Benbecula,,HS7 5PJ,Na h-Eileanan an Iar,S12000013,S01009019,139014191,Non-denominational,30,263,*,0%,52,N,N,N,8,6,Very Remote Rural Areas,Remote Rural Areas,8,6,849898,57.424934,-7.3647543,
8225524,8225524P,Primary,Local Authority,Sgoil na Coille Nuaidh,William McIlvanney Campus,Sutherland Drive,KILMARNOCK,KA3 7DF,East Ayrshire,S12000008,S01007985,127073026,Non-denominational,2.2,35,*,30 - <35%,23,N,Y,Y,2,2,Other Urban Areas,Other Urban Areas,2,2,638431,55.614494,-4.4732176,
1003569,1003569P,Primary,Local Authority,Sgoil Uibhist a Tuath,Bayhead,Isle of North Uist,,HS6 5DX,Na h-Eileanan an Iar,S12000013,S01009021,139026701,Non-denominational,7.3,66,*,0%,46,N,N,N,8,6,Very Remote Rural Areas,Remote Rural Areas,8,6,868040,57.5848103,-7.443739,
6232930,6232930P,Primary,Local Authority,Sgoil-nan-Loch,Leurbost,Lewis,,HS2 9NS,Na h-Eileanan an Iar,S12000013,S01009026,139014192,Non-denominational,9.5,113,*,0%,49,N,N,N,8,6,Very Remote Rural Areas,Remote Rural Areas,8,6,927635,58.1582313,-6.4942777,
6003621,6003621P,Primary,Local Authority,Shapinsay Community School,Shapinsay,Orkney,,KW17 2DY,Orkney Islands,S12000023,S01011830,134010734,Non-denominational,2.5,16,*,0%,39,N,N,N,8,6,Very Remote Rural Areas,Remote Rural Areas,8,6,1016776,59.0348316,-2.9065811,
6233031,6233031P,Primary,Local Authority,Shawbost School,Shawbost,Lewis,,HS2 9BQ,Na h-Eileanan an Iar,S12000013,S01009029,139014198,Non-denominational,5.2,39,0%,0%,44,N,N,N,8,6,Very Remote Rural Areas,Remote Rural Areas,8,6,946461,58.3206206,-6.6869382,
8504024,8504024P,Primary,Local Authority,Shawhead Primary School,Neidpath Avenue,Shawhead,COATBRIDGE,ML5 4NG,North Lanarkshire,S12000050,S01011605,118119701,Non-denominational,6.8,64,*,50 - <55%,37,N,N,N,2,2,Other Urban Areas,Other Urban Areas,2,2,663188,55.8453433,-4.0166297,
5930421,5930421P,Primary,Local Authority,Shawhead School,Shawhead,Dumfries,,DG2 9SL,Dumfries and Galloway,S12000006,S01007571,137074170,Non-denominational,3.5,17,0%,*,55,N,N,N,6,5,Accessible Rural Areas,Accessible Rural Areas,6,5,575845,55.0642107,-3.7690468,
8436932,8436932S,Secondary,Local Authority,Shawlands Academy,31 Moss-side Road,,GLASGOW,G41 3TR,Glasgow City,S12000049,S01009919,906700275763,Non-denominational,110,1462,>20%,20 - <25%,37,N,N,N,1,1,Large Urban Areas,Large Urban Areas,1,1,662115,55.8310309,-4.2836373,
8428824,8428824P,Primary,Local Authority,Shawlands Primary School,1284 Pollokshaws Road,,GLASGOW,G41 3QP,Glasgow City,S12000049,S01009919,906700292386,Non-denominational,24.2,419,>20%,5 - <10%,37,N,N,N,1,1,Large Urban Areas,Large Urban Areas,1,1,661936,55.8293889,-4.2854253,
5902525,5902525P,Primary,Local Authority,Sheuchan School,Leswalt High Road,Stranraer,,DG9 0AL,Dumfries and Galloway,S12000006,S01007484,137005171,Non-denominational,9.4,171,*,25 - <30%,14,Y,N,Y,2,2,Other Urban Areas,Other Urban Areas,2,2,561161,54.9071357,-5.0378371,
5117828,5117828P,Primary,Local Authority,Shieldaig Primary School,Shieldaig,Strathcarron,,IV54 8XN,Highland,S12000017,S01010688,130111557,Non-denominational,2.8,24,0%,0%,58,N,N,N,8,6,Very Remote Rural Areas,Remote Rural Areas,8,6,854373,57.5266373,-5.6488249,
5744725,5744725P,Primary,Local Authority,Shieldhill Primary School,Main Street,Shieldhill,FALKIRK,FK1 2HA,Falkirk,S12000014,S01009181,136002027,Non-denominational,13.9,178,5 - <10%,0 - <5%,34,N,N,N,6,5,Accessible Rural Areas,Accessible Rural Areas,6,5,676686,55.9704329,-3.7703196,
8200629,8200629P,Primary,Local Authority,Shiskine Primary School,Shiskine,Brodick,ISLE OF ARRAN,KA27 8EP,North Ayrshire,S12000021,S01011171,126057771,Non-denominational,2.2,20,0%,0%,64,N,N,N,8,6,Very Remote Rural Areas,Remote Rural Areas,8,6,629584,55.5151875,-5.3105786,
8222924,8222924P,Primary,Local Authority,Shortlees Primary School,Blacksyke Avenue,Kilmarnock,,KA1 4SR,East Ayrshire,S12000008,S01007963,127062968,Non-denominational,20.6,354,0 - <5%,90 - <95%,1,Y,N,Y,2,2,Other Urban Areas,Other Urban Areas,2,2,635077,55.5838817,-4.4961725,
5329221,5329221P,Primary,Local Authority,Sidlaw View Primary School,67 Harestane Road,Dundee,,DD3 0LF,Dundee City,S12000042,S01007815,9059105067,Non-denominational,15,214,0 - <5%,70 - <75%,73,N,N,N,1,1,Large Urban Areas,Large Urban Areas,1,1,734129,56.4952819,-2.9908742,
5528623,5528623P,Primary,Local Authority,Sighthill Primary School,1 Calder Park,Edinburgh,,EH11 4NF,City of Edinburgh,S12000036,S01008456,906040213,Non-denominational,14,234,>20%,85 - <90%,5,Y,N,Y,1,1,Large Urban Areas,Large Urban Areas,1,1,670397,55.9198532,-3.2931463,
5502420,5502420P,Primary,Local Authority,Simpson Primary School,Leyland Road,Wester Inch,BATHGATE,EH48 2TH,West Lothian,S12000040,S01013402,135019656,Non-denominational,33.4,627,5 - <10%,*,90,N,N,N,2,2,Other Urban Areas,Other Urban Areas,2,2,667228,55.8873107,-3.6351161,
1006096,1006096S,Secondary,Local Authority,Sinclair Academy,2 Linlithgow Road,,WINCHBURGH,EH52 6FY,West Lothian,S12000040,S01013455,135051864,Roman Catholic,6.8,79,>20%,*,77,N,N,N,3,3,Accessible Small Towns,Accessible Small Towns,6,5,675380,55.9625522,-3.4780362,
5404126,5404126P,Primary,Local Authority,Sinclairtown Primary School,Roomlin Gardens,Kirkcaldy,,KY1 3BJ,Fife,S12000047,S01009529,320181760,Non-denominational,20.6,318,0 - <5%,55 - <60%,73,N,N,N,2,2,Other Urban Areas,Other Urban Areas,2,2,693284,56.1270814,-3.1324147,
6204139,6204139P,Primary,Local Authority,Sir E Scott School,Tarbert,Isle of Harris,WESTERN ISLES,HS3 3BG,Na h-Eileanan an Iar,S12000013,S01009024,139023574,Non-denominational,7.9,93,*,0%,54,N,N,N,8,6,Very Remote Rural Areas,Remote Rural Areas,8,6,900199,57.8998374,-6.8113891,
6204139,6204139S,Secondary,Local Authority,Sir E Scott School,Tarbert,Isle of Harris,WESTERN ISLES,HS3 3BG,Na h-Eileanan an Iar,S12000013,S01009024,139023574,Non-denominational,16.9,100,0%,0%,54,N,N,N,8,6,Very Remote Rural Areas,Remote Rural Areas,8,6,900199,57.8998374,-6.8113891,
6102425,6102425P,Primary,Local Authority,Skeld Primary School,Westerskeld,Shetland,,ZE2 9NL,Shetland Islands,S12000027,S01012408,30100006900,Non-denominational,1.7,7,0%,0%,67,N,N,N,8,6,Very Remote Rural Areas,Remote Rural Areas,8,6,1144527,60.1839972,-1.4436139,
8213925,8213925P,Primary,Local Authority,Skelmorlie Primary School,Innes Park Road,,SKELMORLIE,PA17 5BA,North Ayrshire,S12000021,S01011336,126059795,Non-denominational,6.8,81,*,*,48,N,N,N,6,5,Accessible Rural Areas,Accessible Rural Areas,6,5,668096,55.8722198,-4.8821011,
5229529,5229529P,Primary,Local Authority,Skene School,Skene,Aberdeenshire,,AB32 6YJ,Aberdeenshire,S12000034,S01006931,151109319,Non-denominational,4.4,47,*,0%,79,N,N,N,6,5,Accessible Rural Areas,Accessible Rural Areas,6,5,807875,57.1612557,-2.3411236,
5241421,5241421P,Primary,Local Authority,Skene Square School,61 Skene Square,Aberdeen,,AB25 2UN,Aberdeen City,S12000033,S01006656,9051068881,Non-denominational,22.4,431,>20%,10 - <15%,49,N,N,N,1,1,Large Urban Areas,Large Urban Areas,1,1,806760,57.1516617,-2.1102443,
5229626,5229626P,Primary,Local Authority,Slains School,Collieston,Ellon,ABERDEENSHIRE,AB41 8SA,Aberdeenshire,S12000034,S01006975,151112960,Non-denominational,3.8,24,0%,0%,73,N,N,N,6,5,Accessible Rural Areas,Accessible Rural Areas,6,5,830604,57.3658773,-1.9419025,
5744822,5744822P,Primary,Local Authority,Slamannan Primary School,Bank Street,Slamannan,FALKIRK,FK1 3EZ,Falkirk,S12000014,S01009184,136001657,Non-denominational,10.8,129,*,45 - <50%,16,N,Y,Y,6,5,Accessible Rural Areas,Accessible Rural Areas,6,5,672997,55.9362939,-3.8377965,
8108528,8108528P,Primary,Local Authority,Small Isles Primary School,Craighouse,Isle of Jura,ARGYLL,PA60 7XG,Argyll and Bute,S12000035,S01007324,125061932,Non-denominational,2.6,20,0%,0%,55,N,N,N,8,6,Very Remote Rural Areas,Remote Rural Areas,8,6,668387,55.845262,-5.9466731,
5141621,5141621P,Primary,Local Authority,Smithton Primary School,Smithton,Inverness,,IV2 7PD,Highland,S12000017,S01010577,130110139,Non-denominational,19.3,371,5 - <10%,0 - <5%,22,N,Y,Y,2,2,Other Urban Areas,Other Urban Areas,2,2,845279,57.4794011,-4.1488677,
8437130,8437130S,Secondary,Local Authority,Smithycroft Secondary School,282 Smithycroft Road,,GLASGOW,G33 2QU,Glasgow City,S12000049,S01010174,906700107335,Non-denominational,67.7,881,10 - <20%,65 - <70%,32,N,N,N,1,1,Large Urban Areas,Large Urban Areas,1,1,666387,55.8712399,-4.1837117,
8242925,8242925P,Primary,Local Authority,Sorn Primary School,14 Main Street,Sorn,,KA5 6HU,East Ayrshire,S12000008,S01007904,127037930,Non-denominational,4,26,*,20 - <25%,57,N,N,N,6,5,Accessible Rural Areas,Accessible Rural Areas,6,5,626476,55.5105701,-4.2917886,
6104320,6104320P,Primary,Local Authority,Sound Primary School,Lerwick,Shetland,,ZE1 0LY,Shetland Islands,S12000027,S01012393,30100006282,Non-denominational,20.1,234,0 - <5%,0%,69,N,N,N,5,4,Very Remote Small Towns,Remote Small Towns,5,4,1140300,60.144622,-1.1715569,
1006045,1006045S,Secondary,Local Authority,South Ayrshire Council Virtual School,County Buildings,Wellington Square,AYR,KA7 1DR,South Ayrshire,S12000028,S01012482,141011862,Non-denominational,0,0,0,0,40,N,N,N,2,2,Other Urban Areas,Other Urban Areas,2,2,621774,55.4613044,-4.6392904,"Pupil roll, FTE teachers, proportion of pupils minority ethnic, and proportion of puplis 20% most deprived is recorded as zero as this school is not included in the School Level Summary Statistics."
5115620,5115620P,Primary,Local Authority,South Lodge Primary School,Castle Road,Invergordon,ROSS-SHIRE,IV18 0LW,Highland,S12000017,S01010741,130113867,Non-denominational,9.9,149,*,60 - <65%,54,N,N,N,4,4,Remote Small Towns,Remote Small Towns,4,4,869113,57.6931002,-4.1752703,
5528925,5528925P,Primary,Local Authority,South Morningside Primary School,116 Comiston Road,Edinburgh,,EH10 5QN,City of Edinburgh,S12000036,S01008519,906475936,Non-denominational,23.4,576,10 - <20%,*,99,N,N,N,1,1,Large Urban Areas,Large Urban Areas,1,1,670471,55.9213432,-3.2120969,
8532621,8532621P,Primary,Local Authority,South Park Primary School,Netherton Road,East Kilbride,,G75 9DU,South Lanarkshire,S12000029,S01012982,484178190,Non-denominational,10.9,178,0 - <5%,*,48,N,N,N,2,2,Other Urban Areas,Other Urban Areas,2,2,652950,55.7502411,-4.1969262,
5402425,5402425P,Primary,Local Authority,South Parks Primary School,Napier Road,Glenrothes,,KY6 1DS,Fife,S12000047,S01009564,320180101,Non-denominational,14.2,203,5 - <10%,10 - <15%,63,N,N,N,2,2,Other Urban Areas,Other Urban Areas,2,2,701223,56.1979098,-3.1860751,
8237646,8237646SP,Special,Local Authority,Southcraig Campus,Belmont Avenue,Ayr,,KA7 2ND,South Ayrshire,S12000028,S01012468,141021333,Non-denominational,24,95,5 - <10%,25 - <30%,58,N,N,N,2,2,Other Urban Areas,Other Urban Areas,2,2,620391,55.4491951,-4.6243422,
1003437,1003437P,Primary,Local Authority,Southdale Primary School,Southdale Way,,ARMADALE,EH48 3PR,West Lothian,S12000040,S01013380,135045969,Non-denominational,17.6,299,5 - <10%,0 - <5%,66,N,N,N,2,2,Other Urban Areas,Other Urban Areas,2,2,667191,55.8862586,-3.6888489,
5305926,5305926P,Primary,Local Authority,Southesk Primary School,Hill Place,Montrose,,DD10 8BP,Angus,S12000041,S01007208,117083068,Non-denominational,13.2,212,*,0%,28,N,N,N,2,2,Other Urban Areas,Other Urban Areas,2,2,757417,56.7075581,-2.4694834,
5304725,5304725P,Primary,Local Authority,Southmuir Primary School,Prosen Road,Kirriemuir,,DD8 5AT,Angus,S12000041,S01007272,117096163,Non-denominational,13,159,*,30 - <35%,20,N,Y,Y,3,3,Accessible Small Towns,Accessible Small Towns,3,3,753662,56.6706452,-3.0060358,
5402522,5402522P,Primary,Local Authority,Southwood Primary School,Marchmont Crescent,Glenrothes,,KY6 1JU,Fife,S12000047,S01009559,320180122,Non-denominational,16.8,222,*,90 - <95%,10,Y,N,Y,2,2,Other Urban Areas,Other Urban Areas,2,2,701460,56.1999019,-3.2003202,
5134420,5134420P,Primary,Local Authority,Spean Bridge Primary School,Spean Bridge,,,PH34 4EU,Highland,S12000017,S01010529,130110652,Non-denominational,5.4,87,*,0%,72,N,N,N,6,5,Accessible Rural Areas,Accessible Rural Areas,6,5,781925,56.8946715,-4.9118931,
5208939,5208939S,Secondary,Local Authority,Speyside High School,Mary Avenue,Aberlour,MORAY,AB38 9QU,Moray,S12000020,S01011052,133002296,Non-denominational,36.5,395,0 - <5%,0%,75,N,N,N,6,5,Accessible Rural Areas,Accessible Rural Areas,6,5,842938,57.4707948,-3.2190558,
8457727,8457727P,Primary,Local Authority,Spittal Primary School,Lochlea Road,Spittal,RUTHERGLEN,G73 4QJ,South Lanarkshire,S12000029,S01012877,484175163,Non-denominational,10.1,143,10 - <20%,65 - <70%,25,N,Y,Y,1,1,Large Urban Areas,Large Urban Areas,1,1,660198,55.8149499,-4.221003,
8431639,8431639S,Secondary,Local Authority,Springburn Academy,151 Edgefauld Road,,GLASGOW,G21 4JL,Glasgow City,S12000049,S01010212,906700381034,Non-denominational,70.8,848,>20%,85 - <90%,2,Y,N,Y,1,1,Large Urban Areas,Large Urban Areas,1,1,668106,55.8859024,-4.2275821,
5425425,5425425P,Primary,Local Authority,Springfield Primary School,Main Street,Springfield,CUPAR,KY15 5RZ,Fife,S12000047,S01009685,320175875,Non-denominational,4,49,*,*,34,N,N,N,6,5,Accessible Rural Areas,Accessible Rural Areas,6,5,711978,56.2956365,-3.0658955,
5512026,5512026P,Primary,Local Authority,Springfield Primary School,141 Springfield Road,Linlithgow,WEST LOTHIAN,EH49 7SN,West Lothian,S12000040,S01013449,200004080165,Non-denominational,19.8,329,5 - <10%,*,99,N,N,N,2,2,Other Urban Areas,Other Urban Areas,2,2,677538,55.9806797,-3.5797378,
5947227,5947227P,Primary,Local Authority,Springfield Primary School,Springfield,Gretna,,DG16 5HS,Dumfries and Galloway,S12000006,S01007676,137036160,Non-denominational,2.8,31,*,0%,71,N,N,N,6,5,Accessible Rural Areas,Accessible Rural Areas,6,5,568510,55.0065457,-3.0585448,
5917824,5917824P,Primary,Local Authority,Springholm School,Reoch Park,Springholm,CASTLE DOUGLAS,DG7 3LJ,Dumfries and Galloway,S12000006,S01007548,137025554,Non-denominational,3.8,63,0%,0%,47,N,N,N,6,5,Accessible Rural Areas,Accessible Rural Areas,6,5,569940,55.0096484,-3.8690378,
8214026,8214026P,Primary,Local Authority,Springside Primary School,Station Road,Springside,IRVINE,KA11 3AZ,North Ayrshire,S12000021,S01011180,126061765,Non-denominational,10.4,102,0%,45 - <50%,9,Y,N,Y,6,5,Accessible Rural Areas,Accessible Rural Areas,6,5,638807,55.6153964,-4.5929574,
5632226,5632226P,Primary,Local Authority,Sprouston Primary School,Sprouston,Kelso,ROXBURGHSHIRE,TD5 8HP,Scottish Borders,S12000026,S01012333,116052477,Non-denominational,1.8,13,0%,0%,67,N,N,N,7,6,Remote Rural Areas,Remote Rural Areas,7,6,635167,55.6094824,-2.3905218,
5405424,5405424P,Primary,Local Authority,St Agatha's R C Primary,Windygates Road,Leven,,KY8 5BL,Fife,S12000047,S01009648,320180757,Roman Catholic,15,242,0 - <5%,30 - <35%,36,N,N,N,2,2,Other Urban Areas,Other Urban Areas,2,2,701465,56.2016523,-3.0094687,
8517436,8517436S,Secondary,Local Authority,St Aidan's High School,Waverley Drive,Wishaw,,ML2 7EW,North Lanarkshire,S12000050,S01011406,118092735,Roman Catholic,63.4,915,5 - <10%,35 - <40%,39,N,N,N,1,1,Large Urban Areas,Large Urban Areas,1,1,655743,55.7800205,-3.9176551,
8515824,8515824P,Primary,Local Authority,St Aidan's Primary School,Coltness Road,Wishaw,,ML2 7EY,North Lanarkshire,S12000050,S01011410,118044436,Roman Catholic,22.6,272,0 - <5%,15 - <20%,30,N,N,N,1,1,Large Urban Areas,Large Urban Areas,1,1,656481,55.7867261,-3.9129449,
8419922,8419922P,Primary,Local Authority,St Albert's Primary School,36 Maxwell Drive,,GLASGOW,G41 5DU,Glasgow City,S12000049,S01009871,906700190750,Roman Catholic,25.4,282,>20%,30 - <35%,15,Y,N,Y,1,1,Large Urban Areas,Large Urban Areas,1,1,663790,55.8460777,-4.2840245,
8511624,8511624P,Primary,Local Authority,St Aloysius' Primary School,1 Honeywell Crescent,Chapelhall,AIRDRIE,ML6 8XW,North Lanarkshire,S12000050,S01011621,118181184,Roman Catholic,16,251,5 - <10%,20 - <25%,49,N,N,N,2,2,Other Urban Areas,Other Urban Areas,2,2,662663,55.8417311,-3.948036,
8506736,8506736S,Secondary,Local Authority,St Ambrose High School,65 Townhead Road,Coatbridge,,ML5 2HT,North Lanarkshire,S12000050,S01011695,118184291,Roman Catholic,99.9,1464,5 - <10%,25 - <30%,64,N,N,N,2,2,Other Urban Areas,Other Urban Areas,6,5,665832,55.8685033,-4.053223,
8629439,8629439S,Secondary,Local Authority,St Andrew's Academy,Barrhead Road,,PAISLEY,PA2 7LG,Renfrewshire,S12000038,S01012117,123037813,Roman Catholic,103.8,1480,10 - <20%,40 - <45%,83,N,N,N,1,1,Large Urban Areas,Large Urban Areas,1,1,662317,55.8307875,-4.3921201,
8520038,8520038S,Secondary,Local Authority,St Andrew's and St Bride's High School,Platthorn Drive,East Kilbride,,G74 1NL,South Lanarkshire,S12000029,S01012928,484155365,Roman Catholic,120.3,1694,10 - <20%,0 - <5%,65,N,N,N,2,2,Other Urban Areas,Other Urban Areas,2,2,654207,55.7620773,-4.1666219,
5524121,5524121P,Primary,Local Authority,St Andrew's Fox Covert RC Primary School,Clerwood Terrace,Edinburgh,,EH12 8PG,City of Edinburgh,S12000036,S01008969,906292498,Roman Catholic,9.3,171,>20%,15 - <20%,72,N,N,N,1,1,Large Urban Areas,Large Urban Areas,1,1,673997,55.9523409,-3.2797519,
8500037,8500037S,Secondary,Local Authority,St Andrew's High School,9 Old Monkland Road,Coatbridge,,ML5 5EA,North Lanarkshire,S12000050,S01011567,118169817,Roman Catholic,92.6,1292,0 - <5%,40 - <45%,19,N,Y,Y,2,2,Other Urban Areas,Other Urban Areas,2,2,663444,55.8473919,-4.0319273,
5216729,5216729P,Primary,Local Authority,St Andrew's Primary School,113 Charlotte Street,Fraserburgh,ABERDEENSHIRE,AB43 9LS,Aberdeenshire,S12000034,S01007122,151146441,Non-denominational,17.2,315,*,35 - <40%,42,N,N,N,2,2,Other Urban Areas,Other Urban Areas,2,2,866784,57.6908784,-2.0115559,
5544726,5544726P,Primary,Local Authority,St Andrew's Primary School,Gowkshill,Gorebridge,,EH23 4DA,Midlothian,S12000019,S01011019,120035896,Roman Catholic,12,144,5 - <10%,10 - <15%,59,N,N,N,6,5,Accessible Rural Areas,Accessible Rural Areas,6,5,662847,55.8543142,-3.0514972,
6003729,6003729P,Primary,Local Authority,St Andrew's Primary School,Toab,Orkney,,KW17 2QG,Orkney Islands,S12000023,S01011814,134014527,Non-denominational,9.9,162,*,0%,67,N,N,N,8,6,Very Remote Rural Areas,Remote Rural Areas,8,6,1004220,58.9225376,-2.8366487,
8130329,8130329P,Primary,Local Authority,St Andrew's Primary School,Gowanfield Terrace,Rothesay,ISLE OF BUTE,PA20 0DX,Argyll and Bute,S12000035,S01007347,125041398,Roman Catholic,6.1,77,*,50 - <55%,15,Y,N,Y,5,4,Very Remote Small Towns,Remote Small Towns,5,4,664440,55.8350329,-5.0609146,
8220026,8220026P,Primary,Local Authority,St Andrew's Primary School,c/o St Joseph's Campus,Grassyards Road,KILMARNOCK,KA3 7SL,East Ayrshire,S12000008,S01007984,127067105,Roman Catholic,20.4,344,10 - <20%,25 - <30%,48,N,N,N,2,2,Other Urban Areas,Other Urban Areas,2,2,638691,55.6166583,-4.4820362,
8641820,8641820P,Primary,Local Authority,St Andrew's Primary School,Chester Road,Greenock,,PA16 0TT,Inverclyde,S12000018,S01010848,119044076,Roman Catholic,14.8,188,*,65 - <70%,10,Y,N,Y,2,2,Other Urban Areas,Other Urban Areas,2,2,675963,55.9445236,-4.8137982,
8501025,8501025P,Primary,Local Authority,St Andrew's Primary School (Airdrie),Laggan Road,Airdrie,,ML6 0LL,North Lanarkshire,S12000050,S01011658,118134755,Roman Catholic,9.3,156,5 - <10%,65 - <70%,15,Y,N,Y,2,2,Other Urban Areas,Other Urban Areas,2,2,666184,55.8726779,-3.9914814,
8300429,8300429P,Primary,Local Authority,St Andrew's Primary School (Cumbernauld),Eastfield Road,Cumbernauld,,G68 0EB,North Lanarkshire,S12000050,S01011775,118183015,Roman Catholic,10.1,183,5 - <10%,*,93,N,N,N,2,2,Other Urban Areas,Other Urban Areas,2,2,676010,55.9607358,-4.0065788,
5407230,5407230S,Secondary,Local Authority,St Andrew's R C High School,Overton Road,Kirkcaldy,,KY1 3JL,Fife,S12000047,S01009532,320181813,Roman Catholic,68.1,867,10 - <20%,30 - <35%,16,N,Y,Y,2,2,Other Urban Areas,Other Urban Areas,2,2,693926,56.1327013,-3.1484926,
5321123,5321123P,Primary,Local Authority,St Andrew's RC Primary School,45 St Leonard Place,Dundee,,DD3 9HD,Dundee City,S12000042,S01007819,9059095128,Roman Catholic,22.9,461,5 - <10%,30 - <35%,55,N,N,N,1,1,Large Urban Areas,Large Urban Areas,1,1,733840,56.4925719,-3.0043058,
5743028,5743028P,Primary,Local Authority,St Andrew's RC Primary School,Hawley Road,Falkirk,,FK1 1SH,Falkirk,S12000014,S01009149,136028053,Roman Catholic,18.6,321,10 - <20%,15 - <20%,47,N,N,N,2,2,Other Urban Areas,Other Urban Areas,2,2,679803,55.9985124,-3.7655267,
5941121,5941121P,Primary,Local Authority,St Andrew's RC School,Craigs Road,Dumfries,,DG1 4EX,Dumfries and Galloway,S12000006,S01007600,137103698,Roman Catholic,10,195,10 - <20%,5 - <10%,51,N,N,N,2,2,Other Urban Areas,Other Urban Areas,2,2,575396,55.0625179,-3.5997489,
5232147,5232147SP,Special,Local Authority,St Andrew's School,"Inverurie Community Campus, Jackson Street",Inverurie,ABERDEENSHIRE,AB51 3AD,Aberdeenshire,S12000034,S01006907,151179739,Non-denominational,15.9,61,*,0%,58,N,N,N,2,2,Other Urban Areas,Other Urban Areas,2,2,821321,57.2819389,-2.3769552,
8437238,8437238S,Secondary,Local Authority,St Andrew's Secondary School,47 Torphin Crescent,,GLASGOW,G32 6QE,Glasgow City,S12000049,S01010159,906700226691,Roman Catholic,125.6,1899,10 - <20%,70 - <75%,11,Y,N,Y,1,1,Large Urban Areas,Large Urban Areas,1,1,665201,55.8608409,-4.1690334,
8448825,8448825P,Primary,Local Authority,St Angela's Primary School & Nursery Class,227 Glen Moriston Road,,GLASGOW,G53 7HT,Glasgow City,S12000049,S01009765,906700264118,Roman Catholic,20.2,367,>20%,15 - <20%,35,N,N,N,1,1,Large Urban Areas,Large Urban Areas,1,1,659432,55.80587,-4.3393263,
8420424,8420424P,Primary,Local Authority,St Anne's Primary School,35 David Street,,GLASGOW,G40 2UN,Glasgow City,S12000049,S01010055,906700159165,Roman Catholic,22.6,335,>20%,75 - <80%,2,Y,N,Y,1,1,Large Urban Areas,Large Urban Areas,1,1,664449,55.8532425,-4.2161418,
8633525,8633525P,Primary,Local Authority,St Anne's Primary School,Park Drive,,ERSKINE,PA8 7AE,Renfrewshire,S12000038,S01012196,123011174,Roman Catholic,10.3,137,5 - <10%,*,78,N,N,N,2,2,Other Urban Areas,Other Urban Areas,2,2,669872,55.8977179,-4.4416079,
5504821,5504821P,Primary,Local Authority,St Anthony's Primary School,South Street,Armadale,WEST LOTHIAN,EH48 3EU,West Lothian,S12000040,S01013384,200004146601,Roman Catholic,12.5,195,*,15 - <20%,35,N,N,N,2,2,Other Urban Areas,Other Urban Areas,2,2,668348,55.8965211,-3.6984166,
8213720,8213720P,Primary,Local Authority,St Anthony's Primary School,Dykesmains Road,,SALTCOATS,KA21 6DE,North Ayrshire,S12000021,S01011263,126060350,Roman Catholic,15.8,256,0 - <5%,30 - <35%,47,N,N,N,2,2,Other Urban Areas,Other Urban Areas,2,2,642857,55.6474675,-4.790304,
8457328,8457328P,Primary,Local Authority,St Anthony's Primary School,Lochaber Drive,Rutherglen,,G73 5HX,South Lanarkshire,S12000029,S01012885,484164574,Roman Catholic,9.3,146,10 - <20%,45 - <50%,3,Y,N,Y,1,1,Large Urban Areas,Large Urban Areas,1,1,659750,55.8114196,-4.1933824,
8622922,8622922P,Primary,Local Authority,St Anthony's Primary School,Hallhill Road,,JOHNSTONE,PA5 0SD,Renfrewshire,S12000038,S01012042,123023416,Roman Catholic,21.6,245,5 - <10%,15 - <20%,34,N,N,N,1,1,Large Urban Areas,Large Urban Areas,1,1,661240,55.8182413,-4.5349538,
8546029,8546029P,Primary,Local Authority,St Athanasius' Primary School,John Street,Carluke,,ML8 4DD,South Lanarkshire,S12000029,S01012614,484163824,Roman Catholic,13.3,214,5 - <10%,15 - <20%,34,N,N,N,2,2,Other Urban Areas,Other Urban Areas,2,2,650349,55.7328042,-3.8353222,
5534038,5534038S,Secondary,Local Authority,St Augustine's High School,208 Broomhouse Road,Edinburgh,,EH12 9AD,City of Edinburgh,S12000036,S01008985,906467652,Roman Catholic,77.8,948,>20%,45 - <50%,68,N,N,N,1,1,Large Urban Areas,Large Urban Areas,1,1,671793,55.9324071,-3.2921883,
8503125,8503125P,Primary,Local Authority,St Augustine's Primary School,Henderson Street,Coatbridge,,ML5 1BL,North Lanarkshire,S12000050,S01011581,118111817,Roman Catholic,18,290,0 - <5%,35 - <40%,2,Y,N,Y,2,2,Other Urban Areas,Other Urban Areas,2,2,664747,55.8590579,-4.034598,
8341621,8341621P,Primary,Local Authority,St Barbara's Primary School,Elmira Road,Muirhead,GLASGOW,G69 9EJ,North Lanarkshire,S12000050,S01011705,118180544,Roman Catholic,12.6,216,5 - <10%,5 - <10%,27,N,N,N,2,2,Other Urban Areas,Other Urban Areas,2,2,669248,55.8983372,-4.1042454,
8420726,8420726P,Primary,Local Authority,St Bartholomew's Primary School,30 Castlemilk Drive,,GLASGOW,G45 9TR,Glasgow City,S12000049,S01009992,906700418660,Roman Catholic,22.2,293,>20%,85 - <90%,8,Y,N,Y,1,1,Large Urban Areas,Large Urban Areas,1,1,659763,55.8109418,-4.2264564,
8503222,8503222P,Primary,Local Authority,St Bartholomew's Primary School,Deveron Street,Townhead,COATBRIDGE,ML5 2JB,North Lanarkshire,S12000050,S01011589,118106331,Roman Catholic,11.4,156,0 - <5%,45 - <50%,38,N,N,N,2,2,Other Urban Areas,Other Urban Areas,2,2,666245,55.872242,-4.0513682,
8620032,8620032S,Secondary,Local Authority,St Benedict's High School,Bridge of Weir Road,,LINWOOD,PA5 8EX,Renfrewshire,S12000038,S01012030,123094915,Roman Catholic,61.1,725,5 - <10%,30 - <35%,85,N,N,N,1,1,Large Urban Areas,Large Urban Areas,6,5,664188,55.8452114,-4.5121972,
8420823,8420823P,Primary,Local Authority,St Benedict's Primary School,62 Lochend Road,,GLASGOW,G34 0LT,Glasgow City,S12000049,S01010110,906700399942,Roman Catholic,27.4,382,10 - <20%,90 - <95%,4,Y,N,Y,1,1,Large Urban Areas,Large Urban Areas,1,1,666092,55.8698782,-4.1098225,
8513228,8513228P,Primary,Local Authority,St Bernadette's Primary,Vickers Street,Motherwell,,ML1 3RE,North Lanarkshire,S12000050,S01011487,118061049,Roman Catholic,10.6,149,*,70 - <75%,16,N,Y,Y,1,1,Large Urban Areas,Large Urban Areas,1,1,657821,55.7971309,-4.0154133,
5702321,5702321P,Primary,Local Authority,St Bernadette's RC Primary,Tullibody South Campus,The Orchard,TULLIBODY,FK10 2SD,Clackmannanshire,S12000005,S01007409,35029493,Roman Catholic,6.8,94,*,35 - <40%,47,N,N,N,3,3,Accessible Small Towns,Accessible Small Towns,3,3,694847,56.132598,-3.841288,"School Contacts List UPRN (35022360) is not in SAD 2024 Q1.  GISAT has assigned the UPRN from Tullibody South Campus (35029493), which shares the site."
1000128,1000128P,Primary,Local Authority,St Bernadette's RC Primary School,Edward Avenue,Stenhousemuir,LARBERT,FK5 4XR,Falkirk,S12000014,S01009111,136078074,Roman Catholic,10.6,175,5 - <10%,5 - <10%,80,N,N,N,2,2,Other Urban Areas,Other Urban Areas,2,2,683927,56.0349835,-3.806528,
8420920,8420920P,Primary,Local Authority,St Bernard's Primary School,14 Dove Street,,GLASGOW,G53 6BP,Glasgow City,S12000049,S01009779,906700428541,Roman Catholic,21.6,409,10 - <20%,65 - <70%,6,Y,N,Y,1,1,Large Urban Areas,Large Urban Areas,1,1,660371,55.8138708,-4.3622641,
8503427,8503427P,Primary,Local Authority,St Bernard's Primary School,Berwick Place,Coatbridge,,ML5 4NQ,North Lanarkshire,S12000050,S01011604,118119702,Roman Catholic,8.6,112,*,60 - <65%,12,Y,N,Y,2,2,Other Urban Areas,Other Urban Areas,2,2,663315,55.8464735,-4.0173113,
8446725,8446725P,Primary,Local Authority,St Blane's Primary School,23 Arrochar Drive,,GLASGOW,G23 5QB,Glasgow City,S12000049,S01010349,906700004577,Roman Catholic,18,260,>20%,55 - <60%,19,N,Y,Y,1,1,Large Urban Areas,Large Urban Areas,1,1,670160,55.9031811,-4.2918924,
8520429,8520429P,Primary,Local Authority,St Blane's Primary School,Fernslea Avenue,Blantyre,,G72 9PT,South Lanarkshire,S12000029,S01012763,484161741,Roman Catholic,11.6,190,10 - <20%,25 - <30%,27,N,N,N,2,2,Other Urban Areas,Other Urban Areas,2,2,657858,55.7960351,-4.1006885,
5620325,5620325P,Primary,Local Authority,St Boswells Primary School,Greenside Park,St Boswells,,TD6 0AH,Scottish Borders,S12000026,S01012348,116044210,Non-denominational,8,140,5 - <10%,0%,75,N,N,N,6,5,Accessible Rural Areas,Accessible Rural Areas,6,5,630797,55.5691407,-2.6451758,
8421129,8421129P,Primary,Local Authority,St Brendan's Primary School,Clyde Campus,200 Hawick Street,GLASGOW,G13 4HG,Glasgow City,S12000049,S01010445,906700533504,Roman Catholic,12.9,202,>20%,70 - <75%,17,N,Y,Y,1,1,Large Urban Areas,Large Urban Areas,1,1,669348,55.8943223,-4.3743155,
8513325,8513325P,Primary,Local Authority,St Brendan's Primary School,45 Barons Road,Motherwell,,ML1 2NB,North Lanarkshire,S12000050,S01011369,118076761,Roman Catholic,13.4,245,10 - <20%,30 - <35%,28,N,N,N,1,1,Large Urban Areas,Large Urban Areas,1,1,654835,55.7711329,-3.9637082,
5134722,5134722P,Primary,Local Authority,St Bride's Primary School,Onich,Fort William,,PH33 6SA,Highland,S12000017,S01010524,130073804,Non-denominational,2.7,29,*,0%,75,N,N,N,6,5,Accessible Rural Areas,Accessible Rural Areas,6,5,760325,56.6939415,-5.1809711,
8421226,8421226P,Primary,Local Authority,St Bride's Primary School,83 Craigie Street,,GLASGOW,G42 8NB,Glasgow City,S12000049,S01009906,906700249144,Roman Catholic,16.2,223,>20%,50 - <55%,35,N,N,N,1,1,Large Urban Areas,Large Urban Areas,1,1,662669,55.8363306,-4.2663165,
8520720,8520720P,Primary,Local Authority,St Bride's Primary School (Bothwell),Ailsa Road,Bothwell,,G71 8LP,South Lanarkshire,S12000029,S01012806,484151272,Roman Catholic,14.3,244,0 - <5%,0 - <5%,41,N,N,N,2,2,Other Urban Areas,Other Urban Areas,2,2,659592,55.8121577,-4.0689038,
8455929,8455929P,Primary,Local Authority,St Bride's Primary School (Cambuslang),Johnson Drive,,CAMBUSLANG,G72 8JR,South Lanarkshire,S12000029,S01012835,484176159,Roman Catholic,15.7,280,>20%,25 - <30%,24,N,Y,Y,1,1,Large Urban Areas,Large Urban Areas,1,1,660351,55.8173215,-4.1651418,
5441129,5441129P,Primary,Local Authority,St Bride's R C Primary School,Barclay Street,Cowdenbeath,,KY4 9LD,Fife,S12000047,S01009490,320190019,Roman Catholic,13.2,181,10 - <20%,30 - <35%,14,Y,N,Y,2,2,Other Urban Areas,Other Urban Areas,2,2,691265,56.1067624,-3.3491734,
8211620,8211620P,Primary,Local Authority,St Bridget's Primary School,Hagthorn Avenue,,KILBIRNIE,KA25 6EJ,North Ayrshire,S12000021,S01011344,126061111,Roman Catholic,15.2,188,*,70 - <75%,14,Y,N,Y,3,3,Accessible Small Towns,Accessible Small Towns,3,3,653857,55.7484988,-4.6938498,
8455120,8455120P,Primary,Local Authority,St Bridget's Primary School & Nursery Class,Camp Road,,GLASGOW,G69 6DF,Glasgow City,S12000049,S01010093,906700364042,Roman Catholic,20.6,409,10 - <20%,20 - <25%,44,N,N,N,1,1,Large Urban Areas,Large Urban Areas,1,1,664241,55.8532129,-4.1115869,
8421323,8421323P,Primary,Local Authority,St Brigid's Primary School,4 Glenmore Avenue,,GLASGOW,G42 0EH,Glasgow City,S12000049,S01010018,906700277666,Roman Catholic,17.7,282,>20%,45 - <50%,21,N,Y,Y,1,1,Large Urban Areas,Large Urban Areas,1,1,661750,55.8286346,-4.2355469,
8514127,8514127P,Primary,Local Authority,St Brigid's Primary School,2 Stewart Crescent,Newmains,WISHAW,ML2 9DE,North Lanarkshire,S12000050,S01011426,118198968,Roman Catholic,10.6,166,0 - <5%,50 - <55%,78,N,N,N,6,5,Accessible Rural Areas,Accessible Rural Areas,6,5,656303,55.7855975,-3.8825004,
8456224,8456224P,Primary,Local Authority,St Cadoc's Primary School,Ivybank Avenue,Halfway,CAMBUSLANG,G72 8SQ,South Lanarkshire,S12000029,S01012832,484176216,Roman Catholic,10.2,133,5 - <10%,45 - <50%,20,N,Y,Y,1,1,Large Urban Areas,Large Urban Areas,1,1,659629,55.8110619,-4.15209,
8601429,8601429P,Primary,Local Authority,St Cadoc's Primary School,51 Crookfur Road,Newton Mearns,GLASGOW,G77 6TT,East Renfrewshire,S12000011,S01008340,131038383,Roman Catholic,28.5,484,>20%,0%,85,N,N,N,1,1,Large Urban Areas,Large Urban Areas,1,1,656369,55.7783031,-4.3413098,
8421420,8421420P,Primary,Local Authority,St Catherine's Primary School,274 Rye Road,,GLASGOW,G21 3JR,Glasgow City,S12000049,S01010200,906700213662,Roman Catholic,22.8,360,10 - <20%,75 - <80%,21,N,Y,Y,1,1,Large Urban Areas,Large Urban Areas,1,1,668298,55.8880142,-4.2061466,
8625727,8625727P,Primary,Local Authority,St Catherine's Primary School,Brabloch Crescent,,PAISLEY,PA3 4RG,Renfrewshire,S12000038,S01012146,123039569,Roman Catholic,13.2,218,>20%,60 - <65%,13,Y,N,Y,1,1,Large Urban Areas,Large Urban Areas,1,1,664882,55.8534095,-4.414004,
5529220,5529220P,Primary,Local Authority,St Catherine's RC Primary School,30 Gracemount Drive,Edinburgh,,EH16 6RN,City of Edinburgh,S12000036,S01008557,906111853,Roman Catholic,10.3,205,>20%,50 - <55%,17,N,Y,Y,1,1,Large Urban Areas,Large Urban Areas,1,1,668449,55.9037132,-3.1560604,
8456623,8456623P,Primary,Local Authority,St Charles Primary School,Harvester Avenue,Newton,CAMBUSLANG,G72 7ZU,South Lanarkshire,S12000029,S01012828,484163623,Roman Catholic,17.5,328,10 - <20%,5 - <10%,89,N,N,N,1,1,Large Urban Areas,Large Urban Areas,1,1,660794,55.8220097,-4.1246299,
8421528,8421528P,Primary,Local Authority,St Charles' Primary School,13 Kelvinside Gardens,,GLASGOW,G20 6BG,Glasgow City,S12000049,S01010369,906700060227,Roman Catholic,22.7,228,>20%,55 - <60%,48,N,N,N,1,1,Large Urban Areas,Large Urban Areas,1,1,667496,55.8794954,-4.2780732,
8625824,8625824P,Primary,Local Authority,St Charles' Primary School,Rowan Street,,PAISLEY,PA2 6RU,Renfrewshire,S12000038,S01012110,123067781,Roman Catholic,20.8,388,10 - <20%,40 - <45%,15,Y,N,Y,1,1,Large Urban Areas,Large Urban Areas,1,1,662547,55.8323305,-4.4187176,
1004271,1004271P,Primary,Local Authority,St Clare's Primary School,Waterfoot Road,Newton Mearns,GLASGOW,G77 5GP,East Renfrewshire,S12000011,S01008350,131047967,Roman Catholic,25.6,440,>20%,0%,98,N,N,N,1,1,Large Urban Areas,Large Urban Areas,1,1,655061,55.7672013,-4.3071961,
8427429,8427429P,Primary,Local Authority,St Clare's Primary School,15 Kilcloy Avenue,,GLASGOW,G15 8RP,Glasgow City,S12000049,S01010492,906700399944,Roman Catholic,17.2,262,10 - <20%,95 - <100%,2,Y,N,Y,1,1,Large Urban Areas,Large Urban Areas,1,1,671874,55.9171533,-4.3675841,
5327423,5327423P,Primary,Local Authority,St Clement's RC Primary School,Buttars Street,Dundee,,DD2 4PQ,Dundee City,S12000042,S01007847,9059007154,Roman Catholic,12.8,209,10 - <20%,65 - <70%,8,Y,N,Y,1,1,Large Urban Areas,Large Urban Areas,1,1,731840,56.4743541,-3.0346547,
5120047,5120047SP,Special,Local Authority,St Clement's School,Tulloch Street,Dingwall,,IV15 9JZ,Highland,S12000017,S01010716,130080381,Non-denominational,10.4,49,*,10 - <15%,31,N,N,N,4,4,Remote Small Towns,Remote Small Towns,4,4,858937,57.5970776,-4.4271741,
8645434,8645434S,Secondary,Local Authority,St Columba's High School,Fletcher Avenue,Gourock,,PA19 1TN,Inverclyde,S12000018,S01010839,119001208,Roman Catholic,52.1,661,0 - <5%,35 - <40%,65,N,N,N,2,2,Other Urban Areas,Other Urban Areas,2,2,677046,55.9540766,-4.8215391,
5505224,5505224P,Primary,Local Authority,St Columba's Primary School,Philip Avenue,Boghall,BATHGATE,EH48 1NQ,West Lothian,S12000040,S01013408,200004142537,Roman Catholic,8.7,110,10 - <20%,10 - <15%,24,N,Y,Y,2,2,Other Urban Areas,Other Urban Areas,2,2,668728,55.9011133,-3.6105688,
8107122,8107122P,Primary,Local Authority,St Columba's Primary School,Oban Primary Campus,Soroba Road,OBAN,PA34 4SB,Argyll and Bute,S12000035,S01007291,125069954,Roman Catholic,9.7,172,5 - <10%,0 - <5%,35,N,N,N,5,4,Very Remote Small Towns,Remote Small Towns,5,4,728543,56.4005119,-5.4692415,
5446538,5446538S,Secondary,Local Authority,St Columba's R C High School,Woodmill Road,Dunfermline,,KY11 4UN,Fife,S12000047,S01009338,320188037,Roman Catholic,71.1,856,5 - <10%,30 - <35%,14,Y,N,Y,2,2,Other Urban Areas,Other Urban Areas,2,2,687283,56.0702008,-3.4189626,
5421926,5421926P,Primary,Local Authority,St Columba's R C Primary School,North Union Street,Cupar,,KY15 4AN,Fife,S12000047,S01009689,320284592,Roman Catholic,13.2,230,10 - <20%,15 - <20%,40,N,N,N,3,3,Accessible Small Towns,Accessible Small Towns,3,3,714657,56.3200947,-3.0197864,
1003321,1003321P,Primary,Local Authority,St Columba's RC Primary School,Glenkingie Street,Caol,FORT WILLIAM,PH33 7DP,Highland,S12000017,S01010514,130173754,Roman Catholic,2.1,15,0%,0%,60,N,N,N,2,2,Other Urban Areas,Other Urban Areas,2,2,776203,56.8385237,-5.1074328,
5945321,5945321P,Primary,Local Authority,St Columba's RC School,Shawhill Road,Annan,DUMFRIESSHIRE,DG12 6JX,Dumfries and Galloway,S12000006,S01007670,137029537,Roman Catholic,3.9,56,*,60 - <65%,20,N,Y,Y,3,3,Accessible Small Towns,Accessible Small Towns,3,3,566864,54.9899936,-3.2444426,
8457425,8457425P,Primary,Local Authority,St Columbkille's Primary School,Clincarthill Road,Rutherglen,,G73 2LG,South Lanarkshire,S12000029,S01012861,484154887,Roman Catholic,16.3,300,10 - <20%,35 - <40%,68,N,N,N,1,1,Large Urban Areas,Large Urban Areas,1,1,661405,55.8259645,-4.2117479,
5219329,5219329P,Primary,Local Authority,St Combs School,High Street,St Combs Fraserburgh,ABERDEENSHIRE,AB43 8YR,Aberdeenshire,S12000034,S01007106,151086595,Non-denominational,5.6,73,0%,0%,47,N,N,N,6,5,Accessible Rural Areas,Accessible Rural Areas,6,5,863069,57.6574761,-1.9104228,
8420521,8420521P,Primary,Local Authority,St Constantine's Primary School & Nursery Class,45 Drumoyne Road,,GLASGOW,G51 4AX,Glasgow City,S12000049,S01009840,906700428547,Roman Catholic,23.8,278,>20%,90 - <95%,14,Y,N,Y,1,1,Large Urban Areas,Large Urban Areas,1,1,665389,55.8596521,-4.3265138,
8422125,8422125P,Primary,Local Authority,St Conval's Primary School,140 Shawhill Road,,GLASGOW,G43 1SY,Glasgow City,S12000049,S01009936,906700290442,Roman Catholic,16.6,217,>20%,45 - <50%,11,Y,N,Y,1,1,Large Urban Areas,Large Urban Areas,1,1,661624,55.8264691,-4.2916408,
5535646,5535646SP,Special,Local Authority,St Crispin's School,1 Burdiehouse Crescent,Edinburgh,,EH17 8EX,City of Edinburgh,S12000036,S01008554,10094323183,Non-denominational,15.5,62,>20%,30 - <35%,13,Y,N,Y,1,1,Large Urban Areas,Large Urban Areas,1,1,667814,55.898039,-3.153461,School Contacts List UPRN (906253917) is not in SAD 2024 Q1.  GISAT has assigned the UPRN for St Crispin's School as it is in SAD 2024 Q1 (10094323183).
8234027,8234027P,Primary,Local Authority,St Cuthbert's Primary School,Kirkoswald Road,Maybole,,KA19 8BP,South Ayrshire,S12000028,S01012437,141073990,Roman Catholic,3.6,38,0%,*,42,N,N,N,3,3,Accessible Small Towns,Accessible Small Towns,3,3,609746,55.3519537,-4.696003,
8422222,8422222P,Primary,Local Authority,St Cuthbert's Primary School,Benview Campus,100 Bilsland Drive,GLASGOW,G20 9NY,Glasgow City,S12000049,S01010316,906700502388,Roman Catholic,11.6,147,>20%,85 - <90%,3,Y,N,Y,1,1,Large Urban Areas,Large Urban Areas,1,1,668123,55.8852968,-4.2690747,
8521727,8521727P,Primary,Local Authority,St Cuthbert's Primary School,Greenfield Road,Burnbank,HAMILTON,ML3 0RG,South Lanarkshire,S12000029,S01012787,484159275,Roman Catholic,25.7,254,10 - <20%,45 - <50%,52,N,N,N,2,2,Other Urban Areas,Other Urban Areas,2,2,656315,55.7826909,-4.0698773,
5529328,5529328P,Primary,Local Authority,St Cuthbert's RC Primary School,9 Hutchison Crossway,Edinburgh,,EH14 1RP,City of Edinburgh,S12000036,S01008490,906130934,Roman Catholic,12.5,187,>20%,0 - <5%,57,N,N,N,1,1,Large Urban Areas,Large Urban Areas,1,1,671552,55.930765,-3.2413779,UPRN is a Parent UPRN in SAD 2024 Q1.
5251427,5251427P,Primary,Local Authority,St Cyrus School,Beach Road,St Cyrus Montrose,ANGUS,DD10 0BJ,Aberdeenshire,S12000034,S01006809,151086599,Non-denominational,9.9,122,*,0%,49,N,N,N,6,5,Accessible Rural Areas,Accessible Rural Areas,6,5,764726,56.7734333,-2.4110404,
8505128,8505128P,Primary,Local Authority,St David's Primary School,1 Annieshill View,Plains,AIRDRIE,ML6 7NY,North Lanarkshire,S12000050,S01011675,118183039,Roman Catholic,10.7,139,*,55 - <60%,15,Y,N,Y,6,5,Accessible Rural Areas,Accessible Rural Areas,6,5,666896,55.8800197,-3.9323206,
8623023,8623023P,Primary,Local Authority,St David's Primary School,West Johnstone Campus,Beith Road,JOHNSTONE,PA5 0BB,Renfrewshire,S12000038,S01012038,123097733,Roman Catholic,8.8,91,*,70 - <75%,3,Y,N,Y,1,1,Large Urban Areas,Large Urban Areas,1,1,662261,55.8276904,-4.5219287,
5546230,5546230S,Secondary,Local Authority,St David's RC High School,1 Cousland Road,Dalkeith,,EH22 2PS,Midlothian,S12000019,S01011006,120037126,Roman Catholic,67.8,750,10 - <20%,15 - <20%,38,N,N,N,2,2,Other Urban Areas,Other Urban Areas,2,2,667969,55.9003916,-3.0451634,
5529425,5529425P,Primary,Local Authority,St David's RC Primary School,4 West Pilton Crescent,Edinburgh,,EH4 4HP,City of Edinburgh,S12000036,S01008925,906258238,Roman Catholic,19.5,334,>20%,50 - <55%,33,N,N,N,1,1,Large Urban Areas,Large Urban Areas,1,1,676328,55.9735901,-3.2508012,
5543029,5543029P,Primary,Local Authority,St David's RC Primary School,Lauder Road,Dalkeith,,EH22 2PU,Midlothian,S12000019,S01011014,120032494,Roman Catholic,11.2,197,10 - <20%,10 - <15%,47,N,N,N,2,2,Other Urban Areas,Other Urban Areas,2,2,666606,55.8880716,-3.0537055,
8422524,8422524P,Primary,Local Authority,St Denis' Primary School,129 Roslea Drive,,GLASGOW,G31 2RZ,Glasgow City,S12000049,S01010249,906700209333,Roman Catholic,13.5,207,>20%,50 - <55%,54,N,N,N,1,1,Large Urban Areas,Large Urban Areas,1,1,665133,55.8594318,-4.2138097,
8501122,8501122P,Primary,Local Authority,St Dominic's Primary School,Petersburn Road,,AIRDRIE,ML6 8BX,North Lanarkshire,S12000050,S01011635,118002569,Roman Catholic,11.2,168,5 - <10%,60 - <65%,14,Y,N,Y,2,2,Other Urban Areas,Other Urban Areas,2,2,664527,55.8583201,-3.9582618,
5342821,5342821P,Primary,Local Authority,St Dominic's RC Primary School,Broich Road,Crieff,,PH7 3SB,Perth and Kinross,S12000048,S01011870,124028620,Roman Catholic,8.6,137,*,0%,48,N,N,N,4,4,Remote Small Towns,Remote Small Towns,4,4,721037,56.3678586,-3.8464454,
5120748,5120748SP,Special,Local Authority,St Duthus School,Academy Street,Tain,,IV19 1ED,Highland,S12000017,S01010755,130007161,Non-denominational,8.8,27,0%,*,59,N,N,N,5,4,Very Remote Small Towns,Remote Small Towns,5,4,882329,57.8138006,-4.0581945,
8501327,8501327P,Primary,Local Authority,St Edward's Primary School,South Biggar Road,Airdrie,,ML6 9LZ,North Lanarkshire,S12000050,S01011638,118140447,Roman Catholic,12,192,5 - <10%,40 - <45%,30,N,N,N,2,2,Other Urban Areas,Other Urban Areas,2,2,665349,55.865558,-3.967608,"School Contacts List UPRN (118004615) is not in SAD 2024 Q1.  GISAT has assigned the UPRN for 2 Braedale Avenue (118140447), which is next door."
8525722,8525722P,Primary,Local Authority,St Elizabeth's Primary School,William Drive,Eddlewood,HAMILTON,ML3 7RQ,South Lanarkshire,S12000029,S01012708,484062437,Roman Catholic,13.4,220,5 - <10%,50 - <55%,20,N,Y,Y,2,2,Other Urban Areas,Other Urban Areas,2,2,653177,55.7548827,-4.0464115,
8313024,8313024P,Primary,Local Authority,St Eunan's Primary School,Gilmour Street,,CLYDEBANK,G81 2BW,West Dunbartonshire,S12000039,S01013140,129052941,Roman Catholic,20,351,10 - <20%,65 - <70%,9,Y,N,Y,1,1,Large Urban Areas,Large Urban Areas,1,1,671570,55.9137988,-4.3997056,
8625921,8625921P,Primary,Local Authority,St Fergus Primary School,Bankfoot Road,,PAISLEY,PA3 1LA,Renfrewshire,S12000038,S01012068,123104921,Roman Catholic,11.2,170,10 - <20%,80 - <85%,1,Y,N,Y,1,1,Large Urban Areas,Large Urban Areas,1,1,664431,55.8486411,-4.4501656,
5327628,5327628P,Primary,Local Authority,St Fergus' RC Primary School,Turnberry Avenue,,DUNDEE,DD2 3TP,Dundee City,S12000042,S01007859,9059063608,Roman Catholic,17.3,167,0 - <5%,65 - <70%,7,Y,N,Y,1,1,Large Urban Areas,Large Urban Areas,1,1,733433,56.488822,-3.0157694,
5219426,5219426P,Primary,Local Authority,St Fergus School,School Road,St Fergus Peterhead,ABERDEENSHIRE,AB42 3HD,Aberdeenshire,S12000034,S01007099,151086602,Non-denominational,7,99,*,0%,71,N,N,N,6,5,Accessible Rural Areas,Accessible Rural Areas,6,5,852263,57.5603479,-1.8435899,
8622329,8622329P,Primary,Local Authority,St Fillan's Primary School,1A Main Street,,HOUSTON,PA6 7EL,Renfrewshire,S12000038,S01012235,123015497,Roman Catholic,9,90,5 - <10%,*,99,N,N,N,3,3,Accessible Small Towns,Accessible Small Towns,3,3,666563,55.8658035,-4.5485543,
8422729,8422729P,Primary,Local Authority,St Fillan's Primary School & Nursery Class,20 Crompton Avenue,,GLASGOW,G44 5AF,Glasgow City,S12000049,S01010010,906700249255,Roman Catholic,20.9,409,>20%,5 - <10%,73,N,N,N,1,1,Large Urban Areas,Large Urban Areas,1,1,660483,55.8168837,-4.2554644,
8449929,8449929P,Primary,Local Authority,St Francis Of Assisi Primary School,Crown Street,,GLASGOW,G69 7XB,Glasgow City,S12000049,S01010078,906700116447,Roman Catholic,13.8,242,5 - <10%,*,62,N,N,N,1,1,Large Urban Areas,Large Urban Areas,1,1,663366,55.8450893,-4.1266722,
8643822,8643822P,Primary,Local Authority,St Francis' Primary School,East Barmoss Avenue,Port Glasgow,,PA14 6HX,Inverclyde,S12000018,S01010926,119000827,Roman Catholic,16.4,243,0 - <5%,80 - <85%,12,Y,N,Y,2,2,Other Urban Areas,Other Urban Areas,2,2,673041,55.9217128,-4.6581344,
8422826,8422826P,Primary,Local Authority,St Francis' Primary School & Nursery Class,430 Old Rutherglen Road,,GLASGOW,G5 0PA,Glasgow City,S12000049,S01010028,906700300594,Roman Catholic,29.8,461,>20%,60 - <65%,8,Y,N,Y,1,1,Large Urban Areas,Large Urban Areas,1,1,663687,55.8459001,-4.2433912,
1004530,1004530P,Primary,Local Authority,St Francis RC Primary School,9 Lothian Crescent,,DUNDEE,DD4 0SX,Dundee City,S12000042,S01007785,9059106367,Roman Catholic,24.3,311,5 - <10%,65 - <70%,4,Y,N,Y,1,1,Large Urban Areas,Large Urban Areas,1,1,733475,56.4898931,-2.9273881,
5529522,5529522P,Primary,Local Authority,St Francis' RC Primary School,20 Moffat Way,,EDINBURGH,EH16 4PY,City of Edinburgh,S12000036,S01008701,906462963,Roman Catholic,16,291,>20%,85 - <90%,17,N,Y,Y,1,1,Large Urban Areas,Large Urban Areas,1,1,671857,55.9345995,-3.1275708,
5743125,5743125P,Primary,Local Authority,St Francis Xavier's RC Primary School,Merchiston Avenue,Falkirk,,FK2 7JS,Falkirk,S12000014,S01009133,136019681,Roman Catholic,20.3,406,>20%,25 - <30%,11,Y,N,Y,2,2,Other Urban Areas,Other Urban Areas,2,2,680864,56.0076201,-3.7950389,
5554829,5554829P,Primary,Local Authority,St Gabriel's RC Primary School,South Grange Avenue,Prestonpans,EAST LOTHIAN,EH32 9LH,East Lothian,S12000010,S01008198,138038934,Roman Catholic,8.5,156,*,15 - <20%,30,N,N,N,2,2,Other Urban Areas,Other Urban Areas,2,2,674025,55.9553257,-2.9820833,
8422923,8422923P,Primary,Local Authority,St George's Primary School,101 Muirdykes Road,,GLASGOW,G52 2QJ,Glasgow City,S12000049,S01009826,906700197388,Roman Catholic,13.2,162,>20%,70 - <75%,16,N,Y,Y,1,1,Large Urban Areas,Large Urban Areas,1,1,664439,55.8503605,-4.3660121,
5202221,5202221P,Primary,Local Authority,St Gerardine Primary School,St Gerardine's Road,Lossiemouth,MORAY,IV31 6JX,Moray,S12000020,S01011136,133001380,Non-denominational,18.2,300,0 - <5%,0%,68,N,N,N,3,3,Accessible Small Towns,Accessible Small Towns,3,3,870496,57.717628,-3.2916679,
8510822,8510822P,Primary,Local Authority,St Gerard's Primary School,Kelvin Road,Bellshill,,ML4 1LN,North Lanarkshire,S12000050,S01011529,118117437,Roman Catholic,13.4,222,10 - <20%,40 - <45%,5,Y,N,Y,1,1,Large Urban Areas,Large Urban Areas,1,1,661128,55.8267898,-4.0191021,
8340420,8340420P,Primary,Local Authority,St Helen's Primary School,Wester Cleddens Road,Bishopbriggs,,G64 1EH,East Dunbartonshire,S12000045,S01008114,132015970,Roman Catholic,21.6,342,10 - <20%,0 - <5%,92,N,N,N,1,1,Large Urban Areas,Large Urban Areas,1,1,670745,55.9100938,-4.2015623,
8355320,8355320P,Primary,Local Authority,St Helen's Primary School,Lomond Drive,Condorrot,CUMBERNAULD,G67 4JL,North Lanarkshire,S12000050,S01011733,118019844,Roman Catholic,12.6,245,*,10 - <15%,52,N,N,N,2,2,Other Urban Areas,Other Urban Areas,2,2,673170,55.9349717,-4.0213838,
8532028,8532028P,Primary,Local Authority,St Hilary's Primary School,High Common Road,St Leonards,EAST KILBRIDE,G74 2AX,South Lanarkshire,S12000029,S01012923,484174553,Roman Catholic,10,172,5 - <10%,0 - <5%,60,N,N,N,2,2,Other Urban Areas,Other Urban Areas,2,2,653813,55.7587728,-4.1531779,
8515921,8515921P,Primary,Local Authority,St Ignatius' Primary School,Lochpark,Wishaw,,ML2 7EB,North Lanarkshire,S12000050,S01011403,118172989,Roman Catholic,11.4,178,*,50 - <55%,35,N,N,N,1,1,Large Urban Areas,Large Urban Areas,1,1,655248,55.7756507,-3.9126092,
8629722,8629722P,Primary,Local Authority,St James's Primary School (Paisley),Gockston Road,,PAISLEY,PA3 2QB,Renfrewshire,S12000038,S01012163,123107650,Roman Catholic,10,168,>20%,60 - <65%,20,N,Y,Y,1,1,Large Urban Areas,Large Urban Areas,1,1,666971,55.8724657,-4.3996326,
8627320,8627320P,Primary,Local Authority,St James's Primary School (Renfrew),10 Brown Street,,RENFREW,PA4 8HL,Renfrewshire,S12000038,S01012163,123107650,Roman Catholic,25.8,558,>20%,25 - <30%,20,N,Y,Y,1,1,Large Urban Areas,Large Urban Areas,1,1,666971,55.8724657,-4.3996326,
8455627,8455627P,Primary,Local Authority,St Joachim's Primary School,131A Montrose Avenue,,GLASGOW,G32 8BZ,Glasgow City,S12000049,S01010077,906700132924,Roman Catholic,8,92,*,15 - <20%,12,Y,N,Y,1,1,Large Urban Areas,Large Urban Areas,1,1,662199,55.834158,-4.1521528,
8621926,8621926P,Primary,Local Authority,St John Bosco Primary School,Barrhill Road,,ERSKINE,PA8 6BX,Renfrewshire,S12000038,S01012207,123112468,Roman Catholic,14.3,257,5 - <10%,*,45,N,N,N,2,2,Other Urban Areas,Other Urban Areas,2,2,670930,55.9067248,-4.4665492,
8524939,8524939S,Secondary,Local Authority,St John Ogilvie High School,Farm Road,Burnbank,HAMILTON,ML3 9LA,South Lanarkshire,S12000029,S01012774,484158667,Roman Catholic,81.5,1122,5 - <10%,35 - <40%,32,N,N,N,2,2,Other Urban Areas,Other Urban Areas,2,2,656001,55.7797306,-4.0780762,
5511526,5511526P,Primary,Local Authority,St John Ogilvie Primary School,Harburn Avenue,Deans,LIVINGSTON,EH54 8NQ,West Lothian,S12000040,S01013351,200004093276,Roman Catholic,19.9,348,>20%,15 - <20%,53,N,N,N,2,2,Other Urban Areas,Other Urban Areas,2,2,668956,55.9038792,-3.5547786,
8218528,8218528P,Primary,Local Authority,St John Ogilvie Primary School,13 Towerlands Farm Road,Bourtreehill,IRVINE,KA11 1PZ,North Ayrshire,S12000021,S01011196,126046610,Roman Catholic,11.3,158,0 - <5%,50 - <55%,6,Y,N,Y,2,2,Other Urban Areas,Other Urban Areas,2,2,639258,55.6187097,-4.6277225,
8632421,8632421P,Primary,Local Authority,St John Ogilvie Primary School,Lacy Street,,PAISLEY,PA1 1QR,Renfrewshire,S12000038,S01012137,123057777,Roman Catholic,15,244,10 - <20%,40 - <45%,13,Y,N,Y,1,1,Large Urban Areas,Large Urban Areas,1,1,663791,55.8437808,-4.4049726,
8340820,8340820P,Primary,Local Authority,St John Paul II Primary,1 Laburnum Road,Viewpark,UDDINGSTON,G71 5DG,North Lanarkshire,S12000050,S01011532,118172122,Roman Catholic,23,375,5 - <10%,55 - <60%,83,N,N,N,1,1,Large Urban Areas,Large Urban Areas,1,1,661042,55.8254338,-4.0542824,
5506824,5506824P,Primary,Local Authority,St John The Baptist Primary School,Lanrigg Avenue,Fauldhouse,WEST LOTHIAN,EH47 9JR,West Lothian,S12000040,S01013248,200004120747,Roman Catholic,12.5,176,*,45 - <50%,8,Y,N,Y,3,3,Accessible Small Towns,Accessible Small Towns,3,3,660953,55.8299652,-3.7056234,
8523924,8523924P,Primary,Local Authority,St John The Baptist Primary School,North British Road,Uddingston,,G71 6NW,South Lanarkshire,S12000029,S01012810,484057283,Roman Catholic,17.6,329,0 - <5%,10 - <15%,18,N,Y,Y,2,2,Other Urban Areas,Other Urban Areas,2,2,660687,55.8219225,-4.0733972,
5529824,5529824P,Primary,Local Authority,St John Vianney RC Primary School,17 Ivanhoe Crescent,Edinburgh,,EH16 6AU,City of Edinburgh,S12000036,S01008581,906133811,Roman Catholic,11.4,237,>20%,20 - <25%,21,N,Y,Y,1,1,Large Urban Areas,Large Urban Areas,1,1,670109,55.9186195,-3.1573551,
8214425,8214425P,Primary,Local Authority,St John's Primary School,Morrison Avenue,,STEVENSTON,KA20 4HH,North Ayrshire,S12000021,S01011274,126060517,Roman Catholic,9.5,98,5 - <10%,75 - <80%,13,Y,N,Y,2,2,Other Urban Areas,Other Urban Areas,2,2,642361,55.6441026,-4.7418255,
8232024,8232024P,Primary,Local Authority,St John's Primary School,2A Whitletts Road,Ayr,,KA8 0JB,South Ayrshire,S12000028,S01012491,141024540,Roman Catholic,17.4,254,*,55 - <60%,1,Y,N,Y,2,2,Other Urban Areas,Other Urban Areas,2,2,622240,55.4659148,-4.620067,
8621020,8621020P,Primary,Local Authority,St John's Primary School,18 Commercial Road,Barrhead,GLASGOW,G78 1AJ,East Renfrewshire,S12000011,S01008313,131031108,Roman Catholic,21,275,10 - <20%,25 - <30%,11,Y,N,Y,1,1,Large Urban Areas,Large Urban Areas,1,1,659675,55.8071139,-4.3882189,
8643628,8643628P,Primary,Local Authority,St John's Primary School,Mary Street,Port Glasgow,,PA14 5AL,Inverclyde,S12000018,S01010908,119000168,Roman Catholic,17.2,291,5 - <10%,55 - <60%,18,N,Y,Y,2,2,Other Urban Areas,Other Urban Areas,2,2,674633,55.9350998,-4.7007407,
8545626,8545626P,Primary,Local Authority,St John's Primary School (Blackwood),Heathfield Drive,Blackwood,KIRKMUIRHILL,ML11 9SR,South Lanarkshire,S12000029,S01012652,484176202,Roman Catholic,5.7,77,*,15 - <20%,81,N,N,N,3,3,Accessible Small Towns,Accessible Small Towns,3,3,643923,55.673687,-3.9246434,
8521824,8521824P,Primary,Local Authority,St John's Primary School (Hamilton),Dixon Street,Hamilton,,ML3 6PZ,South Lanarkshire,S12000029,S01012718,484160710,Non-denominational,23.8,282,10 - <20%,15 - <20%,51,N,N,N,2,2,Other Urban Areas,Other Urban Areas,2,2,655226,55.7732858,-4.0470899,
5445027,5445027P,Primary,Local Authority,St John's R C Primary School,Heath Road,Rosyth,DUNFERMLINE,KY11 2BT,Fife,S12000047,S01009374,320188918,Roman Catholic,11.9,215,10 - <20%,*,30,N,N,N,2,2,Other Urban Areas,Other Urban Areas,2,2,683238,56.0338291,-3.4211268,
5350239,5350239P,Primary,Local Authority,St John's RC Academy,North Inch Community Campus,Gowans Terrace,PERTH,PH1 5BF,Perth and Kinross,S12000048,S01011934,124092369,Roman Catholic,21.2,415,*,40 - <45%,73,N,N,N,2,2,Other Urban Areas,Other Urban Areas,2,2,725150,56.4102307,-3.4379284,
5350239,5350239S,Secondary,Local Authority,St John's RC Academy,North Inch Community Campus,Gowans Terrace,PERTH,PH1 5BF,Perth and Kinross,S12000048,S01011934,124092369,Roman Catholic,55.6,641,*,20 - <25%,73,N,N,N,2,2,Other Urban Areas,Other Urban Areas,2,2,725150,56.4102307,-3.4379284,
5330831,5330831S,Secondary,Local Authority,St John's RC High School,Harefield Road,Dundee,,DD3 6EY,Dundee City,S12000042,S01007833,9059066687,Roman Catholic,90.6,1279,10 - <20%,50 - <55%,27,N,N,N,1,1,Large Urban Areas,Large Urban Areas,1,1,731919,56.4753771,-2.996286,
5529727,5529727P,Primary,Local Authority,St John's RC Primary School,18 Duddingston Road,Edinburgh,,EH15 1NE,City of Edinburgh,S12000036,S01008734,10094323945,Roman Catholic,19.6,368,>20%,25 - <30%,69,N,N,N,1,1,Large Urban Areas,Large Urban Areas,1,1,673383,55.9483389,-3.1247934,
8224633,8224633S,Secondary,Local Authority,St Joseph's Academy,Grassyards Road,Kilmarnock,,KA3 7SL,East Ayrshire,S12000008,S01007984,127067104,Roman Catholic,49.6,651,5 - <10%,35 - <40%,48,N,N,N,2,2,Other Urban Areas,Other Urban Areas,2,2,638642,55.6161969,-4.4827828,
5941032,5941032S,Secondary,Local Authority,St Joseph's College,Craigs Road,Dumfries,,DG1 4UU,Dumfries and Galloway,S12000006,S01007609,137035725,Roman Catholic,64.2,961,10 - <20%,5 - <10%,24,N,Y,Y,2,2,Other Urban Areas,Other Urban Areas,2,2,575477,55.0632368,-3.6004353,
8303029,8303029P,Primary,Local Authority,St Joseph's Primary School,Old Luss Road,Helensburgh,,G84 7LR,Argyll and Bute,S12000035,S01007397,125044474,Roman Catholic,10.1,141,0 - <5%,25 - <30%,62,N,N,N,2,2,Other Urban Areas,Other Urban Areas,2,2,682620,56.0065511,-4.7158191,
8313121,8313121P,Primary,Local Authority,St Joseph's Primary School,Faifley Road,Faifley,CLYDEBANK,G81 5EY,West Dunbartonshire,S12000039,S01013155,129024556,Roman Catholic,17.4,200,10 - <20%,75 - <80%,12,Y,N,Y,1,1,Large Urban Areas,Large Urban Areas,1,1,673215,55.9288231,-4.3873951,
8341028,8341028P,Primary,Local Authority,St Joseph's Primary School,Cardowan Road,Stepps,GLASGOW,G33 6AA,North Lanarkshire,S12000050,S01011697,118072607,Roman Catholic,11,204,10 - <20%,0 - <5%,61,N,N,N,1,1,Large Urban Areas,Large Urban Areas,1,1,668214,55.8884433,-4.1391026,
8423725,8423725P,Primary,Local Authority,St Joseph's Primary School,39 Raglan Street,,GLASGOW,G4 9QX,Glasgow City,S12000049,S01010297,906700081699,Roman Catholic,19.2,203,>20%,85 - <90%,14,Y,N,Y,1,1,Large Urban Areas,Large Urban Areas,1,1,666740,55.8729818,-4.262857,
8520526,8520526P,Primary,Local Authority,St Joseph's Primary School,Park Lane,Blantyre,,G72 9AS,South Lanarkshire,S12000029,S01012770,484155860,Roman Catholic,15.2,243,5 - <10%,30 - <35%,44,N,N,N,2,2,Other Urban Areas,Other Urban Areas,2,2,657791,55.7955916,-4.0913801,
8600627,8600627P,Primary,Local Authority,St Joseph's Primary School,Oliphant Crescent,Busby,GLASGOW,G76 8PT,East Renfrewshire,S12000011,S01008366,131000317,Roman Catholic,21.5,384,10 - <20%,0%,62,N,N,N,1,1,Large Urban Areas,Large Urban Areas,1,1,656485,55.7805815,-4.2755341,
8641927,8641927P,Primary,Local Authority,St Joseph's Primary School,Wren Road,Greenock,,PA16 7NH,Inverclyde,S12000018,S01010857,119000865,Roman Catholic,12.5,151,10 - <20%,75 - <80%,44,N,N,N,2,2,Other Urban Areas,Other Urban Areas,2,2,675897,55.944254,-4.7992984,
5507324,5507324P,Primary,Local Authority,St Joseph's Primary School (Linlithgow),Preston Road,Linlithgow,WEST LOTHIAN,EH49 6HB,West Lothian,S12000040,S01013437,200004145044,Roman Catholic,8.6,108,5 - <10%,0 - <5%,55,N,N,N,2,2,Other Urban Areas,Other Urban Areas,2,2,676673,55.9725086,-3.6105071,
5508827,5508827P,Primary,Local Authority,St Joseph's Primary School (Whitburn),Gateside Road,Whitburn,WEST LOTHIAN,EH47 0NJ,West Lothian,S12000040,S01013372,135009658,Roman Catholic,14.7,218,5 - <10%,25 - <30%,9,Y,N,Y,2,2,Other Urban Areas,Other Urban Areas,2,2,664439,55.8614255,-3.6959135,
5443520,5443520P,Primary,Local Authority,St Joseph's R C Primary School,47 Cocklaw Street,Kelty,,KY4 0DG,Fife,S12000047,S01009426,320189846,Roman Catholic,10,109,5 - <10%,60 - <65%,13,Y,N,Y,3,3,Accessible Small Towns,Accessible Small Towns,3,3,694089,56.1317657,-3.3827435,
5140528,5140528P,Primary,Local Authority,St Joseph's RC Primary,King Street,Inverness,,IV3 5DG,Highland,S12000017,S01010640,130111639,Roman Catholic,8.4,138,>20%,30 - <35%,39,N,N,N,2,2,Other Urban Areas,Other Urban Areas,2,2,845298,57.4781612,-4.2300786,
5327725,5327725P,Primary,Local Authority,St Joseph's RC Primary School,1 Glenagnes Road,Dundee,,DD2 2AB,Dundee City,S12000042,S01007696,9059102622,Roman Catholic,23,356,>20%,20 - <25%,25,N,Y,Y,1,1,Large Urban Areas,Large Urban Areas,1,1,730322,56.4610308,-2.9960558,
5529921,5529921P,Primary,Local Authority,St Joseph's RC Primary School,39 Saughton Road,Edinburgh,,EH11 3RQ,City of Edinburgh,S12000036,S01008472,906219606,Roman Catholic,17.1,305,>20%,50 - <55%,28,N,N,N,1,1,Large Urban Areas,Large Urban Areas,1,1,671325,55.9284054,-3.2731533,
5619521,5619521P,Primary,Local Authority,St Joseph's RC Primary School,Back Row,Selkirk,,TD7 4AQ,Scottish Borders,S12000026,S01012381,116006071,Roman Catholic,2.2,11,*,0%,42,N,N,N,3,3,Accessible Small Towns,Accessible Small Towns,3,3,628443,55.546822,-2.838007,
5740622,5740622P,Primary,Local Authority,St Joseph's RC Primary School,Broomhill Road,Bonnybridge,,FK4 2AN,Falkirk,S12000014,S01009083,136069080,Roman Catholic,9,118,0 - <5%,*,46,N,N,N,2,2,Other Urban Areas,Other Urban Areas,2,2,679660,55.9954987,-3.8822491,
5241928,5241928P,Primary,Local Authority,St Joseph's RC School,5 Queen's Road,Aberdeen,,AB15 4YL,Aberdeen City,S12000033,S01006571,9051045729,Roman Catholic,22.2,400,>20%,0 - <5%,92,N,N,N,1,1,Large Urban Areas,Large Urban Areas,1,1,805734,57.1424211,-2.1281017,
5902428,5902428P,Primary,Local Authority,St Joseph's RC School,Lewis Street,Stranraer,,DG9 7AR,Dumfries and Galloway,S12000006,S01007490,137016021,Roman Catholic,2.5,31,*,*,29,N,N,N,2,2,Other Urban Areas,Other Urban Areas,2,2,560252,54.8992844,-5.0249838,
8532125,8532125P,Primary,Local Authority,St Kenneth's Primary School,West Mains Road,Lymekilns,EAST KILBRIDE,G74 1PU,South Lanarkshire,S12000029,S01012932,484164575,Roman Catholic,23.6,487,10 - <20%,0%,73,N,N,N,2,2,Other Urban Areas,Other Urban Areas,2,2,654878,55.7678031,-4.1838215,
5444128,5444128P,Primary,Local Authority,St Kenneth's R C Primary School,40 Hill Road,Ballingry,LOCHGELLY,KY5 8NQ,Fife,S12000047,S01009433,320189689,Roman Catholic,16.6,289,0 - <5%,75 - <80%,12,Y,N,Y,3,3,Accessible Small Towns,Accessible Small Towns,3,3,697648,56.1642967,-3.3324782,
5509939,5509939S,Secondary,Local Authority,St Kentigern's Academy,West Main Street,Blackburn,WEST LOTHIAN,EH47 7LX,West Lothian,S12000040,S01013359,200004134681,Roman Catholic,89,1174,5 - <10%,25 - <30%,5,Y,N,Y,2,2,Other Urban Areas,Other Urban Areas,2,2,665452,55.8713516,-3.6351012,
8301123,8301123P,Primary,Local Authority,St Kessog's Primary School,Balloch Campus,Carrochan Road,BALLOCH,G83 8FA,West Dunbartonshire,S12000039,S01013238,129056600,Roman Catholic,16.4,153,*,45 - <50%,9,Y,N,Y,2,2,Other Urban Areas,Other Urban Areas,2,2,681601,56.0004644,-4.5726535,
8501823,8501823P,Primary,Local Authority,St Kevin's Primary School,Langmuir Road,Bargeddie,GLASGOW,G69 7RS,North Lanarkshire,S12000050,S01011556,118098993,Roman Catholic,11.2,161,10 - <20%,*,14,Y,N,Y,2,2,Other Urban Areas,Other Urban Areas,2,2,664144,55.8529782,-4.0741412,
5442826,5442826P,Primary,Local Authority,St Leonard's Primary School,St Leonard's Street,Dunfermline,,KY11 3AL,Fife,S12000047,S01009313,320188763,Non-denominational,14.6,149,10 - <20%,20 - <25%,19,N,Y,Y,2,2,Other Urban Areas,Other Urban Areas,2,2,686551,56.0632537,-3.450733,
8532222,8532222P,Primary,Local Authority,St Leonard's Primary School,Brankumhall,Calderwood,EAST KILBRIDE,G74 3YA,South Lanarkshire,S12000029,S01012907,484176554,Roman Catholic,14.9,252,5 - <10%,*,45,N,N,N,2,2,Other Urban Areas,Other Urban Areas,2,2,655459,55.7737582,-4.1421891,
8532427,8532427P,Primary,Local Authority,St Louise's Primary School,Whitehills Terrace,Murray,EAST KILBRIDE,G75 0NF,South Lanarkshire,S12000029,S01012974,484061280,Roman Catholic,10.2,174,10 - <20%,5 - <10%,19,N,Y,Y,2,2,Other Urban Areas,Other Urban Areas,2,2,652991,55.7508607,-4.1828586,
8356726,8356726P,Primary,Local Authority,St Lucy's Primary School,Oak Road,Cumbernauld,,G67 3LQ,North Lanarkshire,S12000050,S01011761,118039477,Roman Catholic,25.8,266,10 - <20%,15 - <20%,37,N,N,N,2,2,Other Urban Areas,Other Urban Areas,2,2,675904,55.9607188,-3.9482945,
8626138,8626138S,Secondary,Local Authority,St Luke's High School,25 Springfield Road,Barrhead,GLASGOW,G78 2SG,East Renfrewshire,S12000011,S01008318,131033613,Roman Catholic,64.8,675,10 - <20%,20 - <25%,72,N,N,N,6,5,Accessible Rural Areas,Accessible Rural Areas,1,1,657753,55.789885,-4.3858719,
5544327,5544327P,Primary,Local Authority,St Luke's Primary School,Stone Avenue,Mayfield,,EH22 5PB,Midlothian,S12000019,S01011029,120032474,Roman Catholic,14.6,192,5 - <10%,35 - <40%,24,N,Y,Y,2,2,Other Urban Areas,Other Urban Areas,2,2,664461,55.8689069,-3.0408972,
8217025,8217025P,Primary,Local Authority,St Luke's Primary School,Pennyburn Road,,KILWINNING,KA13 6LF,North Ayrshire,S12000021,S01011288,126060567,Roman Catholic,11.2,196,5 - <10%,35 - <40%,24,N,Y,Y,2,2,Other Urban Areas,Other Urban Areas,2,2,642955,55.6498872,-4.7218349,
8350426,8350426P,Primary,Local Authority,St Machan's Primary School,St Machan's Way,Lennoxtown,GLASGOW,G66 7GG,East Dunbartonshire,S12000045,S01008160,132017069,Roman Catholic,13.8,169,5 - <10%,15 - <20%,30,N,N,N,3,3,Accessible Small Towns,Accessible Small Towns,3,3,678211,55.9772183,-4.1997648,
5246431,5246431S,Secondary,Local Authority,St Machar Academy,St Machar Drive,Aberdeen,,AB24 3YZ,Aberdeen City,S12000033,S01006662,9051074104,Non-denominational,73.6,1031,>20%,20 - <25%,36,N,N,N,1,1,Large Urban Areas,Large Urban Areas,1,1,808362,57.1660442,-2.1112019,
5348625,5348625P,Primary,Local Authority,St Madoes Primary School,Sidlaw Terrace,St Madoes,GLENCARSE,PH2 7NH,Perth and Kinross,S12000048,S01011957,124068121,Non-denominational,6.7,113,*,0%,68,N,N,N,6,5,Accessible Rural Areas,Accessible Rural Areas,6,5,721003,56.3744691,-3.301934,
8438331,8438331S,Secondary,Local Authority,St Margaret Mary's Secondary School,9 Birgidale Road,,GLASGOW,G45 9NJ,Glasgow City,S12000049,S01009977,906700384302,Roman Catholic,38.1,409,10 - <20%,80 - <85%,1,Y,N,Y,1,1,Large Urban Areas,Large Urban Areas,1,1,658898,55.8029649,-4.2376175,
8357323,8357323P,Primary,Local Authority,St Margaret of Scotland Primary School,Broomlands Road,Cumbernauld,,G67 2PT,North Lanarkshire,S12000050,S01011740,118030645,Roman Catholic,23.7,233,10 - <20%,50 - <55%,12,Y,N,Y,2,2,Other Urban Areas,Other Urban Areas,2,2,673929,55.9423554,-3.98678,
5512530,5512530S,Secondary,Local Authority,St Margaret's Academy,Howden South Road,Howden,LIVINGSTON,EH54 6AT,West Lothian,S12000040,S01013309,200004098365,Roman Catholic,78,1106,>20%,15 - <20%,48,N,N,N,2,2,Other Urban Areas,Other Urban Areas,2,2,667228,55.8887512,-3.5228183,
8505934,8505934S,Secondary,Local Authority,St Margaret's High School,Waverley Drive,Airdrie,,ML6 6EU,North Lanarkshire,S12000050,S01011668,118139527,Roman Catholic,86.9,1128,0 - <5%,40 - <45%,6,Y,N,Y,2,2,Other Urban Areas,Other Urban Areas,2,2,665918,55.8706518,-3.9688407,
5745721,5745721P,Primary,Local Authority,St Margaret's Primary School,Salmon Inn Road,Polmont,FALKIRK,FK2 0XF,Falkirk,S12000014,S01009214,136040430,Non-denominational,19.2,341,0 - <5%,0 - <5%,75,N,N,N,2,2,Other Urban Areas,Other Urban Areas,2,2,678435,55.9868162,-3.7233453,
8623120,8623120P,Primary,Local Authority,St Margaret's Primary School,Buchanan Street,,JOHNSTONE,PA5 8RY,Renfrewshire,S12000038,S01012046,123018402,Roman Catholic,11.7,170,10 - <20%,60 - <65%,11,Y,N,Y,1,1,Large Urban Areas,Large Urban Areas,1,1,662813,55.8326993,-4.5196798,
5442729,5442729P,Primary,Local Authority,St Margaret's R C Primary School,Woodmill Road,Dunfermline,,KY11 4BB,Fife,S12000047,S01009316,320320045,Roman Catholic,18.5,356,>20%,15 - <20%,93,N,N,N,2,2,Other Urban Areas,Other Urban Areas,2,2,687206,56.0692096,-3.4447402,UPRN is a Parent UPRN in SAD 2024 Q1.
5723825,5723825P,Primary,Local Authority,St Margaret's RC Primary,McSherry Court,Cowie,,FK7 7FE,Stirling,S12000030,S01013028,122070138,Roman Catholic,10.6,154,0%,60 - <65%,53,N,N,N,6,5,Accessible Rural Areas,Accessible Rural Areas,6,5,689272,56.0820336,-3.8724215,
5306027,5306027P,Primary,Local Authority,St Margaret's RC Primary School,Blackfriars Street,Montrose,,DD10 8LL,Angus,S12000041,S01007215,117083144,Roman Catholic,3.2,21,>20%,0%,44,N,N,N,2,2,Other Urban Areas,Other Urban Areas,2,2,758402,56.716413,-2.467911,
5518121,5518121P,Primary,Local Authority,St Margaret's RC Primary School,Station Road,South Queensferry,,EH30 9JY,City of Edinburgh,S12000036,S01009003,906429776,Roman Catholic,6.6,85,*,*,88,N,N,N,2,2,Other Urban Areas,Other Urban Areas,2,2,678047,55.9875595,-3.3881378,
5618622,5618622P,Primary,Local Authority,St Margaret's RC Primary School (Galashiels),Livingstone Place,Galashiels,,TD1 1DQ,Scottish Borders,S12000026,S01012281,116018349,Roman Catholic,6.4,103,10 - <20%,5 - <10%,50,N,N,N,2,2,Other Urban Areas,Other Urban Areas,2,2,635997,55.614863,-2.8136435,
8425426,8425426P,Primary,Local Authority,St Maria Goretti Primary School,67 Skerryvore Road,,GLASGOW,G33 3LT,Glasgow City,S12000049,S01010162,906700406374,Roman Catholic,13.2,209,>20%,90 - <95%,3,Y,N,Y,1,1,Large Urban Areas,Large Urban Areas,1,1,665565,55.8642352,-4.162047,
5404029,5404029P,Primary,Local Authority,St Marie's R C Primary School,MacIndoe Crescent,Kirkcaldy,,KY1 2JH,Fife,S12000047,S01009521,320181812,Roman Catholic,24.8,388,>20%,35 - <40%,24,N,Y,Y,2,2,Other Urban Areas,Other Urban Areas,2,2,693669,56.1303859,-3.1491637,
8217521,8217521P,Primary,Local Authority,St Mark's Primary School,Clark Drive,,IRVINE,KA12 0NS,North Ayrshire,S12000021,S01011224,126061408,Roman Catholic,14.1,222,0 - <5%,60 - <65%,14,Y,N,Y,2,2,Other Urban Areas,Other Urban Areas,2,2,639565,55.620974,-4.6507157,
8621225,8621225P,Primary,Local Authority,St Mark's Primary School,30 Roebank Drive,Barrhead,GLASGOW,G78 2JA,East Renfrewshire,S12000011,S01008325,131033527,Roman Catholic,25.4,369,>20%,30 - <35%,34,N,N,N,1,1,Large Urban Areas,Large Urban Areas,1,1,658168,55.793574,-4.38798,
8526028,8526028P,Primary,Local Authority,St Mark's Primary School (Hamilton),Sherry Drive,Little Earnock,HAMILTON,ML3 8XF,South Lanarkshire,S12000029,S01012736,484175443,Roman Catholic,12.3,213,10 - <20%,5 - <10%,49,N,N,N,2,2,Other Urban Areas,Other Urban Areas,2,2,654048,55.76224,-4.0744516,
8457522,8457522P,Primary,Local Authority,St Mark's Primary School (Rutherglen),Kirkriggs Avenue,Blairbeth,RUTHERGLEN,G73 4LY,South Lanarkshire,S12000029,S01012874,484175447,Roman Catholic,10.1,161,10 - <20%,65 - <70%,13,Y,N,Y,1,1,Large Urban Areas,Large Urban Areas,1,1,660105,55.814352,-4.2078009,
5530024,5530024P,Primary,Local Authority,St Mark's RC Primary School,63 Firrhill Crescent,Edinburgh,,EH13 9EE,City of Edinburgh,S12000036,S01008525,906430311,Roman Catholic,9.1,152,>20%,15 - <20%,25,N,Y,Y,1,1,Large Urban Areas,Large Urban Areas,1,1,669377,55.9113362,-3.2298936,
8424721,8424721P,Primary,Local Authority,St Marnock's Primary School,Langton Crescent,,GLASGOW,G53 5LW,Glasgow City,S12000049,S01009790,906700280776,Roman Catholic,15.3,217,10 - <20%,70 - <75%,28,N,N,N,1,1,Large Urban Areas,Large Urban Areas,1,1,662050,55.8293244,-4.3432732,
8424829,8424829P,Primary,Local Authority,St Martha's Primary School,85 Menzies Road,,GLASGOW,G21 3NG,Glasgow City,S12000049,S01010210,906700194659,Roman Catholic,14.6,168,>20%,70 - <75%,24,N,Y,Y,1,1,Large Urban Areas,Large Urban Areas,1,1,668277,55.8876534,-4.2157209,
8303827,8303827P,Primary,Local Authority,St Martin's Primary School,Place of Bonhill,Renton,DUMBARTON,G82 4QB,West Dunbartonshire,S12000039,S01013208,129042501,Roman Catholic,4.1,37,*,70 - <75%,12,Y,N,Y,2,2,Other Urban Areas,Other Urban Areas,2,2,679211,55.9788158,-4.580641,
8427623,8427623SP,Special,Local Authority,St Martin's Primary School,22 Pinkston Drive,,GLASGOW,G21 1NL,Glasgow City,S12000049,S01010219,906700530381,Roman Catholic,0,0,0,0,42,N,N,N,1,1,Large Urban Areas,Large Urban Areas,1,1,666721,55.8732349,-4.2401348,"Pupil roll, FTE teachers, proportion of pupils minority ethnic, and proportion of puplis 20% most deprived is recorded as zero as this school is not included in the School Level Summary Statistics."
8427623,8427623P,Primary,Local Authority,St Martin's Primary School,22 Pinkston Drive,,GLASGOW,G21 1NL,Glasgow City,S12000049,S01010219,906700530381,Roman Catholic,29.4,256,>20%,85 - <90%,42,N,N,N,1,1,Large Urban Areas,Large Urban Areas,1,1,666721,55.8732349,-4.2401348,
5555329,5555329P,Primary,Local Authority,St Martin's RC Primary School,High Street,Tranent,EAST LOTHIAN,EH33 1HJ,East Lothian,S12000010,S01008221,138016123,Roman Catholic,9.9,135,*,20 - <25%,10,Y,N,Y,2,2,Other Urban Areas,Other Urban Areas,2,2,672695,55.9436526,-2.9466913,
5720923,5720923P,Primary,Local Authority,St Mary's Episcopal Primary School,Smithy Loan,Dunblane,,FK15 0HQ,Stirling,S12000030,S01013100,122005640,Episcopalian,4.4,51,10 - <20%,0%,97,N,N,N,3,3,Accessible Small Towns,Accessible Small Towns,3,3,701353,56.1892315,-3.9599285,
5505321,5505321P,Primary,Local Authority,St Mary's Primary School,Whitburn Road,Bathgate,WEST LOTHIAN,EH48 2RD,West Lothian,S12000040,S01013414,135009737,Roman Catholic,21.7,347,10 - <20%,10 - <15%,30,N,N,N,2,2,Other Urban Areas,Other Urban Areas,2,2,668678,55.9001778,-3.6473003,
5542324,5542324P,Primary,Local Authority,St Mary's Primary School,Rosewell Road,Bonnyrigg,,EH19 3HL,Midlothian,S12000019,S01010977,120054260,Roman Catholic,11.4,176,>20%,*,47,N,N,N,2,2,Other Urban Areas,Other Urban Areas,2,2,664635,55.8698426,-3.1128355,
8213224,8213224P,Primary,Local Authority,St Mary's Primary School,Alexander Avenue,,LARGS,KA30 9DR,North Ayrshire,S12000021,S01011334,126087649,Roman Catholic,9.5,109,5 - <10%,5 - <10%,45,N,N,N,6,5,Accessible Rural Areas,Accessible Rural Areas,6,5,660097,55.8009758,-4.8541175,
8425124,8425124P,Primary,Local Authority,St Mary's Primary School,2 Kilmun Street,,GLASGOW,G20 0EL,Glasgow City,S12000049,S01010357,906700074066,Roman Catholic,19.8,264,>20%,80 - <85%,3,Y,N,Y,1,1,Large Urban Areas,Large Urban Areas,1,1,669389,55.89614,-4.2978912,
8626022,8626022P,Primary,Local Authority,St Mary's Primary School,Maxwellton Road,,PAISLEY,PA1 2RJ,Renfrewshire,S12000038,S01012072,123061300,Roman Catholic,16.4,274,>20%,50 - <55%,4,Y,N,Y,1,1,Large Urban Areas,Large Urban Areas,1,1,663445,55.8399314,-4.4425097,
8642222,8642222P,Primary,Local Authority,St Mary's Primary School,16 Patrick Street,Greenock,,PA16 8PH,Inverclyde,S12000018,S01010872,119000000,Roman Catholic,14.4,236,10 - <20%,25 - <30%,29,N,N,N,2,2,Other Urban Areas,Other Urban Areas,2,2,676704,55.9522746,-4.7656905,
8300828,8300828P,Primary,Local Authority,St Mary's Primary School (Alexandria),Bank Street,,ALEXANDRIA,G83 0UJ,West Dunbartonshire,S12000039,S01013223,129032217,Roman Catholic,10.6,172,*,50 - <55%,20,N,Y,Y,2,2,Other Urban Areas,Other Urban Areas,2,2,679994,55.9859546,-4.5758098,
8502129,8502129P,Primary,Local Authority,St Mary's Primary School (Caldercruix),Drumfin Avenue,Caldercruix,AIRDRIE,ML6 7QP,North Lanarkshire,S12000050,S01011680,118181186,Roman Catholic,6.6,62,*,50 - <55%,9,Y,N,Y,6,5,Accessible Rural Areas,Accessible Rural Areas,6,5,667870,55.8895163,-3.8843559,
8511829,8511829P,Primary,Local Authority,St Mary's Primary School (Cleland),Chapel Street,Cleland,MOTHERWELL,ML1 5QX,North Lanarkshire,S12000050,S01011450,118095877,Roman Catholic,8.8,127,10 - <20%,*,65,N,N,N,3,3,Accessible Small Towns,Accessible Small Towns,3,3,658086,55.8010421,-3.9198535,
8505322,8505322P,Primary,Local Authority,St Mary's Primary School (Coatbridge),Dundyvan Road,Whifflet,COATBRIDGE,ML5 4BA,North Lanarkshire,S12000050,S01011572,118120896,Roman Catholic,15.4,209,0 - <5%,35 - <40%,22,N,Y,Y,2,2,Other Urban Areas,Other Urban Areas,2,2,664021,55.8527047,-4.0242166,
8356823,8356823P,Primary,Local Authority,St Mary's Primary School (Cumbernauld),Liddell Road,Cumbernauld,,G67 1JB,North Lanarkshire,S12000050,S01011744,118028314,Roman Catholic,8,118,10 - <20%,10 - <15%,25,N,Y,Y,2,2,Other Urban Areas,Other Urban Areas,2,2,674394,55.9463542,-3.9979071,
8313725,8313725P,Primary,Local Authority,St Mary's Primary School (Duntocher),Chapel Road,Duntocher,CLYDEBANK,G81 6DL,West Dunbartonshire,S12000039,S01013161,129033651,Roman Catholic,16.4,312,0 - <5%,15 - <20%,29,N,N,N,1,1,Large Urban Areas,Large Urban Areas,1,1,672843,55.9248823,-4.4179834,
8521921,8521921P,Primary,Local Authority,St Mary's Primary School (Hamilton),Cadzow Street,,HAMILTON,ML3 6JT,South Lanarkshire,S12000029,S01012718,484165172,Roman Catholic,25.1,452,10 - <20%,5 - <10%,51,N,N,N,2,2,Other Urban Areas,Other Urban Areas,2,2,655635,55.7770039,-4.0445426,
8550220,8550220P,Primary,Local Authority,St Mary's Primary School (Lanark),Skye Walk,Carluke,,ML11 7NT,South Lanarkshire,S12000029,S01012631,484166053,Roman Catholic,8.9,125,5 - <10%,10 - <15%,27,N,N,N,3,3,Accessible Small Towns,Accessible Small Towns,3,3,643614,55.6733047,-3.7654265,
8523223,8523223P,Primary,Local Authority,St Mary's Primary School (Larkhall),Raploch Road,Larkhall,,ML9 1AN,South Lanarkshire,S12000029,S01012662,484079748,Roman Catholic,5.8,84,>20%,25 - <30%,22,N,Y,Y,2,2,Other Urban Areas,Other Urban Areas,2,2,650920,55.735652,-3.982216,
5328225,5328225P,Primary,Local Authority,St Mary's RC Primary School,St Mary's Lane,Lochee,DUNDEE,DD2 3AQ,Dundee City,S12000042,S01007853,9059056227,Roman Catholic,18.4,282,10 - <20%,70 - <75%,1,Y,N,Y,1,1,Large Urban Areas,Large Urban Areas,1,1,731494,56.4714626,-3.0081954,
5501822,5501822P,Primary,Local Authority,St Mary's RC Primary School,10 Polbeth Road,Polbeth,WEST CALDER,EH55 8SR,West Lothian,S12000040,S01013260,200004091854,Roman Catholic,15.8,172,*,*,23,N,Y,Y,2,2,Other Urban Areas,Other Urban Areas,2,2,664062,55.8598846,-3.5561683,
5553628,5553628P,Primary,Local Authority,St Mary's RC Primary School,Tynebank Road,Haddington,EAST LOTHIAN,EH41 4DN,East Lothian,S12000010,S01008259,138062257,Roman Catholic,7.5,104,*,*,54,N,N,N,2,2,Other Urban Areas,Other Urban Areas,2,2,673564,55.9526219,-2.7817404,
5723221,5723221P,Primary,Local Authority,St Mary's RC Primary School,Park Drive,Bannockburn,,FK7 0EH,Stirling,S12000030,S01013046,122036285,Roman Catholic,17.7,267,10 - <20%,10 - <15%,34,N,N,N,2,2,Other Urban Areas,Other Urban Areas,2,2,690780,56.0948782,-3.9178835,
5758823,5758823P,Primary,Local Authority,St Mary's RC Primary School,Gauze Road,Bo'ness,,EH51 9QB,Falkirk,S12000014,S01009259,136061441,Roman Catholic,11.8,154,5 - <10%,5 - <10%,79,N,N,N,2,2,Other Urban Areas,Other Urban Areas,2,2,681056,56.0120068,-3.6018685,
5530121,5530121P,Primary,Local Authority,St Mary's RC Primary School (Edinburgh),63 East London Street,Edinburgh,,EH7 4BW,City of Edinburgh,S12000036,S01008846,906087020,Roman Catholic,15.9,314,>20%,0 - <5%,73,N,N,N,1,1,Large Urban Areas,Large Urban Areas,1,1,674706,55.9596372,-3.1873299,
5530229,5530229P,Primary,Local Authority,St Mary's RC Primary School (Leith),30 Links Gardens,Edinburgh,,EH6 7JG,City of Edinburgh,S12000036,S01008768,906147259,Roman Catholic,17.2,289,>20%,15 - <20%,32,N,N,N,1,1,Large Urban Areas,Large Urban Areas,1,1,676019,55.9716964,-3.1598359,
8210039,8210039S,Secondary,Local Authority,St Matthew's Academy,Jack's Road,,SALTCOATS,KA21 5NT,North Ayrshire,S12000021,S01011258,126068279,Roman Catholic,96.1,1303,0 - <5%,45 - <50%,63,N,N,N,2,2,Other Urban Areas,Other Urban Areas,2,2,642372,55.6431532,-4.7883122,
5545528,5545528P,Primary,Local Authority,St Matthew's Primary School,32 Carnethie Street,Rosewell,,EH24 9AT,Midlothian,S12000019,S01010932,120032067,Roman Catholic,5.5,54,10 - <20%,0%,31,N,N,N,6,5,Accessible Rural Areas,Accessible Rural Areas,6,5,662963,55.8546179,-3.1346675,
8340528,8340528P,Primary,Local Authority,St Matthew's Primary School,Park Road,Bishopbriggs,GLASGOW,G64 2NP,East Dunbartonshire,S12000045,S01008096,132011319,Roman Catholic,18.4,273,5 - <10%,5 - <10%,87,N,N,N,1,1,Large Urban Areas,Large Urban Areas,1,1,670657,55.9090424,-4.2157572,
8358931,8358931S,Secondary,Local Authority,St Maurice's High School,Westfield,Cumbernauld,,G68 9AG,North Lanarkshire,S12000050,S01011727,118019853,Roman Catholic,65.5,953,0 - <5%,15 - <20%,90,N,N,N,2,2,Other Urban Areas,Other Urban Areas,2,2,673974,55.9420209,-4.0320956,
8302227,8302227P,Primary,Local Authority,St Michael's Primary School,St Michael's Way,Off Castlehill Road,DUMBARTON,G82 5BS,West Dunbartonshire,S12000039,S01013200,129044225,Roman Catholic,11.4,180,5 - <10%,80 - <85%,19,N,Y,Y,2,2,Other Urban Areas,Other Urban Areas,2,2,675832,55.9483612,-4.5846363,
8341524,8341524P,Primary,Local Authority,St Michael's Primary School,Burnbrae Avenue,Moodiesburn,GLASGOW,G69 0ER,North Lanarkshire,S12000050,S01011716,118009641,Roman Catholic,14,256,5 - <10%,10 - <15%,72,N,N,N,2,2,Other Urban Areas,Other Urban Areas,2,2,670955,55.9140896,-4.0799974,
8425221,8425221P,Primary,Local Authority,St Michael's Primary School,865 Springfield Road,,GLASGOW,G31 4HZ,Glasgow City,S12000049,S01010052,906700216576,Roman Catholic,23.4,356,>20%,80 - <85%,4,Y,N,Y,1,1,Large Urban Areas,Large Urban Areas,1,1,664073,55.8501591,-4.1996708,
8643725,8643725P,Primary,Local Authority,St Michael's Primary School,Bridgend Avenue,Port Glasgow,,PA14 5SU,Inverclyde,S12000018,S01010919,119000693,Roman Catholic,12.5,149,*,70 - <75%,18,N,Y,Y,2,2,Other Urban Areas,Other Urban Areas,2,2,673758,55.927994,-4.6658517,
5936624,5936624P,Primary,Local Authority,St Michael's School,Glebe Street,Dumfries,,DG1 2LZ,Dumfries and Galloway,S12000006,S01007611,137044660,Non-denominational,9.4,168,10 - <20%,20 - <25%,23,N,Y,Y,2,2,Other Urban Areas,Other Urban Areas,2,2,575517,55.0635535,-3.6036894,
8425329,8425329P,Primary,Local Authority,St Mirin's Primary School,260 Carmunnock Road,,GLASGOW,G44 5AP,Glasgow City,S12000049,S01010010,906700260767,Roman Catholic,17,277,10 - <20%,20 - <25%,73,N,N,N,1,1,Large Urban Areas,Large Urban Areas,1,1,660311,55.8154783,-4.2478012,
5726336,5726336S,Secondary,Local Authority,St Modan's High School,Royal Stuart Way,,STIRLING,FK7 7WS,Stirling,S12000030,S01013066,122062503,Roman Catholic,84.2,1005,*,25 - <30%,28,N,N,N,2,2,Other Urban Areas,Other Urban Areas,2,2,693560,56.1200367,-3.906507,
5425824,5425824P,Primary,Local Authority,St Monans Primary School,Hope Place,St Monans,ANSTRUTHER,KY10 2DH,Fife,S12000047,S01009706,320176205,Non-denominational,6.1,80,0%,0%,35,N,N,N,6,5,Accessible Rural Areas,Accessible Rural Areas,6,5,701867,56.2070283,-2.7634991,
8420220,8420220P,Primary,Local Authority,St Monica's (Milton) Primary School,200 Liddesdale Road,,GLASGOW,G22 7QX,Glasgow City,S12000049,S01010332,906700429867,Roman Catholic,27.4,420,>20%,85 - <90%,1,Y,N,Y,1,1,Large Urban Areas,Large Urban Areas,1,1,669330,55.8964035,-4.2549919,
8425523,8425523P,Primary,Local Authority,St Monica's Primary School,30 Kempsthorn Road,,GLASGOW,G53 5SR,Glasgow City,S12000049,S01009805,906700261711,Roman Catholic,21.6,386,>20%,45 - <50%,11,Y,N,Y,1,1,Large Urban Areas,Large Urban Areas,1,1,662379,55.832052,-4.35527,School Contacts List UPRN (10091882040) is not in SAD 2024 Q1.  GISAT has assigned the UPRN for St Monica's Primary School as it is in SAD 2024 Q1 (906700261711).
8503621,8503621P,Primary,Local Authority,St Monica's Primary School,Craigend Drive,Kirkwood,COATBRIDGE,ML5 5TJ,North Lanarkshire,S12000050,S01011560,118195034,Roman Catholic,11,197,0 - <5%,70 - <75%,13,Y,N,Y,2,2,Other Urban Areas,Other Urban Areas,2,2,663719,55.849502,-4.05411,
5947928,5947928P,Primary,Local Authority,St Mungo School,Kettleholm,Lockerbie,,DG11 1BT,Dumfries and Galloway,S12000006,S01007656,137064602,Non-denominational,2.8,44,*,0%,44,N,N,N,6,5,Accessible Rural Areas,Accessible Rural Areas,6,5,577284,55.0825716,-3.3445356,
8438439,8438439S,Secondary,Local Authority,St Mungo's Academy,235 Crownpoint Road,,GLASGOW,G40 2RA,Glasgow City,S12000049,S01010055,906700358482,Roman Catholic,77.2,1015,>20%,80 - <85%,2,Y,N,Y,1,1,Large Urban Areas,Large Urban Areas,1,1,664547,55.8540426,-4.2206131,
8425620,8425620P,Primary,Local Authority,St Mungo's Primary School & Nursery Class,45 Parson Street,,GLASGOW,G4 0PX,Glasgow City,S12000049,S01010262,906700087577,Roman Catholic,11.6,179,>20%,40 - <45%,4,Y,N,Y,1,1,Large Urban Areas,Large Urban Areas,1,1,665798,55.8649621,-4.2384651,
5746434,5746434S,Secondary,Local Authority,St Mungo's RC High School,Merchison Avenue,Falkirk,,FK2 7JT,Falkirk,S12000014,S01009133,136079081,Roman Catholic,99.1,1212,10 - <20%,15 - <20%,11,Y,N,Y,2,2,Other Urban Areas,Other Urban Areas,2,2,680772,56.0068307,-3.792484,
5703824,5703824P,Primary,Local Authority,St Mungo's RC Primary School,C/o Alloa Academy,Bowhouse Road,,FK10 1DN,Clackmannanshire,S12000005,S01007464,35002767,Roman Catholic,9.8,138,*,35 - <40%,8,Y,N,Y,2,2,Other Urban Areas,Other Urban Areas,2,2,692272,56.1103503,-3.7801016,
8102929,8102929P,Primary,Local Authority,St Mun's Primary School,Pilot Street,Dunoon,ARGYLL,PA23 8DB,Argyll and Bute,S12000035,S01007366,125031673,Roman Catholic,3.4,33,*,65 - <70%,3,Y,N,Y,5,4,Very Remote Small Towns,Remote Small Towns,5,4,677183,55.9528389,-4.927169,
5506220,5506220P,Primary,Local Authority,St Nicholas Primary School,189B West Main Street,Broxburn,WEST LOTHIAN,EH52 5RH,West Lothian,S12000040,S01013459,135043372,Roman Catholic,23.1,386,>20%,0 - <5%,31,N,N,N,2,2,Other Urban Areas,Other Urban Areas,2,2,671836,55.9306457,-3.4834789,
1004611,1004611P,Primary,Local Authority,St Nicholas' Primary School,Duntocher Road,Bearsden,GLASGOW,G61 4QL,East Dunbartonshire,S12000045,S01008061,132058308,Roman Catholic,20.6,286,10 - <20%,5 - <10%,77,N,N,N,1,1,Large Urban Areas,Large Urban Areas,1,1,672859,55.9263379,-4.3506954,
5347726,5347726P,Primary,Local Authority,St Ninian's Episcopal Primary School,1-5 Dunkeld Road,Perth,,PH1 5RW,Perth and Kinross,S12000048,S01011935,124046162,Episcopalian,5.3,73,>20%,30 - <35%,38,N,N,N,2,2,Other Urban Areas,Other Urban Areas,2,2,724077,56.4005889,-3.437684,
8337934,8337934S,Secondary,Local Authority,St Ninian's High School,Bellfield Road,Kirkintilloch,,G66 1DT,East Dunbartonshire,S12000045,S01008133,132053075,Roman Catholic,81,889,5 - <10%,10 - <15%,37,N,N,N,2,2,Other Urban Areas,Other Urban Areas,2,2,673578,55.9362388,-4.1626319,
8602433,8602433S,Secondary,Local Authority,St Ninian's High School,13 Eastwood Park,Rouken Glen Road,GIFFNOCK,G46 6UX,East Renfrewshire,S12000011,S01008413,131033206,Roman Catholic,154.9,1943,>20%,0 - <5%,54,N,N,N,1,1,Large Urban Areas,Large Urban Areas,1,1,658626,55.7993299,-4.3020449,
5511224,5511224P,Primary,Local Authority,St Ninian's Primary School,Douglas Rise,Dedridge,LIVINGSTON,EH54 6JH,West Lothian,S12000040,S01013282,200004145189,Roman Catholic,15.9,245,>20%,15 - <20%,16,N,Y,Y,2,2,Other Urban Areas,Other Urban Areas,2,2,666454,55.8820778,-3.4998242,
5725623,5725623P,Primary,Local Authority,St Ninian's Primary School,Torbrex Road,St Ninians,STIRLING,FK7 9HN,Stirling,S12000030,S01013059,122017220,Non-denominational,23.8,417,10 - <20%,10 - <15%,80,N,N,N,2,2,Other Urban Areas,Other Urban Areas,2,2,691835,56.1039418,-3.944539,
8234728,8234728P,Primary,Local Authority,St Ninian's Primary School,Sherwood Road,Prestwick,,KA9 1EY,South Ayrshire,S12000028,S01012534,141042895,Roman Catholic,9.6,129,*,5 - <10%,34,N,N,N,2,2,Other Urban Areas,Other Urban Areas,2,2,625969,55.4999191,-4.5969025,
8425728,8425728P,Primary,Local Authority,St Ninian's Primary School,2150 Great Western Road,,GLASGOW,G13 2AB,Glasgow City,S12000049,S01010480,906700055911,Roman Catholic,22.4,326,>20%,45 - <50%,29,N,N,N,1,1,Large Urban Areas,Large Urban Areas,1,1,670072,55.9012719,-4.3511782,
8522022,8522022P,Primary,Local Authority,St Ninian's Primary School,13 St Ninian's Road,Hillhouse,HAMILTON,ML3 9TS,South Lanarkshire,S12000029,S01012750,484162251,Roman Catholic,12.6,230,10 - <20%,45 - <50%,14,Y,N,Y,2,2,Other Urban Areas,Other Urban Areas,2,2,655532,55.7754566,-4.0815639,
8642826,8642826P,Primary,Local Authority,St Ninian's Primary School,Staffa Street,Gourock,,PA19 1SL,Inverclyde,S12000018,S01010838,119001791,Roman Catholic,17.2,313,0 - <5%,15 - <20%,64,N,N,N,2,2,Other Urban Areas,Other Urban Areas,2,2,676681,55.9507806,-4.8220475,
5400821,5400821P,Primary,Local Authority,St Ninian's R C Primary School,78 Derran Drive,Cardenden,LOCHGELLY,KY5 0JJ,Fife,S12000047,S01009441,320179310,Roman Catholic,10.6,135,5 - <10%,*,27,N,N,N,3,3,Accessible Small Towns,Accessible Small Towns,3,3,695820,56.1486705,-3.2561869,
5328527,5328527P,Primary,Local Authority,St Ninian's RC Primary School,Dochart Terrace,Menzieshill,DUNDEE,DD2 4HB,Dundee City,S12000042,S01007840,9059054592,Roman Catholic,15.8,252,5 - <10%,35 - <40%,26,N,N,N,1,1,Large Urban Areas,Large Urban Areas,1,1,731061,56.4673551,-3.0346559,
5530326,5530326P,Primary,Local Authority,St Ninian's RC Primary School,150 Restalrig Road South,Edinburgh,,EH7 6JA,City of Edinburgh,S12000036,S01008756,906211224,Roman Catholic,12,190,>20%,45 - <50%,14,Y,N,Y,1,1,Large Urban Areas,Large Urban Areas,1,1,674786,55.9607045,-3.1505692,
8442843,8442843SP,Special,Local Authority,St Oswald's Secondary School,9 Brigidale Road,,GLASGOW,G45 9NJ,Glasgow City,S12000049,S01009977,906700384302,Roman Catholic,16.1,55,10 - <20%,65 - <70%,1,Y,N,Y,1,1,Large Urban Areas,Large Urban Areas,1,1,658898,55.8029649,-4.2376175,
8211027,8211027P,Primary,Local Authority,St Palladius' Primary School,Roche Way,,DALRY,KA24 5DG,North Ayrshire,S12000021,S01011302,126060749,Roman Catholic,7,74,*,65 - <70%,6,Y,N,Y,3,3,Accessible Small Towns,Accessible Small Towns,3,3,649308,55.7069917,-4.7218587,
8235422,8235422P,Primary,Local Authority,St Patrick's Primary School,Academy Street,Troon,,KA10 6HR,South Ayrshire,S12000028,S01012565,141007480,Roman Catholic,8.7,99,10 - <20%,5 - <10%,79,N,N,N,2,2,Other Urban Areas,Other Urban Areas,2,2,630948,55.5432969,-4.6609711,
8240728,8240728P,Primary,Local Authority,St Patrick's Primary School,Well Road,Auchinleck,,KA18 2LA,East Ayrshire,S12000008,S01007922,127046555,Roman Catholic,9.2,124,*,60 - <65%,9,Y,N,Y,3,3,Accessible Small Towns,Accessible Small Towns,3,3,622037,55.4706437,-4.2933313,
8302324,8302324P,Primary,Local Authority,St Patrick's Primary School,Crosslet Road,,DUMBARTON,G82 2LQ,West Dunbartonshire,S12000039,S01013196,129010197,Roman Catholic,18.9,356,0 - <5%,0 - <5%,79,N,N,N,2,2,Other Urban Areas,Other Urban Areas,2,2,675499,55.9459935,-4.554671,
8425825,8425825P,Primary,Local Authority,St Patrick's Primary School,10 Perth Street,,GLASGOW,G3 8UQ,Glasgow City,S12000049,S01010272,906700091102,Roman Catholic,18.8,211,>20%,55 - <60%,13,Y,N,Y,1,1,Large Urban Areas,Large Urban Areas,1,1,665480,55.861495,-4.2716814,
8533024,8533024P,Primary,Local Authority,St Patrick's Primary School,Commercial Road,,STRATHAVEN,ML10 6JW,South Lanarkshire,S12000029,S01012692,484186601,Roman Catholic,7.3,101,5 - <10%,*,45,N,N,N,3,3,Accessible Small Towns,Accessible Small Towns,3,3,644896,55.6801534,-4.0647567,
8642524,8642524P,Primary,Local Authority,St Patrick's Primary School,Broomhill Street,Greenock,,PA15 4HL,Inverclyde,S12000018,S01010884,119000347,Roman Catholic,18.1,298,10 - <20%,55 - <60%,5,Y,N,Y,2,2,Other Urban Areas,Other Urban Areas,2,2,675612,55.9423904,-4.7683577,
8503729,8503729P,Primary,Local Authority,St Patrick's Primary School (Coatbridge),Kildonan Street,Coatbridge,,ML5 3LG,North Lanarkshire,S12000050,S01011596,118122745,Roman Catholic,17.2,292,*,20 - <25%,29,N,N,N,2,2,Other Urban Areas,Other Urban Areas,2,2,665381,55.8650306,-4.0179223,
8358826,8358826P,Primary,Local Authority,St Patrick's Primary School (Kilsyth),Backbrae Street,Kilsyth,,G65 0NA,North Lanarkshire,S12000050,S01011796,118012731,Roman Catholic,13.6,239,0 - <5%,30 - <35%,15,Y,N,Y,2,2,Other Urban Areas,Other Urban Areas,2,2,677460,55.9728823,-4.0601886,
8514321,8514321P,Primary,Local Authority,St Patrick's Primary School (New Stevenston),10 Coronation Road East,New Stevenston,MOTHERWELL,ML1 4HX,North Lanarkshire,S12000050,S01011462,118181189,Roman Catholic,12.2,193,*,20 - <25%,33,N,N,N,1,1,Large Urban Areas,Large Urban Areas,1,1,659227,55.8103213,-3.9812886,
8514623,8514623P,Primary,Local Authority,St Patrick's Primary School (Shotts),Station Road,Shotts,,ML7 4BJ,North Lanarkshire,S12000050,S01011430,118051783,Roman Catholic,12.8,195,*,25 - <30%,65,N,N,N,3,3,Accessible Small Towns,Accessible Small Towns,3,3,659955,55.8197233,-3.7951028,
5443725,5443725P,Primary,Local Authority,St Patrick's R C Primary School,41 Station Road,Lochgelly,,KY5 9QX,Fife,S12000047,S01009444,320189758,Roman Catholic,14,192,*,20 - <25%,78,N,N,N,2,2,Other Urban Areas,Other Urban Areas,2,2,694042,56.132111,-3.3123787,
5741726,5741726P,Primary,Local Authority,St Patrick's RC Primary School,Carronbank Crescent,Denny,,FK6 6DW,Falkirk,S12000014,S01009058,136068661,Roman Catholic,18.4,279,5 - <10%,*,29,N,N,N,2,2,Other Urban Areas,Other Urban Areas,2,2,683097,56.0259869,-3.9081743,
8425922,8425922P,Primary,Local Authority,St Paul's (Shettleston) Primary School & Nursery Class,85 Anwoth Street,,GLASGOW,G32 7RR,Glasgow City,S12000049,S01010062,906700124522,Roman Catholic,24.4,368,10 - <20%,70 - <75%,9,Y,N,Y,1,1,Large Urban Areas,Large Urban Areas,1,1,663492,55.8454374,-4.1715455,
8426023,8426023P,Primary,Local Authority,St Paul's (Whiteinch) Primary School,17 Primrose Street,,GLASGOW,G14 0TF,Glasgow City,S12000049,S01010425,906700085167,Roman Catholic,17.7,255,>20%,80 - <85%,5,Y,N,Y,1,1,Large Urban Areas,Large Urban Areas,1,1,667108,55.8747932,-4.3427668,
8432139,8432139S,Secondary,Local Authority,St Paul's High School,36 Damshot Road,,GLASGOW,G53 5HW,Glasgow City,S12000049,S01009788,906700256689,Roman Catholic,81.2,1075,>20%,65 - <70%,25,N,Y,Y,1,1,Large Urban Areas,Large Urban Areas,1,1,661491,55.824408,-4.3376131,
5500621,5500621P,Primary,Local Authority,St Paul's Primary School,Main Street,East Calder,WEST LOTHIAN,EH53 0ES,West Lothian,S12000040,S01013298,135009681,Roman Catholic,9.8,131,10 - <20%,*,66,N,N,N,3,3,Accessible Small Towns,Accessible Small Towns,3,3,667945,55.8959943,-3.4566848,
8522227,8522227P,Primary,Local Authority,St Paul's Primary School,Backmuir Road,Whitehill,HAMILTON,ML3 0PX,South Lanarkshire,S12000029,S01012797,484053700,Roman Catholic,9.1,126,10 - <20%,50 - <55%,14,Y,N,Y,2,2,Other Urban Areas,Other Urban Areas,2,2,656961,55.7886154,-4.0628067,
8626227,8626227P,Primary,Local Authority,St Paul's Primary School,Morar Drive,,PAISLEY,PA2 9FA,Renfrewshire,S12000038,S01012080,123111998,Roman Catholic,16.4,180,10 - <20%,70 - <75%,10,Y,N,Y,1,1,Large Urban Areas,Large Urban Areas,1,1,662354,55.8297607,-4.4611186,
5402328,5402328P,Primary,Local Authority,St Paul's R C Primary School,Caskieberran Drive,Glenrothes,,KY6 2AT,Fife,S12000047,S01009565,320180152,Roman Catholic,13.4,236,10 - <20%,35 - <40%,26,N,N,N,2,2,Other Urban Areas,Other Urban Areas,2,2,700438,56.19088,-3.1836185,
5330033,5330033S,Secondary,Local Authority,St Paul's RC Academy,90 Gillburn Road,Dundee,,DD3 0EH,Dundee City,S12000042,S01007808,9059095192,Roman Catholic,80.9,997,5 - <10%,50 - <55%,12,Y,N,Y,1,1,Large Urban Areas,Large Urban Areas,1,1,733119,56.4862973,-2.9788721,
5328624,5328624P,Primary,Local Authority,St Peter & Paul RC School,Byron Street,Dundee,,DD3 6QN,Dundee City,S12000042,S01007718,9059010848,Roman Catholic,21.4,348,>20%,65 - <70%,8,Y,N,Y,1,1,Large Urban Areas,Large Urban Areas,1,1,731680,56.4733511,-2.9810547,
8300135,8300135S,Secondary,Local Authority,St Peter the Apostle High School,Kirkoswald Drive,,CLYDEBANK,G81 2DB,West Dunbartonshire,S12000039,S01013140,129052717,Roman Catholic,101.7,1517,5 - <10%,50 - <55%,9,Y,N,Y,1,1,Large Urban Areas,Large Urban Areas,1,1,671676,55.9147769,-4.3984058,
5618924,5618924P,Primary,Local Authority,St Peter's Primary School,Parsonage Road,Galashiels,,TD1 3DS,Scottish Borders,S12000026,S01012283,116024844,Non-denominational,14.5,230,5 - <10%,0 - <5%,48,N,N,N,2,2,Other Urban Areas,Other Urban Areas,2,2,635505,55.6105213,-2.8016317,
8210721,8210721P,Primary,Local Authority,St Peter's Primary School,South Isle Road,,ARDROSSAN,KA22 7PX,North Ayrshire,S12000021,S01011249,126060284,Roman Catholic,9.8,145,*,45 - <50%,76,N,N,N,2,2,Other Urban Areas,Other Urban Areas,2,2,644007,55.6573279,-4.8111828,
8302421,8302421P,Primary,Local Authority,St Peter's Primary School,Bellsmyre Campus,Howatshaws Road,DUMBARTON,G82 3DR,West Dunbartonshire,S12000039,S01013184,129056553,Roman Catholic,9.6,145,*,15 - <20%,12,Y,N,Y,2,2,Other Urban Areas,Other Urban Areas,2,2,676790,55.9577091,-4.5496659,
8522324,8522324P,Primary,Local Authority,St Peter's Primary School,Highstonehall Road,Laighstonehall,HAMILTON,ML3 8LU,South Lanarkshire,S12000029,S01012736,484175676,Roman Catholic,9.6,123,10 - <20%,50 - <55%,49,N,N,N,2,2,Other Urban Areas,Other Urban Areas,2,2,654276,55.7644664,-4.0639218,
8626324,8626324P,Primary,Local Authority,St Peter's Primary School,Braehead Road,,PAISLEY,PA2 8DZ,Renfrewshire,S12000038,S01012099,123039639,Roman Catholic,12.4,223,10 - <20%,10 - <15%,23,N,Y,Y,1,1,Large Urban Areas,Large Urban Areas,1,1,661626,55.8237264,-4.435251,
5206529,5206529P,Primary,Local Authority,St Peter's RC Primary School,37 St Peter's Terrace,Buckie,MORAY,AB56 1QN,Moray,S12000020,S01011080,133038863,Roman Catholic,7.5,102,5 - <10%,0%,46,N,N,N,3,3,Accessible Small Towns,Accessible Small Towns,3,3,865338,57.6741263,-2.9753104,
5530520,5530520P,Primary,Local Authority,St Peter's RC Primary School,10 Falcon Road,Edinburgh,,EH10 4AH,City of Edinburgh,S12000036,S01008629,906423753,Roman Catholic,16.4,323,>20%,0 - <5%,97,N,N,N,1,1,Large Urban Areas,Large Urban Areas,1,1,671358,55.9293812,-3.2051939,
5242126,5242126P,Primary,Local Authority,St Peter's RC School,74 Dunbar Street,Aberdeen,,AB24 3UJ,Aberdeen City,S12000033,S01006672,9051087434,Roman Catholic,13.6,203,>20%,15 - <20%,32,N,N,N,1,1,Large Urban Areas,Large Urban Areas,1,1,808540,57.1676547,-2.0972014,
8426422,8426422P,Primary,Local Authority,St Philomena's Primary School,35 Robroyston Road,,GLASGOW,G33 1EA,Glasgow City,S12000049,S01010184,906700348464,Roman Catholic,17.4,209,>20%,60 - <65%,12,Y,N,Y,1,1,Large Urban Areas,Large Urban Areas,1,1,667332,55.8795815,-4.1922221,
5328721,5328721P,Primary,Local Authority,St Pius' RC Primary School,Banchory Road,Dundee,,DD4 7TQ,Dundee City,S12000042,S01007745,9059059106,Roman Catholic,12,156,*,85 - <90%,18,N,Y,Y,1,1,Large Urban Areas,Large Urban Areas,1,1,732067,56.4773569,-2.9117694,
8426821,8426821P,Primary,Local Authority,St Roch's Primary School,267 Royston Road,,GLASGOW,G21 2BS,Glasgow City,S12000049,S01010225,906700209241,Roman Catholic,28.6,354,>20%,90 - <95%,10,Y,N,Y,1,1,Large Urban Areas,Large Urban Areas,1,1,666440,55.871023,-4.2224138,
8438730,8438730S,Secondary,Local Authority,St Roch's Secondary School,25 Rhymer Street,,GLASGOW,G21 2NF,Glasgow City,S12000049,S01010231,906700219718,Roman Catholic,69.6,696,>20%,80 - <85%,5,Y,N,Y,1,1,Large Urban Areas,Large Urban Areas,1,1,666204,55.8687383,-4.2314579,
5600421,5600421P,Primary,Local Authority,St Ronan's Primary School,Innerleithen,Peeblesshire,,EH44 6PB,Scottish Borders,S12000026,S01012265,116025218,Non-denominational,10.5,212,*,*,45,N,N,N,3,3,Accessible Small Towns,Accessible Small Towns,3,3,637033,55.6223443,-3.0537068,
8305129,8305129P,Primary,Local Authority,St Ronan's Primary School,Ladyton,Bonhill,ALEXANDRIA,G83 9DZ,West Dunbartonshire,S12000039,S01013217,129056406,Roman Catholic,8.2,91,*,60 - <65%,30,N,N,N,2,2,Other Urban Areas,Other Urban Areas,2,2,679207,55.9791113,-4.5651433,
8426929,8426929P,Primary,Local Authority,St Rose Of Lima Primary School,295 Mossvale Road,,GLASGOW,G33 5QS,Glasgow City,S12000049,S01010166,906700418276,Roman Catholic,28.8,459,>20%,45 - <50%,22,N,Y,Y,1,1,Large Urban Areas,Large Urban Areas,1,1,666484,55.8725655,-4.1580024,
8427127,8427127P,Primary,Local Authority,St Saviour's Primary School,635 Govan Road,,GLASGOW,G51 2AQ,Glasgow City,S12000049,S01009859,906700431916,Roman Catholic,13.4,152,>20%,80 - <85%,3,Y,N,Y,1,1,Large Urban Areas,Large Urban Areas,1,1,665468,55.8607555,-4.305629,
5702224,5702224P,Primary,Local Authority,St Serf's Primary School,St Serf's Road,Tullibody,,FK10 2RD,Clackmannanshire,S12000005,S01007419,35021943,Non-denominational,12.6,182,*,55 - <60%,19,N,Y,Y,3,3,Accessible Small Towns,Accessible Small Towns,3,3,695440,56.1379652,-3.8383181,
8501424,8501424P,Primary,Local Authority,St Serf's Primary School,Thrashbush Road,Airdrie,,ML6 6QU,North Lanarkshire,S12000050,S01011667,118142401,Roman Catholic,11.9,184,5 - <10%,80 - <85%,12,Y,N,Y,2,2,Other Urban Areas,Other Urban Areas,2,2,666546,55.8762512,-3.9716022,
5445426,5445426P,Primary,Local Authority,St Serf's R C Primary School,Preston Street,High Valleyfield,DUNFERMLINE,KY12 8SE,Fife,S12000047,S01009281,320189101,Roman Catholic,5.8,69,*,90 - <95%,14,Y,N,Y,3,3,Accessible Small Towns,Accessible Small Towns,3,3,686716,56.0628294,-3.6047299,
8221022,8221022P,Primary,Local Authority,St Sophia's Primary School,Nelville Drive,Galston,,KA4 8BN,East Ayrshire,S12000008,S01007953,127047187,Roman Catholic,8.4,90,*,25 - <30%,33,N,N,N,3,3,Accessible Small Towns,Accessible Small Towns,3,3,636546,55.5991788,-4.3914186,
8645639,8645639S,Secondary,Local Authority,St Stephen's High School,Port Glasgow Community Campus,Kilmacolm Road,PORT GLASGOW,PA14 6PP,Inverclyde,S12000018,S01010926,119054309,Roman Catholic,46,542,0 - <5%,65 - <70%,12,Y,N,Y,2,2,Other Urban Areas,Other Urban Areas,2,2,672845,55.9200465,-4.6535948,
8313520,8313520P,Primary,Local Authority,St Stephen's Primary School,Second Avenue,Dalmuir,CLYDEBANK,G81 3LE,West Dunbartonshire,S12000039,S01013165,129025809,Roman Catholic,13.4,216,*,30 - <35%,42,N,N,N,1,1,Large Urban Areas,Large Urban Areas,1,1,671272,55.9107421,-4.419023,
8503826,8503826P,Primary,Local Authority,St Stephen's Primary School,Sikeside Street,Coatbridge,,ML5 4QH,North Lanarkshire,S12000050,S01011610,118127026,Roman Catholic,26.6,286,0 - <5%,40 - <45%,6,Y,N,Y,2,2,Other Urban Areas,Other Urban Areas,2,2,664229,55.8549748,-3.9997298,
5341523,5341523P,Primary,Local Authority,St Stephen's RC Primary School,Blairgowrie Community Campus,Henderson Place,BLAIRGOWRIE,PH10 6UZ,Perth and Kinross,S12000048,S01011988,124092350,Roman Catholic,5.4,81,5 - <10%,15 - <20%,76,N,N,N,4,4,Remote Small Towns,Remote Small Towns,4,4,743958,56.5802867,-3.3428663,
5201128,5201128P,Primary,Local Authority,St Sylvester's RC Primary School,Abbey Street,Elgin,MORAY,IV30 1DA,Moray,S12000020,S01011104,133055850,Roman Catholic,7,95,>20%,5 - <10%,49,N,N,N,2,2,Other Urban Areas,Other Urban Areas,2,2,862616,57.6466626,-3.3097857,UPRN is a Parent UPRN in SAD 2024 Q1.
8427720,8427720P,Primary,Local Authority,St Teresa's Primary School,65 Stonyhurst Street,,GLASGOW,G22 5AX,Glasgow City,S12000049,S01010224,906700400609,Roman Catholic,8.7,142,>20%,85 - <90%,1,Y,N,Y,1,1,Large Urban Areas,Large Urban Areas,1,1,667608,55.8810253,-4.2496388,
8513724,8513724P,Primary,Local Authority,St Teresa's Primary School,85A Loanhead Road,Newarthill,MOTHERWELL,ML1 5AY,North Lanarkshire,S12000050,S01011456,118085960,Roman Catholic,13.6,227,10 - <20%,40 - <45%,16,N,Y,Y,1,1,Large Urban Areas,Large Urban Areas,1,1,659279,55.8112408,-3.9530237,
5936721,5936721P,Primary,Local Authority,St Teresa's RC School,Lochside Road,Dumfries,,DG2 0DY,Dumfries and Galloway,S12000006,S01007585,137043608,Roman Catholic,2.8,34,10 - <20%,65 - <70%,59,N,N,N,2,2,Other Urban Areas,Other Urban Areas,2,2,577216,55.0784922,-3.628599,
8438838,8438838S,Secondary,Local Authority,St Thomas Aquinas Secondary School,112 Mitre Road,,GLASGOW,G14 9PP,Glasgow City,S12000049,S01010420,906700381032,Roman Catholic,85.6,1163,>20%,60 - <65%,87,N,N,N,1,1,Large Urban Areas,Large Urban Areas,1,1,667770,55.8808873,-4.3351712,
5534232,5534232S,Secondary,Local Authority,St Thomas Of Aquin's High School,2-20 Chalmers Street,Edinburgh,,EH3 9NH,City of Edinburgh,S12000036,S01008667,906430314,Roman Catholic,64,799,>20%,10 - <15%,72,N,N,N,1,1,Large Urban Areas,Large Urban Areas,1,1,672933,55.9436064,-3.1976947,
5500222,5500222P,Primary,Local Authority,St Thomas' Primary School,Church Street,Addiewell,WEST CALDER,EH55 8PG,West Lothian,S12000040,S01013255,200004137620,Roman Catholic,3.3,24,*,65 - <70%,38,N,N,N,3,3,Accessible Small Towns,Accessible Small Towns,3,3,662465,55.8447418,-3.6179057,
8427925,8427925P,Primary,Local Authority,St Thomas' Primary School,8 Smithycroft Road,,GLASGOW,G33 2QJ,Glasgow City,S12000049,S01010153,906700105553,Roman Catholic,27,416,10 - <20%,55 - <60%,9,Y,N,Y,1,1,Large Urban Areas,Large Urban Areas,1,1,665913,55.8668468,-4.1912006,
8516227,8516227P,Primary,Local Authority,St Thomas' Primary School,Caledonian Road,Wishaw,,ML2 0HY,North Lanarkshire,S12000050,S01011389,118091644,Roman Catholic,13.8,232,10 - <20%,65 - <70%,17,N,Y,Y,1,1,Large Urban Areas,Large Urban Areas,1,1,654543,55.7690446,-3.9299011,
8624224,8624224P,Primary,Local Authority,St Thomas' Primary School,23 Broadlie Road,Neilston,GLASGOW,G78 3ET,East Renfrewshire,S12000011,S01008299,131034802,Roman Catholic,14,152,10 - <20%,0%,21,N,Y,Y,3,3,Accessible Small Towns,Accessible Small Towns,3,3,657346,55.7854198,-4.4270854,
5207622,5207622P,Primary,Local Authority,St Thomas RC Primary School,Chapel Street,Keith,MORAY,AB55 5AL,Moray,S12000020,S01011062,133038671,Roman Catholic,3.6,38,10 - <20%,0%,51,N,N,N,4,4,Remote Small Towns,Remote Small Towns,4,4,850270,57.5389369,-2.9537068,
5300924,5300924P,Primary,Local Authority,St Thomas' RC Primary School,Abbey View Campus,Hayshead Road,ARBROATH,DD11 5FE,Angus,S12000041,S01007190,117136932,Roman Catholic,7.4,98,10 - <20%,25 - <30%,53,N,N,N,2,2,Other Urban Areas,Other Urban Areas,2,2,741502,56.5641447,-2.5747713,
8503923,8503923P,Primary,Local Authority,St Timothy's Primary School,11 Old Monkland Road,Coatbridge,,ML5 5EA,North Lanarkshire,S12000050,S01011569,118109622,Roman Catholic,30.3,430,5 - <10%,35 - <40%,37,N,N,N,2,2,Other Urban Areas,Other Urban Areas,2,2,663566,55.8484826,-4.0322718,
8428026,8428026P,Primary,Local Authority,St Timothy's Primary School & Nursery Class,41 Inveresk Street,,GLASGOW,G32 6SL,Glasgow City,S12000049,S01010133,906700230045,Roman Catholic,23.7,392,10 - <20%,80 - <85%,2,Y,N,Y,1,1,Large Urban Areas,Large Urban Areas,1,1,664938,55.8584167,-4.1724616,
8428123,8428123P,Primary,Local Authority,St Vincent's Primary School,40 Crebar Street,,GLASGOW,G46 8EQ,Glasgow City,S12000049,S01009940,906700247983,Roman Catholic,22.8,358,>20%,80 - <85%,1,Y,N,Y,1,1,Large Urban Areas,Large Urban Areas,1,1,659898,55.8103329,-4.324847,
8532524,8532524P,Primary,Local Authority,St Vincent's Primary School,Crosshouse Road,Greenhills,EAST KILBRIDE,G75 9DG,South Lanarkshire,S12000029,S01012966,484156272,Roman Catholic,20,356,10 - <20%,*,83,N,N,N,2,2,Other Urban Areas,Other Urban Areas,2,2,652090,55.7424024,-4.2030333,
8213127,8213127P,Primary,Local Authority,St Winning's Primary School,St Winning's Road,,KIWINNING,KA13 6JX,North Ayrshire,S12000021,S01011294,126060670,Roman Catholic,8.1,116,0 - <5%,70 - <75%,8,Y,N,Y,2,2,Other Urban Areas,Other Urban Areas,2,2,643274,55.6530685,-4.7076526,
8243026,8243026P,Primary,Local Authority,St Xavier's Primary School,Whitehill Avenue,Patna,,KA6 7LY,East Ayrshire,S12000008,S01007877,127004070,Roman Catholic,3.5,34,*,70 - <75%,16,N,Y,Y,6,5,Accessible Rural Areas,Accessible Rural Areas,6,5,610333,55.3613609,-4.5017239,
5128323,5128323P,Primary,Local Authority,Staffin Primary School,Staffin,Isle Of Skye,,IV51 9JS,Highland,S12000017,S01010678,130113296,Non-denominational,3.7,37,*,0%,34,N,N,N,8,6,Very Remote Rural Areas,Remote Rural Areas,8,6,867344,57.6257794,-6.2100752,
8514720,8514720P,Primary,Local Authority,Stane Primary School,Torbothie Road,Shotts,,ML7 5JJ,North Lanarkshire,S12000050,S01011435,118059193,Non-denominational,10.2,156,*,50 - <55%,73,N,N,N,3,3,Accessible Small Towns,Accessible Small Towns,3,3,659604,55.816727,-3.7842551,
5348927,5348927P,Primary,Local Authority,Stanley Primary School,The Square,Stanley,PERTH,PH1 4LT,Perth and Kinross,S12000048,S01011997,124011757,Non-denominational,6.9,107,0%,*,54,N,N,N,6,5,Accessible Rural Areas,Accessible Rural Areas,6,5,732938,56.4800587,-3.4503493,
8210527,8210527P,Primary,Local Authority,Stanley Primary School,Stanley Road,,ARDROSSAN,KA22 7DH,North Ayrshire,S12000021,S01011251,126073147,Non-denominational,25.4,402,0 - <5%,55 - <60%,22,N,Y,Y,2,2,Other Urban Areas,Other Urban Areas,2,2,643435,55.6522227,-4.8095925,
8570140,8570140SP,Special,Grant Aided,Stanmore House School,Stanmore Road,LANARK,,ML11 7RR,South Lanarkshire,S12000029,S01012635,484121602,Non-denominational,2.9,10,N/A,N/A,36,N,N,N,6,5,Accessible Rural Areas,Accessible Rural Areas,3,3,644810,55.6842453,-3.7519857,
5405726,5405726P,Primary,Local Authority,Star Primary School,Star,Near Markinch,GLENROTHES,KY7 6LB,Fife,S12000047,S01009611,320180014,Non-denominational,2.8,30,0%,*,70,N,N,N,6,5,Accessible Rural Areas,Accessible Rural Areas,6,5,703336,56.2176069,-3.1093952,
5529026,5529026P,Primary,Local Authority,Stenhouse Primary School,4 Saughton Mains Street,Edinburgh,,EH11 3HH,City of Edinburgh,S12000036,S01008480,906430312,Non-denominational,21.7,306,>20%,25 - <30%,32,N,N,N,1,1,Large Urban Areas,Large Urban Areas,1,1,671585,55.9308434,-3.2627967,
5745020,5745020P,Primary,Local Authority,Stenhousemuir Primary School,Rae Street,Stenhousemuir,LARBERT,FK5 4QP,Falkirk,S12000014,S01009099,136070388,Non-denominational,24.2,358,0 - <5%,5 - <10%,44,N,N,N,2,2,Other Urban Areas,Other Urban Areas,2,2,683093,56.0272893,-3.8196855,
6002420,6002420P,Primary,Local Authority,Stenness Community School,Stenness,Orkney,,KW16 3LB,Orkney Islands,S12000023,S01011807,134014183,Non-denominational,2.9,26,0%,0%,78,N,N,N,8,6,Very Remote Rural Areas,Remote Rural Areas,8,6,1011575,58.9856567,-3.2082335,
5555027,5555027P,Primary,Local Authority,Stenton Primary School,Stenton,Dunbar,EAST LOTHIAN,EH42 1TE,East Lothian,S12000010,S01008281,138038637,Non-denominational,1.7,18,*,0%,60,N,N,N,6,5,Accessible Rural Areas,Accessible Rural Areas,6,5,674005,55.957551,-2.6096934,
8341729,8341729P,Primary,Local Authority,Stepps Primary School,10 Blenheim Avenue,Stepps,GLASGOW,G33 6FH,North Lanarkshire,S12000050,S01011701,118181188,Non-denominational,20.6,423,5 - <10%,*,81,N,N,N,1,1,Large Urban Areas,Large Urban Areas,1,1,668821,55.8938693,-4.1407768,
8224730,8224730S,Secondary,Local Authority,Stewarton Academy,Cairnduff Place,Stewarton,,KA3 5QF,East Ayrshire,S12000008,S01007933,127015286,Non-denominational,60.6,881,0 - <5%,*,67,N,N,N,3,3,Accessible Small Towns,Accessible Small Towns,3,3,646102,55.6828713,-4.5012077,
5633125,5633125P,Primary,Local Authority,Stirches Primary School,Hawick,Roxburghshire,,TD9 7QP,Scottish Borders,S12000026,S01012374,116027448,Non-denominational,8.1,106,*,20 - <25%,47,N,N,N,2,2,Other Urban Areas,Other Urban Areas,2,2,615833,55.4338301,-2.7902245,
5726239,5726239S,Secondary,Local Authority,Stirling High School,Torbrex Farm Road,,STIRLING,FK8 2PA,Stirling,S12000030,S01013059,122059752,Non-denominational,76.5,1095,5 - <10%,10 - <15%,80,N,N,N,2,2,Other Urban Areas,Other Urban Areas,2,2,691945,56.1049087,-3.9459679,
5720540,5720540SP,Special,Local Authority,Stirling Inclusion Support Service (Primary),Fallin Primary School,Lamont Cresent,FALLIN,FK7 7EJ,Stirling,S12000030,S01013034,122034409,Non-denominational,0,0,0,0,23,N,Y,Y,6,5,Accessible Rural Areas,Accessible Rural Areas,6,5,692119,56.1075971,-3.8732142,"Pupil roll, FTE teachers, proportion of pupils minority ethnic, and proportion of puplis 20% most deprived is recorded as zero as this school is not included in the School Level Summary Statistics."
5720648,5720648SP,Special,Local Authority,Stirling Inclusion Support Service (Secondary),Fairhill Road,Whins of Milton,STIRLING,FK7 0LL,Stirling,S12000030,S01013054,122015369,Non-denominational,0,0,0,0,53,N,N,N,2,2,Other Urban Areas,Other Urban Areas,2,2,690492,56.0920324,-3.9343958,"Pupil roll, FTE teachers, proportion of pupils minority ethnic, and proportion of puplis 20% most deprived is recorded as zero as this school is not included in the School Level Summary Statistics."
5543525,5543525P,Primary,Local Authority,Stobhill Primary School,1 Bonnybank Road,Gorebridge,,EH23 4DT,Midlothian,S12000019,S01011041,120039142,Non-denominational,13.1,202,5 - <10%,0 - <5%,27,N,N,N,2,2,Other Urban Areas,Other Urban Areas,2,2,661793,55.8449244,-3.0420126,
5529123,5529123P,Primary,Local Authority,Stockbridge Primary School,17a Hamilton Place,Edinburgh,,EH3 5BA,City of Edinburgh,S12000036,S01008859,906312810,Non-denominational,13.1,238,>20%,0 - <5%,89,N,N,N,1,1,Large Urban Areas,Large Urban Areas,1,1,674698,55.9593698,-3.2074716,
8523622,8523622P,Primary,Local Authority,Stonehouse Primary School,Townhead Street,Stonehouse,,ML9 3EL,South Lanarkshire,S12000029,S01012680,484175140,Non-denominational,15.6,210,*,25 - <30%,95,N,N,N,3,3,Accessible Small Towns,Accessible Small Towns,3,3,646473,55.6956222,-3.9862346,
8458634,8458634S,Secondary,Local Authority,Stonelaw High School,140 Calderwood Road,Rutherglen,,G73 3BP,South Lanarkshire,S12000029,S01012881,484139624,Non-denominational,94.6,1331,5 - <10%,25 - <30%,86,N,N,N,1,1,Large Urban Areas,Large Urban Areas,1,1,660825,55.8210288,-4.196302,
5507928,5507928P,Primary,Local Authority,Stoneyburn Primary School,2 Main Street,Stoneyburn,WEST LOTHIAN,EH47 8BA,West Lothian,S12000040,S01013254,200004137627,Non-denominational,5.8,70,*,*,20,N,Y,Y,3,3,Accessible Small Towns,Accessible Small Towns,3,3,663068,55.8500551,-3.6255648,
5555728,5555728P,Primary,Local Authority,Stoneyhill Primary School,off Clayknowes Way,Stoneyhill,MUSSELBURGH EAST LOTHIAN,EH21 6UL,East Lothian,S12000010,S01008173,138025176,Non-denominational,9.9,185,*,*,72,N,N,N,1,1,Large Urban Areas,Large Urban Areas,1,1,672065,55.9369679,-3.0716659,
5235421,5235421P,Primary,Local Authority,Stoneywood School,Greenburn Road,Bucksburn,ABERDEEN,AB21 9EL,Aberdeen City,S12000033,S01006744,9051149988,Non-denominational,19.1,408,>20%,*,58,N,N,N,1,1,Large Urban Areas,Large Urban Areas,1,1,810237,57.182815,-2.181431,No UPRN was provided in the School Contact List dataset.  GISAT has assigned the UPRN for Stoneywood School as it is in SAD 2024 Q1 (9051149988).
6231829,6231829P,Primary,Local Authority,Stornoway Primary School,Jamieson Drive,Stornoway,ISLE OF LEWIS,HS1 2LF,Na h-Eileanan an Iar,S12000013,S01009044,139013796,Non-denominational,27.6,358,5 - <10%,0%,51,N,N,N,5,4,Very Remote Small Towns,Remote Small Towns,5,4,933620,58.2161157,-6.3777396,
5615321,5615321P,Primary,Local Authority,Stow Primary School,Station Road,Stow,GALASHIELS,TD1 2SQ,Scottish Borders,S12000026,S01012272,116030899,Non-denominational,3.7,63,0%,0%,70,N,N,N,6,5,Accessible Rural Areas,Accessible Rural Areas,6,5,644540,55.6912654,-2.8662449,
5306728,5306728P,Primary,Local Authority,Stracathro Primary School,Inchbare,By Brechin,ANGUS,DD9 7QE,Angus,S12000041,S01007229,117097328,Non-denominational,2.5,22,*,*,58,N,N,N,6,5,Accessible Rural Areas,Accessible Rural Areas,6,5,765381,56.7783781,-2.6337637,
8108927,8108927P,Primary,Local Authority,Strachur Primary School,Strachur,Argyll,,PA27 8DQ,Argyll and Bute,S12000035,S01007357,125057944,Non-denominational,3.1,26,*,0%,53,N,N,N,8,6,Very Remote Rural Areas,Remote Rural Areas,8,6,700783,56.1616873,-5.0627861,
8234825,8234825P,Primary,Local Authority,Straiton Primary School,27 Newton Stewart Road,Straiton,MAYBOLE,KA19 7NN,South Ayrshire,S12000028,S01012441,141044469,Non-denominational,3.2,18,*,0%,57,N,N,N,7,6,Remote Rural Areas,Remote Rural Areas,6,5,604590,55.3087704,-4.5485075,
5903130,5903130S,Secondary,Local Authority,Stranraer Academy,McMaster's Road,Stranraer,,DG9 8BY,Dumfries and Galloway,S12000006,S01007489,137027043,Non-denominational,68.6,991,0 - <5%,20 - <25%,42,N,N,N,2,2,Other Urban Areas,Other Urban Areas,2,2,560889,54.9055403,-5.0036723,
8109028,8109028P,Primary,Local Authority,Strath of Appin Primary,Strath of Appin,Appin,ARGYLL,PA38 4BG,Argyll and Bute,S12000035,S01007304,125066783,Non-denominational,2.4,13,0%,0%,50,N,N,N,7,6,Remote Rural Areas,Remote Rural Areas,7,6,746349,56.5635841,-5.3604209,
8100020,8100020P,Primary,Local Authority,Strath of Appin Primary School Gaelic Medium,Strath of Appin,Appin,ARGYLL,PA38 4BG,Argyll and Bute,S12000035,S01007304,125066783,Non-denominational,1.7,14,0%,0%,50,N,N,N,7,6,Remote Rural Areas,Remote Rural Areas,7,6,746349,56.5635841,-5.3604209,
5400325,5400325P,Primary,Local Authority,Strathallan Primary School,Strathallan Drive,Kirkcaldy,,KY2 5YP,Fife,S12000047,S01009495,320284539,Non-denominational,19.6,281,10 - <20%,0 - <5%,90,N,N,N,2,2,Other Urban Areas,Other Urban Areas,2,2,691910,56.1141824,-3.1912496,
8533830,8533830S,Secondary,Local Authority,Strathaven Academy,Bowling Green Road,Strathaven,,ML10 6DP,South Lanarkshire,S12000029,S01012686,484159294,Non-denominational,79.5,1007,0 - <5%,0 - <5%,83,N,N,N,3,3,Accessible Small Towns,Accessible Small Towns,3,3,644494,55.6764423,-4.0705889,
5725828,5725828P,Primary,Local Authority,Strathblane Primary School,Southview Road,Blanefield,GLASGOW,G63 9JQ,Stirling,S12000030,S01013008,122009540,Non-denominational,9.4,166,0 - <5%,0%,76,N,N,N,6,5,Accessible Rural Areas,Accessible Rural Areas,6,5,679395,55.98586,-4.3089845,
5231825,5231825P,Primary,Local Authority,Strathburn School,Strathburn Gardens,Inverurie,ABERDEENSHIRE,AB51 4RY,Aberdeenshire,S12000034,S01006896,151651276,Non-denominational,23.6,442,5 - <10%,0%,63,N,N,N,2,2,Other Urban Areas,Other Urban Areas,2,2,821903,57.2871377,-2.3886646,
5118123,5118123P,Primary,Local Authority,Strathconon Primary School,Strathconon,Muir Of Ord,,IV6 7QQ,Highland,S12000017,S01010698,130111558,Non-denominational,1.2,6,0%,0%,40,N,N,N,8,6,Very Remote Rural Areas,Remote Rural Areas,7,6,855352,57.5565339,-4.8272925,
5102626,5102626P,Primary,Local Authority,Strathdearn Primary School,Tomatin,by Inverness,,IV13 7YN,Highland,S12000017,S01010566,130100268,Non-denominational,3,39,0%,0%,70,N,N,N,6,5,Accessible Rural Areas,Accessible Rural Areas,6,5,828874,57.3345647,-3.9929935,
5701120,5701120P,Primary,Local Authority,Strathdevon Primary School,Park Place,Dollar,,FK14 7AA,Clackmannanshire,S12000005,S01007444,35012699,Non-denominational,15.9,171,5 - <10%,*,86,N,N,N,6,5,Accessible Rural Areas,Accessible Rural Areas,6,5,697806,56.1616146,-3.6701047,
5229723,5229723P,Primary,Local Authority,Strathdon School,Strathdon,Aberdeenshire,,AB36 8UR,Aberdeenshire,S12000034,S01006791,151104388,Non-denominational,2.2,18,0%,0%,51,N,N,N,8,6,Very Remote Rural Areas,Remote Rural Areas,8,6,812659,57.2000562,-3.0792299,
5143721,5143721P,Primary,Local Authority,Stratherrick Primary School,Gorthleck,Inverness,,IV2 6UJ,Highland,S12000017,S01010665,130106287,Non-denominational,1.5,15,0%,0%,42,N,N,N,7,6,Remote Rural Areas,Remote Rural Areas,7,6,819953,57.2467881,-4.4261354,
5541123,5541123P,Primary,Local Authority,Strathesk Primary School,4 Eastfield Farm Road,Penicuik,,EH26 8EZ,Midlothian,S12000019,S01010945,120038650,Non-denominational,18.5,227,5 - <10%,0%,31,N,N,N,2,2,Other Urban Areas,Other Urban Areas,2,2,660922,55.8355136,-3.21479,
5118220,5118220P,Primary,Local Authority,Strathgarve Primary School,Garve,,,IV23 2PR,Highland,S12000017,S01010698,130109970,Non-denominational,1.2,8,0%,0%,40,N,N,N,7,6,Remote Rural Areas,Remote Rural Areas,7,6,861413,57.6140945,-4.6857072,
5425522,5425522P,Primary,Local Authority,Strathkinness Primary School,3 Church Road,Strathkinness,ST ANDREWS,KY16 9XR,Fife,S12000047,S01009734,320177682,Non-denominational,9,78,5 - <10%,0%,83,N,N,N,6,5,Accessible Rural Areas,Accessible Rural Areas,6,5,716294,56.3359014,-2.8761563,
5320925,5320925P,Primary,Local Authority,Strathmartine Primary School,Craigmill Road,Bridgefoot,DUNDEE,DD3 0PH,Angus,S12000041,S01007133,117096064,Non-denominational,3.5,40,0%,*,52,N,N,N,6,5,Accessible Rural Areas,Accessible Rural Areas,6,5,735390,56.5064302,-3.0126334,
5425727,5425727P,Primary,Local Authority,Strathmiglo Primary School,111 High Street,Strathmiglo,CUPAR,KY14 7PT,Fife,S12000047,S01009676,320174603,Non-denominational,4.1,64,*,0%,62,N,N,N,6,5,Accessible Rural Areas,Accessible Rural Areas,6,5,710138,56.2771375,-3.2739944,
5303222,5303222P,Primary,Local Authority,Strathmore Primary School,St James Road,Forfar,,DD8 1LE,Angus,S12000041,S01007258,117096488,Non-denominational,19.7,294,5 - <10%,0 - <5%,43,N,N,N,2,2,Other Urban Areas,Other Urban Areas,2,2,750264,56.6410208,-2.8871984,
5111226,5111226P,Primary,Local Authority,Strathpeffer Primary School,Strathpeffer,,,IV14 9AG,Highland,S12000017,S01010696,130125608,Non-denominational,7.4,142,*,*,58,N,N,N,7,6,Remote Rural Areas,Remote Rural Areas,7,6,857952,57.5859333,-4.5436844,
5721822,5721822P,Primary,Local Authority,Strathyre Primary School,Strathyre,,,FK18 8NQ,Stirling,S12000030,S01013119,122045343,Non-denominational,3.5,32,0%,0%,47,N,N,N,7,6,Remote Rural Areas,Remote Rural Areas,7,6,717110,56.3243672,-4.3330274,
5220920,5220920P,Primary,Local Authority,Strichen School,North Street,Strichen Fraserburgh,ABERDEENSHIRE,AB43 6SX,Aberdeenshire,S12000034,S01007054,151086761,Non-denominational,8.1,118,*,0%,46,N,N,N,6,5,Accessible Rural Areas,Accessible Rural Areas,6,5,855168,57.5865085,-2.0870646,
6003532,6003532S,Secondary,Local Authority,Stromness Academy,Stromness,Orkney,,KW16 3JS,Orkney Islands,S12000023,S01011806,134011099,Non-denominational,37.5,338,0 - <5%,0%,71,N,N,N,8,6,Very Remote Rural Areas,Remote Rural Areas,8,6,1009865,58.96956,-3.2848553,
6002528,6002528P,Primary,Local Authority,Stromness Primary School,Stromness,Orkney,,KW16 3JS,Orkney Islands,S12000023,S01011805,134011127,Non-denominational,9.3,127,*,0%,80,N,N,N,8,6,Very Remote Rural Areas,Remote Rural Areas,8,6,1009243,58.9638286,-3.2993531,
8109222,8109222P,Primary,Local Authority,Strone Primary School,Strone,By Dunoon,ARGYLL,PA23 8RU,Argyll and Bute,S12000035,S01007356,125059060,Non-denominational,3.2,24,*,0%,42,N,N,N,8,6,Very Remote Rural Areas,Remote Rural Areas,8,6,680792,55.9859194,-4.9001487,
6003834,6003834P,Primary,Local Authority,Stronsay Junior High School,Stronsay,Orkney,,KW17 2AE,Orkney Islands,S12000023,S01011831,134014273,Non-denominational,2.9,21,0%,0%,36,N,N,N,8,6,Very Remote Rural Areas,Remote Rural Areas,8,6,1026070,59.1200327,-2.6101823,
6003834,6003834S,Secondary,Local Authority,Stronsay Junior High School,Stronsay,Orkney,,KW17 2AE,Orkney Islands,S12000023,S01011831,134014273,Non-denominational,5.1,16,*,0%,36,N,N,N,8,6,Very Remote Rural Areas,Remote Rural Areas,8,6,1026070,59.1200327,-2.6101823,
5131324,5131324P,Primary,Local Authority,Strontian Primary School,By Acharacle,,,PH36 4JA,Highland,S12000017,S01010508,130178838,Non-denominational,2.5,23,*,0%,56,N,N,N,8,6,Very Remote Rural Areas,Remote Rural Areas,8,6,762081,56.6992417,-5.5679203,
8238227,8238227P,Primary,Local Authority,Struthers Primary School,15A Staffin Road,Muirhead,TROON,KA10 7JB,South Ayrshire,S12000028,S01012551,141017362,Non-denominational,20.1,337,0 - <5%,*,88,N,N,N,2,2,Other Urban Areas,Other Urban Areas,2,2,632152,55.554646,-4.6366204,
5219825,5219825P,Primary,Local Authority,Stuartfield School,Stuartfield,Peterhead,ABERDEENSHIRE,AB42 5HP,Aberdeenshire,S12000034,S01007063,151126868,Non-denominational,9.3,124,*,0%,68,N,N,N,6,5,Accessible Rural Areas,Accessible Rural Areas,6,5,845734,57.5017968,-2.0448911,
5242223,5242223P,Primary,Local Authority,Sunnybank School,Sunnybank Road,Aberdeen,,AB24 3NJ,Aberdeen City,S12000033,S01006664,9051070661,Non-denominational,21.4,336,>20%,5 - <10%,76,N,N,N,1,1,Large Urban Areas,Large Urban Areas,1,1,807666,57.1597973,-2.1048351,
5700728,5700728P,Primary,Local Authority,Sunnyside Primary School,Erskine Street,Alloa,,FK10 2AT,Clackmannanshire,S12000005,S01007467,35002599,Non-denominational,23,317,5 - <10%,40 - <45%,33,N,N,N,2,2,Other Urban Areas,Other Urban Areas,2,2,693449,56.1207607,-3.7915856,
8429820,8429820P,Primary,Local Authority,Sunnyside Primary School,1 Powrie Street,,GLASGOW,G33 5LA,Glasgow City,S12000049,S01010167,906700208245,Non-denominational,20.6,227,5 - <10%,55 - <60%,4,Y,N,Y,1,1,Large Urban Areas,Large Urban Areas,1,1,667152,55.8785756,-4.1576166,
5647029,5647029P,Primary,Local Authority,Swinton Primary School,Swinton,Duns,BERWICKSHIRE,TD11 3JE,Scottish Borders,S12000026,S01012301,116000013,Non-denominational,4.2,64,*,0%,57,N,N,N,6,5,Accessible Rural Areas,Accessible Rural Areas,6,5,647425,55.7199728,-2.2576699,
8457824,8457824P,Primary,Local Authority,Swinton Primary School,2 Rhindmuir Road,,GLASGOW,G69 6AZ,Glasgow City,S12000049,S01010100,906700340113,Non-denominational,13.2,219,5 - <10%,20 - <25%,53,N,N,N,1,1,Large Urban Areas,Large Urban Areas,1,1,664663,55.8571631,-4.1023901,
8234922,8234922P,Primary,Local Authority,Symington Primary School,Brewlands Road,Symington,KILMARNOCK,KA1 5QZ,South Ayrshire,S12000028,S01012542,141045017,Non-denominational,11.1,163,0 - <5%,*,37,N,N,N,6,5,Accessible Rural Areas,Accessible Rural Areas,6,5,631583,55.5511254,-4.5615289,
5119839,5119839S,Secondary,Local Authority,Tain Royal Academy,Scotsburn Road,Tain,,IV19 1PS,Highland,S12000017,S01010754,130127580,Non-denominational,41.4,516,0 - <5%,10 - <15%,28,N,N,N,5,4,Very Remote Small Towns,Remote Small Towns,5,4,881684,57.8080249,-4.0570069,
5306825,5306825P,Primary,Local Authority,Tannadice Primary School,Southesk Road,Tannadice,FORFAR,DD8 3SH,Angus,S12000041,S01007281,117079837,Non-denominational,5.4,81,*,0%,60,N,N,N,6,5,Accessible Rural Areas,Accessible Rural Areas,6,5,758290,56.7133398,-2.8567337,
8514828,8514828P,Primary,Local Authority,Tannochside Primary School,111 Douglas Street,Tannochside,UDDINGSTON,G71 5EF,North Lanarkshire,S12000050,S01011545,118175542,Non-denominational,19.4,342,5 - <10%,55 - <60%,32,N,N,N,1,1,Large Urban Areas,Large Urban Areas,1,1,661633,55.8305425,-4.0663675,
5118425,5118425P,Primary,Local Authority,Tarbat Old Primary School,Tarbatness Road,Portmahomack,,IV20 1YJ,Highland,S12000017,S01010748,130099844,Non-denominational,2.7,35,*,0%,50,N,N,N,8,6,Very Remote Rural Areas,Remote Rural Areas,8,6,884291,57.8350014,-3.8248675,
8110530,8110530P,Primary,Local Authority,Tarbert Academy,School Road,Tarbert,ARGYLL,PA29 6TE,Argyll and Bute,S12000035,S01007323,125041643,Non-denominational,7.9,106,*,0%,63,N,N,N,8,6,Very Remote Rural Areas,Remote Rural Areas,8,6,668454,55.8618414,-5.4131743,
8110530,8110530S,Secondary,Local Authority,Tarbert Academy,School Road,Tarbert,ARGYLL,PA29 6TE,Argyll and Bute,S12000035,S01007323,125041643,Non-denominational,16.5,120,*,*,63,N,N,N,8,6,Very Remote Rural Areas,Remote Rural Areas,8,6,668454,55.8618414,-5.4131743,
8235023,8235023P,Primary,Local Authority,Tarbolton Primary School,Tarbolton Community Campus,Montgomerie Street,TARBOLTON,KA5 5QA,South Ayrshire,S12000028,S01012539,141072772,Non-denominational,12.6,205,0 - <5%,*,44,N,N,N,6,5,Accessible Rural Areas,Accessible Rural Areas,6,5,626974,55.511224,-4.4877638,
5257328,5257328P,Primary,Local Authority,Tarland School,School Road,Tarland,ABERDEENSHIRE,AB34 4UU,Aberdeenshire,S12000034,S01006875,151086798,Non-denominational,6.1,85,*,0%,72,N,N,N,7,6,Remote Rural Areas,Remote Rural Areas,7,6,804767,57.1308789,-2.8561218,
5118522,5118522P,Primary,Local Authority,Tarradale Primary School,Black Isle Road,Muir of Ord,,IV6 7RR,Highland,S12000017,S01010704,130087467,Non-denominational,12.8,261,*,0%,35,N,N,N,7,6,Remote Rural Areas,Remote Rural Areas,7,6,850027,57.5164436,-4.4565972,
5233127,5233127P,Primary,Local Authority,Tarves School,Duthie Road,Tarves Ellon,ABERDEENSHIRE,AB41 7JX,Aberdeenshire,S12000034,S01006979,151087762,Non-denominational,9.2,153,*,0%,70,N,N,N,6,5,Accessible Rural Areas,Accessible Rural Areas,6,5,831106,57.3702074,-2.2238082,
8519137,8519137S,Secondary,Local Authority,Taylor High School,Carfin Street,New Stevenston,MOTHERWELL,ML1 4JP,North Lanarkshire,S12000050,S01011464,118080188,Roman Catholic,67.6,988,10 - <20%,20 - <25%,69,N,N,N,1,1,Large Urban Areas,Large Urban Areas,1,1,658978,55.8081854,-3.9749565,
8109427,8109427P,Primary,Local Authority,Taynuilt Primary School,Taynuilt,Argyll,,PA35 1JE,Argyll and Bute,S12000035,S01007306,125064774,Non-denominational,5.7,55,0%,0%,66,N,N,N,8,6,Very Remote Rural Areas,Remote Rural Areas,8,6,731058,56.4294333,-5.2358884,
5425921,5425921P,Primary,Local Authority,Tayport Primary School,Queen Street,Tayport,,DD6 9NS,Fife,S12000047,S01009749,320176725,Non-denominational,15.2,219,10 - <20%,0%,75,N,N,N,3,3,Accessible Small Towns,Accessible Small Towns,3,3,728644,56.4468387,-2.8791295,
8109524,8109524P,Primary,Local Authority,Tayvallich Primary School,Tayvallich,Lochgilphead,ARGYLL,PA31 8PW,Argyll and Bute,S12000035,S01007320,125051424,Non-denominational,2.9,19,0%,0%,67,N,N,N,8,6,Very Remote Rural Areas,Remote Rural Areas,8,6,686741,56.0201271,-5.6275148,
1004212,1004212P,Primary,Local Authority,Tayview Primary School,Tayview Primary School,180 Dickson Avenue,DUNDEE,DD2 4GE,Dundee City,S12000042,S01007840,9059105141,Non-denominational,28.8,440,10 - <20%,35 - <40%,26,N,N,N,1,1,Large Urban Areas,Large Urban Areas,1,1,730947,56.4663063,-3.0377347,
5321026,5321026P,Primary,Local Authority,Tealing Primary School,School Road,Tealing,DUNDEE,DD4 0SZ,Angus,S12000041,S01007134,117083580,Non-denominational,2.9,33,*,*,44,N,N,N,6,5,Accessible Rural Areas,Accessible Rural Areas,6,5,738472,56.5344699,-2.9693633,
5141923,5141923P,Primary,Local Authority,Teanassie Primary School,By Beauly,,,IV4 7AE,Highland,S12000017,S01010655,130107061,Non-denominational,2.9,43,*,0%,63,N,N,N,6,5,Accessible Rural Areas,Accessible Rural Areas,7,6,844130,57.4617404,-4.5429664,
5350034,5350034P,Primary,Local Authority,The Community School of Auchterarder,New School Lane,Auchterarder,PERTHSHIRE,PH3 1BL,Perth and Kinross,S12000048,S01011852,124048375,Non-denominational,24.1,435,5 - <10%,0%,67,N,N,N,3,3,Accessible Small Towns,Accessible Small Towns,3,3,713052,56.2980872,-3.7084577,
5350034,5350034S,Secondary,Local Authority,The Community School of Auchterarder,New School Lane,Auchterarder,PERTHSHIRE,PH3 1BL,Perth and Kinross,S12000048,S01011852,124048375,Non-denominational,42.8,544,0 - <5%,*,67,N,N,N,3,3,Accessible Small Towns,Accessible Small Towns,3,3,713052,56.2980872,-3.7084577,
5231434,5231434S,Secondary,Local Authority,The Gordon Schools,Castle Street,Huntly,ABERDEENSHIRE,AB54 4SE,Aberdeenshire,S12000034,S01007008,151085781,Non-denominational,61.2,665,0 - <5%,*,51,N,N,N,4,4,Remote Small Towns,Remote Small Towns,4,4,840299,57.4505326,-2.7849894,
5512131,5512131S,Secondary,Local Authority,The James Young High School,Quentin Rise,Dedridge West,LIVINGSTON,EH54 6NE,West Lothian,S12000040,S01013278,200004104365,Non-denominational,82.4,1197,10 - <20%,10 - <15%,20,N,Y,Y,2,2,Other Urban Areas,Other Urban Areas,2,2,666349,55.880946,-3.5152231,
6233139,6233139S,Secondary,Local Authority,The Nicolson Institute,Stornoway,Lewis,,HS1 2PZ,Na h-Eileanan an Iar,S12000013,S01009041,139023190,Non-denominational,81.6,1022,0 - <5%,0%,28,N,N,N,5,4,Very Remote Small Towns,Remote Small Towns,5,4,932857,58.2091715,-6.3801376,UPRN is a Parent UPRN in SAD 2024 Q1.
5528321,5528321P,Primary,Local Authority,The Royal High Primary School,61 Northfield Broadway,Edinburgh,,EH8 7RX,City of Edinburgh,S12000036,S01008742,906184684,Non-denominational,17.3,313,10 - <20%,0 - <5%,62,N,N,N,1,1,Large Urban Areas,Large Urban Areas,1,1,674003,55.9537646,-3.1403059,
5533732,5533732S,Secondary,Local Authority,The Royal High School,East Barnton Avenue,Edinburgh,,EH4 6JP,City of Edinburgh,S12000036,S01008940,906330366,Non-denominational,100,1476,10 - <20%,5 - <10%,93,N,N,N,1,1,Large Urban Areas,Large Urban Areas,1,1,675291,55.9639201,-3.2843314,
1004123,1004123P,Primary,Local Authority,Thomas Muir Primary,Kirriemuir Road,Bishopbriggs,GLASGOW,G64 1DL,East Dunbartonshire,S12000045,S01008113,132057461,Non-denominational,31,631,>20%,*,78,N,N,N,1,1,Large Urban Areas,Large Urban Areas,1,1,670480,55.9076911,-4.2027332,
8627428,8627428P,Primary,Local Authority,Thorn Primary School,Thorn Brae,,JOHNSTONE,PA5 8HE,Renfrewshire,S12000038,S01012049,123025587,Non-denominational,10.7,152,5 - <10%,35 - <40%,37,N,N,N,1,1,Large Urban Areas,Large Urban Areas,1,1,662996,55.8346331,-4.5052611,
5722020,5722020P,Primary,Local Authority,Thornhill Primary School,Low Town,Thornhill,STIRLING,FK8 3PX,Stirling,S12000030,S01013109,122044295,Non-denominational,4.3,68,*,*,57,N,N,N,6,5,Accessible Rural Areas,Accessible Rural Areas,6,5,699837,56.172402,-4.1525872,
8516324,8516324P,Primary,Local Authority,Thornlie Primary School,Lomond Drive,Wishaw,,ML2 0JR,North Lanarkshire,S12000050,S01011390,118091645,Non-denominational,11.8,154,5 - <10%,75 - <80%,18,N,Y,Y,1,1,Large Urban Areas,Large Urban Areas,1,1,654410,55.7679492,-3.9235342,
8601526,8601526P,Primary,Local Authority,Thornliebank Primary School,129 Main Street,Thornliebank,GLASGOW,G46 7RW,East Renfrewshire,S12000011,S01008409,131033419,Non-denominational,16.9,196,*,30 - <35%,49,N,N,N,1,1,Large Urban Areas,Large Urban Areas,1,1,659775,55.809432,-4.3140047,
5405823,5405823P,Primary,Local Authority,Thornton Primary School,Station Road,Thornton,KIRKCALDY,KY1 4AY,Fife,S12000047,S01009549,320180572,Non-denominational,11.2,158,0 - <5%,35 - <40%,47,N,N,N,6,5,Accessible Rural Areas,Accessible Rural Areas,6,5,697709,56.1667675,-3.1405035,
8430225,8430225P,Primary,Local Authority,Thorntree Primary School,55 Cobinshaw Street,Greenfield,GLASGOW,G32 6XL,Glasgow City,S12000049,S01010132,906700144253,Non-denominational,27.2,437,5 - <10%,80 - <85%,9,Y,N,Y,1,1,Large Urban Areas,Large Urban Areas,1,1,664627,55.8557002,-4.1680119,
8430322,8430322P,Primary,Local Authority,Thornwood Primary School & Nursery Class,11 Thornwood Avenue,,GLASGOW,G11 7QZ,Glasgow City,S12000049,S01010390,906700112227,Non-denominational,14.8,158,>20%,40 - <45%,45,N,N,N,1,1,Large Urban Areas,Large Urban Areas,1,1,666759,55.8721073,-4.3189783,
5101220,5101220P,Primary,Local Authority,Thrumster Primary School,Thrumster,Wick,,KW1 5TR,Highland,S12000017,S01010773,130072459,Non-denominational,2.7,30,0%,*,42,N,N,N,8,6,Very Remote Rural Areas,Remote Rural Areas,8,6,945036,58.388707,-3.132545,
5102030,5102030S,Secondary,Local Authority,Thurso High School,Ormlie Road,Thurso,,KW14 7DS,Highland,S12000017,S01010806,130071735,Non-denominational,57,753,0 - <5%,*,21,N,Y,Y,5,4,Very Remote Small Towns,Remote Small Towns,5,4,967589,58.587151,-3.5307275,
8109621,8109621P,Primary,Local Authority,Tighnabruaich Primary School,Tighnabruaich,Argyll,,PA21 2BE,Argyll and Bute,S12000035,S01007351,125060305,Non-denominational,3.9,67,*,0%,48,N,N,N,8,6,Very Remote Rural Areas,Remote Rural Areas,8,6,672648,55.9041677,-5.2424395,
5701821,5701821P,Primary,Local Authority,Tillicoultry Primary School,Fir Park,Tillicoultry,,FK13 6PL,Clackmannanshire,S12000005,S01007439,35018071,Non-denominational,23.6,261,5 - <10%,15 - <20%,46,N,N,N,3,3,Accessible Small Towns,Accessible Small Towns,3,3,697370,56.1567639,-3.7377444,
5301025,5301025P,Primary,Local Authority,Timmergreens Primary School,Emislaw Drive,Arbroath,,DD11 2HJ,Angus,S12000041,S01007177,117097344,Non-denominational,9.6,173,*,5 - <10%,30,N,N,N,2,2,Other Urban Areas,Other Urban Areas,2,2,741106,56.5604341,-2.607074,
6101127,6101127P,Primary,Local Authority,Tingwall Primary School,Tingwall,Shetland,,ZE2 9SE,Shetland Islands,S12000027,S01012402,30100004889,Non-denominational,5.9,86,0%,0%,65,N,N,N,8,6,Very Remote Rural Areas,Remote Rural Areas,8,6,1145921,60.195398,-1.2215347,
8448426,8448426P,Primary,Local Authority,Tinto Primary School,61 Netherauldhouse Road,,GLASGOW,G43 2XG,Glasgow City,S12000049,S01009953,906700332145,Non-denominational,24.2,415,>20%,35 - <40%,73,N,N,N,1,1,Large Urban Areas,Large Urban Areas,1,1,660593,55.8172024,-4.2916707,
8549222,8549222P,Primary,Local Authority,Tinto Primary School,Main Street,,SYMINGTON,ML12 6LT,South Lanarkshire,S12000029,S01012574,484184632,Non-denominational,6.5,93,*,0%,59,N,N,N,7,6,Remote Rural Areas,Remote Rural Areas,7,6,635194,55.5999517,-3.5966488,
5229928,5229928P,Primary,Local Authority,Tipperty School,Logie Road,Tipperty Ellon,ABERDEENSHIRE,AB41 8LT,Aberdeenshire,S12000034,S01006977,151101334,Non-denominational,2.2,15,0%,0%,67,N,N,N,6,5,Accessible Rural Areas,Accessible Rural Areas,6,5,827232,57.3355896,-2.0523951,
8110131,8110131P,Primary,Local Authority,Tiree High School,Isle Of Tiree,Argyll,,PA77 6XA,Argyll and Bute,S12000035,S01007284,125063245,Non-denominational,2.6,17,0%,0%,44,N,N,N,8,6,Very Remote Rural Areas,Remote Rural Areas,8,6,747598,56.5228731,-6.9174622,
8110131,8110131S,Secondary,Local Authority,Tiree High School,Isle Of Tiree,Argyll,,PA77 6XA,Argyll and Bute,S12000035,S01007284,125063245,Non-denominational,11.2,37,*,0%,44,N,N,N,8,6,Very Remote Rural Areas,Remote Rural Areas,8,6,747598,56.5228731,-6.9174622,
8111421,8111421P,Primary,Local Authority,Tiree Primary Gaelic Unit,Isle Of Tiree,Argyll,,PA77 6XA,Argyll and Bute,S12000035,S01007284,125063245,Non-denominational,2.1,36,0%,0%,44,N,N,N,8,6,Very Remote Rural Areas,Remote Rural Areas,8,6,747598,56.5228731,-6.9174622,
8110638,8110638P,Primary,Local Authority,Tobermory High School,Tobermory,Isle Of Mull,ARGYLL,PA75 6PB,Argyll and Bute,S12000035,S01007286,125031352,Non-denominational,5.8,73,*,0%,69,N,N,N,8,6,Very Remote Rural Areas,Remote Rural Areas,8,6,755448,56.6242108,-6.0687474,
8110638,8110638S,Secondary,Local Authority,Tobermory High School,Tobermory,Isle Of Mull,ARGYLL,PA75 6PB,Argyll and Bute,S12000035,S01007286,125031352,Non-denominational,20.8,151,*,0%,69,N,N,N,8,6,Very Remote Rural Areas,Remote Rural Areas,8,6,755448,56.6242108,-6.0687474,
8626626,8626626P,Primary,Local Authority,Todholm Primary School,Lochfield Road,,PAISLEY,PA2 7JE,Renfrewshire,S12000038,S01012116,123059475,Non-denominational,19.4,389,10 - <20%,30 - <35%,38,N,N,N,1,1,Large Urban Areas,Large Urban Areas,1,1,662483,55.8320788,-4.4024089,
8501521,8501521P,Primary,Local Authority,Tollbrae Primary School,South Biggar Road,Airdrie,,ML6 9LZ,North Lanarkshire,S12000050,S01011637,118004554,Non-denominational,16,259,5 - <10%,55 - <60%,14,Y,N,Y,2,2,Other Urban Areas,Other Urban Areas,2,2,665169,55.863954,-3.966792,"School Contacts List UPRN (118140436) is not in SAD 2024 Q1.  GISAT has assigned the UPRN for 47 South Biggar Road (118004554), which is next door."
5530628,5530628P,Primary,Local Authority,Tollcross Primary School,117 Fountainbridge,Edinburgh,,EH3 9QG,City of Edinburgh,S12000036,S01008665,906101732,Non-denominational,13.9,251,>20%,5 - <10%,66,N,N,N,1,1,Large Urban Areas,Large Urban Areas,1,1,672904,55.9432617,-3.2063299,
5209234,5209234P,Primary,Local Authority,Tomintoul Primary School,Cults Drive,Tomintoul,BALLINDALLOCH,AB37 9HA,Moray,S12000020,S01011045,133038563,Non-denominational,2.9,29,*,0%,57,N,N,N,7,6,Remote Rural Areas,Remote Rural Areas,7,6,818763,57.2519287,-3.381743,
5142024,5142024P,Primary,Local Authority,Tomnacross Primary School,Kiltarlity,Beauly,,IV4 7HW,Highland,S12000017,S01010657,130111603,Non-denominational,6.7,111,*,0%,68,N,N,N,6,5,Accessible Rural Areas,Accessible Rural Areas,6,5,841223,57.4368551,-4.480901,
6232124,6232124P,Primary,Local Authority,Tong Primary School,Tong,Lewis,,HS2 0HJ,Na h-Eileanan an Iar,S12000013,S01009036,139014201,Non-denominational,7.2,96,*,0%,60,N,N,N,8,6,Very Remote Rural Areas,Remote Rural Areas,8,6,936645,58.2442678,-6.3500551,
5110327,5110327P,Primary,Local Authority,Tongue Primary School,By Lairg,Sutherland,,IV27 4XL,Highland,S12000017,S01010811,130058841,Non-denominational,3.1,27,0%,0%,51,N,N,N,8,6,Very Remote Rural Areas,Remote Rural Areas,8,6,956904,58.4775618,-4.4154716,
5404320,5404320P,Primary,Local Authority,Torbain Primary School,Blairmore Road,Kirkcaldy,,KY2 6NP,Fife,S12000047,S01009516,320181637,Non-denominational,24.4,530,5 - <10%,*,38,N,N,N,2,2,Other Urban Areas,Other Urban Areas,2,2,693734,56.1305261,-3.1958736,
5118727,5118727P,Primary,Local Authority,Tore Primary School,Tore,Muir Of Ord,,IV6 7SA,Highland,S12000017,S01010729,130103613,Non-denominational,1.9,17,*,0%,72,N,N,N,6,5,Accessible Rural Areas,Accessible Rural Areas,6,5,852556,57.5413182,-4.3436551,
5501423,5501423P,Primary,Local Authority,Toronto Primary School,Toronto Avenue,Howden East,LIVINGSTON,EH54 6BN,West Lothian,S12000040,S01013314,200004105606,Non-denominational,18.2,251,5 - <10%,10 - <15%,36,N,N,N,2,2,Other Urban Areas,Other Urban Areas,2,2,667889,55.8948189,-3.5124056,
5508126,5508126P,Primary,Local Authority,Torphichen Primary School,The Loan,Torphichen,WEST LOTHIAN,EH48 4NF,West Lothian,S12000040,S01013433,200004116499,Non-denominational,6.6,57,*,0%,72,N,N,N,6,5,Accessible Rural Areas,Accessible Rural Areas,6,5,672502,55.9344475,-3.6542781,
5257425,5257425P,Primary,Local Authority,Torphins School,Beltie Road,Torphins,BANCHORY,AB31 4JT,Aberdeenshire,S12000034,S01006874,151086441,Non-denominational,10,166,*,0%,73,N,N,N,6,5,Accessible Rural Areas,Accessible Rural Areas,7,6,801866,57.1061938,-2.62342,
8350523,8350523P,Primary,Local Authority,Torrance Primary School,West Road,Torrance,BY GLASGOW,G64 4DE,East Dunbartonshire,S12000045,S01008084,132013389,Non-denominational,10.5,177,5 - <10%,*,67,N,N,N,6,5,Accessible Rural Areas,Accessible Rural Areas,6,5,674237,55.9412591,-4.2133853,
5445221,5445221P,Primary,Local Authority,Torryburn Primary School,Main Street,Newmills,DUNFERMLINE,KY12 8SU,Fife,S12000047,S01009279,320187968,Non-denominational,8,104,*,50 - <55%,59,N,N,N,3,3,Accessible Small Towns,Accessible Small Towns,3,3,686279,56.0592898,-3.5746788,
8430624,8430624P,Primary,Local Authority,Toryglen Primary School,6 Drumreoch Place,,GLASGOW,G42 0ER,Glasgow City,S12000049,S01010017,906700262193,Non-denominational,13.2,112,>20%,50 - <55%,13,Y,N,Y,1,1,Large Urban Areas,Large Urban Areas,1,1,661536,55.8267939,-4.2310026,
5442923,5442923P,Primary,Local Authority,Touch Primary School,Garvock Bank,Dunfermline,,KY11 4JZ,Fife,S12000047,S01009336,320188734,Non-denominational,15.8,239,5 - <10%,50 - <55%,7,Y,N,Y,2,2,Other Urban Areas,Other Urban Areas,2,2,687842,56.0751697,-3.4236439,
5230020,5230020P,Primary,Local Authority,Tough School,Tough,Alford,ABERDEENSHIRE,AB33 8ES,Aberdeenshire,S12000034,S01006881,151118804,Non-denominational,3.5,29,*,0%,82,N,N,N,6,5,Accessible Rural Areas,Accessible Rural Areas,6,5,813292,57.2087877,-2.6324476,
8109729,8109729P,Primary,Local Authority,Toward Primary School,Toward,By Dunoon,ARGYLL,PA23 7UG,Argyll and Bute,S12000035,S01007353,125058258,Non-denominational,3,23,0%,0%,57,N,N,N,8,6,Very Remote Rural Areas,Remote Rural Areas,8,6,667553,55.8646255,-4.9956245,
5530725,5530725P,Primary,Local Authority,Towerbank Primary School,Figgate Bank,Edinburgh,,EH15 1HX,City of Edinburgh,S12000036,S01008730,906300834,Non-denominational,25.2,512,10 - <20%,0 - <5%,53,N,N,N,1,1,Large Urban Areas,Large Urban Areas,1,1,674110,55.9549796,-3.1125865,
5230128,5230128P,Primary,Local Authority,Towie School,Glenkindie,Alford,ABERDEENSHIRE,AB33 8RN,Aberdeenshire,S12000034,S01006878,151112416,Non-denominational,3.2,38,*,0%,52,N,N,N,7,6,Remote Rural Areas,Remote Rural Areas,7,6,812895,57.2033756,-2.9292631,
8504229,8504229P,Primary,Local Authority,Townhead Primary School,Dochart Drive,Coatbridge,,ML5 2PG,North Lanarkshire,S12000050,S01011591,118106329,Non-denominational,8.3,112,5 - <10%,55 - <60%,5,Y,N,Y,2,2,Other Urban Areas,Other Urban Areas,2,2,666841,55.8775773,-4.0526249,
5443024,5443024P,Primary,Local Authority,Townhill Primary School,Chisholm Street,Townhill,DUNFERMLINE,KY12 0EX,Fife,S12000047,S01009323,320188656,Non-denominational,14.6,233,*,0 - <5%,53,N,N,N,6,5,Accessible Rural Areas,Accessible Rural Areas,6,5,689621,56.0909866,-3.4381303,
8522421,8522421P,Primary,Local Authority,Townhill Primary School,Melfort Road,Hamilton,,ML3 9UR,South Lanarkshire,S12000029,S01012747,484163667,Non-denominational,17.8,299,5 - <10%,15 - <20%,39,N,N,N,2,2,Other Urban Areas,Other Urban Areas,2,2,654907,55.7698222,-4.0825869,
5534534,5534534S,Secondary,Local Authority,Trinity Academy,Craighall Avenue,Edinburgh,,EH6 4RT,City of Edinburgh,S12000036,S01008824,906337877,Non-denominational,72.9,1000,>20%,5 - <10%,95,N,N,N,1,1,Large Urban Areas,Large Urban Areas,1,1,676618,55.9767467,-3.1945841,
8458030,8458030S,Secondary,Local Authority,Trinity High School,Glenside Drive,Rutherglen,,G73 3LW,South Lanarkshire,S12000029,S01012850,484162029,Roman Catholic,87.8,1231,10 - <20%,25 - <30%,27,N,N,N,1,1,Large Urban Areas,Large Urban Areas,1,1,661024,55.8229574,-4.1884443,
8632030,8632030S,Secondary,Local Authority,Trinity High School,Glebe Street,,RENFREW,PA4 8TP,Renfrewshire,S12000038,S01012181,123079705,Roman Catholic,72.4,953,10 - <20%,25 - <30%,40,N,N,N,1,1,Large Urban Areas,Large Urban Areas,1,1,667487,55.8773488,-4.3870157,
5530822,5530822P,Primary,Local Authority,Trinity Primary School,181 Newhaven Road,Edinburgh,,EH6 4QA,City of Edinburgh,S12000036,S01008822,906178709,Non-denominational,27,568,>20%,10 - <15%,99,N,N,N,1,1,Large Urban Areas,Large Urban Areas,1,1,676605,55.9766399,-3.1935553,
5630924,5630924P,Primary,Local Authority,Trinity Primary School,Trinity Street,Hawick,,TD9 9NR,Scottish Borders,S12000026,S01012364,116033460,Non-denominational,11.4,225,5 - <10%,40 - <45%,29,N,N,N,2,2,Other Urban Areas,Other Urban Areas,2,2,615139,55.4276644,-2.7792461,
8235120,8235120P,Primary,Local Authority,Troon Primary School,37 Barassie Street,Troon,,KA10 6LX,South Ayrshire,S12000028,S01012565,141008778,Non-denominational,18.6,308,0 - <5%,5 - <10%,79,N,N,N,2,2,Other Urban Areas,Other Urban Areas,2,2,631159,55.5452482,-4.6584555,
5936829,5936829P,Primary,Local Authority,Troqueer School,Hill Avenue,Troqueer,DUMFRIES,DG2 7LR,Dumfries and Galloway,S12000006,S01007593,137017123,Non-denominational,12.3,253,5 - <10%,*,56,N,N,N,2,2,Other Urban Areas,Other Urban Areas,2,2,575189,55.0604268,-3.6172181,
5445329,5445329P,Primary,Local Authority,Tulliallan Primary School,Kirk Street,Kincardine,ALLOA,FK10 4PT,Fife,S12000047,S01009265,320189030,Non-denominational,8.5,188,5 - <10%,*,34,N,N,N,6,5,Accessible Rural Areas,Accessible Rural Areas,6,5,687765,56.0707428,-3.7171135,
5347823,5347823P,Primary,Local Authority,Tulloch Primary School,Gillespie Place,Perth,,PH1 2QX,Perth and Kinross,S12000048,S01011923,124103928,Non-denominational,23.4,358,*,30 - <35%,19,N,Y,Y,2,2,Other Urban Areas,Other Urban Areas,2,2,725353,56.4117755,-3.4617759,
5242428,5242428P,Primary,Local Authority,Tullos School,Girdleness Road,Torry,ABERDEEN,AB11 8FJ,Aberdeen City,S12000033,S01006623,9051093744,Non-denominational,20.3,305,10 - <20%,70 - <75%,33,N,N,N,1,1,Large Urban Areas,Large Urban Areas,1,1,804511,57.1314762,-2.0773675,
5230225,5230225P,Primary,Local Authority,Tullynessle School,Tullynessle,Alford,ABERDEENSHIRE,AB33 8QN,Aberdeenshire,S12000034,S01007005,151111970,Non-denominational,1.9,14,0%,0%,81,N,N,N,7,6,Remote Rural Areas,Remote Rural Areas,7,6,818376,57.2539428,-2.7275794,
8342032,8342032S,Secondary,Local Authority,Turnbull High School,St Mary's Road,Bishopbriggs,GLASGOW,G64 2EF,East Dunbartonshire,S12000045,S01008098,132053093,Roman Catholic,61.8,658,10 - <20%,15 - <20%,85,N,N,N,1,1,Large Urban Areas,Large Urban Areas,1,1,670687,55.9088675,-4.2403073,
5221234,5221234S,Secondary,Local Authority,Turriff Academy,Victoria Terrace,Turriff,ABERDEENSHIRE,AB53 4EE,Aberdeenshire,S12000034,S01007020,151086881,Non-denominational,60.7,623,*,0%,52,N,N,N,4,4,Remote Small Towns,Remote Small Towns,4,4,849693,57.5365212,-2.4608702,
5222222,5222222P,Primary,Local Authority,Turriff Primary School,Meadowbank Road,Turriff,ABERDEENSHIRE,AB53 4WB,Aberdeenshire,S12000034,S01007014,151167820,Non-denominational,24.4,406,0 - <5%,0%,74,N,N,N,4,4,Remote Small Towns,Remote Small Towns,4,4,850620,57.5448306,-2.4663631,
8338426,8338426P,Primary,Local Authority,Twechar Primary School,Main Street,Twechar,,G65 9TA,East Dunbartonshire,S12000045,S01008145,132036876,Non-denominational,14.5,97,5 - <10%,*,33,N,N,N,6,5,Accessible Rural Areas,Accessible Rural Areas,6,5,675178,55.9519932,-4.0833201,
5620424,5620424P,Primary,Local Authority,Tweedbank Primary School,Tweedbank,Galashiels,,TD1 3RR,Scottish Borders,S12000026,S01012293,116052847,Non-denominational,11.5,180,0 - <5%,0 - <5%,60,N,N,N,2,2,Other Urban Areas,Other Urban Areas,2,2,634723,55.6037107,-2.7678604,
5917921,5917921P,Primary,Local Authority,Twynholm School,Twynholm,Kirkcudbright,,DG6 4NY,Dumfries and Galloway,S12000006,S01007524,137077486,Non-denominational,3.9,56,*,0%,61,N,N,N,7,6,Remote Rural Areas,Remote Rural Areas,7,6,554153,54.864261,-4.0837277,
5534631,5534631S,Secondary,Local Authority,Tynecastle High School,17-19 McLeod Street,Edinburgh,,EH11 2NJ,City of Edinburgh,S12000036,S01008498,906464434,Non-denominational,61.4,838,>20%,10 - <15%,38,N,N,N,1,1,Large Urban Areas,Large Urban Areas,1,1,672524,55.9396093,-3.2304067,
5540020,5540020P,Primary,Local Authority,Tynewater Primary School,32 Crichton Road,Pathhead,,EH37 5RA,Midlothian,S12000019,S01011018,120038649,Non-denominational,11,173,5 - <10%,*,50,N,N,N,6,5,Accessible Rural Areas,Accessible Rural Areas,6,5,663981,55.8651482,-2.9732066,
5219620,5219620P,Primary,Local Authority,Tyrie School,Tyrie,Fraserburgh,ABERDEENSHIRE,AB43 7DQ,Aberdeenshire,S12000034,S01007108,151123885,Non-denominational,2,13,0%,0%,54,N,N,N,6,5,Accessible Rural Areas,Accessible Rural Areas,6,5,862079,57.6485485,-2.1290451,
8525331,8525331S,Secondary,Local Authority,Uddingston Grammar School,Old Glasgow Road,Uddingston,,G71 7BT,South Lanarkshire,S12000029,S01012807,484161827,Non-denominational,112.6,1355,5 - <10%,20 - <25%,94,N,N,N,2,2,Other Urban Areas,Other Urban Areas,2,2,660830,55.8228902,-4.0921426,
5230322,5230322P,Primary,Local Authority,Udny Green School,Udny Green,Ellon,ABERDEENSHIRE,AB41 7RS,Aberdeenshire,S12000034,S01006984,151118592,Non-denominational,4,47,*,0%,81,N,N,N,6,5,Accessible Rural Areas,Accessible Rural Areas,6,5,826445,57.3283727,-2.1994782,
8522529,8522529P,Primary,Local Authority,Udston Primary School,Thornhill Road,Hillhouse,HAMILTON,ML3 9PS,South Lanarkshire,S12000029,S01012750,484164974,Non-denominational,17.5,328,5 - <10%,45 - <50%,14,Y,N,Y,2,2,Other Urban Areas,Other Urban Areas,2,2,655532,55.7753758,-4.0863271,
6233325,6233325P,Primary,Local Authority,Uig Primary School,Timsgarry,Uig,ISLE OF LEWIS,HS2 9JE,Na h-Eileanan an Iar,S12000013,S01009027,139014202,Non-denominational,3.9,26,0%,0%,45,N,N,N,8,6,Very Remote Rural Areas,Remote Rural Areas,8,6,934408,58.1997638,-7.013664,
5119936,5119936S,Secondary,Local Authority,Ullapool High School,Mill Street,Ullapool,,IV26 2UN,Highland,S12000017,S01010692,130009532,Non-denominational,22.5,173,*,0%,68,N,N,N,8,6,Very Remote Rural Areas,Remote Rural Areas,8,6,894232,57.8982267,-5.1549083,
5153522,5153522P,Primary,Local Authority,Ullapool Primary School,Quay Street,Ullapool,,IV26 2UE,Highland,S12000017,S01010690,130088603,Non-denominational,8.7,129,*,0%,64,N,N,N,8,6,Very Remote Rural Areas,Remote Rural Areas,8,6,894329,57.8989279,-5.1614691,
8109826,8109826P,Primary,Local Authority,Ulva Primary School,Ulva Ferry,Isle Of Mull,ARGYLL,PA73 6LT,Argyll and Bute,S12000035,S01007285,125065439,Non-denominational,1.7,9,0%,0%,57,N,N,N,8,6,Very Remote Rural Areas,Remote Rural Areas,8,6,740136,56.4841055,-6.1414808,
8549427,8549427P,Primary,Local Authority,Underbank Primary School,154 Lanark Road,Crossford,CARLUKE,ML8 5QQ,South Lanarkshire,S12000029,S01012636,484107567,Non-denominational,9.6,123,*,0 - <5%,59,N,N,N,6,5,Accessible Rural Areas,Accessible Rural Areas,6,5,645847,55.6919403,-3.8628686,
5508223,5508223P,Primary,Local Authority,Uphall Primary School,Crossgreen Drive,Uphall,WEST LOTHIAN,EH52 6DS,West Lothian,S12000040,S01013471,200004084455,Non-denominational,15.9,220,5 - <10%,10 - <15%,34,N,N,N,2,2,Other Urban Areas,Other Urban Areas,2,2,672327,55.9348025,-3.5039755,
8627525,8627525P,Primary,Local Authority,Uplawmoor Primary School,23 Tannoch Road,Uplawmoor,GLASGOW,G78 4AD,East Renfrewshire,S12000011,S01008302,131036178,Non-denominational,8,76,*,0%,86,N,N,N,6,5,Accessible Rural Areas,Accessible Rural Areas,6,5,655143,55.7643155,-4.4922027,
6101623,6101623P,Primary,Local Authority,Urafirth Primary School,Heylor,Shetland,,ZE2 9RH,Shetland Islands,S12000027,S01012412,30100004282,Non-denominational,2.8,21,0%,0%,56,N,N,N,8,6,Very Remote Rural Areas,Remote Rural Areas,8,6,1178356,60.4878366,-1.4665034,
5226821,5226821P,Primary,Local Authority,Uryside School,Peregrine Drive,Inverurie,ABERDEENSHIRE,AB51 6AS,Aberdeenshire,S12000034,S01006913,151174393,Non-denominational,23.5,458,5 - <10%,0%,80,N,N,N,2,2,Other Urban Areas,Other Urban Areas,2,2,823008,57.2971051,-2.3741181,
8304831,8304831S,Secondary,Local Authority,Vale Of Leven Academy,Main Street,,ALEXANDRIA,G83 0BH,West Dunbartonshire,S12000039,S01013209,129052724,Non-denominational,84,982,0 - <5%,50 - <55%,24,N,Y,Y,2,2,Other Urban Areas,Other Urban Areas,2,2,679381,55.9803366,-4.5809828,
5404428,5404428P,Primary,Local Authority,Valley Primary School,Valley Gardens,Kirkcaldy,,KY2 6BL,Fife,S12000047,S01009509,320178749,Non-denominational,19.2,260,5 - <10%,65 - <70%,17,N,Y,Y,2,2,Other Urban Areas,Other Urban Areas,2,2,692993,56.1240704,-3.1748417,
5326923,5326923P,Primary,Local Authority,Victoria Park Primary School,1 Glenagnes Road,Dundee,,DD2 2AB,Dundee City,S12000042,S01007696,9059102620,Non-denominational,13.2,202,>20%,25 - <30%,25,N,Y,Y,1,1,Large Urban Areas,Large Urban Areas,1,1,730322,56.4610308,-2.9960558,
8518343,8518343SP,Special,Local Authority,Victoria Park School,Market Road,Carluke,,ML8 4BE,South Lanarkshire,S12000029,S01012602,484166074,Non-denominational,10.9,63,10 - <20%,25 - <30%,14,Y,N,Y,2,2,Other Urban Areas,Other Urban Areas,2,2,650773,55.7366003,-3.8362809,
5531020,5531020P,Primary,Local Authority,Victoria Primary School,1 Windrush Drive,Edinburgh,,EH7 4TN,City of Edinburgh,S12000036,S01008773,906178525,Non-denominational,20.1,322,>20%,5 - <10%,38,N,N,N,1,1,Large Urban Areas,Large Urban Areas,1,1,677036,55.9805203,-3.1927453,
5743222,5743222P,Primary,Local Authority,Victoria Primary School,Middlefield Road,Falkirk,,FK2 9HF,Falkirk,S12000014,S01009145,136030405,Non-denominational,22.2,326,10 - <20%,40 - <45%,43,N,N,N,2,2,Other Urban Areas,Other Urban Areas,2,2,680745,56.006917,-3.7697601,
8501629,8501629P,Primary,Local Authority,Victoria Primary School,79 Aitchison Street,Airdrie,,ML6 0DB,North Lanarkshire,S12000050,S01011654,118133397,Non-denominational,12.4,167,10 - <20%,60 - <65%,16,N,Y,Y,2,2,Other Urban Areas,Other Urban Areas,2,2,665444,55.8660474,-3.9902627,
5407338,5407338S,Secondary,Local Authority,Viewforth High School,Windmill Community Campus,Windmill Road,KIRKCALDY FIFE,KY1 3AL,Fife,S12000047,S01009531,320313394,Non-denominational,62,702,*,50 - <55%,11,Y,N,Y,2,2,Other Urban Areas,Other Urban Areas,2,2,693834,56.1320609,-3.1289034,
5347920,5347920P,Primary,Local Authority,Viewlands Primary School,Oakbank Crescent,Perth,,PH1 1BU,Perth and Kinross,S12000048,S01011902,124037480,Non-denominational,18.7,322,10 - <20%,0 - <5%,87,N,N,N,2,2,Other Urban Areas,Other Urban Areas,2,2,722914,56.3898887,-3.4591811,
5240042,5240042SP,Special,Local Authority,Virtual School,Marischal College,Broad Street,ABERDEEN,AB10 1AB,Aberdeen City,S12000033,S01006646,9051138577,Non-denominational,0,0,0,0,56,N,N,N,1,1,Large Urban Areas,Large Urban Areas,1,1,806528,57.1495873,-2.0969235,"Pupil roll, FTE teachers, proportion of pupils minority ethnic, and proportion of puplis 20% most deprived is recorded as zero as this school is not included in the School Level Summary Statistics."
5426138,5426138S,Secondary,Local Authority,Waid Academy,St Andrews Road,Anstruther,KY10 3GY,KY10 3HD,Fife,S12000047,S01009710,320319757,Non-denominational,53.7,681,0 - <5%,0 - <5%,52,N,N,N,3,3,Accessible Small Towns,Accessible Small Towns,3,3,704031,56.22683,-2.703886,School Contacts List UPRN (320176042) is not in SAD 2024 Q1.  GISAT has assigned the UPRN for Waid Community Campus (320319757) which shares the site.
5242827,5242827P,Primary,Local Authority,Walker Road School,Walker Road,Aberdeen,,AB11 8DL,Aberdeen City,S12000033,S01006624,9051079411,Non-denominational,22.9,327,>20%,55 - <60%,30,N,N,N,1,1,Large Urban Areas,Large Urban Areas,1,1,804919,57.1351325,-2.090294,
5601622,5601622P,Primary,Local Authority,Walkerburn Primary School,9 Caberston Road,Walkerburn,,EH43 6AU,Scottish Borders,S12000026,S01012263,116041857,Non-denominational,3.4,32,*,0%,37,N,N,N,6,5,Accessible Rural Areas,Accessible Rural Areas,6,5,637124,55.6234391,-3.0209435,
5939739,5939739S,Secondary,Local Authority,Wallace Hall Academy,Station Road,Thornhill,DUMFRIESSHIRE,DG3 5DS,Dumfries and Galloway,S12000006,S01007565,137103700,Non-denominational,40.5,551,0 - <5%,5 - <10%,47,N,N,N,6,5,Accessible Rural Areas,Accessible Rural Areas,6,5,595655,55.2424201,-3.7572592,
5941229,5941229P,Primary,Local Authority,Wallace Hall Primary School,Station Road,Thornhill,,DG3 5DS,Dumfries and Galloway,S12000006,S01007565,137103702,Non-denominational,9.6,158,*,*,47,N,N,N,6,5,Accessible Rural Areas,Accessible Rural Areas,6,5,595677,55.2425957,-3.7587928,
5726530,5726530S,Secondary,Local Authority,Wallace High School,Airthrey Road,,STIRLING,FK9 5HW,Stirling,S12000030,S01013083,122059725,Non-denominational,91.5,1186,5 - <10%,25 - <30%,100,N,N,N,2,2,Other Urban Areas,Other Urban Areas,2,2,695912,56.1408371,-3.9281544,
8621721,8621721P,Primary,Local Authority,Wallace Primary School,Greenhill Crescent,,ELDERSLIE,PA5 9AW,Renfrewshire,S12000038,S01012061,123005614,Non-denominational,17.9,330,5 - <10%,0 - <5%,56,N,N,N,1,1,Large Urban Areas,Large Urban Areas,1,1,662914,55.8343427,-4.4832511,
5745128,5745128P,Primary,Local Authority,Wallacestone Primary School,Braemar Gardens,Brightons,FALKIRK,FK2 0JB,Falkirk,S12000014,S01009197,136039811,Non-denominational,21.6,399,0 - <5%,0 - <5%,85,N,N,N,2,2,Other Urban Areas,Other Urban Areas,2,2,677538,55.9788032,-3.7199276,
8415323,8415323P,Primary,Local Authority,Wallacewell Primary School,305 Standburn Road,,GLASGOW,G21 3RH,Glasgow City,S12000049,S01010196,906700419516,Non-denominational,21.8,395,>20%,30 - <35%,13,Y,N,Y,1,1,Large Urban Areas,Large Urban Areas,1,1,668951,55.8940493,-4.1968449,
5550629,5550629P,Primary,Local Authority,Wallyford Primary School,Futures Way,Wallyford,EAST LOTHIAN,EH21 8FF,East Lothian,S12000010,S01008165,138068621,Non-denominational,23.3,456,5 - <10%,10 - <15%,85,N,N,N,1,1,Large Urban Areas,Large Urban Areas,1,1,672089,55.9377533,-3.0044211,
5301122,5301122P,Primary,Local Authority,Warddykes Primary School,Warddykes Avenue,Arbroath,,DD11 4AN,Angus,S12000041,S01007199,117082500,Non-denominational,19.5,284,5 - <10%,40 - <45%,6,Y,N,Y,2,2,Other Urban Areas,Other Urban Areas,2,2,742263,56.5709248,-2.5860919,
5531128,5531128P,Primary,Local Authority,Wardie Primary School,Granton Road,Edinburgh,,EH5 3NJ,City of Edinburgh,S12000036,S01008828,906113633,Non-denominational,21.4,440,10 - <20%,5 - <10%,87,N,N,N,1,1,Large Urban Areas,Large Urban Areas,1,1,676483,55.9753396,-3.2144429,
5402824,5402824P,Primary,Local Authority,Warout Primary & Community School,Malcolm Road,Glenrothes,,KY7 4JX,Fife,S12000047,S01009572,320179292,Non-denominational,13.4,195,10 - <20%,70 - <75%,10,Y,N,Y,2,2,Other Urban Areas,Other Urban Areas,2,2,700705,56.1933877,-3.1722057,
5101522,5101522P,Primary,Local Authority,Watten Primary School,Watten,by Wick,,KW1 5YJ,Highland,S12000017,S01010787,130072604,Non-denominational,2.5,37,0%,0%,43,N,N,N,8,6,Very Remote Rural Areas,Remote Rural Areas,8,6,954544,58.4724912,-3.3028203,
5307732,5307732S,Secondary,Local Authority,Webster's High School,Prosen Road,Kirriemuir,,DD8 5BR,Angus,S12000041,S01007272,117096163,Non-denominational,58,654,0 - <5%,*,20,N,Y,Y,3,3,Accessible Small Towns,Accessible Small Towns,3,3,753662,56.6706452,-3.0060358,
8430926,8430926P,Primary,Local Authority,Wellshot Primary School,285 Wellshot Road,,GLASGOW,G32 7QD,Glasgow City,S12000049,S01010144,906700223576,Non-denominational,20.2,336,>20%,75 - <80%,11,Y,N,Y,1,1,Large Urban Areas,Large Urban Areas,1,1,663621,55.8465339,-4.1751051,
8644721,8644721P,Primary,Local Authority,Wemyss Bay Primary School,Ardgowan Road,Wemyss Bay,,PA18 6AT,Inverclyde,S12000018,S01010827,119000272,Non-denominational,8.4,100,*,0%,82,N,N,N,6,5,Accessible Rural Areas,Accessible Rural Areas,6,5,670176,55.8907638,-4.8889518,
5555426,5555426P,Primary,Local Authority,West Barns Primary School,West Barns,Dunbar,EAST LOTHIAN,EH42 1TZ,East Lothian,S12000010,S01008284,138032714,Non-denominational,6.4,95,*,0%,59,N,N,N,6,5,Accessible Rural Areas,Accessible Rural Areas,6,5,678080,55.9944568,-2.547351,
5502330,5502330S,Secondary,Local Authority,West Calder High School,Limefield Lane,Polbeth,WEST CALDER,EH55 8BF,West Lothian,S12000040,S01013250,135046659,Non-denominational,78.4,1132,10 - <20%,5 - <10%,53,N,N,N,2,2,Other Urban Areas,Other Urban Areas,6,5,663356,55.8535005,-3.559815,
8456127,8456127P,Primary,Local Authority,West Coats Primary School,Brownside Road,,CAMBUSLANG,G72 8NH,South Lanarkshire,S12000029,S01012844,484038081,Non-denominational,20.8,386,5 - <10%,15 - <20%,99,N,N,N,1,1,Large Urban Areas,Large Urban Areas,1,1,660168,55.8154972,-4.1753198,
5201225,5201225P,Primary,Local Authority,West End Primary School,Mayne Road,Elgin,MORAY,IV30 1PA,Moray,S12000020,S01011118,133000700,Non-denominational,11.2,185,5 - <10%,0 - <5%,87,N,N,N,2,2,Other Urban Areas,Other Urban Areas,2,2,862423,57.6447868,-3.3226026,
8214522,8214522P,Primary,Local Authority,West Kilbride Primary School,Hunterston Road,,WEST KILBRIDE,KA23 9EX,North Ayrshire,S12000021,S01011314,126059847,Non-denominational,18.4,324,0 - <5%,0 - <5%,57,N,N,N,3,3,Accessible Small Towns,Accessible Small Towns,3,3,648464,55.6962925,-4.8587522,
5601827,5601827P,Primary,Local Authority,West Linton Primary School,School Brae,West Linton,PEEBLESSHIRE,EH46 7DU,Scottish Borders,S12000026,S01012246,116071900,Non-denominational,12.1,215,5 - <10%,0%,82,N,N,N,6,5,Accessible Rural Areas,Accessible Rural Areas,6,5,651975,55.7536852,-3.3521237,
8534543,8534543SP,Special,Local Authority,West Mains School,Logie Park,East Kilbride,,G74 4BU,South Lanarkshire,S12000029,S01012914,484182785,Non-denominational,12.7,63,*,*,53,N,N,N,2,2,Other Urban Areas,Other Urban Areas,2,2,655008,55.7692622,-4.1674189,
8626723,8626723P,Primary,Local Authority,West Primary School,Newton Street,,PAISLEY,PA1 2RL,Renfrewshire,S12000038,S01012072,123104943,Non-denominational,30.6,403,>20%,50 - <55%,4,Y,N,Y,1,1,Large Urban Areas,Large Urban Areas,1,1,663592,55.84123,-4.4438396,
8340625,8340625P,Primary,Local Authority,Wester Cleddens Primary,Wester Cleddens Road,Bishopbriggs,,G64 2NQ,East Dunbartonshire,S12000045,S01008096,132011320,Non-denominational,24.2,295,10 - <20%,5 - <10%,87,N,N,N,1,1,Large Urban Areas,Large Urban Areas,1,1,670584,55.9083583,-4.2173181,
5533937,5533937S,Secondary,Local Authority,Wester Hailes High School,5 Murrayburn Drive,Edinburgh,,EH14 2SU,City of Edinburgh,S12000036,S01008458,906175152,Non-denominational,43.2,401,10 - <20%,75 - <80%,45,N,N,N,1,1,Large Urban Areas,Large Urban Areas,1,1,670148,55.9176429,-3.2905605,
8533121,8533121P,Primary,Local Authority,Wester Overton Primary School,Ashkirk Road,Strathaven,,ML10 6JT,South Lanarkshire,S12000029,S01012692,484159957,Non-denominational,18.7,340,0 - <5%,*,45,N,N,N,3,3,Accessible Small Towns,Accessible Small Towns,3,3,645359,55.6843161,-4.0646579,
8324522,8324522P,Primary,Local Authority,Westerton Primary School,Crarae Avenue,Bearsden,,G61 1HY,East Dunbartonshire,S12000045,S01008074,132032104,Non-denominational,16.2,284,10 - <20%,0 - <5%,82,N,N,N,1,1,Large Urban Areas,Large Urban Areas,1,1,670606,55.9063853,-4.3346719,
5508428,5508428P,Primary,Local Authority,Westfield Primary School,Lomond View,Westfield,BATHGATE,EH48 3DE,West Lothian,S12000040,S01013432,135009740,Non-denominational,4.6,56,0%,10 - <15%,49,N,N,N,6,5,Accessible Rural Areas,Accessible Rural Areas,6,5,671888,55.9282811,-3.7018896,
8359423,8359423P,Primary,Local Authority,Westfield Primary School,Westfield Drive,Westfield,CUMBERNAULD,G68 9HJ,North Lanarkshire,S12000050,S01011722,118015509,Non-denominational,14.2,278,*,0 - <5%,25,N,Y,Y,2,2,Other Urban Areas,Other Urban Areas,2,2,673407,55.9368628,-4.035892,
5221544,5221544SP,Special,Local Authority,Westfield School,Argyll Road,Fraserburgh,ABERDEENSHIRE,AB43 9BL,Aberdeenshire,S12000034,S01007119,151087058,Non-denominational,6.5,43,*,25 - <30%,27,N,N,N,2,2,Other Urban Areas,Other Urban Areas,2,2,866160,57.6852691,-2.0229512,
5232937,5232937S,Secondary,Local Authority,Westhill Academy,Hays Way,Westhill,ABERDEENSHIRE,AB32 6XZ,Aberdeenshire,S12000034,S01006940,151087059,Non-denominational,69.3,847,10 - <20%,*,99,N,N,N,2,2,Other Urban Areas,Other Urban Areas,2,2,807267,57.1559453,-2.2823547,
5230527,5230527P,Primary,Local Authority,Westhill Primary School,Westhill Drive,Westhill,ABERDEENSHIRE,AB32 6FY,Aberdeenshire,S12000034,S01006940,151101897,Non-denominational,17.3,320,>20%,*,99,N,N,N,2,2,Other Urban Areas,Other Urban Areas,2,2,807209,57.155434,-2.2768016,
1000241,1000241SP,Special,Local Authority,Westmuir High School,255 Rigby Street,Glasgow,,G32 6DJ,Glasgow City,S12000049,S01010148,906700216227,Non-denominational,12.8,35,*,60 - <65%,4,Y,N,Y,1,1,Large Urban Areas,Large Urban Areas,1,1,664898,55.8577069,-4.1922038,
5230624,5230624P,Primary,Local Authority,Westpark School,Cruden Crescent,Northfield,ABERDEEN,AB16 7JD,Aberdeen City,S12000033,S01006721,9051026695,Non-denominational,15,222,5 - <10%,5 - <10%,29,N,N,N,1,1,Large Urban Areas,Large Urban Areas,1,1,808106,57.1636841,-2.1670482,
5745225,5745225P,Primary,Local Authority,Westquarter Primary School,Westquarter Avenue,Westquarter,FALKIRK,FK2 9RN,Falkirk,S12000014,S01009217,136036483,Non-denominational,21,373,0 - <5%,10 - <15%,13,Y,N,Y,2,2,Other Urban Areas,Other Urban Areas,2,2,678981,55.9914623,-3.7418613,
6003036,6003036P,Primary,Local Authority,Westray Junior High School,Westray,Orkney,,KW17 2DH,Orkney Islands,S12000023,S01011832,134014360,Non-denominational,3.8,40,*,0%,46,N,N,N,8,6,Very Remote Rural Areas,Remote Rural Areas,8,6,1048484,59.3189756,-2.9912517,
6003036,6003036S,Secondary,Local Authority,Westray Junior High School,Westray,Orkney,,KW17 2DH,Orkney Islands,S12000023,S01011832,134014360,Non-denominational,5.9,35,*,0%,46,N,N,N,8,6,Very Remote Rural Areas,Remote Rural Areas,8,6,1048484,59.3189756,-2.9912517,
5647126,5647126P,Primary,Local Authority,Westruther Primary School,Westruther,Gordon,,TD3 6NE,Scottish Borders,S12000026,S01012303,116053146,Non-denominational,1.6,15,0%,0%,61,N,N,N,7,6,Remote Rural Areas,Remote Rural Areas,7,6,650029,55.7422456,-2.5854014,
6104134,6104134P,Primary,Local Authority,Whalsay School,Symbister,Whalsay,SHETLAND,ZE2 9AQ,Shetland Islands,S12000027,S01012415,30100004743,Non-denominational,6.3,94,*,0%,79,N,N,N,8,6,Very Remote Rural Areas,Remote Rural Areas,8,6,1162187,60.340112,-1.0188788,
6104134,6104134S,Secondary,Local Authority,Whalsay School,Symbister,Whalsay,SHETLAND,ZE2 9AQ,Shetland Islands,S12000027,S01012415,30100004743,Non-denominational,10,57,*,0%,79,N,N,N,8,6,Very Remote Rural Areas,Remote Rural Areas,8,6,1162187,60.340112,-1.0188788,
1004255,1004255P,Primary,Local Authority,Whatriggs Primary School,Whatriggs Road,,KILMARNOCK,KA1 3SZ,East Ayrshire,S12000008,S01007969,127070456,Non-denominational,28.6,481,*,40 - <45%,27,N,N,N,2,2,Other Urban Areas,Other Urban Areas,2,2,635849,55.5910828,-4.4832282,
1000527,1000527P,Primary,Local Authority,Whinhill Primary School,Drumfrochar Road,Greenock,,PA15 4EQ,Inverclyde,S12000018,S01010883,119001596,Non-denominational,24.1,288,10 - <20%,60 - <65%,51,N,N,N,2,2,Other Urban Areas,Other Urban Areas,2,2,675088,55.9375575,-4.7741205,
5510430,5510430S,Secondary,Local Authority,Whitburn Academy,Shanks Road,Whitburn,WEST LOTHIAN,EH47 0HL,West Lothian,S12000040,S01013377,200004128090,Non-denominational,64.1,851,0 - <5%,25 - <30%,25,N,Y,Y,2,2,Other Urban Areas,Other Urban Areas,2,2,665152,55.8680561,-3.6796302,
5508924,5508924P,Primary,Local Authority,Whitdale Primary School,55a Whitedalehead Road,Whitburn,WEST LOTHIAN,EH47 8JU,West Lothian,S12000040,S01013370,135020914,Non-denominational,22.7,349,5 - <10%,35 - <40%,13,Y,N,Y,2,2,Other Urban Areas,Other Urban Areas,2,2,664873,55.8656155,-3.6747469,
5550726,5550726P,Primary,Local Authority,Whitecraig Primary School,44a Whitecraig Crescent,Whitecraig,MUSSELBURGH EAST LOTHIAN,EH21 8NG,East Lothian,S12000010,S01008164,138040736,Non-denominational,9,104,*,0%,54,N,N,N,6,5,Accessible Rural Areas,Accessible Rural Areas,6,5,670031,55.9189654,-3.0397431,
8313229,8313229P,Primary,Local Authority,Whitecrook Primary School,Cochno Street,Whitecrook,CLYDEBANK,G81 1RQ,West Dunbartonshire,S12000039,S01013129,129007960,Non-denominational,11,124,5 - <10%,80 - <85%,15,Y,N,Y,1,1,Large Urban Areas,Large Urban Areas,1,1,670180,55.9013905,-4.3953554,
5745322,5745322P,Primary,Local Authority,Whitecross Primary School,Avontoun Crescent,Whitecross,LINLITHGOW,EH49 6JN,Falkirk,S12000014,S01009189,136055130,Non-denominational,6.4,55,0%,*,25,N,Y,Y,6,5,Accessible Rural Areas,Accessible Rural Areas,6,5,676792,55.9730088,-3.653489,
8439532,8439532S,Secondary,Local Authority,Whitehill Secondary School,280 Onslow Drive,Dennistoun,GLASGOW,G31 2QF,Glasgow City,S12000049,S01010238,906700201073,Non-denominational,56.4,604,>20%,60 - <65%,44,N,N,N,1,1,Large Urban Areas,Large Urban Areas,1,1,665285,55.8608209,-4.2125304,
5301220,5301220P,Primary,Local Authority,Whitehills Primary School,Fyfe Street,Forfar,,DD8 3EQ,Angus,S12000041,S01007252,117108052,Non-denominational,21.9,364,*,5 - <10%,66,N,N,N,2,2,Other Urban Areas,Other Urban Areas,2,2,751283,56.6502481,-2.8774243,
5213126,5213126P,Primary,Local Authority,Whitehills School,Forbes Road,Whitehills,BANFFSHIRE,AB45 2LX,Aberdeenshire,S12000034,S01007027,151087083,Non-denominational,8.5,129,*,0%,54,N,N,N,7,6,Remote Rural Areas,Remote Rural Areas,7,6,865135,57.6747466,-2.5776429,
8216924,8216924P,Primary,Local Authority,Whitehirst Park Primary,Stevenston Road,,KILWINNING,KA13 6NQ,North Ayrshire,S12000021,S01011279,126060671,Non-denominational,16.5,273,0 - <5%,15 - <20%,48,N,N,N,2,2,Other Urban Areas,Other Urban Areas,2,2,643333,55.6533645,-4.718245,
8431027,8431027P,Primary,Local Authority,Whiteinch Primary School,56 Medwyn Street,,GLASGOW,G14 9RP,Glasgow City,S12000049,S01010423,906700080778,Non-denominational,8,92,>20%,65 - <70%,8,Y,N,Y,1,1,Large Urban Areas,Large Urban Areas,1,1,666943,55.8735436,-4.330478,
8359024,8359024P,Primary,Local Authority,Whitelees Primary School,Whitelees Road,Cumbernauld,,G67 3NJ,North Lanarkshire,S12000050,S01011765,118040638,Non-denominational,14.2,249,5 - <10%,5 - <10%,89,N,N,N,2,2,Other Urban Areas,Other Urban Areas,2,2,676457,55.9657507,-3.9443496,
6102921,6102921P,Primary,Local Authority,Whiteness Primary School,Whiteness,Shetland,,ZE2 9LJ,Shetland Islands,S12000027,S01012405,30100004932,Non-denominational,4.7,65,0%,0%,76,N,N,N,8,6,Very Remote Rural Areas,Remote Rural Areas,8,6,1148044,60.2148912,-1.2988149,
5903629,5903629P,Primary,Local Authority,Whithorn School,Whithorn,Newton Stewart,,DG8 8PN,Dumfries and Galloway,S12000006,S01007511,137037532,Non-denominational,5.7,98,*,0%,22,N,Y,Y,7,6,Remote Rural Areas,Remote Rural Areas,7,6,540267,54.7333333,-4.4134627,
8200726,8200726P,Primary,Local Authority,Whiting Bay Primary School,Whiting Bay,,ISLE OF ARRAN,KA27 8PX,North Ayrshire,S12000021,S01011173,126059331,Non-denominational,6.3,55,*,0%,78,N,N,N,8,6,Very Remote Rural Areas,Remote Rural Areas,8,6,626762,55.495483,-5.094118,
5102138,5102138S,Secondary,Local Authority,Wick High School,Newton Road,,WICK,KW1 5LT,Highland,S12000017,S01010780,130014661,Non-denominational,56.6,735,0 - <5%,20 - <25%,38,N,N,N,5,4,Very Remote Small Towns,Remote Small Towns,5,4,950447,58.4375998,-3.0990709,
5902622,5902622P,Primary,Local Authority,Wigtown Primary School,New Road,Wigtown,NEWTON STEWART,DG8 9JE,Dumfries and Galloway,S12000006,S01007507,137023733,Non-denominational,5.4,92,*,0%,36,N,N,N,7,6,Remote Rural Areas,Remote Rural Areas,7,6,555535,54.8699633,-4.444129,
8626820,8626820P,Primary,Local Authority,Williamsburgh Primary School,Lacy Street,,PAISLEY,PA1 1QF,Renfrewshire,S12000038,S01012137,123057748,Non-denominational,20.3,334,>20%,50 - <55%,13,Y,N,Y,1,1,Large Urban Areas,Large Urban Areas,1,1,664022,55.8458335,-4.4061698,
5512425,5512425P,Primary,Local Authority,Williamston Primary School,Bankton Lane,Murieston,LIVINGSTON,EH54 9DQ,West Lothian,S12000040,S01013275,200004103441,Non-denominational,21.9,418,>20%,*,78,N,N,N,2,2,Other Urban Areas,Other Urban Areas,2,2,665704,55.8752861,-3.5041336,
8602034,8602034S,Secondary,Local Authority,Williamwood High School,Eaglesham Road,Clarkston,GLASGOW,G76 8RF,East Renfrewshire,S12000011,S01008365,131041521,Non-denominational,143.8,1668,10 - <20%,0 - <5%,95,N,N,N,1,1,Large Urban Areas,Large Urban Areas,1,1,655995,55.7761743,-4.2757077,
8225044,8225044SP,Special,Local Authority,Willowbank School,Grassyards Road,Kilmarnock,,KA3 7BB,East Ayrshire,S12000008,S01007984,127069951,Non-denominational,22,104,*,30 - <35%,48,N,N,N,2,2,Other Urban Areas,Other Urban Areas,2,2,638161,55.6118722,-4.4828351,
8550743,8550743SP,Special,Local Authority,Willowbank School,South Commonhead Avenue,,AIRDRIE,ML6 6NX,North Lanarkshire,S12000050,S01011659,118140728,Non-denominational,12.3,30,0%,40 - <45%,16,N,Y,Y,2,2,Other Urban Areas,Other Urban Areas,2,2,666485,55.8755426,-3.9815892,
5631025,5631025P,Primary,Local Authority,Wilton Primary School,Wellfield Road,Hawick,ROXBURGHSHIRE,TD9 7EN,Scottish Borders,S12000026,S01012373,116035552,Non-denominational,11.7,209,0 - <5%,25 - <30%,47,N,N,N,2,2,Other Urban Areas,Other Urban Areas,2,2,615393,55.4298751,-2.7904141,
1005979,1005979S,Secondary,Local Authority,Winchburgh Academy,Linlithgow Road,,WINCHBURGH,EH52 6FY,West Lothian,S12000040,S01013455,135051866,Non-denominational,12.3,110,>20%,*,77,N,N,N,6,5,Accessible Rural Areas,Accessible Rural Areas,6,5,675326,55.9620366,-3.4810196,
5509025,5509025P,Primary,Local Authority,Winchburgh Primary School,Glendevon Park,Winchburgh,WEST LOTHIAN,EH52 6UE,West Lothian,S12000040,S01013457,200004088401,Non-denominational,26.7,432,5 - <10%,*,34,N,N,N,3,3,Accessible Small Towns,Accessible Small Towns,3,3,674764,55.9571319,-3.4684212,
5747244,5747244SP,Special,Local Authority,Windsor Park School,Bantaskine Road,Falkirk,,FK1 5HT,Falkirk,S12000014,S01009157,136011718,Non-denominational,13.8,14,*,35 - <40%,42,N,N,N,2,2,Other Urban Areas,Other Urban Areas,2,2,679670,55.9967328,-3.8061618,
5550327,5550327P,Primary,Local Authority,Windygoul Primary School,Brotherstones Way South,Tranent,EAST LOTHIAN,EH33 2QF,East Lothian,S12000010,S01008231,138053814,Non-denominational,31,528,0 - <5%,5 - <10%,88,N,N,N,2,2,Other Urban Areas,Other Urban Areas,2,2,671729,55.9349227,-2.9532017,
5505429,5505429P,Primary,Local Authority,Windyknowe Primary School,Windyknowe Crescent,Bathgate,WEST LOTHIAN,EH48 2BT,West Lothian,S12000040,S01013423,200004131331,Non-denominational,21.4,360,0 - <5%,5 - <10%,54,N,N,N,2,2,Other Urban Areas,Other Urban Areas,2,2,668626,55.8994594,-3.665967,
8210624,8210624P,Primary,Local Authority,Winton Primary School,Anderson Terrace,,ARDROSSAN,KA22 8JP,North Ayrshire,S12000021,S01011244,126060269,Non-denominational,10.4,132,5 - <10%,70 - <75%,2,Y,N,Y,2,2,Other Urban Areas,Other Urban Areas,2,2,642551,55.6443396,-4.8068341,
8515220,8515220P,Primary,Local Authority,Wishaw Academy Primary School,Lochpark,Wishaw,,ML2 7EB,North Lanarkshire,S12000050,S01011403,118181191,Non-denominational,19.6,319,5 - <10%,50 - <55%,35,N,N,N,1,1,Large Urban Areas,Large Urban Areas,1,1,655196,55.775179,-3.912889,
8549621,8549621P,Primary,Local Authority,Wiston Primary School,Wiston,Biggar,,ML12 6HT,South Lanarkshire,S12000029,S01012573,484164180,Non-denominational,1.9,9,0%,0%,70,N,N,N,7,6,Remote Rural Areas,Remote Rural Areas,6,5,632220,55.5724279,-3.6571739,
5542928,5542928P,Primary,Local Authority,Woodburn Primary School,5 Cousland Road,Dalkeith,,EH22 2PS,Midlothian,S12000019,S01011006,120043536,Non-denominational,36.6,647,5 - <10%,10 - <15%,38,N,N,N,2,2,Other Urban Areas,Other Urban Areas,2,2,667856,55.8993471,-3.0485898,
8601836,8601836S,Secondary,Local Authority,Woodfarm High School,Robslee Road,Thornliebank,GLASGOW,G46 7HG,East Renfrewshire,S12000011,S01008415,131017606,Non-denominational,70.8,693,>20%,*,67,N,N,N,1,1,Large Urban Areas,Large Urban Areas,1,1,659106,55.8034803,-4.3107632,
8526125,8526125P,Primary,Local Authority,Woodhead Primary School,Woodhead Crescent,Hamilton,,ML3 8TB,South Lanarkshire,S12000029,S01012735,484173687,Non-denominational,19.9,333,5 - <10%,15 - <20%,36,N,N,N,2,2,Other Urban Areas,Other Urban Areas,2,2,653776,55.7599024,-4.0681114,
1006088,1006088SP,Special,Local Authority,Woodland View School,Bankhead Road,Kirkintilloch,GLASGOW,G66 3LJ,East Dunbartonshire,S12000045,S01008143,132060365,Non-denominational,55.9,199,10 - <20%,5 - <10%,26,N,N,N,2,2,Other Urban Areas,Other Urban Areas,2,2,673456,55.935835,-4.122915,No UPRN was provided in the School Contact List dataset.  GISAT has assigned the UPRN for Woodland View School as it is in SAD 2024 Q1 (132060365).
5300029,5300029P,Primary,Local Authority,Woodlands Primary School,Queen Street,Carnoustie,,DD7 7SU,Angus,S12000041,S01007163,117101393,Non-denominational,12.4,184,*,*,63,N,N,N,2,2,Other Urban Areas,Other Urban Areas,2,2,735019,56.505163,-2.7164895,
8212422,8212422P,Primary,Local Authority,Woodlands Primary School,Woodlands Avenue,,IRVINE,KA12 0PU,North Ayrshire,S12000021,S01011225,126061227,Non-denominational,23.9,371,0 - <5%,65 - <70%,5,Y,N,Y,2,2,Other Urban Areas,Other Urban Areas,2,2,639379,55.6191206,-4.6593574,
8357226,8357226P,Primary,Local Authority,Woodlands Primary School,Melrose Road,Cumbernauld,,G67 4BA,North Lanarkshire,S12000050,S01011736,118026797,Non-denominational,17.8,275,0 - <5%,20 - <25%,44,N,N,N,2,2,Other Urban Areas,Other Urban Areas,2,2,673327,55.9368116,-3.9950618,
8623325,8623325P,Primary,Local Authority,Woodlands Primary School,Abernethy Drive,,LINWOOD,PA3 3EX,Renfrewshire,S12000038,S01012219,123028788,Non-denominational,18.4,249,5 - <10%,40 - <45%,13,Y,N,Y,1,1,Large Urban Areas,Large Urban Areas,1,1,664456,55.8478474,-4.5010349,
5500540,5500540SP,Special,Local Authority,Woodlands School,36 Dolphin Avenue,Currie,EDINBURGH,EH14 5RD,City of Edinburgh,S12000036,S01008426,906460591,Non-denominational,17.6,79,*,20 - <25%,59,N,N,N,1,1,Large Urban Areas,Large Urban Areas,1,1,667800,55.8962564,-3.3178039,
5446430,5446430S,Secondary,Local Authority,Woodmill High School,Shields Road,Dunfermline,,KY11 4ER,Fife,S12000047,S01009335,320188750,Non-denominational,104.2,1408,5 - <10%,15 - <20%,17,N,Y,Y,2,2,Other Urban Areas,Other Urban Areas,2,2,687311,56.0703785,-3.4256483,
5502020,5502020P,Primary,Local Authority,Woodmuir Primary School,Woodmuir Place,Breich,WEST CALDER,EH55 8JP,West Lothian,S12000040,S01013250,135041447,Non-denominational,2.9,20,0%,*,53,N,N,N,6,5,Accessible Rural Areas,Accessible Rural Areas,6,5,660777,55.8291327,-3.6512566,
8548323,8548323P,Primary,Local Authority,Woodpark Primary School,Priory Road,Lesmahagow,,ML11 0AA,South Lanarkshire,S12000029,S01012644,484163919,Non-denominational,11.1,178,5 - <10%,35 - <40%,21,N,Y,Y,3,3,Accessible Small Towns,Accessible Small Towns,3,3,639425,55.6339375,-3.8812456,
8526427,8526427P,Primary,Local Authority,Woodside Primary School,Johnstone Road,Slivertonhill,HAMILTON,ML3 7JR,South Lanarkshire,S12000029,S01012715,484179014,Non-denominational,25.9,499,10 - <20%,25 - <30%,27,N,N,N,2,2,Other Urban Areas,Other Urban Areas,2,2,654829,55.7698957,-4.0363905,
5243122,5243122P,Primary,Local Authority,Woodside School,Clifton Road,Aberdeen,,AB24 4EA,Aberdeen City,S12000033,S01006693,9051052739,Non-denominational,19.8,317,>20%,25 - <30%,60,N,N,N,1,1,Large Urban Areas,Large Urban Areas,1,1,808870,57.1705892,-2.1305138,
5426022,5426022P,Primary,Local Authority,Wormit Primary School,Flass Road,Wormit,,DD6 8LJ,Fife,S12000047,S01009756,320176660,Non-denominational,11,192,5 - <10%,0%,81,N,N,N,3,3,Accessible Small Towns,Accessible Small Towns,3,3,726756,56.4292295,-2.9660861,
5619629,5619629P,Primary,Local Authority,Yarrow Primary School,Yarrow,By Selkirk,SELKIRKSHIRE,TD7 5NE,Scottish Borders,S12000026,S01012379,116053805,Non-denominational,1.6,18,0%,0%,56,N,N,N,7,6,Remote Rural Areas,Remote Rural Areas,6,5,626472,55.5275642,-3.0398445,
5555620,5555620P,Primary,Local Authority,Yester Primary School,Walden Terrace,Gifford,EAST LOTHIAN,EH41 4QP,East Lothian,S12000010,S01008248,138017215,Non-denominational,7.4,133,*,0%,57,N,N,N,6,5,Accessible Rural Areas,Accessible Rural Areas,6,5,667857,55.9015847,-2.7423252,
5632420,5632420P,Primary,Local Authority,Yetholm Primary School,Yetholm,Kelso,ROXBURGHSHIRE,TD5 8RD,Scottish Borders,S12000026,S01012328,116060958,Non-denominational,2.9,32,0%,0%,50,N,N,N,7,6,Remote Rural Areas,Remote Rural Areas,7,6,628264,55.5477496,-2.2844194,
