ref,name,la,sector,type,governance,language,pupils,fsm_eligible,aln_pupils
6602130,Ysgol Gynradd Amlwch,Isle of Anglesey,Primary schools,"Nursery, Infants & Juniors",Community,Welsh medium school / provision (including transitional),236,24,17.4
6602131,Ysgol Gynradd Beaumaris,Isle of Anglesey,Primary schools,"Nursery, Infants & Juniors",Community,Welsh medium school / provision (including transitional),35,50,
6602132,Ysgol Gynradd Bodedern,Isle of Anglesey,Primary schools,"Nursery, Infants & Juniors",Community,Welsh medium school / provision (including transitional),89,17.1,10.1
6602133,Ysgol Gymuned Bodffordd,Isle of Anglesey,Primary schools,"Nursery, Infants & Juniors",Community,Welsh medium school / provision (including transitional),68,,11.8
6602135,Ysgol Gymuned Bryngwran,Isle of Anglesey,Primary schools,"Nursery, Infants & Juniors",Community,Welsh medium school / provision (including transitional),47,25,19.1
6602136,Ysgol Gynradd Brynsiencyn,Isle of Anglesey,Primary schools,"Nursery, Infants & Juniors",Community,Welsh medium school / provision (including transitional),40,29,27.5
6602138,Ysgol Cemaes,Isle of Anglesey,Primary schools,"Nursery, Infants & Juniors",Community,Welsh medium school / provision (including transitional),59,36.4,11.9
6602140,Ysgol Esceifiog,Isle of Anglesey,Primary schools,Infants & Juniors,Community,Welsh medium school / provision (including transitional),123,19.6,17.9
6602142,Ysgol Gymuned y Ffridd,Isle of Anglesey,Primary schools,"Nursery, Infants & Juniors",Community,Welsh medium school / provision (including transitional),84,36.1,21.4
6602145,Ysgol Gymuned Moelfre,Isle of Anglesey,Primary schools,"Nursery, Infants & Juniors",Community,Welsh medium school / provision (including transitional),38,44.8,15.8
6602146,Ysgol Gynradd Llanbedrgoch,Isle of Anglesey,Primary schools,"Nursery, Infants & Juniors",Community,Welsh medium school / provision (including transitional),23,25,30.4
6602152,Ysgol Gynradd Llanfairpwll,Isle of Anglesey,Primary schools,Infants & Juniors,Foundation,Welsh medium school / provision (including transitional),339,4.3,6.5
6602153,Ysgol Gymuned Llanfechell,Isle of Anglesey,Primary schools,"Nursery, Infants & Juniors",Community,Welsh medium school / provision (including transitional),81,21.2,14.8
6602154,Ysgol Y Graig,Isle of Anglesey,Primary schools,"Nursery, Infants & Juniors",Community,Welsh medium school / provision (including transitional),361,40.4,19.9
6602155,YSGOL GYNRADD LLANGOED,Isle of Anglesey,Primary schools,"Nursery, Infants & Juniors",Community,Welsh medium school / provision (including transitional),80,25.8,26.3
6602156,Ysgol Henblas,Isle of Anglesey,Primary schools,Infants & Juniors,Community,Welsh medium school / provision (including transitional),100,11.8,8
6602157,Ysgol Gymuned Llannerch-y-medd,Isle of Anglesey,Primary schools,"Nursery, Infants & Juniors",Community,Welsh medium school / provision (including transitional),119,26.1,18.5
6602160,Ysgol Pencarnisiog,Isle of Anglesey,Primary schools,"Nursery, Infants & Juniors",Community,Welsh medium school / provision (including transitional),61,10,9.8
6602161,Ysgol Gymuned Pentraeth,Isle of Anglesey,Primary schools,"Nursery, Infants & Juniors",Community,Welsh medium school / provision (including transitional),63,16,31.7
6602162,Ysgol Penysarn,Isle of Anglesey,Primary schools,"Nursery, Infants & Juniors",Community,Welsh medium school / provision (including transitional),57,20.8,19.3
6602163,Ysgol Santes Gwenfaen,Isle of Anglesey,Primary schools,"Nursery, Infants & Juniors",Community,Welsh medium school / provision (including transitional),110,10.5,8.2
6602164,Ysgol Gynradd Rhosneigr,Isle of Anglesey,Primary schools,"Nursery, Infants & Juniors",Community,Welsh medium school / provision (including transitional),65,18.2,15.4
6602165,Ysgol Gynradd Rhosybol,Isle of Anglesey,Primary schools,Infants & Juniors,Community,Welsh medium school / provision (including transitional),75,15,9.3
6602168,Ysgol Gymuned y Fali,Isle of Anglesey,Primary schools,"Nursery, Infants & Juniors",Community,Welsh medium school / provision (including transitional),109,37.3,7.3
6602169,Ysgol Llanfawr,Isle of Anglesey,Primary schools,"Nursery, Infants & Juniors",Community,Welsh medium school / provision (including transitional),246,58.8,23.6
6602170,Ysgol Goronwy Owen,Isle of Anglesey,Primary schools,Infants & Juniors,Community,Welsh medium school / provision (including transitional),144,12.1,6.3
6602173,Ysgol Gynradd Y Tywyn,Isle of Anglesey,Primary schools,"Nursery, Infants & Juniors",Community,Welsh medium school / provision (including transitional),103,27.8,13.6
6602174,Ysgol Gynradd Llandegfan,Isle of Anglesey,Primary schools,Infants & Juniors,Community,Welsh medium school / provision (including transitional),144,13.2,10.4
6602175,Ysgol Gynradd y Borth,Isle of Anglesey,Primary schools,Infants & Juniors,Community,Welsh medium school / provision (including transitional),173,17.1,12.1
6602176,Ysgol Gynradd Kingsland,Isle of Anglesey,Primary schools,"Nursery, Infants & Juniors",Community,Welsh medium school / provision (including transitional),158,33.9,12.7
6602177,Ysgol Gymraeg Morswyn,Isle of Anglesey,Primary schools,"Nursery, Infants & Juniors",Community,Welsh medium school / provision (including transitional),177,18,9.6
6602226,Ysgol Gynradd Corn Hir,Isle of Anglesey,Primary schools,Infants & Juniors,Community,Welsh medium school / provision (including transitional),333,12.5,8.4
6602227,Rhyd y Llan,Isle of Anglesey,Primary schools,"Nursery, Infants & Juniors",Community,Welsh medium school / provision (including transitional),114,24.1,7.9
6602228,Ysgol Parc y Bont,Isle of Anglesey,Primary schools,"Nursery, Infants & Juniors",Community,Welsh medium school / provision (including transitional),114,7.2,6.1
6603036,Cybi,Isle of Anglesey,Primary schools,Infants & Juniors,Community,Welsh medium school / provision (including transitional),399,36.2,32.6
6603037,Ysgol Santes Dwynwen,Isle of Anglesey,Primary schools,Infants & Juniors,Voluntary controlled,Welsh medium school / provision (including transitional),94,34.7,22.3
6603304,Ysgol Santes Fair,Isle of Anglesey,Primary schools,"Nursery, Infants & Juniors",Voluntary aided,Welsh medium school / provision (including transitional),92,38.9,14.1
6604025,Ysgol Syr Thomas Jones,Isle of Anglesey,Secondary schools,Secondary (ages 11-19),Community,Welsh medium school / provision (including transitional),556,23.1,11.7
6604026,Ysgol Uwchradd Caergybi,Isle of Anglesey,Secondary schools,Secondary (ages 11-19),Community,Welsh medium school / provision (including transitional),813,28.4,18
6604027,Ysgol Gyfun Llangefni,Isle of Anglesey,Secondary schools,Secondary (ages 11-19),Community,Welsh medium school / provision (including transitional),788,19.3,9.9
6604028,Ysgol David Hughes,Isle of Anglesey,Secondary schools,Secondary (ages 11-19),Community,Dual language school / provision (Welsh and English) (including transitional),1102,16.8,9.9
6604029,Ysgol Uwchradd Bodedern,Isle of Anglesey,Secondary schools,Secondary (ages 11-19),Community,Welsh medium school / provision (including transitional),814,18.1,14.3
6605200,Ysgol Caergeiliog,Isle of Anglesey,Primary schools,"Nursery, Infants & Juniors",Foundation,Dual language school / provision (Welsh and English) (including transitional),299,15.8,6.7
6607011,Canolfan Addysg y Bont,Isle of Anglesey,Special schools,Special (with post-16 provision),Special school,Not applicable,130,51.5,100
6612000,Ysgol Gwaun Gyfni,Gwynedd,Primary schools,"Nursery, Infants & Juniors",Community,Welsh medium school / provision (including transitional),119,34,16
6612004,YSGOL GYNRADD NEFYN,Gwynedd,Primary schools,"Nursery, Infants & Juniors",Community,Welsh medium school / provision (including transitional),125,14.1,10.4
6612006,Ysgol Llanrug,Gwynedd,Primary schools,"Nursery, Infants & Juniors",Community,Welsh medium school / provision (including transitional),260,9.4,5.4
6612008,Ysgol Gynradd Abererch,Gwynedd,Primary schools,"Nursery, Infants & Juniors",Community,Welsh medium school / provision (including transitional),73,9.1,
6612010,YSGOL BEDDGELERT,Gwynedd,Primary schools,"Nursery, Infants & Juniors",Community,Welsh medium school / provision (including transitional),24,21.7,
6612011,Ysgol Bethel,Gwynedd,Primary schools,"Nursery, Infants & Juniors",Community,Welsh medium school / provision (including transitional),159,11.9,12.6
6612013,Ysgol Bodfeurig,Gwynedd,Primary schools,"Nursery, Infants & Juniors",Community,Welsh medium school / provision (including transitional),60,,
6612015,YSGOL GYNRADD BORTH-Y-GEST,Gwynedd,Primary schools,"Nursery, Infants & Juniors",Community,Welsh medium school / provision (including transitional),35,,
6612017,Ysgol Brynaerau,Gwynedd,Primary schools,"Nursery, Infants & Juniors",Community,Welsh medium school / provision (including transitional),54,27.3,
6612026,Ysgol Y Gelli,Gwynedd,Primary schools,"Nursery, Infants & Juniors",Community,Welsh medium school / provision (including transitional),208,6.4,5.3
6612028,Ysgol Penybryn,Gwynedd,Primary schools,Juniors,Community,Welsh medium school / provision (including transitional),98,29.6,13.3
6612033,Ysgol Treferthyr,Gwynedd,Primary schools,"Nursery, Infants & Juniors",Community,Welsh medium school / provision (including transitional),125,18.9,10.4
6612036,Ysgol Gynradd Chwilog,Gwynedd,Primary schools,"Nursery, Infants & Juniors",Community,Welsh medium school / provision (including transitional),88,,
6612039,YSGOL CRUD-Y-WERIN,Gwynedd,Primary schools,"Nursery, Infants & Juniors",Community,Welsh medium school / provision (including transitional),50,,16
6612042,Ysgol Dolbadarn,Gwynedd,Primary schools,"Nursery, Infants & Juniors",Community,Welsh medium school / provision (including transitional),124,8.8,16.1
6612046,Ysgol Gynradd Edern,Gwynedd,Primary schools,"Nursery, Infants & Juniors",Community,Welsh medium school / provision (including transitional),79,12.5,16.5
6612048,Ysgol Bro Plenydd,Gwynedd,Primary schools,"Nursery, Infants & Juniors",Community,Welsh medium school / provision (including transitional),90,12.9,
6612049,Ysgol Gynradd Garndolbenmaen,Gwynedd,Primary schools,"Nursery, Infants & Juniors",Community,Welsh medium school / provision (including transitional),13,,
6612060,Ysgol Gynradd Llanbedrog,Gwynedd,Primary schools,"Nursery, Infants & Juniors",Community,Welsh medium school / provision (including transitional),92,8.6,9.8
6612066,Ysgol Gynradd Llangybi,Gwynedd,Primary schools,"Nursery, Infants & Juniors",Community,Welsh medium school / provision (including transitional),23,31.6,0
6612069,Ysgol Llanllechid,Gwynedd,Primary schools,"Nursery, Infants & Juniors",Community,Welsh medium school / provision (including transitional),243,22.9,8.2
6612070,Ysgol Gynradd Llanllyfni,Gwynedd,Primary schools,"Nursery, Infants & Juniors",Community,Welsh medium school / provision (including transitional),71,27.1,9.9
6612075,YSGOL BABANOD MORFA NEFYN,Gwynedd,Primary schools,"Nursery, Infants & Juniors",Community,Welsh medium school / provision (including transitional),20,0,
6612078,Ysgol Baladeulyn,Gwynedd,Primary schools,"Nursery, Infants & Juniors",Community,Welsh medium school / provision (including transitional),8,,
6612081,Ysgol Gynradd Nebo,Gwynedd,Primary schools,"Nursery, Infants & Juniors",Community,Welsh medium school / provision (including transitional),12,,
6612085,Ysgol Gymuned Penisarwaun,Gwynedd,Primary schools,"Nursery, Infants & Juniors",Community,Welsh medium school / provision (including transitional),32,,
6612089,Ysgol Bro Lleu,Gwynedd,Primary schools,"Nursery, Infants & Juniors",Community,Welsh medium school / provision (including transitional),189,24,15.3
6612093,YSGOL GYNRADD  PENTREUCHAF,Gwynedd,Primary schools,"Nursery, Infants & Juniors",Community,Welsh medium school / provision (including transitional),93,,
6612097,Ysgol Rhiwlas,Gwynedd,Primary schools,"Nursery, Infants & Juniors",Community,Welsh medium school / provision (including transitional),37,25.9,32.4
6612098,Ysgol Gynradd Rhosgadfan,Gwynedd,Primary schools,"Nursery, Infants & Juniors",Community,Welsh medium school / provision (including transitional),36,36.7,47.2
6612099,Ysgol Gynradd Rhostryfan,Gwynedd,Primary schools,"Nursery, Infants & Juniors",Community,Welsh medium school / provision (including transitional),77,17.9,6.5
6612103,YSGOL SARN BACH,Gwynedd,Primary schools,"Nursery, Infants & Juniors",Community,Welsh medium school / provision (including transitional),24,,
6612104,Ysgol Eifion Wyn,Gwynedd,Primary schools,"Nursery, Infants & Juniors",Community,Welsh medium school / provision (including transitional),234,15.1,9.4
6612108,Ysgol Gynradd Talysarn,Gwynedd,Primary schools,"Nursery, Infants & Juniors",Community,Welsh medium school / provision (including transitional),98,31.4,11.2
6612110,YSGOL Y GORLAN,Gwynedd,Primary schools,"Nursery, Infants & Juniors",Community,Welsh medium school / provision (including transitional),111,19.5,14.4
6612111,Ysgol yr Eifl,Gwynedd,Primary schools,"Nursery, Infants & Juniors",Community,Welsh medium school / provision (including transitional),39,35.5,
6612112,YSGOL GYNRADD TUDWEILIOG,Gwynedd,Primary schools,"Nursery, Infants & Juniors",Community,Welsh medium school / provision (including transitional),53,,
6612113,Ysgol Waunfawr,Gwynedd,Primary schools,"Nursery, Infants & Juniors",Community,Welsh medium school / provision (including transitional),117,16.3,14.5
6612116,Ysgol Glancegin,Gwynedd,Primary schools,"Nursery, Infants & Juniors",Community,Welsh medium school / provision (including transitional),215,59.5,22.8
6612119,Ysgol Yr Hendre,Gwynedd,Primary schools,"Nursery, Infants & Juniors",Community,Welsh medium school / provision (including transitional),354,35.4,12.7
6612122,Ysgol Bontnewydd,Gwynedd,Primary schools,"Nursery, Infants & Juniors",Community,Welsh medium school / provision (including transitional),204,6.3,7.4
6612123,Ysgol Gymraeg y Garnedd,Gwynedd,Primary schools,"Nursery, Infants & Juniors",Community,Welsh medium school / provision (including transitional),410,20.3,8.5
6612125,Ysgol Cymerau,Gwynedd,Primary schools,"Nursery, Infants & Juniors",Community,Welsh medium school / provision (including transitional),244,20.4,16
6612126,Ysgol Abercaseg (Babanod),Gwynedd,Primary schools,Nursery & Infants,Community,Welsh medium school / provision (including transitional),67,40.5,11.9
6612127,Ysgol y Felinheli,Gwynedd,Primary schools,"Nursery, Infants & Juniors",Community,Welsh medium school / provision (including transitional),150,4.8,9.3
6612181,Ysgol y Traeth,Gwynedd,Primary schools,"Nursery, Infants & Juniors",Community,Welsh medium school / provision (including transitional),186,28.6,7
6612185,Ysgol Gynradd Dyffryn Dulas,Gwynedd,Primary schools,"Nursery, Infants & Juniors",Community,Welsh medium school / provision (including transitional),37,,13.5
6612189,Ysgol Gynradd Dyffryn Ardudwy,Gwynedd,Primary schools,"Nursery, Infants & Juniors",Community,Welsh medium school / provision (including transitional),59,11.6,8.5
6612190,Ysgol Bro Cynfal,Gwynedd,Primary schools,"Nursery, Infants & Juniors",Community,Welsh medium school / provision (including transitional),50,25.7,10
6612192,Ysgol Edmwnd Prys,Gwynedd,Primary schools,"Nursery, Infants & Juniors",Community,Welsh medium school / provision (including transitional),12,62.5,
6612194,Ysgol Gynradd Llanbedr,Gwynedd,Primary schools,"Nursery, Infants & Juniors",Community,Welsh medium school / provision (including transitional),46,,15.2
6612198,YSGOL Y GARREG,Gwynedd,Primary schools,"Nursery, Infants & Juniors",Community,Welsh medium school / provision (including transitional),2,,
6612199,Ysgol O M Edwards,Gwynedd,Primary schools,"Nursery, Infants & Juniors",Community,Welsh medium school / provision (including transitional),71,,8.5
6612205,Ysgol Manod,Gwynedd,Primary schools,"Nursery, Infants & Juniors",Community,Welsh medium school / provision (including transitional),91,22.7,8.8
6612207,Ysgol Gynradd Pennal,Gwynedd,Primary schools,"Nursery, Infants & Juniors",Community,Welsh medium school / provision (including transitional),32,,
6612208,Ysgol Cefn Coch,Gwynedd,Primary schools,"Nursery, Infants & Juniors",Community,Welsh medium school / provision (including transitional),148,15.3,14.9
6612210,Ysgol Talsarnau,Gwynedd,Primary schools,"Nursery, Infants & Juniors",Community,Welsh medium school / provision (including transitional),20,,
6612211,Ysgol Gynradd Tanygrisiau,Gwynedd,Primary schools,"Nursery, Infants & Juniors",Community,Welsh medium school / provision (including transitional),29,40,27.6
6612212,Ysgol Gynradd Penybryn,Gwynedd,Primary schools,"Nursery, Infants & Juniors",Community,Welsh medium school / provision (including transitional),233,14.4,11.6
6612213,Ysgol Bro Hedd Wyn,Gwynedd,Primary schools,"Nursery, Infants & Juniors",Community,Welsh medium school / provision (including transitional),60,15,15
6612214,Ysgol Bro Tryweryn,Gwynedd,Primary schools,"Nursery, Infants & Juniors",Community,Welsh medium school / provision (including transitional),59,,
6612219,Ysgol Tanycastell,Gwynedd,Primary schools,"Nursery, Infants & Juniors",Community,Welsh medium school / provision (including transitional),73,16.9,12.3
6612220,Ysgol Ffridd y LLyn,Gwynedd,Primary schools,"Nursery, Infants & Juniors",Community,Welsh medium school / provision (including transitional),41,24.3,17.1
6612221,Ysgol Maenofferen,Gwynedd,Primary schools,"Nursery, Infants & Juniors",Community,Welsh medium school / provision (including transitional),216,27.2,13
6612227,Ysgol Hirael,Gwynedd,Primary schools,"Nursery, Infants & Juniors",Community,Welsh medium school / provision (including transitional),171,35.5,11.1
6612228,Ysgol Craig y Deryn,Gwynedd,Primary schools,"Nursery, Infants & Juniors",Community,Welsh medium school / provision (including transitional),99,6.6,13.1
6612229,Ysgol Bro Llifon,Gwynedd,Primary schools,"Nursery, Infants & Juniors",Community,Welsh medium school / provision (including transitional),149,7.3,11.4
6613004,YSGOL PONT Y GOF,Gwynedd,Primary schools,"Nursery, Infants & Juniors",Voluntary controlled,Welsh medium school / provision (including transitional),103,12.7,13.6
6613005,Ysgol Gynradd Maesincla,Gwynedd,Primary schools,"Nursery, Infants & Juniors",Voluntary controlled,Welsh medium school / provision (including transitional),301,49.3,19.3
6613009,Ysgol Y Faenol,Gwynedd,Primary schools,"Nursery, Infants & Juniors",Voluntary controlled,Welsh medium school / provision (including transitional),223,10.5,6.7
6613010,YSGOL FOEL GRON,Gwynedd,Primary schools,"Nursery, Infants & Juniors",Voluntary controlled,Welsh medium school / provision (including transitional),22,,
6613013,Ysgol Llandygai,Gwynedd,Primary schools,"Nursery, Infants & Juniors",Voluntary controlled,Welsh medium school / provision (including transitional),75,30.8,22.7
6613018,Ysgol Gynradd Llandwrog,Gwynedd,Primary schools,"Nursery, Infants & Juniors",Voluntary controlled,Welsh medium school / provision (including transitional),43,,
6613023,Ysgol Gynradd Llanystumdwy,Gwynedd,Primary schools,"Nursery, Infants & Juniors",Voluntary controlled,Welsh medium school / provision (including transitional),28,25,
6613029,Ysgol Tregarth,Gwynedd,Primary schools,"Nursery, Infants & Juniors",Voluntary controlled,Welsh medium school / provision (including transitional),123,20.2,8.9
6613030,Ysgol Cae Top,Gwynedd,Primary schools,"Nursery, Infants & Juniors",Voluntary controlled,Welsh medium school / provision (including transitional),238,18,11.8
6613300,Ysgol Santes Helen,Gwynedd,Primary schools,"Nursery, Infants & Juniors",Voluntary aided,Welsh medium school / provision (including transitional),37,50,27
6613301,Ysgol Ein Harglwyddes,Gwynedd,Primary schools,"Nursery, Infants & Juniors",Voluntary aided,Dual language school / provision (Welsh and English) (including transitional),159,18.5,10.7
6614002,Ysgol Dyffryn Ogwen Bethesda,Gwynedd,Secondary schools,Secondary (ages 11-19),Community,Welsh medium school / provision (including transitional),429,20.6,13.5
6614003,Ysgol Botwnnog,Gwynedd,Secondary schools,Secondary (ages 11-16),Community,Welsh medium school / provision (including transitional),469,15.4,10.9
6614004,Ysgol Brynrefail,Gwynedd,Secondary schools,Secondary (ages 11-19),Community,Welsh medium school / provision (including transitional),743,14.8,13.2
6614007,Ysgol Dyffryn Nantlle,Gwynedd,Secondary schools,Secondary (ages 11-19),Community,Welsh medium school / provision (including transitional),419,15.2,15.3
6614009,YSGOL EIFIONYDD,Gwynedd,Secondary schools,Secondary (ages 11-16),Community,Welsh medium school / provision (including transitional),367,17.2,15.3
6614031,Ysgol Y Moelwyn,Gwynedd,Secondary schools,Secondary (ages 11-16),Community,Welsh medium school / provision (including transitional),351,18.5,28.8
6614032,YSGOL UWCHRADD TYWYN,Gwynedd,Secondary schools,Secondary (ages 11-16),Community,Dual language school / provision (Welsh and English) (including transitional),373,17.8,14.2
6614034,Ysgol Ardudwy,Gwynedd,Secondary schools,Secondary (ages 11-16),Community,Welsh medium school / provision (including transitional),335,16.7,16.4
6614036,Ysgol Friars,Gwynedd,Secondary schools,Secondary (ages 11-19),Community,Dual language school / provision (Welsh and English) (including transitional),1261,15.3,11.4
6614037,Ysgol Tryfan,Gwynedd,Secondary schools,Secondary (ages 11-19),Community,Welsh medium school / provision (including transitional),536,19.2,13.1
6614039,Ysgol Syr Hugh Owen,Gwynedd,Secondary schools,Secondary (ages 11-19),Community,Welsh medium school / provision (including transitional),822,23.1,12.5
6614040,Ysgol Glan y Mor,Gwynedd,Secondary schools,Secondary (ages 11-16),Community,Welsh medium school / provision (including transitional),451,18,14.2
6615500,Bro Idris,Gwynedd,Middle schools,Middle (ages 3-16),Community,Welsh medium school / provision (including transitional),528,16,10.4
6615501,YSGOL Godre'r Berwyn,Gwynedd,Middle schools,Middle (ages 3-19),Community,Welsh medium school / provision (including transitional),564,25.3,7.6
6617002,Ysgol Pendalar,Gwynedd,Special schools,Special (with post-16 provision),Special school,Not applicable,120,59,100
6617010,Ysgol Hafod Lon,Gwynedd,Special schools,Special (with post-16 provision),Special school,Not applicable,125,31.3,100
6622012,Ysgol Betws y Coed,Conwy,Primary schools,"Nursery, Infants & Juniors",Community,Welsh medium school / provision (including transitional),15,0,
6622023,Ysgol Capelulo,Conwy,Primary schools,"Nursery, Infants & Juniors",Community,Dual language school / provision (Welsh and English) (including transitional),115,13.5,7.8
6622038,Ysgol Deganwy,Conwy,Primary schools,"Nursery, Infants & Juniors",Community,Dual language school / provision (Welsh and English) (including transitional),342,20,4.7
6622043,Ysgol Dolwyddelan,Conwy,Primary schools,"Nursery, Infants & Juniors",Community,Welsh medium school / provision (including transitional),20,,
6622044,Ysgol Ffordd Dyffryn,Conwy,Primary schools,"Nursery, Infants & Juniors",Community,Dual language school / provision (Welsh and English) (including transitional),167,47.3,13.8
6622053,Ysgol Glanwydden,Conwy,Primary schools,"Nursery, Infants & Juniors",Community,Dual language school / provision (Welsh and English) (including transitional),302,9.4,4.3
6622061,Ysgol Tudno,Conwy,Primary schools,"Nursery, Infants & Juniors",Community,Dual language school / provision (Welsh and English) (including transitional),171,33.9,4.1
6622063,Ysgol Morfa Rhianedd,Conwy,Primary schools,"Nursery, Infants & Juniors",Community,Welsh medium school / provision (including transitional),159,49.6,4.4
6622086,Ysgol Penmachno,Conwy,Primary schools,"Nursery, Infants & Juniors",Community,Welsh medium school / provision (including transitional),33,,
6622103,Ysgol Llandrillo yn Rhos,Conwy,Primary schools,"Nursery, Infants & Juniors",Community,English medium school / provision,404,21.9,5.2
6622104,Ysgol Talhaiarn,Conwy,Primary schools,"Nursery, Infants & Juniors",Community,Dual language school / provision (Welsh and English) (including transitional),37,51.4,
6622108,Ysgol  T. Gwynn Jones,Conwy,Primary schools,Nursery & Infants,Community,English medium school / provision,162,22.6,4.9
6622110,Ysgol Maes Owen,Conwy,Primary schools,Juniors,Community,English medium school / provision,209,45,10
6622111,Ysgol Glan Gele,Conwy,Primary schools,Nursery & Infants,Community,English medium school / provision,285,27.1,6.3
6622112,Ysgol Glan Morfa,Conwy,Primary schools,"Nursery, Infants & Juniors",Community,Welsh medium school / provision (including transitional),254,23.7,5.5
6622114,Ysgol Bod Alaw,Conwy,Primary schools,"Nursery, Infants & Juniors",Community,Welsh medium school / provision (including transitional),332,16.3,5.1
6622115,Ysgol Pant y Rhedyn,Conwy,Primary schools,Juniors,Community,Dual language school / provision (Welsh and English) (including transitional),118,25.4,18.6
6622118,Ysgol Y Foryd,Conwy,Primary schools,Nursery & Infants,Community,English medium school / provision,184,30.9,8.7
6622121,Ysgol Craig y Don,Conwy,Primary schools,"Nursery, Infants & Juniors",Community,Dual language school / provision (Welsh and English) (including transitional),293,27.5,7.8
6622123,Ysgol Cerrigydrudion,Conwy,Primary schools,"Nursery, Infants & Juniors",Community,Welsh medium school / provision (including transitional),88,12.2,6.8
6622132,"Ysgol Bro Aled, Llansannan",Conwy,Primary schools,"Nursery, Infants & Juniors",Community,Welsh medium school / provision (including transitional),71,12.5,
6622148,Ysgol Gynradd Bro Cernyw,Conwy,Primary schools,"Nursery, Infants & Juniors",Community,Welsh medium school / provision (including transitional),109,8.6,4.6
6622221,Ysgol Sant Elfod,Conwy,Primary schools,Juniors,Community,English medium school / provision,281,37.7,10.7
6622222,Ysgol Capel Garmon,Conwy,Primary schools,"Nursery, Infants & Juniors",Community,Welsh medium school / provision (including transitional),19,,
6622225,Ysgol Glan Conwy,Conwy,Primary schools,"Nursery, Infants & Juniors",Community,Dual language school / provision (Welsh and English) (including transitional),108,21.7,14.8
6622264,Ysgol Cynfran,Conwy,Primary schools,"Nursery, Infants & Juniors",Community,English medium school / provision,139,38.8,16.5
6622267,Ysgol Iau Hen Golwyn,Conwy,Primary schools,Juniors,Community,English medium school / provision,200,37,12
6622270,Ysgol Pentrefoelas,Conwy,Primary schools,"Nursery, Infants & Juniors",Community,Welsh medium school / provision (including transitional),46,,
6622271,Ysgol Bro Gwydir,Conwy,Primary schools,"Nursery, Infants & Juniors",Community,Welsh medium school / provision (including transitional),315,20.1,7.3
6622272,Ysgol Nant Y Groes,Conwy,Primary schools,Infants & Juniors,Community,English medium school / provision,225,57,16.9
6622273,Ysgol Swn Y Don,Conwy,Primary schools,"Nursery, Infants & Juniors",Community,English medium school / provision,111,80,28.8
6622274,Ysgol Awel y Mynydd,Conwy,Primary schools,Infants & Juniors,Community,Dual language school / provision (Welsh and English) (including transitional),414,32.5,9.2
6622275,Ysgol Dyffryn Yr Enfys,Conwy,Primary schools,Infants & Juniors,Community,Welsh medium school / provision (including transitional),100,25.3,15
6622276,Ysgol Minafon,Conwy,Primary schools,"Nursery, Infants & Juniors",Community,English medium school / provision,95,57.7,11.6
6623020,Ysgol Babanod Llanfairfechan,Conwy,Primary schools,Nursery & Infants,Voluntary controlled,Dual language school / provision (Welsh and English) (including transitional),107,25.9,
6623021,Ysgol Llangelynnin,Conwy,Primary schools,"Nursery, Infants & Juniors",Voluntary controlled,Welsh medium school / provision (including transitional),85,11.3,8.2
6623024,Ysgol Pencae,Conwy,Primary schools,"Nursery, Infants & Juniors",Voluntary aided,Welsh medium school / provision (including transitional),179,27.7,18.4
6623032,Ysgol Ysbyty Ifan,Conwy,Primary schools,"Nursery, Infants & Juniors",Voluntary controlled,Welsh medium school / provision (including transitional),15,0,
6623038,Ysgol St. George,Conwy,Primary schools,"Nursery, Infants & Juniors",Voluntary controlled,English medium school / provision,72,24.5,
6623039,Ysgol Llanddoged,Conwy,Primary schools,"Nursery, Infants & Juniors",Voluntary controlled,Welsh medium school / provision (including transitional),47,,
6623040,Ysgol Eglwysbach,Conwy,Primary schools,"Nursery, Infants & Juniors",Voluntary controlled,Welsh medium school / provision (including transitional),52,,
6623043,Ysgol Porth Y Felin,Conwy,Primary schools,"Nursery, Infants & Juniors",Voluntary controlled,Dual language school / provision (Welsh and English) (including transitional),287,26.2,8
6623059,Ysgol Llanddulas,Conwy,Primary schools,"Nursery, Infants & Juniors",Voluntary controlled,English medium school / provision,132,25.2,9.1
6623062,Ysgol Betws yn Rhos,Conwy,Primary schools,"Nursery, Infants & Juniors",Voluntary controlled,Welsh medium school / provision (including transitional),64,,
6623302,Ysgol Bodafon,Conwy,Primary schools,"Nursery, Infants & Juniors",Voluntary aided,Dual language school / provision (Welsh and English) (including transitional),77,15.4,
6623303,Ysgol Bendigaid William Davies,Conwy,Primary schools,"Nursery, Infants & Juniors",Voluntary aided,English medium school / provision,117,21,12.8
6623307,Ysgol  San Sior,Conwy,Primary schools,"Nursery, Infants & Juniors",Voluntary aided,Dual language school / provision (Welsh and English) (including transitional),231,11.9,3.5
6623333,Ysgol Sant Joseph,Conwy,Primary schools,"Nursery, Infants & Juniors",Voluntary aided,English medium school / provision,234,34.1,8.1
6623340,Ysgol y Plas,Conwy,Primary schools,"Nursery, Infants & Juniors",Voluntary aided,English medium school / provision,80,27,15
6624022,Ysgol John Bright,Conwy,Secondary schools,Secondary (ages 11-19),Community,English medium school / provision,1065,26.1,5.3
6624023,Ysgol Aberconwy,Conwy,Secondary schools,Secondary (ages 11-19),Community,English medium school / provision,1124,25.3,12.5
6624035,YSGOL DYFFRYN CONWY,Conwy,Secondary schools,Secondary (ages 11-19),Community,Welsh medium school / provision (including transitional),610,16,7
6624038,YSGOL Y CREUDDYN,Conwy,Secondary schools,Secondary (ages 11-19),Community,Welsh medium school / provision (including transitional),700,15,4.6
6625201,Ysgol Pen Y Bryn,Conwy,Primary schools,"Nursery, Infants & Juniors",Foundation,English medium school / provision,439,12.3,3
6625400,Ysgol Emrys ap Iwan,Conwy,Secondary schools,Secondary (ages 11-19),Foundation,English medium school / provision,933,36.6,12.2
6625402,Eirias High School,Conwy,Secondary schools,Secondary (ages 11-19),Foundation,English medium school / provision,1187,26.4,6.7
6625403,Ysgol Bryn Elian,Conwy,Secondary schools,Secondary (ages 11-19),Foundation,English medium school / provision,933,32.4,8.6
6627007,Ysgol Y Gogarth,Conwy,Special schools,Special (with post-16 provision),Special school,Not applicable,275,50.5,100
6632011,Ysgol Hiraddug,Denbighshire,Primary schools,"Nursery, Infants & Juniors",Community,English medium school / provision,209,20.1,4.3
6632037,Ysgol Y Castell CP,Denbighshire,Primary schools,"Nursery, Infants & Juniors",Community,English medium school / provision,203,23.1,6.9
6632038,Christ Church Primary School,Denbighshire,Primary schools,"Nursery, Infants & Juniors",Community,English medium school / provision,441,63.5,10
6632039,Ysgol Llywelyn,Denbighshire,Primary schools,"Nursery, Infants & Juniors",Community,English medium school / provision,642,31.3,5.8
6632057,Ysgol y Faenol,Denbighshire,Primary schools,"Nursery, Infants & Juniors",Community,English medium school / provision,150,30.4,3.3
6632059,Ysgol Penmorfa CP,Denbighshire,Primary schools,"Nursery, Infants & Juniors",Community,English medium school / provision,379,36.4,4.7
6632060,Ysgol Emmanuel,Denbighshire,Primary schools,"Nursery, Infants & Juniors",Community,English medium school / provision,458,61.1,7.9
6632066,Ysgol Dewi Sant,Denbighshire,Primary schools,Infants & Juniors,Community,Welsh medium school / provision (including transitional),409,19.5,2
6632067,Ysgol Melyd,Denbighshire,Primary schools,"Nursery, Infants & Juniors",Community,English medium school / provision,142,34.3,10.6
6632070,Ysgol Bodfari,Denbighshire,Primary schools,"Nursery, Infants & Juniors",Community,English medium school / provision,55,11.4,
6632072,Ysgol Bryn Hedydd,Denbighshire,Primary schools,"Nursery, Infants & Juniors",Community,English medium school / provision,462,22.7,3.9
6632124,Ysgol Cefn Meiriadog,Denbighshire,Primary schools,"Nursery, Infants & Juniors",Community,English medium school / provision,63,14.6,
6632125,Frongoch Juniors,Denbighshire,Primary schools,Juniors,Community,Dual language school / provision (Welsh and English) (including transitional),201,19.4,6.5
6632127,Ysgol Henllan,Denbighshire,Primary schools,"Nursery, Infants & Juniors",Community,Welsh medium school / provision (including transitional),66,32.6,7.6
6632134,Ysgol Twm o'r Nant,Denbighshire,Primary schools,"Nursery, Infants & Juniors",Community,Welsh medium school / provision (including transitional),318,9.3,2.2
6632135,Ysgol Bryn Clwyd,Denbighshire,Primary schools,"Nursery, Infants & Juniors",Community,Dual language school / provision (Welsh and English) (including transitional),65,28.3,
6632136,Ysgol Y Parc,Denbighshire,Primary schools,Nursery & Infants,Community,English medium school / provision,154,17.1,5.2
6632164,Ysgol Gellifor,Denbighshire,Primary schools,"Nursery, Infants & Juniors",Community,Dual language school / provision (Welsh and English) (including transitional),48,,
6632168,Ysgol Pentrecelyn,Denbighshire,Primary schools,"Nursery, Infants & Juniors",Community,Welsh medium school / provision (including transitional),30,,0
6632214,Ysgol Betws Gwerful Goch,Denbighshire,Primary schools,"Nursery, Infants & Juniors",Community,Welsh medium school / provision (including transitional),16,,
6632215,Ysgol Carrog,Denbighshire,Primary schools,"Nursery, Infants & Juniors",Community,Dual language school / provision (Welsh and English) (including transitional),20,,
6632216,Ysgol Caer Drewyn,Denbighshire,Primary schools,"Nursery, Infants & Juniors",Community,Dual language school / provision (Welsh and English) (including transitional),83,50.8,6
6632219,Ysgol Bro Elwern,Denbighshire,Primary schools,"Nursery, Infants & Juniors",Community,Welsh medium school / provision (including transitional),68,,
6632227,Ysgol Y Llys,Denbighshire,Primary schools,"Nursery, Infants & Juniors",Community,Welsh medium school / provision (including transitional),359,19.1,
6632234,Ysgol Bryn Collen,Denbighshire,Primary schools,"Nursery, Infants & Juniors",Community,English medium school / provision,169,16.5,3.6
6632255,Rhos Street CP School,Denbighshire,Primary schools,"Nursery, Infants & Juniors",Community,English medium school / provision,216,17.6,3.7
6632256,Ysgol Pen Barras,Denbighshire,Primary schools,"Nursery, Infants & Juniors",Community,Welsh medium school / provision (including transitional),291,6.6,3.1
6632261,Ysgol Bro Cinmeirch,Denbighshire,Primary schools,"Nursery, Infants & Juniors",Community,Welsh medium school / provision (including transitional),97,7.7,
6632262,Ysgol Bro Famau,Denbighshire,Primary schools,"Nursery, Infants & Juniors",Community,English medium school / provision,56,13.3,
6632263,Ysgol Gymraeg y Gwernant,Denbighshire,Primary schools,"Nursery, Infants & Juniors",Community,Welsh medium school / provision (including transitional),181,11.1,4.4
6632264,Ysgol Clawdd Offa,Denbighshire,Primary schools,"Nursery, Infants & Juniors",Community,English medium school / provision,314,39.7,7
6632265,Bodnant Community Primary School,Denbighshire,Primary schools,"Nursery, Infants & Juniors",Community,English medium school / provision,468,22.8,2.6
6632266,Ysgol Pendref,Denbighshire,Primary schools,"Nursery, Infants & Juniors",Community,English medium school / provision,141,62,16.3
6632267,Ysgol_Bro_Dyfrdwy,Denbighshire,Primary schools,"Nursery, Infants & Juniors",Community,Welsh medium school / provision (including transitional),117,13.3,
6632268,Ysgol Carreg Emlyn,Denbighshire,Primary schools,"Nursery, Infants & Juniors",Community,Welsh medium school / provision (including transitional),65,,
6633020,Ysgol Tremeirchion,Denbighshire,Primary schools,"Nursery, Infants & Juniors",Voluntary controlled,Welsh medium school / provision (including transitional),82,,
6633024,St Asaph Infants School,Denbighshire,Primary schools,Nursery & Infants,Voluntary controlled,English medium school / provision,98,32.7,
6633044,Ysgol Llanbedr,Denbighshire,Primary schools,"Nursery, Infants & Juniors",Voluntary controlled,English medium school / provision,54,,11.1
6633045,Ysgol Llanfair Dyffryn Clwyd,Denbighshire,Primary schools,"Nursery, Infants & Juniors",Voluntary controlled,Dual language school / provision (Welsh and English) (including transitional),128,6.9,
6633050,Ysgol Borthyn,Denbighshire,Primary schools,"Nursery, Infants & Juniors",Voluntary controlled,English medium school / provision,97,33.3,11.3
6633057,Ysgol Pant Pastynog,Denbighshire,Primary schools,"Nursery, Infants & Juniors",Voluntary controlled,Welsh medium school / provision (including transitional),58,,
6633061,Ysgol Dyffryn Ial,Denbighshire,Primary schools,"Nursery, Infants & Juniors",Voluntary controlled,Dual language school / provision (Welsh and English) (including transitional),39,,
6633062,Ysgol Esgob Morgan,Denbighshire,Primary schools,Juniors,Community,English medium school / provision,101,27.7,5.9
6633316,Ysgol Trefnant,Denbighshire,Primary schools,"Nursery, Infants & Juniors",Voluntary aided,English medium school / provision,92,10.4,5.4
6634003,Rhyl High School,Denbighshire,Secondary schools,Secondary (ages 11-16),Community,English medium school / provision,1156,33.1,8.8
6634014,Prestatyn High School,Denbighshire,Secondary schools,Secondary (ages 11-19),Community,English medium school / provision,1550,29.2,3.6
6634020,Ysgol Uwchradd Glan Clwyd,Denbighshire,Secondary schools,Secondary (ages 11-19),Community,Welsh medium school / provision (including transitional),1020,13.4,3.2
6634026,Denbigh High School,Denbighshire,Secondary schools,Secondary (ages 11-19),Community,English medium school / provision,526,29,5.1
6634027,Ysgol Dinas Bran,Denbighshire,Secondary schools,Secondary (ages 11-19),Community,Dual language school / provision (Welsh and English) (including transitional),984,16.8,3.6
6634031,Ysgol Brynhyfryd,Denbighshire,Secondary schools,Secondary (ages 11-19),Community,Dual language school / provision (Welsh and English) (including transitional),1096,12.4,2.4
6635901,St Brigid's School,Denbighshire,Middle schools,Middle (ages 3-19),Voluntary aided,English medium school / provision,489,12.2,6.3
6635902,Christ the Word,Denbighshire,Middle schools,Middle (ages 3-16),Voluntary aided,English medium school / provision,809,43.5,4.6
6637000,YSGOL TIR MORFA,Denbighshire,Special schools,Special (with post-16 provision),Special school,Not applicable,125,46.2,100
6637010,Ysgol Plas Brondyffryn,Denbighshire,Special schools,Special (with post-16 provision),Special school,Not applicable,130,45.3,100
6642002,Ysgol Glan Aber,Flintshire,Primary schools,"Nursery, Infants & Juniors",Community,English medium school / provision,141,47.9,22.7
6642003,Ysgol Merllyn,Flintshire,Primary schools,"Nursery, Infants & Juniors",Community,English medium school / provision,140,40,14.3
6642004,Westwood CP,Flintshire,Primary schools,"Nursery, Infants & Juniors",Community,English medium school / provision,191,49.7,16.2
6642012,Ewloe Green,Flintshire,Primary schools,"Nursery, Infants & Juniors",Community,English medium school / provision,376,9.6,3.5
6642013,Bryn Garth CP,Flintshire,Primary schools,"Nursery, Infants & Juniors",Community,English medium school / provision,89,47.7,9
6642015,Ysgol Gwynedd CP,Flintshire,Primary schools,"Nursery, Infants & Juniors",Community,English medium school / provision,473,37.9,13.7
6642018,Ysgol Maesglas,Flintshire,Primary schools,"Nursery, Infants & Juniors",Community,English medium school / provision,204,49.1,10.8
6642021,Ysgol Gymraeg Mornant,Flintshire,Primary schools,"Nursery, Infants & Juniors",Community,Welsh medium school / provision (including transitional),56,16.2,
6642024,Ysgol Estyn Community School,Flintshire,Primary schools,"Nursery, Infants & Juniors",Community,English medium school / provision,221,14.4,2.3
6642028,Ysgol Glanrafon,Flintshire,Primary schools,"Nursery, Infants & Juniors",Community,Welsh medium school / provision (including transitional),343,7.9,7.9
6642032,Northop Hall,Flintshire,Primary schools,"Nursery, Infants & Juniors",Community,English medium school / provision,135,10.7,11.9
6642040,Wood Memorial Primary School,Flintshire,Primary schools,"Nursery, Infants & Juniors",Community,English medium school / provision,170,38.7,15.3
6642041,Sealand CP School,Flintshire,Primary schools,"Nursery, Infants & Juniors",Community,English medium school / provision,215,62.7,11.6
6642043,Sychdyn CP,Flintshire,Primary schools,"Nursery, Infants & Juniors",Community,English medium school / provision,155,11.9,5.8
6642044,Trelogan Primary,Flintshire,Primary schools,"Nursery, Infants & Juniors",Community,English medium school / provision,47,32.4,14.9
6642046,Bryn Pennant CP,Flintshire,Primary schools,"Nursery, Infants & Juniors",Community,English medium school / provision,103,61.4,11.7
6642049,Ysgol Bro Carmel,Flintshire,Primary schools,"Nursery, Infants & Juniors",Community,English medium school / provision,163,10.8,9.2
6642050,Rhos Helyg School,Flintshire,Primary schools,"Nursery, Infants & Juniors",Community,English medium school / provision,76,14.3,10.5
6642051,Ysgol Terrig,Flintshire,Primary schools,"Nursery, Infants & Juniors",Community,Welsh medium school / provision (including transitional),107,10.4,7.5
6642052,Ysgol Bryn Deva,Flintshire,Primary schools,"Nursery, Infants & Juniors",Community,English medium school / provision,290,41.1,8.6
6642053,Sandycroft CP,Flintshire,Primary schools,"Nursery, Infants & Juniors",Community,English medium school / provision,329,28.2,13.7
6642056,Gwernymynydd CP School,Flintshire,Primary schools,"Nursery, Infants & Juniors",Community,English medium school / provision,68,19.2,7.4
6642061,Queensferry Community Primary School,Flintshire,Primary schools,"Nursery, Infants & Juniors",Community,English medium school / provision,126,58.8,15.9
6642062,Ysgol Bryn Coch,Flintshire,Primary schools,"Nursery, Infants & Juniors",Community,English medium school / provision,603,26.9,9.1
6642063,Mountain Lane Primary School,Flintshire,Primary schools,"Nursery, Infants & Juniors",Community,English medium school / provision,442,10.6,4.1
6642064,"Ysgol y Foel, Cilcain",Flintshire,Primary schools,"Nursery, Infants & Juniors",Community,English medium school / provision,38,,
6642065,Brynford CP,Flintshire,Primary schools,"Nursery, Infants & Juniors",Community,English medium school / provision,84,11.1,10.7
6642068,Ysgol Bryn Gwalia,Flintshire,Primary schools,"Nursery, Infants & Juniors",Community,English medium school / provision,143,61.5,14.7
6642077,Golftyn CP School,Flintshire,Primary schools,"Nursery, Infants & Juniors",Community,English medium school / provision,349,29.5,6.9
6642078,Saltney Ferry CP,Flintshire,Primary schools,"Nursery, Infants & Juniors",Community,English medium school / provision,134,51.9,23.1
6642081,Y Waun,Flintshire,Primary schools,"Nursery, Infants & Juniors",Community,English medium school / provision,56,21.7,
6642082,Ysgol Gwenffrwd,Flintshire,Primary schools,"Nursery, Infants & Juniors",Community,Welsh medium school / provision (including transitional),107,11.4,28
6642084,Abermorddu CP School,Flintshire,Primary schools,"Nursery, Infants & Juniors",Community,English medium school / provision,162,11.7,9.3
6642085,Southdown CP,Flintshire,Primary schools,"Nursery, Infants & Juniors",Community,English medium school / provision,326,23.8,5.5
6642086,Wepre Community School,Flintshire,Primary schools,"Nursery, Infants & Juniors",Community,English medium school / provision,327,13.6,6.1
6642089,Drury Primary School,Flintshire,Primary schools,"Nursery, Infants & Juniors",Community,English medium school / provision,134,19,12.7
6642091,Cornist Park CP,Flintshire,Primary schools,"Nursery, Infants & Juniors",Community,English medium school / provision,244,25.5,4.5
6642092,Ysgol Derwenfa CP,Flintshire,Primary schools,"Nursery, Infants & Juniors",Community,English medium school / provision,85,47.1,10.6
6642093,Penarlag CP,Flintshire,Primary schools,"Nursery, Infants & Juniors",Community,English medium school / provision,159,27.1,8.8
6642094,Owen Jones CP,Flintshire,Primary schools,"Nursery, Infants & Juniors",Community,English medium school / provision,120,11.1,6.7
6642237,Gronant Primary School,Flintshire,Primary schools,"Nursery, Infants & Juniors",Community,English medium school / provision,71,45.1,15.5
6642257,Ysgol Gymraeg Croes Atti,Flintshire,Primary schools,"Nursery, Infants & Juniors",Community,Welsh medium school / provision (including transitional),289,30.8,6.2
6642266,Ysgol Parc y Llan,Flintshire,Primary schools,"Nursery, Infants & Juniors",Community,English medium school / provision,128,34.7,
6642267,Ysgol Mynydd Isa,Flintshire,Primary schools,"Nursery, Infants & Juniors",Community,English medium school / provision,496,13.4,8.5
6642268,Broughton Primary School,Flintshire,Primary schools,"Nursery, Infants & Juniors",Community,English medium school / provision,547,16,4.6
6642269,Ysgol Cae'r Nant,Flintshire,Primary schools,"Nursery, Infants & Juniors",Community,English medium school / provision,333,28.5,4.2
6642270,Ysgol Penyffordd,Flintshire,Primary schools,"Nursery, Infants & Juniors",Community,English medium school / provision,346,4.8,4.3
6642271,Ysgol Ty Ffynnon,Flintshire,Primary schools,"Nursery, Infants & Juniors",Community,English medium school / provision,255,27.7,16.1
6642272,Ysgol Maes Y Felin,Flintshire,Primary schools,"Nursery, Infants & Juniors",Community,English medium school / provision,280,59.7,23.2
6643002,Nannerch V.C.P. School,Flintshire,Primary schools,"Nursery, Infants & Juniors",Voluntary controlled,English medium school / provision,37,,
6643303,Ysgol Yr Esgob C in W,Flintshire,Primary schools,"Nursery, Infants & Juniors",Voluntary aided,English medium school / provision,66,21.3,
6643306,St Mary's,Flintshire,Primary schools,"Nursery, Infants & Juniors",Voluntary aided,English medium school / provision,277,27.8,9.4
6643307,St Winefrides,Flintshire,Primary schools,"Nursery, Infants & Juniors",Community,English medium school / provision,156,40.3,14.1
6643308,St David's Catholic Primary School,Flintshire,Primary schools,"Nursery, Infants & Juniors",Voluntary aided,English medium school / provision,59,33.3,13.6
6643311,St Anthony's Catholic Primary,Flintshire,Primary schools,"Nursery, Infants & Juniors",Voluntary aided,English medium school / provision,49,36.6,16.3
6643312,Venerable Edward Morgan RC,Flintshire,Primary schools,"Nursery, Infants & Juniors",Voluntary aided,English medium school / provision,168,25.8,10.1
6643316,Trelawnyd,Flintshire,Primary schools,"Nursery, Infants & Juniors",Voluntary aided,English medium school / provision,55,17.1,12.7
6643320,Ysgol y Llan VA Primary School Whitford,Flintshire,Primary schools,"Nursery, Infants & Juniors",Voluntary aided,English medium school / provision,79,11.1,13.9
6643330,St. Ethelwolds,Flintshire,Primary schools,"Nursery, Infants & Juniors",Voluntary aided,English medium school / provision,85,42.4,21.2
6643331,St John the Baptist VA School,Flintshire,Primary schools,"Nursery, Infants & Juniors",Voluntary aided,English medium school / provision,108,,
6643332,Nercwys VA,Flintshire,Primary schools,"Nursery, Infants & Juniors",Voluntary aided,English medium school / provision,13,,
6643333,Hawarden Village VA,Flintshire,Primary schools,Infants & Juniors,Voluntary aided,English medium school / provision,373,6.7,5.1
6643334,Lixwm VA Church in Wales Primary School,Flintshire,Primary schools,"Nursery, Infants & Juniors",Voluntary aided,English medium school / provision,52,16.7,19.2
6644000,Hawarden High School,Flintshire,Secondary schools,Secondary (ages 11-19),Community,English medium school / provision,1157,19.7,5.4
6644006,Alun School,Flintshire,Secondary schools,Secondary (ages 11-19),Community,English medium school / provision,1448,18.1,4.4
6644011,Elfed High School,Flintshire,Secondary schools,Secondary (ages 11-16),Community,English medium school / provision,847,26.6,10.2
6644012,Ysgol Treffynnon,Flintshire,Secondary schools,Secondary (ages 11-16),Community,English medium school / provision,545,37.8,18.5
6644013,St. David's High School,Flintshire,Secondary schools,Secondary (ages 11-16),Community,English medium school / provision,393,39.2,15
6644017,Castell Alun High School,Flintshire,Secondary schools,Secondary (ages 11-19),Community,English medium school / provision,1299,14.6,4.3
6644018,Maes Garmon,Flintshire,Secondary schools,Secondary (ages 11-19),Community,Welsh medium school / provision (including transitional),557,19.9,7.5
6644021,Flint High School,Flintshire,Secondary schools,Secondary (ages 11-19),Community,English medium school / provision,705,32,8.7
6644022,"Connah's Quay High School,",Flintshire,Secondary schools,Secondary (ages 11-16),Community,English medium school / provision,1008,25.7,7
6644042,Argoed School,Flintshire,Secondary schools,Secondary (ages 11-16),Community,English medium school / provision,650,18.2,14
6644600,St. Richard Gwyn Catholic High School,Flintshire,Secondary schools,Secondary (ages 11-19),Voluntary aided,English medium school / provision,742,26.3,8.8
6645200,Derwen Foundation School,Flintshire,Primary schools,"Nursery, Infants & Juniors",Foundation,English medium school / provision,178,5.5,4.5
6647020,Pen Coch,Flintshire,Special schools,Special (without post-16 provision),Special school,Not applicable,133,37.6,100
6647021,Ysgol Maes Hyfryd,Flintshire,Special schools,Special (with post-16 provision),Special school,Not applicable,135,43,100
6652076,The Rofft CP School,Wrexham,Primary schools,"Nursery, Infants & Juniors",Community,English medium school / provision,197,7.6,11.2
6652137,Froncysyllte,Wrexham,Primary schools,"Nursery, Infants & Juniors",Community,English medium school / provision,5,,
6652138,Garth CP,Wrexham,Primary schools,"Nursery, Infants & Juniors",Community,English medium school / provision,68,,
6652139,Ysgol Cynddelw,Wrexham,Primary schools,"Nursery, Infants & Juniors",Community,Dual language school / provision (Welsh and English) (including transitional),80,29.5,7.5
6652140,Llanarmon DC School,Wrexham,Primary schools,"Nursery, Infants & Juniors",Community,Welsh medium school / provision (including transitional),20,35.3,
6652149,Ysgol Acrefair,Wrexham,Primary schools,Infants & Juniors,Community,English medium school / provision,193,21,2.6
6652151,Cefn Mawr C P School,Wrexham,Primary schools,"Nursery, Infants & Juniors",Community,English medium school / provision,178,28.2,6.7
6652160,Ysgol Maes-y-Llan,Wrexham,Primary schools,"Nursery, Infants & Juniors",Community,English medium school / provision,120,28.7,5
6652162,Ysgol Min y Ddol,Wrexham,Primary schools,"Nursery, Infants & Juniors",Community,Welsh medium school / provision (including transitional),132,29.5,
6652173,Alexandra C P School,Wrexham,Primary schools,Infants & Juniors,Community,English medium school / provision,360,51.1,20
6652176,Brynteg C P School,Wrexham,Primary schools,"Nursery, Infants & Juniors",Community,English medium school / provision,157,48.3,6.4
6652178,BWLCHGWYN SCHOOL,Wrexham,Primary schools,"Nursery, Infants & Juniors",Community,English medium school / provision,111,14.5,9
6652179,Ysgol Tan-y-Fron,Wrexham,Primary schools,"Nursery, Infants & Juniors",Community,English medium school / provision,146,12.4,3.4
6652187,Black Lane C P School,Wrexham,Primary schools,"Nursery, Infants & Juniors",Community,English medium school / provision,142,24.5,3.5
6652191,Rhosddu County Primary,Wrexham,Primary schools,"Nursery, Infants & Juniors",Community,English medium school / provision,252,32.7,6
6652200,Rhostyllen CP School,Wrexham,Primary schools,"Nursery, Infants & Juniors",Community,English medium school / provision,220,22.5,2.3
6652204,Ysgol Deiniol C P,Wrexham,Primary schools,"Nursery, Infants & Juniors",Community,English medium school / provision,144,20.8,4.2
6652208,Barker's Lane CP,Wrexham,Primary schools,"Nursery, Infants & Juniors",Community,English medium school / provision,231,8.6,6.1
6652209,Wat's Dyke County Primary,Wrexham,Primary schools,"Nursery, Infants & Juniors",Community,English medium school / provision,257,10.9,4.7
6652224,Ysgol Bryn Tabor,Wrexham,Primary schools,Infants & Juniors,Community,Welsh medium school / provision (including transitional),206,17.3,3.4
6652232,Ysgol Sant Dunawd,Wrexham,Primary schools,"Nursery, Infants & Juniors",Community,English medium school / provision,100,11.1,
6652235,Holt C.P. School,Wrexham,Primary schools,"Nursery, Infants & Juniors",Community,English medium school / provision,56,,
6652238,Ysgol Bodhyfryd,Wrexham,Primary schools,"Nursery, Infants & Juniors",Community,Welsh medium school / provision (including transitional),246,34,8.9
6652259,Ysgol I.D. Hooson,Wrexham,Primary schools,"Nursery, Infants & Juniors",Community,Welsh medium school / provision (including transitional),215,28.7,2.3
6652263,Ysgol Plas Coch,Wrexham,Primary schools,"Nursery, Infants & Juniors",Community,Welsh medium school / provision (including transitional),322,19.8,4.7
6652266,Penygelli C P School,Wrexham,Primary schools,"Nursery, Infants & Juniors",Community,English medium school / provision,256,35.3,2.7
6652267,Ysgol Penrhyn New Broughton CP,Wrexham,Primary schools,"Nursery, Infants & Juniors",Community,English medium school / provision,212,28.9,3.8
6652268,Ysgol Heulfan,Wrexham,Primary schools,"Nursery, Infants & Juniors",Community,English medium school / provision,324,42.4,12
6652269,Hafod y Wern Community Primary School,Wrexham,Primary schools,"Nursery, Infants & Juniors",Community,English medium school / provision,242,74.6,13.2
6652270,Gwenfro Community Primary,Wrexham,Primary schools,"Nursery, Infants & Juniors",Community,English medium school / provision,285,49.5,12.3
6652271,Park Community Primary School Llay,Wrexham,Primary schools,"Nursery, Infants & Juniors",Community,English medium school / provision,324,32.5,7.7
6652272,Rhosymedre Community Primary,Wrexham,Primary schools,"Nursery, Infants & Juniors",Community,English medium school / provision,216,65.7,13.4
6652273,Ysgol Maes y Mynydd,Wrexham,Primary schools,"Nursery, Infants & Juniors",Community,English medium school / provision,294,46.4,7.5
6652274,Gwersyllt Community Primary School,Wrexham,Primary schools,Infants & Juniors,Community,English medium school / provision,248,20.2,3.2
6652275,Penycae Community Primary School,Wrexham,Primary schools,"Nursery, Infants & Juniors",Community,English medium school / provision,162,46.9,8
6652276,Acton Primary,Wrexham,Primary schools,"Nursery, Infants & Juniors",Community,English medium school / provision,289,32.9,9.7
6652277,Victoria Community Primary,Wrexham,Primary schools,"Nursery, Infants & Juniors",Community,English medium school / provision,429,22.4,1.6
6652278,Ysgol Y Waun,Wrexham,Primary schools,Infants & Juniors,Community,English medium school / provision,313,25.1,3.5
6652279,Ysgol Bro Alun,Wrexham,Primary schools,Infants & Juniors,Community,Welsh medium school / provision (including transitional),258,18.3,2.7
6652280,"Ysgol Yr Hafod, Johnstown",Wrexham,Primary schools,"Nursery, Infants & Juniors",Community,English medium school / provision,347,29.4,5.5
6652281,Borras Park Community Primary,Wrexham,Primary schools,"Nursery, Infants & Juniors",Community,English medium school / provision,430,17.7,4.7
6652282,Ysgol Llan y pwll,Wrexham,Primary schools,Infants & Juniors,Community,Welsh medium school / provision (including transitional),71,18.5,
6653028,St Peter's School,Wrexham,Primary schools,"Nursery, Infants & Juniors",Voluntary controlled,English medium school / provision,209,9.1,
6653036,Pentre CIW Voluntary Controlled,Wrexham,Primary schools,"Nursery, Infants & Juniors",Voluntary controlled,English medium school / provision,46,23.5,
6653042,Eyton Primary School,Wrexham,Primary schools,"Nursery, Infants & Juniors",Voluntary controlled,English medium school / provision,53,14.6,
6653054,BORDERBROOK SCHOOL,Wrexham,Primary schools,"Nursery, Infants & Juniors",Voluntary controlled,Dual language school / provision (Welsh and English) (including transitional),16,,31.3
6653055,St Giles Controlled Primary School,Wrexham,Primary schools,Infants & Juniors,Voluntary controlled,English medium school / provision,392,22.5,3.6
6653301,BRONINGTON CHURCH IN WALES V.A,Wrexham,Primary schools,"Nursery, Infants & Juniors",Voluntary aided,English medium school / provision,52,,9.6
6653305,Madras VA School,Wrexham,Primary schools,"Nursery, Infants & Juniors",Voluntary aided,Dual language school / provision (Welsh and English) (including transitional),115,15.7,
6653326,St Chad's Church in Wales Aided School,Wrexham,Primary schools,"Nursery, Infants & Juniors",Voluntary aided,English medium school / provision,103,19.7,
6653334,St Mary's RC Primary,Wrexham,Primary schools,"Nursery, Infants & Juniors",Voluntary aided,English medium school / provision,334,11.7,3.3
6653337,Minera,Wrexham,Primary schools,"Nursery, Infants & Juniors",Voluntary aided,English medium school / provision,80,34.3,
6653338,All Saints Voluntary Aided Sch,Wrexham,Primary schools,"Nursery, Infants & Juniors",Voluntary aided,English medium school / provision,381,6.9,2.9
6653341,St Mary's Church in Wales,Wrexham,Primary schools,"Nursery, Infants & Juniors",Voluntary aided,English medium school / provision,214,19.9,2.3
6653342,Brymbo Aided (St. Mary's),Wrexham,Primary schools,"Nursery, Infants & Juniors",Community,English medium school / provision,135,46,8.9
6653343,St Anne's Catholic Primary,Wrexham,Primary schools,"Nursery, Infants & Juniors",Voluntary aided,English medium school / provision,170,43.4,7.1
6653346,St Mary's Overton,Wrexham,Primary schools,"Nursery, Infants & Juniors",Voluntary aided,English medium school / provision,156,12.3,
6653347,St Paul's Voluntary Aided,Wrexham,Primary schools,"Nursery, Infants & Juniors",Voluntary aided,English medium school / provision,33,,
6654029,Grango,Wrexham,Secondary schools,Secondary (ages 11-16),Community,English medium school / provision,545,32.3,7.5
6654032,YSGOL MORGAN LLWYD,Wrexham,Secondary schools,Secondary (ages 11-19),Community,Welsh medium school / provision (including transitional),978,20.4,3.2
6654033,Ysgol Bryn Alyn,Wrexham,Secondary schools,Secondary (ages 11-16),Community,English medium school / provision,725,34.3,6.9
6654034,Darland High School,Wrexham,Secondary schools,Secondary (ages 11-16),Community,English medium school / provision,683,19.8,9.1
6654044,Ysgol Rhiwabon,Wrexham,Secondary schools,Secondary (ages 11-16),Community,English medium school / provision,523,38.8,5
6654048,Rhosnesni High School,Wrexham,Secondary schools,Secondary (ages 11-16),Community,English medium school / provision,1127,30.7,6.2
6654049,Ysgol Clywedog,Wrexham,Secondary schools,Secondary (ages 11-16),Community,English medium school / provision,755,39.3,5.3
6654603,St Joseph's Catholic and Anglican High,Wrexham,Secondary schools,Secondary (ages 11-16),Voluntary aided,English medium school / provision,759,12.5,5.5
6655401,THE MAELOR SCHOOL,Wrexham,Secondary schools,Secondary (ages 11-19),Foundation,English medium school / provision,761,16.1,6.3
6657005,St Christophers School,Wrexham,Special schools,Special (with post-16 provision),Special school,Not applicable,341,50,100
6657018,Ysgol Cae'r Gwenyn,Wrexham,Special schools,Special (without post-16 provision),Special school,Not applicable,45,70,100
6662002,ABERMULE PRIMARY SCHOOL,Powys,Primary schools,Infants & Juniors,Community,English medium school / provision,77,,19.5
6662003,ARDDLEEN C.P. SCHOOL,Powys,Primary schools,Infants & Juniors,Community,English medium school / provision,112,,5.4
6662005,BERRIEW C.P. SCHOOL,Powys,Primary schools,Infants & Juniors,Community,English medium school / provision,106,7.9,6.6
6662008,CAERSWS C.P. SCHOOL,Powys,Primary schools,Infants & Juniors,Community,English medium school / provision,78,15.9,17.9
6662009,CARNO C.P. SCHOOL,Powys,Primary schools,Infants & Juniors,Community,Welsh medium school / provision (including transitional),41,,0
6662010,CARREGHOFA C.P. SCHOOL,Powys,Primary schools,Infants & Juniors,Community,English medium school / provision,104,9,7.7
6662018,LEIGHTON C.P. SCHOOL,Powys,Primary schools,Infants & Juniors,Community,English medium school / provision,38,28.1,18.4
6662019,YSGOL LLANBRYNMAIR,Powys,Primary schools,Infants & Juniors,Community,Welsh medium school / provision (including transitional),32,20.7,
6662020,LLANDINAM C.P. SCHOOL,Powys,Primary schools,Infants & Juniors,Community,English medium school / provision,35,,17.1
6662033,MEIFOD C.P. SCHOOL,Powys,Primary schools,Infants & Juniors,Community,English medium school / provision,61,19.6,23
6662040,PENYGLODDFA C.P. SCHOOL,Powys,Primary schools,Infants & Juniors,Community,English medium school / provision,268,15.4,8.2
6662041,PONTROBERT C.P. SCHOOL,Powys,Primary schools,Infants & Juniors,Community,Welsh medium school / provision (including transitional),72,,8.3
6662044,YSGOL DYFFRYN TRANNON,Powys,Primary schools,Infants & Juniors,Community,Welsh medium school / provision (including transitional),102,,
6662049,GUILSFIELD C.P. SCHOOL,Powys,Primary schools,Infants & Juniors,Community,English medium school / provision,134,6.7,8.2
6662050,LLANIDLOES C.P. SCHOOL,Powys,Primary schools,Infants & Juniors,Community,English medium school / provision,255,17,6.7
6662051,BUTTINGTON TREWERN C.P. SCHOOL,Powys,Primary schools,Infants & Juniors,Community,English medium school / provision,136,11.9,4.4
6662053,BRYNHAFREN C.P. SCHOOL,Powys,Primary schools,Infants & Juniors,Community,English medium school / provision,34,32.3,
6662054,CHURCHSTOKE C.P. SCHOOL,Powys,Primary schools,Infants & Juniors,Community,English medium school / provision,35,,
6662058,YSGOL GYNRADD GLANTWYMYN,Powys,Primary schools,Infants & Juniors,Community,Welsh medium school / provision (including transitional),85,,
6662059,YSGOL PENNANT,Powys,Primary schools,Infants & Juniors,Community,Welsh medium school / provision (including transitional),70,,
6662060,MAESYRHANDIR C.P. SCHOOL,Powys,Primary schools,Infants & Juniors,Community,English medium school / provision,83,59.2,15.7
6662066,FRANKSBRIDGE C.P. SCHOOL,Powys,Primary schools,Infants & Juniors,Community,English medium school / provision,37,,
6662068,LLANBISTER C.P. SCHOOL,Powys,Primary schools,Infants & Juniors,Community,English medium school / provision,57,,
6662070,YSGOL CEFNLLYS,Powys,Primary schools,Infants & Juniors,Community,English medium school / provision,175,26,13.1
6662075,PRESTEIGNE C.P. SCHOOL,Powys,Primary schools,Infants & Juniors,Community,English medium school / provision,174,13,5.2
6662076,RADNOR VALLEY C.P. SCHOOL,Powys,Primary schools,Infants & Juniors,Community,English medium school / provision,53,,13.2
6662077,CROSSGATES C.P. SCHOOL,Powys,Primary schools,Infants & Juniors,Community,English medium school / provision,143,15,4.9
6662084,YSGOL DOLAFON,Powys,Primary schools,Infants & Juniors,Community,English medium school / provision,43,15.8,11.6
6662089,BUILTH WELLS C.P. SCHOOL,Powys,Primary schools,Infants & Juniors,Community,Dual language school / provision (Welsh and English) (including transitional),229,18,14.8
6662092,SENNYBRIDGE C.P. SCHOOL,Powys,Primary schools,Infants & Juniors,Community,Dual language school / provision (Welsh and English) (including transitional),114,7,14.9
6662113,CRICKHOWELL C.P. SCHOOL,Powys,Primary schools,Infants & Juniors,Community,English medium school / provision,196,5.8,6.1
6662116,HAY-ON-WYE C.P. SCHOOL,Powys,Primary schools,Infants & Juniors,Community,English medium school / provision,175,9.2,5.7
6662117,LLANGYNIDR C.P. SCHOOL,Powys,Primary schools,Infants & Juniors,Community,English medium school / provision,92,7.3,8.7
6662125,LLANFAES C.P. SCHOOL,Powys,Primary schools,Infants & Juniors,Community,English medium school / provision,194,21.5,6.7
6662127,YSGOL Y BANNAU,Powys,Primary schools,Infants & Juniors,Community,Welsh medium school / provision (including transitional),87,7.6,
6662129,YSGOL RHIW BECHAN,Powys,Primary schools,Infants & Juniors,Community,Dual language school / provision (Welsh and English) (including transitional),133,6.8,7.5
6662146,LLANRHAEADR YM MOCHNANT C.P. SCHOOL,Powys,Primary schools,Infants & Juniors,Community,Dual language school / provision (Welsh and English) (including transitional),83,13.3,
6662148,YSGOL DAFYDD LLWYD,Powys,Primary schools,Infants & Juniors,Community,Welsh medium school / provision (including transitional),229,16.8,2.2
6662149,YSGOL Y CRIBARTH,Powys,Primary schools,Infants & Juniors,Community,Dual language school / provision (Welsh and English) (including transitional),137,27.4,17.5
6662150,YSGOL GOLWG Y CWM,Powys,Primary schools,Infants & Juniors,Community,English medium school / provision,188,33.9,53.7
6662151,YSGOL BRO TAWE,Powys,Primary schools,Infants & Juniors,Community,English medium school / provision,198,17.2,9.1
6662152,YSGOL GYMRAEG DYFFRYN Y GLOWYR,Powys,Primary schools,Infants & Juniors,Community,Welsh medium school / provision (including transitional),332,18.6,21.7
6662153,YSGOL Y MYNYDD DU,Powys,Primary schools,Infants & Juniors,Community,English medium school / provision,69,39.7,24.6
6662154,YSGOL GYMRAEG Y TRALLWNG,Powys,Primary schools,Infants & Juniors,Community,Welsh medium school / provision (including transitional),136,15.7,
6662155,YSGOL CALON Y DDERWEN,Powys,Primary schools,Infants & Juniors,Community,English medium school / provision,336,35.4,8.9
6662156,YSGOL GOLWG PEN Y FAN,Powys,Primary schools,Infants & Juniors,Community,English medium school / provision,227,22.1,18.9
6663000,LLANFECHAIN C.I.W. SCHOOL,Powys,Primary schools,Infants & Juniors,Community,English medium school / provision,39,19.4,17.9
6663002,MONTGOMERY C.I.W. SCHOOL,Powys,Primary schools,Infants & Juniors,Community,English medium school / provision,115,16.3,7
6663016,FORDEN C.I.W. SCHOOL,Powys,Primary schools,Infants & Juniors,Community,English medium school / provision,42,13.9,
6663021,LLANDYSILIO C.I.W. SCHOOL,Powys,Primary schools,Infants & Juniors,Community,English medium school / provision,60,26,15
6663026,GLADESTRY C.I.W. SCHOOL,Powys,Primary schools,Infants & Juniors,Voluntary controlled,English medium school / provision,31,,22.6
6663030,YSGOL TREFONNEN CHURCH IN WALES COMMUNITY PRIMARY,Powys,Primary schools,Infants & Juniors,Voluntary controlled,Dual language school / provision (Welsh and English) (including transitional),191,32.1,7.9
6663031,NEWBRIDGE-ON-WYE CHURCH IN WALES SCHOOL,Powys,Primary schools,Infants & Juniors,Community,English medium school / provision,101,,11.9
6663033,CLYRO C.I.W. SCHOOL,Powys,Primary schools,Infants & Juniors,Voluntary controlled,English medium school / provision,72,8.2,8.3
6663035,KNIGHTON CHURCH IN WALES PRIMARY SCHOOL,Powys,Primary schools,Infants & Juniors,Community,English medium school / provision,169,20,10.7
6663036,RHAYADER C.I.W. SCHOOL,Powys,Primary schools,Infants & Juniors,Community,Dual language school / provision (Welsh and English) (including transitional),213,16,8.5
6663037,LLANELWEDD CHURCH IN WALES PRIMARY SCHOOL,Powys,Primary schools,Infants & Juniors,Voluntary controlled,English medium school / provision,92,14.8,
6663050,LLANGORS C.I.W. SCHOOL,Powys,Primary schools,Infants & Juniors,Community,English medium school / provision,154,11.9,7.8
6663051,WELSHPOOL CHURCH IN WALES PRIMARY SCHOOL,Powys,Primary schools,Infants & Juniors,Voluntary controlled,English medium school / provision,272,37.1,14.7
6663301,ST. MICHAEL'S C.I.W. SCHOOL,Powys,Primary schools,Infants & Juniors,Voluntary aided,English medium school / provision,94,9.8,7.4
6663303,LLANSANTFFRAID C.I.W.A.,Powys,Primary schools,Infants & Juniors,Community,English medium school / provision,103,13.8,5.8
6663317,ARCHDEACON GRIFFITHS C.I.W. PRIMARY SCHOOL,Powys,Primary schools,Infants & Juniors,Voluntary aided,English medium school / provision,155,6.4,9
6663318,PRIORY CHURCH IN WALES SCHOOL,Powys,Primary schools,Infants & Juniors,Voluntary aided,English medium school / provision,139,37.2,5
6663320,ST MARY`S R.C. (A) SCHOOL,Powys,Primary schools,Infants & Juniors,Voluntary aided,English medium school / provision,53,41.7,47.2
6663322,LLANGATTOCK C.I.W. SCHOOL,Powys,Primary schools,Infants & Juniors,Voluntary aided,English medium school / provision,123,10.8,4.1
6663323,YSGOL CWM BANWY,Powys,Primary schools,Infants & Juniors,Community,Welsh medium school / provision (including transitional),46,,
6664002,LLANIDLOES HIGH SCHOOL,Powys,Secondary schools,Secondary (ages 11-19),Community,Dual language school / provision (Welsh and English) (including transitional),673,15,13.8
6664011,Newtown High School,Powys,Secondary schools,Secondary (ages 11-19),Community,English medium school / provision,882,24.6,9.9
6664013,WELSHPOOL HIGH SCHOOL,Powys,Secondary schools,Secondary (ages 11-19),Community,English medium school / provision,810,17.8,3.8
6664021,Ysgol Maesydderwen,Powys,Secondary schools,Secondary (ages 11-19),Community,English medium school / provision,476,26.9,12.8
6664022,BRECON HIGH SCHOOL,Powys,Secondary schools,Secondary (ages 11-19),Community,English medium school / provision,575,17.3,8
6664023,Gwernyfed High School,Powys,Secondary schools,Secondary (ages 11-19),Community,English medium school / provision,511,16,7
6664024,Crickhowell High School,Powys,Secondary schools,Secondary (ages 11-19),Community,English medium school / provision,936,6.7,5.8
6664025,Ysgol Calon Cymru,Powys,Secondary schools,Secondary (ages 11-19),Community,Dual language school / provision (Welsh and English) (including transitional),945,19.9,12.6
6665500,Ysgol Bro Hyddgen,Powys,Middle schools,Middle (ages 4-19),Community,Welsh medium school / provision (including transitional),446,14.2,6.7
6665501,Ysgol Llanfyllin,Powys,Middle schools,Middle (ages 4-19),Community,Dual language school / provision (Welsh and English) (including transitional),755,13.9,6.8
6665502,Ysgol Bro Caereinion,Powys,Middle schools,Middle (ages 4-19),Community,Dual language school / provision (Welsh and English) (including transitional),455,10.3,6.2
6667001,BRYNLLYWARCH HALL SCHOOL,Powys,Special schools,Special (with post-16 provision),Special school,Not applicable,93,52.4,100
6667002,YSGOL ROBERT OWEN,Powys,Special schools,Special (with post-16 provision),Special school,Not applicable,122,45.6,100
6667004,YSGOL PENMAES,Powys,Special schools,Special (with post-16 provision),Special school,Not applicable,114,38,100
6672281,YSGOL GYMUNEDOL GYNRADD ABERAERON,Ceredigion,Primary schools,"Nursery, Infants & Juniors",Community,Welsh medium school / provision (including transitional),228,7.4,8.3
6672291,YSGOL GYMUNEDOL LLANARTH,Ceredigion,Primary schools,Infants & Juniors,Community,Welsh medium school / provision (including transitional),69,24.6,
6672293,YSGOL GYMUNEDOL LLANNON,Ceredigion,Primary schools,Infants & Juniors,Community,Welsh medium school / provision (including transitional),38,17.1,
6672295,YSGOL GYMUNEDOL CEI NEWYDD,Ceredigion,Primary schools,Infants & Juniors,Community,Dual language school / provision (Welsh and English) (including transitional),57,34,8.8
6672298,YSGOL GYMUNEDOL TALGARREG,Ceredigion,Primary schools,Infants & Juniors,Community,Welsh medium school / provision (including transitional),39,,
6672299,YSGOL GYMRAEG ABERYSTWYTH,Ceredigion,Primary schools,"Nursery, Infants & Juniors",Community,Welsh medium school / provision (including transitional),342,8.4,5
6672303,YSGOL GYMUNEDOL COMINS COCH,Ceredigion,Primary schools,"Nursery, Infants & Juniors",Community,Dual language school / provision (Welsh and English) (including transitional),138,15.6,11.6
6672308,YSGOL GYMUNEDOL LLANFARIAN,Ceredigion,Primary schools,Infants & Juniors,Community,Welsh medium school / provision (including transitional),25,,
6672309,YSGOL GYMUNEDOL LLANFIHANGEL-Y-CREUDDYN,Ceredigion,Primary schools,Infants & Juniors,Community,Welsh medium school / provision (including transitional),13,0,
6672310,YSGOL GYMUNEDOL LLANGWYRYFON,Ceredigion,Primary schools,Infants & Juniors,Community,Welsh medium school / provision (including transitional),24,,
6672311,YSGOL LLANILAR,Ceredigion,Primary schools,Infants & Juniors,Community,Welsh medium school / provision (including transitional),116,12.5,6
6672312,YSGOL GYMUNEDOL MYNACH,Ceredigion,Primary schools,Infants & Juniors,Community,Welsh medium school / provision (including transitional),42,22.9,
6672313,YSGOL PENLLWYN,Ceredigion,Primary schools,Infants & Juniors,Community,Welsh medium school / provision (including transitional),44,15.2,11.4
6672314,YSGOL GYMUNEDOL LLWYN YR EOS,Ceredigion,Primary schools,"Nursery, Infants & Juniors",Community,Dual language school / provision (Welsh and English) (including transitional),218,44.3,28
6672315,YSGOL GYMUNEDOL SYR JOHN RHYS,Ceredigion,Primary schools,Infants & Juniors,Community,Welsh medium school / provision (including transitional),15,53.8,0
6672316,YSGOL GYMUNEDOL RHYDYPENNAU,Ceredigion,Primary schools,"Nursery, Infants & Juniors",Community,Welsh medium school / provision (including transitional),200,14.2,4
6672317,YSGOL GYMUNEDOL TALYBONT,Ceredigion,Primary schools,Infants & Juniors,Community,Welsh medium school / provision (including transitional),57,13.6,10.5
6672319,YSGOL GYMUNEDOL ABERPORTH,Ceredigion,Primary schools,Infants & Juniors,Community,Welsh medium school / provision (including transitional),163,15.7,19
6672323,YSGOL GYMUNEDOL LLECHRYD,Ceredigion,Primary schools,Infants & Juniors,Community,Welsh medium school / provision (including transitional),48,50,12.5
6672324,YSGOL GYMUNEDOL PENPARC,Ceredigion,Primary schools,Infants & Juniors,Community,Welsh medium school / provision (including transitional),124,8.9,8.1
6672353,YSGOL GYMUNEDOL PONTRHYDFENDIGAID,Ceredigion,Primary schools,Infants & Juniors,Community,Welsh medium school / provision (including transitional),60,20.8,16.7
6672361,YSGOL GYMUNEDOL PLASCRUG,Ceredigion,Primary schools,"Nursery, Infants & Juniors",Community,Dual language school / provision (Welsh and English) (including transitional),426,22.1,5.9
6672362,YSGOL CRAIG YR WYLFA,Ceredigion,Primary schools,Infants & Juniors,Community,Welsh medium school / provision (including transitional),30,43.5,16.7
6672363,YSGOL PENRHYNCOCH,Ceredigion,Primary schools,Infants & Juniors,Community,Welsh medium school / provision (including transitional),115,21.6,10.4
6672366,YSGOL GYMUNEDOL Y DDERI,Ceredigion,Primary schools,"Nursery, Infants & Juniors",Community,Welsh medium school / provision (including transitional),95,17.3,9.5
6672367,YSGOL GYMUNEDOL CENARTH,Ceredigion,Primary schools,"Nursery, Infants & Juniors",Community,Welsh medium school / provision (including transitional),93,28.2,8.6
6672368,YSGOL GYNRADD ABERTEIFI,Ceredigion,Primary schools,"Nursery, Infants & Juniors",Community,Welsh medium school / provision (including transitional),358,39.7,9.8
6672369,YSGOL BRO SION CWILT,Ceredigion,Primary schools,"Nursery, Infants & Juniors",Community,Welsh medium school / provision (including transitional),137,10.6,5.1
6672371,YSGOL GYNRADD T LLEW JONES,Ceredigion,Primary schools,"Nursery, Infants & Juniors",Community,Welsh medium school / provision (including transitional),156,18,7.1
6672372,YSGOL RHOS HELYG,Ceredigion,Primary schools,Infants & Juniors,Community,Welsh medium school / provision (including transitional),54,37,9.3
6672374,YSGOL DYFFRYN AERON,Ceredigion,Primary schools,"Nursery, Infants & Juniors",Community,Welsh medium school / provision (including transitional),210,22.5,12.4
6673058,YSGOL WIRFODDOL MYFENYDD,Ceredigion,Primary schools,Infants & Juniors,Voluntary controlled,Welsh medium school / provision (including transitional),85,25.4,9.4
6673061,YSGOL GYNRADD DYFFRYN CLEDLYN,Ceredigion,Primary schools,"Nursery, Infants & Juniors",Voluntary controlled,Welsh medium school / provision (including transitional),110,5.9,
6673318,ST PADARN'S ROMAN CATHOLIC PRIMARY SCHOOL,Ceredigion,Primary schools,"Nursery, Infants & Juniors",Voluntary aided,Dual language school / provision (Welsh and English) (including transitional),150,21.2,7.3
6674042,Ysgol Gyfun Aberaeron,Ceredigion,Secondary schools,Secondary (ages 11-19),Community,Welsh medium school / provision (including transitional),568,23.4,12.1
6674044,Ysgol Uwchradd Aberteifi,Ceredigion,Secondary schools,Secondary (ages 11-19),Community,Welsh medium school / provision (including transitional),636,28.4,8
6674047,Ysgol Penglais,Ceredigion,Secondary schools,Secondary (ages 11-19),Community,English medium school / provision,1141,21.8,7.7
6674048,Ysgol Gyfun Penweddig,Ceredigion,Secondary schools,Secondary (ages 11-19),Community,Welsh medium school / provision (including transitional),577,8.8,7.1
6675500,Ysgol Bro Pedr,Ceredigion,Middle schools,Middle (ages 3-19),Community,Dual language school / provision (Welsh and English) (including transitional),920,26.5,6.2
6675501,Ysgol Henry Richard,Ceredigion,Middle schools,Middle (ages 3-16),Community,Welsh medium school / provision (including transitional),377,21.5,6.1
6675502,Ysgol Bro Teifi,Ceredigion,Middle schools,Middle (ages 3-19),Community,Welsh medium school / provision (including transitional),847,14.4,5.9
6682203,Sageston Community Primary School,Pembrokeshire,Primary schools,"Nursery, Infants & Juniors",Community,English medium school / provision,121,12.1,6.6
6682209,Ysgol Gynradd Gymunedol Eglwyswrw,Pembrokeshire,Primary schools,Infants & Juniors,Community,Welsh medium school / provision (including transitional),91,,0
6682212,Ysgol Gymunedol Wdig / Goodwick Community School,Pembrokeshire,Primary schools,"Nursery, Infants & Juniors",Community,Welsh medium school / provision (including transitional),115,36.9,6.1
6682214,Fenton Community Primary School,Pembrokeshire,Primary schools,"Nursery, Infants & Juniors",Community,English medium school / provision,315,44.4,18.1
6682220,Johnston Community Primary School,Pembrokeshire,Primary schools,"Nursery, Infants & Juniors",Community,English medium school / provision,250,23.4,13.6
6682222,Lamphey CP School,Pembrokeshire,Primary schools,"Nursery, Infants & Juniors",Community,English medium school / provision,164,11.6,4.3
6682223,Ysgol Gymunedol Brynconin,Pembrokeshire,Primary schools,"Nursery, Infants & Juniors",Community,Welsh medium school / provision (including transitional),74,23.1,
6682228,Hook CP School,Pembrokeshire,Primary schools,"Nursery, Infants & Juniors",Community,English medium school / provision,68,16.1,17.6
6682231,Ysgol Llanychllwydog,Pembrokeshire,Primary schools,"Nursery, Infants & Juniors",Community,Welsh medium school / provision (including transitional),29,,
6682233,Ysgol Gymunedol Maenclochog,Pembrokeshire,Primary schools,"Nursery, Infants & Juniors",Community,Welsh medium school / provision (including transitional),88,12.7,
6682242,Narberth Community Primary School,Pembrokeshire,Primary schools,"Nursery, Infants & Juniors",Community,Dual language school / provision (Welsh and English) (including transitional),279,10.3,
6682243,Ysgol Bro Ingli,Pembrokeshire,Primary schools,"Nursery, Infants & Juniors",Community,Welsh medium school / provision (including transitional),104,30.1,
6682250,Puncheston Community Primary School,Pembrokeshire,Primary schools,"Nursery, Infants & Juniors",Community,Welsh medium school / provision (including transitional),76,13.6,
6682253,Ysgol Llandudoch,Pembrokeshire,Primary schools,"Nursery, Infants & Juniors",Community,Welsh medium school / provision (including transitional),80,,
6682254,Wolfscastle Communty Primary School,Pembrokeshire,Primary schools,"Nursery, Infants & Juniors",Community,Welsh medium school / provision (including transitional),45,0,
6682258,Saundersfoot Community Primary School,Pembrokeshire,Primary schools,"Nursery, Infants & Juniors",Community,English medium school / provision,157,13.5,3.8
6682260,Stepaside Community Primary School,Pembrokeshire,Primary schools,"Nursery, Infants & Juniors",Community,English medium school / provision,110,37.8,
6682261,Templeton Community Primary School,Pembrokeshire,Primary schools,"Nursery, Infants & Juniors",Community,English medium school / provision,126,7.8,7.1
6682266,Tavernspite Community Primary School,Pembrokeshire,Primary schools,"Nursery, Infants & Juniors",Community,English medium school / provision,213,10,4.2
6682270,Ysgol Gymunedol Croesgoch,Pembrokeshire,Primary schools,"Nursery, Infants & Juniors",Community,Welsh medium school / provision (including transitional),107,11.7,
6682271,Broad Haven CP School,Pembrokeshire,Primary schools,"Nursery, Infants & Juniors",Community,English medium school / provision,98,9.5,5.1
6682273,Roch Community School,Pembrokeshire,Primary schools,"Nursery, Infants & Juniors",Community,English medium school / provision,118,9.5,10.2
6682384,Coastlands CP School,Pembrokeshire,Primary schools,"Nursery, Infants & Juniors",Community,English medium school / provision,106,13.5,
6682385,Ysgol Clydau,Pembrokeshire,Primary schools,"Nursery, Infants & Juniors",Community,Welsh medium school / provision (including transitional),23,0,
6682386,Pembroke Dock Community School,Pembrokeshire,Primary schools,"Nursery, Infants & Juniors",Community,English medium school / provision,606,28.1,7.3
6682387,Monkton Priory Community Primary  School,Pembrokeshire,Primary schools,"Nursery, Infants & Juniors",Community,English medium school / provision,196,61.1,14.8
6682388,Golden Grove CP School,Pembrokeshire,Primary schools,"Nursery, Infants & Juniors",Community,English medium school / provision,259,21.6,3.1
6682389,Ysgol Glannau Gwaun,Pembrokeshire,Primary schools,"Nursery, Infants & Juniors",Community,Dual language school / provision (Welsh and English) (including transitional),260,38,21.2
6682391,Prendergast Community Primary School,Pembrokeshire,Primary schools,"Nursery, Infants & Juniors",Community,English medium school / provision,400,20.5,3.5
6682392,Pennar CP,Pembrokeshire,Primary schools,"Nursery, Infants & Juniors",Community,English medium school / provision,204,31.6,
6682393,Neyland Community School,Pembrokeshire,Primary schools,"Nursery, Infants & Juniors",Community,English medium school / provision,302,22.9,10.3
6682395,Ysgol Hafan Y Mor,Pembrokeshire,Primary schools,"Nursery, Infants & Juniors",Community,Welsh medium school / provision (including transitional),215,8.2,
6682396,Milford Haven Community Primary School,Pembrokeshire,Primary schools,"Nursery, Infants & Juniors",Community,English medium school / provision,487,40.8,5.5
6682397,Waldo Williams Primary School,Pembrokeshire,Primary schools,"Nursery, Infants & Juniors",Community,English medium school / provision,208,29.7,6.3
6682398,Ysgol Bro Penfro,Pembrokeshire,Primary schools,"Nursery, Infants & Juniors",Community,Welsh medium school / provision (including transitional),164,17.5,
6683035,Cilgerran Church in Wales VC School,Pembrokeshire,Primary schools,"Nursery, Infants & Juniors",Voluntary controlled,Welsh medium school / provision (including transitional),108,20.9,
6683036,Cosheston VC School,Pembrokeshire,Primary schools,"Nursery, Infants & Juniors",Voluntary controlled,English medium school / provision,60,20.5,20
6683040,Cleddau Reach VC School,Pembrokeshire,Primary schools,"Nursery, Infants & Juniors",Voluntary controlled,English medium school / provision,223,8.5,3.6
6683042,Manorbier Church in Wales VC School,Pembrokeshire,Primary schools,"Nursery, Infants & Juniors",Voluntary controlled,English medium school / provision,25,33.3,32
6683050,Spittal Church in Wales VC School,Pembrokeshire,Primary schools,"Nursery, Infants & Juniors",Voluntary aided,English medium school / provision,105,18,6.7
6683055,St Florence Church in Wales VC School,Pembrokeshire,Primary schools,"Nursery, Infants & Juniors",Voluntary controlled,English medium school / provision,69,18,
6683058,Ysgol Ger y Llan,Pembrokeshire,Primary schools,"Nursery, Infants & Juniors",Voluntary controlled,Welsh medium school / provision (including transitional),83,14.7,
6683059,Tenby VC,Pembrokeshire,Primary schools,"Nursery, Infants & Juniors",Voluntary controlled,English medium school / provision,225,19.3,7.1
6683060,Penrhyn Church in Wales VC School,Pembrokeshire,Primary schools,"Nursery, Infants & Juniors",Voluntary controlled,English medium school / provision,74,,
6683061,Gelliswick VC School,Pembrokeshire,Primary schools,"Nursery, Infants & Juniors",Voluntary controlled,English medium school / provision,487,38.4,10.9
6683311,Holy Name RC School,Pembrokeshire,Primary schools,"Nursery, Infants & Juniors",Voluntary aided,English medium school / provision,118,11.8,
6683313,Mary Immaculate Catholic School,Pembrokeshire,Primary schools,"Nursery, Infants & Juniors",Voluntary aided,English medium school / provision,199,19,
6683314,St Francis Catholic School,Pembrokeshire,Primary schools,"Nursery, Infants & Juniors",Voluntary aided,English medium school / provision,136,29.2,
6683315,St Aidans Church in Wales VA School,Pembrokeshire,Primary schools,"Nursery, Infants & Juniors",Voluntary aided,English medium school / provision,69,12.2,7.2
6683319,St Teilos RC School,Pembrokeshire,Primary schools,"Nursery, Infants & Juniors",Voluntary aided,English medium school / provision,83,21,
6683320,St Marks Church in Wales VA School,Pembrokeshire,Primary schools,"Nursery, Infants & Juniors",Voluntary aided,English medium school / provision,111,42.5,12.6
6683321,St Oswalds Church in Wales VA School,Pembrokeshire,Primary schools,"Nursery, Infants & Juniors",Voluntary aided,English medium school / provision,135,6.7,5.2
6684031,Ysgol Bro Gwaun,Pembrokeshire,Secondary schools,Secondary (ages 11-16),Community,Dual language school / provision (Welsh and English) (including transitional),610,23.1,11.5
6684035,Ysgol Greenhill School,Pembrokeshire,Secondary schools,Secondary (ages 11-19),Community,English medium school / provision,912,16,7
6684038,Ysgol Harri Tudur / Henry Tudor School,Pembrokeshire,Secondary schools,Secondary (ages 11-19),Community,English medium school / provision,1144,31.2,9.4
6684063,Milford Haven School,Pembrokeshire,Secondary schools,Secondary (ages 11-16),Community,English medium school / provision,959,33,8.1
6684512,Haverfordwest High VC School,Pembrokeshire,Secondary schools,Secondary (ages 11-19),Voluntary controlled,English medium school / provision,1764,21,5.5
6685500,Ysgol Caer Elen,Pembrokeshire,Middle schools,Middle (ages 3-16),Community,Welsh medium school / provision (including transitional),964,15.2,1.9
6685501,Ysgol Bro Preseli,Pembrokeshire,Middle schools,Middle (ages 3-19),Community,Welsh medium school / provision (including transitional),955,11,3.4
6685900,Ysgol Penrhyn Dewi,Pembrokeshire,Middle schools,Middle (ages 3-16),Voluntary aided,English medium school / provision,624,18.8,5
6687001,Portfield Special School,Pembrokeshire,Special schools,Special (with post-16 provision),Special school,Not applicable,180,47.4,100
6691000,AMMANFORD NURSERY,Carmarthenshire,Nursery schools,Nursery,Nursery school,Not applicable,92,,
6692000,CEFNEITHIN,Carmarthenshire,Primary schools,Infants & Juniors,Community,Welsh medium school / provision (including transitional),100,7.1,
6692001,DREFACH,Carmarthenshire,Primary schools,Infants & Juniors,Community,Welsh medium school / provision (including transitional),39,20,
6692003,LLECHYFEDACH,Carmarthenshire,Primary schools,Infants & Juniors,Community,Welsh medium school / provision (including transitional),100,22.1,
6692006,Y TYMBL,Carmarthenshire,Primary schools,Infants & Juniors,Community,Welsh medium school / provision (including transitional),97,29.4,
6692007,YSGOL GYNRADD GYMRAEG GORSLAS,Carmarthenshire,Primary schools,Infants & Juniors,Community,Welsh medium school / provision (including transitional),207,15.6,3.9
6692008,CROSS HANDS,Carmarthenshire,Primary schools,"Nursery, Infants & Juniors",Community,Welsh medium school / provision (including transitional),127,19.1,
6692009,LLANGAIN,Carmarthenshire,Primary schools,"Nursery, Infants & Juniors",Community,Welsh medium school / provision (including transitional),45,30.8,
6692014,PENIEL,Carmarthenshire,Primary schools,Infants & Juniors,Community,Welsh medium school / provision (including transitional),116,,
6692018,BANCFFOSFELEN,Carmarthenshire,Primary schools,Infants & Juniors,Community,Welsh medium school / provision (including transitional),48,11.6,
6692019,GWYNFRYN,Carmarthenshire,Primary schools,Infants & Juniors,Community,Welsh medium school / provision (including transitional),60,17.6,
6692020,CARWAY,Carmarthenshire,Primary schools,Infants & Juniors,Community,Welsh medium school / provision (including transitional),58,31.9,
6692023,PONTIETS,Carmarthenshire,Primary schools,Infants & Juniors,Community,Welsh medium school / provision (including transitional),21,61.1,23.8
6692024,PONTHENRI,Carmarthenshire,Primary schools,Infants & Juniors,Community,Welsh medium school / provision (including transitional),60,26.4,
6692034,BANCYFELIN,Carmarthenshire,Primary schools,Infants & Juniors,Community,Welsh medium school / provision (including transitional),67,,
6692037,MEIDRIM,Carmarthenshire,Primary schools,Infants & Juniors,Community,Welsh medium school / provision (including transitional),32,,
6692042,SARON,Carmarthenshire,Primary schools,Infants & Juniors,Community,Welsh medium school / provision (including transitional),212,13.3,2.8
6692043,BETWS,Carmarthenshire,Primary schools,"Nursery, Infants & Juniors",Community,Welsh medium school / provision (including transitional),91,58.6,6.6
6692044,TY-CROES,Carmarthenshire,Primary schools,Infants & Juniors,Community,English medium school / provision,186,30.4,3.8
6692050,PARCYRHUN,Carmarthenshire,Primary schools,Infants & Juniors,Community,Dual language school / provision (Welsh and English) (including transitional),185,27.8,5.9
6692052,BLAENAU,Carmarthenshire,Primary schools,Infants & Juniors,Community,Welsh medium school / provision (including transitional),28,37.5,
6692057,LLANEDI,Carmarthenshire,Primary schools,Infants & Juniors,Community,Dual language school / provision (Welsh and English) (including transitional),21,30,
6692061,FFAIRFACH,Carmarthenshire,Primary schools,Infants & Juniors,Community,Welsh medium school / provision (including transitional),61,11.3,
6692065,TALLEY,Carmarthenshire,Primary schools,Infants & Juniors,Community,Welsh medium school / provision (including transitional),49,18.6,
6692067,CWRT HENRI,Carmarthenshire,Primary schools,Infants & Juniors,Community,Welsh medium school / provision (including transitional),36,,
6692080,LLANGADOG,Carmarthenshire,Primary schools,Infants & Juniors,Community,Welsh medium school / provision (including transitional),87,21.9,
6692084,RHYS PRICHARD,Carmarthenshire,Primary schools,Infants & Juniors,Community,Welsh medium school / provision (including transitional),191,16,2.6
6692098,LLYS HYWEL,Carmarthenshire,Primary schools,Infants & Juniors,Community,Dual language school / provision (Welsh and English) (including transitional),123,23.1,4.1
6692104,BRYNSARON,Carmarthenshire,Primary schools,Infants & Juniors,Community,Welsh medium school / provision (including transitional),48,,
6692109,LLANPUMSAINT,Carmarthenshire,Primary schools,Infants & Juniors,Community,Welsh medium school / provision (including transitional),35,,
6692112,MYNYDDYGARREG,Carmarthenshire,Primary schools,Infants & Juniors,Community,Welsh medium school / provision (including transitional),27,,0
6692114,JOHNSTOWN,Carmarthenshire,Primary schools,"Nursery, Infants & Juniors",Community,English medium school / provision,413,21.3,3.1
6692116,Y DDERWEN,Carmarthenshire,Primary schools,"Nursery, Infants & Juniors",Community,Welsh medium school / provision (including transitional),358,7.6,
6692119,LLANMILOE,Carmarthenshire,Primary schools,Infants & Juniors,Community,English medium school / provision,50,12.8,10
6692120,BRYN,Carmarthenshire,Primary schools,"Nursery, Infants & Juniors",Community,English medium school / provision,194,32,7.2
6692121,BYNEA,Carmarthenshire,Primary schools,"Nursery, Infants & Juniors",Community,English medium school / provision,215,20.9,5.6
6692123,DAFEN,Carmarthenshire,Primary schools,"Nursery, Infants & Juniors",Community,English medium school / provision,90,59.4,
6692128,PUM HEOL,Carmarthenshire,Primary schools,Infants & Juniors,Community,Welsh medium school / provision (including transitional),63,,
6692131,HENDY,Carmarthenshire,Primary schools,Infants & Juniors,Community,Dual language school / provision (Welsh and English) (including transitional),175,14.6,6.3
6692135,FFWRNES,Carmarthenshire,Primary schools,"Nursery, Infants & Juniors",Community,Welsh medium school / provision (including transitional),455,13.5,1.8
6692159,OLD ROAD,Carmarthenshire,Primary schools,Infants & Juniors,Community,English medium school / provision,111,44.3,6.3
6692166,LLANSTEFFAN,Carmarthenshire,Primary schools,Infants & Juniors,Community,Welsh medium school / provision (including transitional),16,0,
6692167,LLANNON,Carmarthenshire,Primary schools,Infants & Juniors,Community,Welsh medium school / provision (including transitional),83,,0
6692168,BRYNSIERFEL,Carmarthenshire,Primary schools,"Nursery, Infants & Juniors",Community,Welsh medium school / provision (including transitional),210,30.4,
6692169,BRYNAMAN,Carmarthenshire,Primary schools,"Nursery, Infants & Juniors",Community,Welsh medium school / provision (including transitional),253,29.5,3.6
6692171,MYRDDIN COMMUNITY PRIMARY SCHOOL,Carmarthenshire,Primary schools,"Nursery, Infants & Juniors",Community,English medium school / provision,115,39.1,37.4
6692173,LLANGUNNOR,Carmarthenshire,Primary schools,"Nursery, Infants & Juniors",Community,Dual language school / provision (Welsh and English) (including transitional),324,8.6,5.2
6692175,TRIMSARAN,Carmarthenshire,Primary schools,"Nursery, Infants & Juniors",Community,Welsh medium school / provision (including transitional),172,42,2.9
6692176,SWISS VALLEY,Carmarthenshire,Primary schools,"Nursery, Infants & Juniors",Community,Dual language school / provision (Welsh and English) (including transitional),221,13.6,2.3
6692177,PARC Y TYWYN,Carmarthenshire,Primary schools,"Nursery, Infants & Juniors",Community,Welsh medium school / provision (including transitional),268,17,3.7
6692178,PEMBREY,Carmarthenshire,Primary schools,"Nursery, Infants & Juniors",Community,English medium school / provision,209,26.8,5.3
6692179,RHYDAMAN,Carmarthenshire,Primary schools,Infants & Juniors,Community,Welsh medium school / provision (including transitional),277,10.6,
6692180,BECA,Carmarthenshire,Primary schools,Infants & Juniors,Community,Welsh medium school / provision (including transitional),33,30,
6692181,LLANDYBIE,Carmarthenshire,Primary schools,"Nursery, Infants & Juniors",Community,Welsh medium school / provision (including transitional),209,25.3,
6692182,HAFODWENOG,Carmarthenshire,Primary schools,Infants & Juniors,Community,Welsh medium school / provision (including transitional),43,,
6692183,TEILO SANT,Carmarthenshire,Primary schools,"Nursery, Infants & Juniors",Community,Welsh medium school / provision (including transitional),170,4.8,
6692184,LLANYBYDDER,Carmarthenshire,Primary schools,Infants & Juniors,Community,Welsh medium school / provision (including transitional),56,23.5,
6692185,LLANDEILO,Carmarthenshire,Primary schools,"Nursery, Infants & Juniors",Community,English medium school / provision,210,24.7,6.7
6692187,CYNWYL ELFED,Carmarthenshire,Primary schools,Infants & Juniors,Community,Welsh medium school / provision (including transitional),42,,
6692188,HALFWAY,Carmarthenshire,Primary schools,"Nursery, Infants & Juniors",Community,English medium school / provision,205,26.4,6.3
6692189,PWLL,Carmarthenshire,Primary schools,"Nursery, Infants & Juniors",Community,English medium school / provision,65,40.7,67.7
6692190,PENYGAER,Carmarthenshire,Primary schools,"Nursery, Infants & Juniors",Community,English medium school / provision,141,45.6,18.4
6692192,Y CASTELL,Carmarthenshire,Primary schools,"Nursery, Infants & Juniors",Community,English medium school / provision,199,36.1,10.1
6692193,PENYGROES,Carmarthenshire,Primary schools,Infants & Juniors,Community,Welsh medium school / provision (including transitional),158,20.3,
6692194,NANTGAREDIG,Carmarthenshire,Primary schools,"Nursery, Infants & Juniors",Community,Welsh medium school / provision (including transitional),239,4,8.4
6692370,GWENLLIAN,Carmarthenshire,Primary schools,"Nursery, Infants & Juniors",Community,Welsh medium school / provision (including transitional),117,,5.1
6692371,DEWI SANT,Carmarthenshire,Primary schools,"Nursery, Infants & Juniors",Community,Welsh medium school / provision (including transitional),462,17.3,1.9
6692373,YSGOL GYNRADD PONTYBEREM,Carmarthenshire,Primary schools,Infants & Juniors,Community,Welsh medium school / provision (including transitional),210,26,9.5
6692374,BIGYN,Carmarthenshire,Primary schools,"Nursery, Infants & Juniors",Community,English medium school / provision,184,42.1,3.8
6692375,STEBONHEATH,Carmarthenshire,Primary schools,"Nursery, Infants & Juniors",Community,English medium school / provision,256,49.5,4.7
6692379,Y DDWYLAN,Carmarthenshire,Primary schools,Infants & Juniors,Community,Dual language school / provision (Welsh and English) (including transitional),210,18.5,3.8
6692380,RICHMOND PARK,Carmarthenshire,Primary schools,"Nursery, Infants & Juniors",Community,English medium school / provision,220,42.5,11.4
6692384,GRIFFITH JONES,Carmarthenshire,Primary schools,"Nursery, Infants & Juniors",Community,Dual language school / provision (Welsh and English) (including transitional),303,19.2,4.3
6692385,YSGOL Y FRO,Carmarthenshire,Primary schools,Infants & Juniors,Community,Welsh medium school / provision (including transitional),15,,0
6692386,CARREG HIRFAEN,Carmarthenshire,Primary schools,Infants & Juniors,Community,Welsh medium school / provision (including transitional),154,14.1,5.2
6692387,CAE'R FELIN,Carmarthenshire,Primary schools,"Nursery, Infants & Juniors",Community,Welsh medium school / provision (including transitional),99,25.3,6.1
6692388,Y BEDOL,Carmarthenshire,Primary schools,"Nursery, Infants & Juniors",Community,Welsh medium school / provision (including transitional),306,31.3,12.7
6692389,BRO BRYNACH,Carmarthenshire,Primary schools,"Nursery, Infants & Juniors",Community,Welsh medium school / provision (including transitional),90,,0
6692390,BRYN TEG,Carmarthenshire,Primary schools,"Nursery, Infants & Juniors",Community,English medium school / provision,241,51.1,8.3
6692391,Y FELIN,Carmarthenshire,Primary schools,Infants & Juniors,Community,Welsh medium school / provision (including transitional),216,43.5,24.5
6692392,BRO BANW,Carmarthenshire,Primary schools,Infants & Juniors,Community,Dual language school / provision (Welsh and English) (including transitional),428,40.2,16.8
6692393,MAES Y MORFA,Carmarthenshire,Primary schools,"Nursery, Infants & Juniors",Community,English medium school / provision,171,52.3,4.1
6692394,BURRY PORT,Carmarthenshire,Primary schools,"Nursery, Infants & Juniors",Community,English medium school / provision,195,51.3,18.5
6692395,PEN RHOS,Carmarthenshire,Primary schools,"Nursery, Infants & Juniors",Community,Dual language school / provision (Welsh and English) (including transitional),417,52,9.6
6692396,YSGOL GYMRAEG LLANGENNECH,Carmarthenshire,Primary schools,"Nursery, Infants & Juniors",Community,Welsh medium school / provision (including transitional),405,13.7,4.7
6693000,ABERGWILI,Carmarthenshire,Primary schools,Infants & Juniors,Voluntary controlled,Welsh medium school / provision (including transitional),33,,0
6693003,LAUGHARNE VCP SCHOOL,Carmarthenshire,Primary schools,"Nursery, Infants & Juniors",Voluntary controlled,English medium school / provision,54,34.9,11.1
6693004,LLANDDAROG,Carmarthenshire,Primary schools,Infants & Juniors,Community,Welsh medium school / provision (including transitional),56,,
6693013,FERRYSIDE,Carmarthenshire,Primary schools,Infants & Juniors,Voluntary controlled,Welsh medium school / provision (including transitional),24,,0
6693026,LLANLLWNI,Carmarthenshire,Primary schools,Infants & Juniors,Community,Welsh medium school / provision (including transitional),34,,
6693300,ST MARY'S (LLANELLI),Carmarthenshire,Primary schools,"Nursery, Infants & Juniors",Voluntary aided,English medium school / provision,165,23.9,4.2
6693301,ST MARY'S (CARMARTHEN),Carmarthenshire,Primary schools,"Nursery, Infants & Juniors",Voluntary aided,English medium school / provision,45,25,
6693307,PENBOYR,Carmarthenshire,Primary schools,Infants & Juniors,Voluntary aided,Welsh medium school / provision (including transitional),75,24.6,
6693321,PENTIP,Carmarthenshire,Primary schools,Infants & Juniors,Community,English medium school / provision,86,40.3,8.1
6693322,MODEL,Carmarthenshire,Primary schools,"Nursery, Infants & Juniors",Voluntary aided,English medium school / provision,492,22.3,5.1
6694029,Ysgol Dyffryn Aman,Carmarthenshire,Secondary schools,Secondary (ages 11-19),Community,Dual language school / provision (Welsh and English) (including transitional),1564,27.9,6.5
6694050,Coedcae School,Carmarthenshire,Secondary schools,Secondary (ages 11-16),Community,English medium school / provision,818,39.1,12.2
6694052,Ysgol Gyfun Y Strade,Carmarthenshire,Secondary schools,Secondary (ages 11-19),Community,Welsh medium school / provision (including transitional),1274,16.3,2.5
6694053,Glan-y-Mor School,Carmarthenshire,Secondary schools,Secondary (ages 11-16),Community,English medium school / provision,575,40.2,12.9
6694054,Bryngwyn School,Carmarthenshire,Secondary schools,Secondary (ages 11-16),Community,Dual language school / provision (Welsh and English) (including transitional),1033,31.9,5.2
6694056,Ysgol Gyfun Gymraeg Bro Myrddin,Carmarthenshire,Secondary schools,Secondary (ages 11-19),Community,Welsh medium school / provision (including transitional),904,5.5,2.8
6694060,Ysgol Gyfun Emlyn,Carmarthenshire,Secondary schools,Secondary (ages 11-19),Community,Dual language school / provision (Welsh and English) (including transitional),481,29.2,6.9
6694063,Queen Elizabeth High School,Carmarthenshire,Secondary schools,Secondary (ages 11-19),Community,English medium school / provision,1310,24,12.2
6694064,Ysgol Maes Y Gwendraeth,Carmarthenshire,Secondary schools,Secondary (ages 11-19),Community,Welsh medium school / provision (including transitional),1081,12.4,5.3
6694065,Ysgol Bro Dinefwr,Carmarthenshire,Secondary schools,Secondary (ages 11-19),Community,Dual language school / provision (Welsh and English) (including transitional),1096,21,11.9
6694512,Dyffryn Taf,Carmarthenshire,Secondary schools,Secondary (ages 11-19),Voluntary controlled,Dual language school / provision (Welsh and English) (including transitional),878,18.3,5.8
6694600,St John Lloyd Catholic Comprehensive School,Carmarthenshire,Secondary schools,Secondary (ages 11-16),Voluntary aided,English medium school / provision,514,29.2,6.6
6697000,HEOL GOFFA,Carmarthenshire,Special schools,Special (with post-16 provision),Special school,Not applicable,132,59.8,100
6702006,BRYNMILL SCHOOL,Swansea,Primary schools,"Nursery, Infants & Juniors",Community,English medium school / provision,274,14.5,6.9
6702008,Cadle Primary School,Swansea,Primary schools,"Nursery, Infants & Juniors",Community,English medium school / provision,293,65.9,12.6
6702014,Cwmrhydyceirw Primary School,Swansea,Primary schools,"Nursery, Infants & Juniors",Community,English medium school / provision,512,23.6,4.9
6702017,DANYGRAIG PRIMARY SCHOOL,Swansea,Primary schools,"Nursery, Infants & Juniors",Community,English medium school / provision,236,39.3,16.5
6702021,GENDROS PRIMARY SCHOOL,Swansea,Primary schools,"Nursery, Infants & Juniors",Community,English medium school / provision,286,36.7,4.5
6702023,GLAIS PRIMARY SCHOOL,Swansea,Primary schools,"Nursery, Infants & Juniors",Community,English medium school / provision,112,17.6,5.4
6702027,GRANGE PRIMARY SCHOOL,Swansea,Primary schools,"Nursery, Infants & Juniors",Community,English medium school / provision,141,16.7,6.4
6702032,HAFOD PRIMARY SCHOOL,Swansea,Primary schools,"Nursery, Infants & Juniors",Community,English medium school / provision,246,34.1,15
6702036,Ysgol Gymraeg  Lon Las,Swansea,Primary schools,"Nursery, Infants & Juniors",Community,Welsh medium school / provision (including transitional),458,11.6,2
6702040,MORRISTON PRIMARY SCHOOL,Swansea,Primary schools,"Nursery, Infants & Juniors",Community,English medium school / provision,162,43.9,24.1
6702042,OYSTERMOUTH PRIMARY SCHOOL,Swansea,Primary schools,"Nursery, Infants & Juniors",Community,English medium school / provision,213,3.6,5.6
6702048,PENTRECHWYTH PRIMARY SCHOOL,Swansea,Primary schools,"Nursery, Infants & Juniors",Community,English medium school / provision,138,59.8,15.2
6702051,PLASMARL PRIMARY SCHOOL,Swansea,Primary schools,"Nursery, Infants & Juniors",Community,English medium school / provision,210,50,11.4
6702054,SKETTY PRIMARY SCHOOL,Swansea,Primary schools,"Nursery, Infants & Juniors",Community,English medium school / provision,498,10.2,5.4
6702055,ST HELEN'S PRIMARY SCHOOL,Swansea,Primary schools,"Nursery, Infants & Juniors",Community,English medium school / provision,270,32.6,10.4
6702059,TERRACE ROAD PRIMARY SCHOOL,Swansea,Primary schools,"Nursery, Infants & Juniors",Community,English medium school / provision,301,37.9,5.6
6702063,TOWNHILL PRIMARY SCHOOL,Swansea,Primary schools,"Nursery, Infants & Juniors",Community,English medium school / provision,503,65.1,16.1
6702065,WAUNARLWYDD PRIMARY SCHOOL,Swansea,Primary schools,"Nursery, Infants & Juniors",Community,English medium school / provision,238,28.4,5.9
6702067,WAUN WEN SCHOOL,Swansea,Primary schools,"Nursery, Infants & Juniors",Community,English medium school / provision,187,54,9.1
6702069,CLWYD PRIMARY SCHOOL,Swansea,Primary schools,"Nursery, Infants & Juniors",Community,English medium school / provision,396,60.9,21
6702071,YNYSTAWE PRIMARY SCHOOL,Swansea,Primary schools,"Nursery, Infants & Juniors",Community,English medium school / provision,188,12.8,5.9
6702073,CLASE PRIMARY SCHOOL,Swansea,Primary schools,"Nursery, Infants & Juniors",Community,English medium school / provision,356,70.3,22.8
6702075,PORTMEAD PRIMARY SCHOOL,Swansea,Primary schools,"Nursery, Infants & Juniors",Community,English medium school / provision,234,65.5,14.1
6702076,MAYALS PRIMARY,Swansea,Primary schools,"Nursery, Infants & Juniors",Community,English medium school / provision,237,15.1,7.2
6702077,CWMGLAS PRIMARY SCHOOL,Swansea,Primary schools,"Nursery, Infants & Juniors",Community,English medium school / provision,265,51.8,22.6
6702082,BLAENYMAES PRIMARY SCHOOL,Swansea,Primary schools,"Nursery, Infants & Juniors",Community,English medium school / provision,205,75.5,16.1
6702084,Trallwn Primary School,Swansea,Primary schools,"Nursery, Infants & Juniors",Community,English medium school / provision,190,48.4,18.4
6702086,PARKLAND PRIMARY SCHOOL,Swansea,Primary schools,"Nursery, Infants & Juniors",Community,English medium school / provision,620,17.2,5.5
6702092,Newton Primary School,Swansea,Primary schools,"Nursery, Infants & Juniors",Community,English medium school / provision,218,,0
6702095,WHITESTONE PRIMARY,Swansea,Primary schools,"Nursery, Infants & Juniors",Community,English medium school / provision,112,29.2,33
6702096,HENDREFOILAN PRIMARY,Swansea,Primary schools,"Nursery, Infants & Juniors",Community,English medium school / provision,240,9.8,6.3
6702098,Y.G.G. BRYNYMOR,Swansea,Primary schools,"Nursery, Infants & Juniors",Community,Welsh medium school / provision (including transitional),304,9.4,3
6702105,Bishopston Primary School,Swansea,Primary schools,"Nursery, Infants & Juniors",Community,English medium school / provision,292,6.6,9.6
6702108,CASLLWCHWR PRIMARY SCHOOL,Swansea,Primary schools,"Nursery, Infants & Juniors",Community,English medium school / provision,192,14.3,10.4
6702109,CILA PRIMARY SCHOOL,Swansea,Primary schools,"Nursery, Infants & Juniors",Community,English medium school / provision,108,10.5,7.4
6702120,CRWYS PRIMARY SCHOOL,Swansea,Primary schools,"Nursery, Infants & Juniors",Community,English medium school / provision,130,8.2,
6702157,LLANGYFELACH PRIMARY SCHOOL,Swansea,Primary schools,"Nursery, Infants & Juniors",Community,English medium school / provision,244,12,4.5
6702159,LLANRHIDIAN PRIMARY,Swansea,Primary schools,"Nursery, Infants & Juniors",Community,English medium school / provision,147,5.3,4.1
6702167,PENCLAWDD PRIMARY SCHOOL,Swansea,Primary schools,"Nursery, Infants & Juniors",Community,English medium school / provision,133,19.1,6
6702172,PENGELLI PRIMARY,Swansea,Primary schools,"Nursery, Infants & Juniors",Community,English medium school / provision,101,19.5,10.9
6702174,PENLLERGAER PRIMARY SCHOOL,Swansea,Primary schools,"Nursery, Infants & Juniors",Community,English medium school / provision,352,13.1,6.8
6702176,PENYRHEOL PRIMARY SCHOOL,Swansea,Primary schools,"Nursery, Infants & Juniors",Community,English medium school / provision,233,43.6,14.6
6702186,PONTARDDULAIS PRIMARY SCHOOL,Swansea,Primary schools,"Nursery, Infants & Juniors",Community,English medium school / provision,375,28,9.1
6702189,Y.G.G. BRYNIAGO,Swansea,Primary schools,"Nursery, Infants & Juniors",Community,Welsh medium school / provision (including transitional),189,11.6,7.4
6702192,PONTLLIW PRIMARY,Swansea,Primary schools,"Nursery, Infants & Juniors",Community,English medium school / provision,220,11.8,2.7
6702211,TRE UCHAF PRIMARY SCHOOL,Swansea,Primary schools,"Nursery, Infants & Juniors",Community,English medium school / provision,204,27.8,23.5
6702212,Y.G.G. PONTYBRENIN,Swansea,Primary schools,"Nursery, Infants & Juniors",Community,Welsh medium school / provision (including transitional),545,8.3,3.7
6702215,CRAIGFELEN PRIMARY SCHOOL,Swansea,Primary schools,"Nursery, Infants & Juniors",Community,English medium school / provision,172,61.6,8.1
6702216,PENNARD PRIMARY,Swansea,Primary schools,"Nursery, Infants & Juniors",Community,English medium school / provision,197,5.6,7.1
6702217,KNELSTON PRIMARY,Swansea,Primary schools,"Nursery, Infants & Juniors",Community,English medium school / provision,72,17.5,
6702219,PEN-Y-FRO,Swansea,Primary schools,"Nursery, Infants & Juniors",Community,English medium school / provision,182,7.6,3.3
6702223,PONTYBRENIN PRIMARY SCHOOL,Swansea,Primary schools,"Nursery, Infants & Juniors",Community,English medium school / provision,291,16.5,4.1
6702225,TALYCOPA PRIMARY SCHOOL,Swansea,Primary schools,"Nursery, Infants & Juniors",Community,English medium school / provision,203,26.9,6.9
6702226,GLYNCOLLEN PRIMARY SCHOOL,Swansea,Primary schools,"Nursery, Infants & Juniors",Community,English medium school / provision,193,17.8,6.2
6702229,YSGOL GYMRAEG Y LOGIN FACH,Swansea,Primary schools,"Nursery, Infants & Juniors",Community,Welsh medium school / provision (including transitional),225,18.1,6.7
6702231,Y.G.G. TIRDEUNAW,Swansea,Primary schools,"Nursery, Infants & Juniors",Community,Welsh medium school / provision (including transitional),357,29.9,3.4
6702232,Y.G.G. Gellionnen,Swansea,Primary schools,"Nursery, Infants & Juniors",Community,Welsh medium school / provision (including transitional),185,29.2,5.4
6702233,GORS COMMUNITY SCHOOL,Swansea,Primary schools,"Nursery, Infants & Juniors",Community,English medium school / provision,273,63.2,6.6
6702234,SEA VIEW PRIMARY SCHOOL,Swansea,Primary schools,"Nursery, Infants & Juniors",Community,English medium school / provision,207,78.9,11.6
6702235,Y.G.G. Llwynderw,Swansea,Primary schools,"Nursery, Infants & Juniors",Community,Welsh medium school / provision (including transitional),301,2.6,5.3
6702236,Birchgrove Primary,Swansea,Primary schools,"Nursery, Infants & Juniors",Community,English medium school / provision,408,32.5,5.4
6702237,DUNVANT Primary SCHOOL,Swansea,Primary schools,"Nursery, Infants & Juniors",Community,English medium school / provision,349,10.6,8.3
6702238,GWYROSYDD PRIMARY SCHOOL,Swansea,Primary schools,"Nursery, Infants & Juniors",Community,English medium school / provision,371,52.4,12.4
6702239,St Thomas Community Primary School,Swansea,Primary schools,"Nursery, Infants & Juniors",Community,English medium school / provision,406,45.1,4.4
6702240,GOWERTON PRIMARY SCHOOL,Swansea,Primary schools,"Nursery, Infants & Juniors",Community,English medium school / provision,319,19.9,11
6702241,Pentre'r Graig Primary School,Swansea,Primary schools,"Nursery, Infants & Juniors",Community,English medium school / provision,293,41.6,7.2
6702242,YGG TANYLAN,Swansea,Primary schools,"Nursery, Infants & Juniors",Community,Welsh medium school / provision (including transitional),215,25.7,4.7
6702243,Burlais Primary School,Swansea,Primary schools,"Nursery, Infants & Juniors",Community,English medium school / provision,481,42.8,8.5
6702244,Clydach Primary School,Swansea,Primary schools,"Nursery, Infants & Juniors",Community,English medium school / provision,156,41.1,6.4
6702245,Ysgol Gymraeg Y Cwm,Swansea,Primary schools,"Nursery, Infants & Juniors",Community,Welsh medium school / provision (including transitional),118,22.9,
6702246,Gorseinon Primary School,Swansea,Primary schools,"Nursery, Infants & Juniors",Community,English medium school / provision,309,35.6,5.8
6702247,Brynhyfryd Primary School,Swansea,Primary schools,"Nursery, Infants & Juniors",Community,English medium school / provision,416,31.3,6
6703303,ST. DAVID'S RC PRIMARY SCHOOL,Swansea,Primary schools,"Nursery, Infants & Juniors",Voluntary aided,English medium school / provision,193,5.5,4.1
6703305,ST ILLTYDS PRIMARY,Swansea,Primary schools,"Nursery, Infants & Juniors",Voluntary aided,English medium school / provision,186,46.5,5.9
6703306,CHRISTCHURCH CHURCH IN WALES,Swansea,Primary schools,"Nursery, Infants & Juniors",Voluntary aided,English medium school / provision,164,23.7,9.1
6703308,ST JOSEPH'S R.C. PRIMARY,Swansea,Primary schools,"Nursery, Infants & Juniors",Voluntary aided,English medium school / provision,235,11.5,2.1
6703309,St Josephs Cathedral Primary School,Swansea,Primary schools,"Nursery, Infants & Juniors",Voluntary aided,English medium school / provision,494,24.8,3
6704031,Cefn Hengoed,Swansea,Secondary schools,Secondary (ages 11-16),Community,English medium school / provision,894,43.6,9.8
6704032,OLCHFA SCHOOL,Swansea,Secondary schools,Secondary (ages 11-19),Community,English medium school / provision,1982,17,4
6704033,MORRISTON COMPREHENSIVE,Swansea,Secondary schools,Secondary (ages 11-19),Community,English medium school / provision,1070,33.4,8.1
6704043,Pentrehafod School,Swansea,Secondary schools,Secondary (ages 11-16),Community,English medium school / provision,1102,43.4,14.3
6704044,BISHOP GORE SCHOOL,Swansea,Secondary schools,Secondary (ages 11-19),Community,English medium school / provision,1296,36.6,6.1
6704062,Penyrheol Comprehensive School,Swansea,Secondary schools,Secondary (ages 11-16),Community,English medium school / provision,864,29.5,9.5
6704063,Gowerton Comprehensive School,Swansea,Secondary schools,Secondary (ages 11-19),Community,English medium school / provision,1077,23.7,7.6
6704069,BISHOPSTON COMPREHENSIVE,Swansea,Secondary schools,Secondary (ages 11-16),Community,English medium school / provision,1126,10.9,7.1
6704072,Pontarddulais Comprehensive School,Swansea,Secondary schools,Secondary (ages 11-16),Community,English medium school / provision,827,19,8.5
6704074,Ysgol Gyfun Gwyr,Swansea,Secondary schools,Secondary (ages 11-19),Community,Welsh medium school / provision (including transitional),1124,9.9,6.9
6704075,BIRCHGROVE,Swansea,Secondary schools,Secondary (ages 11-16),Community,English medium school / provision,736,34.1,12.1
6704076,Dylan Thomas Community School,Swansea,Secondary schools,Secondary (ages 11-16),Community,English medium school / provision,708,63.3,15.3
6704078,Ysgol Gyfun Gymraeg Bryn Tawe,Swansea,Secondary schools,Secondary (ages 11-19),Community,Welsh medium school / provision (including transitional),825,17.8,5.9
6704600,Bishop Vaughan School,Swansea,Secondary schools,Secondary (ages 11-19),Voluntary aided,English medium school / provision,1269,32.7,7.3
6707009,Ysgol Calon Lan,Swansea,Special schools,Special (with post-16 provision),Special school,Not applicable,240,49.1,100
6712100,Alltwen Primary School,Neath Port Talbot,Primary schools,"Nursery, Infants & Juniors",Community,English medium school / provision,202,14,7.4
6712101,Blaendulais Primary School,Neath Port Talbot,Primary schools,"Nursery, Infants & Juniors",Community,English medium school / provision,93,64.4,31.2
6712106,Blaengwrach Primary School,Neath Port Talbot,Primary schools,"Nursery, Infants & Juniors",Community,English medium school / provision,148,23.6,13.5
6712110,Blaenhonddan Primary School,Neath Port Talbot,Primary schools,"Nursery, Infants & Juniors",Community,English medium school / provision,265,14.1,19.6
6712119,Baglan Primary School,Neath Port Talbot,Primary schools,"Nursery, Infants & Juniors",Community,English medium school / provision,272,20.1,9.2
6712128,YGG Cwmllynfell,Neath Port Talbot,Primary schools,"Nursery, Infants & Juniors",Community,Welsh medium school / provision (including transitional),57,25.6,
6712129,Creunant Primary School,Neath Port Talbot,Primary schools,"Nursery, Infants & Juniors",Community,English medium school / provision,95,22.9,18.9
6712134,Crymlyn Primary School,Neath Port Talbot,Primary schools,"Nursery, Infants & Juniors",Community,English medium school / provision,137,15.6,8.8
6712137,Cwmnedd Primary School,Neath Port Talbot,Primary schools,"Nursery, Infants & Juniors",Community,English medium school / provision,153,53.7,30.7
6712138,Cymer Afan Primary School,Neath Port Talbot,Primary schools,"Nursery, Infants & Juniors",Community,English medium school / provision,84,46.8,16.7
6712140,Godre'rgraig Primary School,Neath Port Talbot,Primary schools,"Nursery, Infants & Juniors",Community,English medium school / provision,94,45.5,11.7
6712142,Eastern Primary School,Neath Port Talbot,Primary schools,"Nursery, Infants & Juniors",Community,English medium school / provision,129,65.3,24.8
6712144,Gnoll Primary School,Neath Port Talbot,Primary schools,"Nursery, Infants & Juniors",Community,English medium school / provision,324,37.4,18.8
6712148,Glyncorrwg Primary School,Neath Port Talbot,Primary schools,"Nursery, Infants & Juniors",Community,English medium school / provision,94,50,10.6
6712149,YGG Gwaun Cae Gurwen,Neath Port Talbot,Primary schools,"Nursery, Infants & Juniors",Community,Welsh medium school / provision (including transitional),157,36.1,9.6
6712150,Catwg Primary School,Neath Port Talbot,Primary schools,"Nursery, Infants & Juniors",Community,English medium school / provision,220,15.5,12.7
6712155,Maesmarchog Community Primary School,Neath Port Talbot,Primary schools,"Nursery, Infants & Juniors",Community,English medium school / provision,77,40.4,29.9
6712158,YGG Rhosafan,Neath Port Talbot,Primary schools,"Nursery, Infants & Juniors",Community,Welsh medium school / provision (including transitional),399,25.2,2
6712161,Sandfields Primary School,Neath Port Talbot,Primary schools,"Nursery, Infants & Juniors",Community,English medium school / provision,266,67.1,28.2
6712168,YGG Castell-nedd,Neath Port Talbot,Primary schools,"Nursery, Infants & Juniors",Community,Welsh medium school / provision (including transitional),403,13.8,3.2
6712173,Croeserw Primary School,Neath Port Talbot,Primary schools,"Nursery, Infants & Juniors",Community,English medium school / provision,139,75.5,41
6712175,Tywyn Primary School,Neath Port Talbot,Primary schools,"Nursery, Infants & Juniors",Community,English medium school / provision,430,38.5,24.2
6712178,Llangiwg Primary School,Neath Port Talbot,Primary schools,"Nursery, Infants & Juniors",Community,English medium school / provision,81,36.8,12.3
6712181,Tonnau Primary Community School,Neath Port Talbot,Primary schools,"Nursery, Infants & Juniors",Community,English medium school / provision,207,28,9.7
6712187,Ynysfach Primary School,Neath Port Talbot,Primary schools,"Nursery, Infants & Juniors",Community,English medium school / provision,139,33,10.8
6712191,Blaenbaglan Primary School,Neath Port Talbot,Primary schools,"Nursery, Infants & Juniors",Community,English medium school / provision,255,15.7,12.5
6712200,Rhos Primary School,Neath Port Talbot,Primary schools,"Nursery, Infants & Juniors",Community,English medium school / provision,156,20.8,12.8
6712202,YGG Blaendulais,Neath Port Talbot,Primary schools,"Nursery, Infants & Juniors",Community,Welsh medium school / provision (including transitional),107,20.8,
6712203,Rhydyfro Primary School,Neath Port Talbot,Primary schools,"Nursery, Infants & Juniors",Community,English medium school / provision,131,51.9,24.4
6712205,YGG Cwm Nedd,Neath Port Talbot,Primary schools,"Nursery, Infants & Juniors",Community,Welsh medium school / provision (including transitional),148,27.3,4.1
6712206,Tairgwaith Primary School,Neath Port Talbot,Primary schools,"Nursery, Infants & Juniors",Community,English medium school / provision,91,47.1,16.5
6712208,YGG Trebannws,Neath Port Talbot,Primary schools,"Nursery, Infants & Juniors",Community,Welsh medium school / provision (including transitional),92,21.4,23.9
6712218,YGG Pontardawe,Neath Port Talbot,Primary schools,"Nursery, Infants & Juniors",Community,Welsh medium school / provision (including transitional),341,18,4.1
6712221,Waunceirch Primary School,Neath Port Talbot,Primary schools,"Nursery, Infants & Juniors",Community,English medium school / provision,182,44.6,26.4
6712230,Cilffriw Primary School,Neath Port Talbot,Primary schools,"Nursery, Infants & Juniors",Community,English medium school / provision,144,45.1,36.8
6712231,YGG Tyle'r Ynn,Neath Port Talbot,Primary schools,"Nursery, Infants & Juniors",Community,Welsh medium school / provision (including transitional),299,31.8,6.7
6712232,Coed Hirwaun Primary School,Neath Port Talbot,Primary schools,"Nursery, Infants & Juniors",Community,English medium school / provision,157,16.1,8.9
6712233,Coedffranc Primary School,Neath Port Talbot,Primary schools,"Nursery, Infants & Juniors",Community,English medium school / provision,396,36.8,18.7
6712234,Pen Afan Primary School,Neath Port Talbot,Primary schools,"Nursery, Infants & Juniors",Community,English medium school / provision,94,43.7,25.5
6712235,Awel Y Mor Primary School,Neath Port Talbot,Primary schools,"Nursery, Infants & Juniors",Community,English medium school / provision,340,66.7,22.9
6712236,Crynallt Primary School,Neath Port Talbot,Primary schools,"Nursery, Infants & Juniors",Community,English medium school / provision,393,35.8,12.5
6712237,Cwmafan Primary School,Neath Port Talbot,Primary schools,"Nursery, Infants & Juniors",Community,English medium school / provision,391,35.2,8.7
6712238,Central Primary School,Neath Port Talbot,Primary schools,"Nursery, Infants & Juniors",Community,English medium school / provision,416,32.8,16.3
6712239,Abbey Primary School,Neath Port Talbot,Primary schools,"Nursery, Infants & Juniors",Community,English medium school / provision,421,24.1,10
6712240,Melin Primary School,Neath Port Talbot,Primary schools,"Nursery, Infants & Juniors",Community,English medium school / provision,248,58.9,12.1
6712241,Ysgol Carreg Hir,Neath Port Talbot,Primary schools,"Nursery, Infants & Juniors",Community,English medium school / provision,375,41.7,7.2
6712242,YGG Tregeles,Neath Port Talbot,Primary schools,"Nursery, Infants & Juniors",Community,Welsh medium school / provision (including transitional),72,,
6713309,St Joseph's Catholic Primary School (Neath),Neath Port Talbot,Primary schools,"Nursery, Infants & Juniors",Voluntary aided,English medium school / provision,105,47.2,12.4
6713310,St Josephs Catholic Infant School,Neath Port Talbot,Primary schools,Nursery & Infants,Voluntary aided,English medium school / provision,120,18,8.3
6713311,Bryncoch CIW Primary School,Neath Port Talbot,Primary schools,"Nursery, Infants & Juniors",Voluntary aided,English medium school / provision,97,8.5,
6713313,Alderman Davies CIW Primary School,Neath Port Talbot,Primary schools,"Nursery, Infants & Juniors",Voluntary aided,English medium school / provision,232,30.3,12.9
6713314,St Therese's Catholic Primary School,Neath Port Talbot,Primary schools,"Nursery, Infants & Juniors",Voluntary aided,English medium school / provision,223,38.2,14.3
6713316,St Josephs Catholic Junior School,Neath Port Talbot,Primary schools,Juniors,Voluntary aided,English medium school / provision,156,39.1,8.3
6714064,Cefn Saeson Comprehensive School,Neath Port Talbot,Secondary schools,Secondary (ages 11-16),Community,English medium school / provision,848,31.1,11.3
6714065,Cwmtawe Community School,Neath Port Talbot,Secondary schools,Secondary (ages 11-16),Community,English medium school / provision,994,23.5,10.1
6714066,Llangatwg Community School,Neath Port Talbot,Secondary schools,Secondary (ages 11-16),Community,English medium school / provision,779,32.3,14
6714067,Dwr Y Felin Comprehensive School,Neath Port Talbot,Secondary schools,Secondary (ages 11-16),Community,English medium school / provision,1106,23.1,6.3
6714601,St Joseph's RC School and 6th Form Centre,Neath Port Talbot,Secondary schools,Secondary (ages 11-19),Voluntary aided,English medium school / provision,822,41.5,10.6
6715500,Ysgol Bae Baglan,Neath Port Talbot,Middle schools,Middle (ages 3-16),Community,English medium school / provision,1340,39.8,21.6
6715501,Ysgol Gymraeg Ystalyfera Bro Dur,Neath Port Talbot,Middle schools,Middle (ages 3-19),Community,Welsh medium school / provision (including transitional),1591,18.2,5.2
6715502,Ysgol Cwm Brombil,Neath Port Talbot,Middle schools,Middle (ages 3-16),Community,English medium school / provision,1435,31.5,10.7
6717006,Ysgol Maes y Coed,Neath Port Talbot,Special schools,Special (with post-16 provision),Special school,Not applicable,127,49.4,100
6717008,Ysgol Hendrefelin,Neath Port Talbot,Special schools,Special (without post-16 provision),Special school,Not applicable,180,66.7,100
6722046,Abercerdin Primary School,Bridgend,Primary schools,"Nursery, Infants & Juniors",Community,English medium school / provision,127,26.5,6.3
6722051,Betws Primary School,Bridgend,Primary schools,"Nursery, Infants & Juniors",Community,English medium school / provision,146,55.7,7.5
6722055,Blaengarw Primary,Bridgend,Primary schools,"Nursery, Infants & Juniors",Community,English medium school / provision,150,34.4,5.3
6722086,Brynmenyn Primary,Bridgend,Primary schools,"Nursery, Infants & Juniors",Community,English medium school / provision,403,38.5,3.2
6722090,Bryntirion Infants,Bridgend,Primary schools,Nursery & Infants,Community,English medium school / provision,144,40.2,25
6722103,CEFN CRIBWR PRIMARY SCHOOL,Bridgend,Primary schools,"Nursery, Infants & Juniors",Community,English medium school / provision,162,32.3,24.7
6722109,Coety Primary,Bridgend,Primary schools,"Nursery, Infants & Juniors",Community,English medium school / provision,490,4.2,
6722117,Cwmfelin Primary School,Bridgend,Primary schools,"Nursery, Infants & Juniors",Community,English medium school / provision,198,15.5,
6722122,FFALDAU,Bridgend,Primary schools,"Nursery, Infants & Juniors",Community,English medium school / provision,135,42,5.9
6722129,Garth Primary School,Bridgend,Primary schools,"Nursery, Infants & Juniors",Community,English medium school / provision,193,53.8,4.7
6722146,Coychurch Llangrallo Primary,Bridgend,Primary schools,"Nursery, Infants & Juniors",Community,English medium school / provision,131,15.2,4.6
6722149,LLANGYNWYD PRIMARY SCHOOL,Bridgend,Primary schools,"Nursery, Infants & Juniors",Community,English medium school / provision,92,50,22.8
6722172,NANTYFFYLLON PRIMARY SCHOOL,Bridgend,Primary schools,"Nursery, Infants & Juniors",Community,English medium school / provision,198,32.5,5.1
6722178,Nantymoel Primary School,Bridgend,Primary schools,"Nursery, Infants & Juniors",Community,English medium school / provision,220,42.7,9.5
6722185,Newton Primary,Bridgend,Primary schools,"Nursery, Infants & Juniors",Community,English medium school / provision,163,26.1,
6722194,NOTTAGE COUNTY PRIMARY,Bridgend,Primary schools,"Nursery, Infants & Juniors",Community,English medium school / provision,345,12.3,4.3
6722220,Pen-y-Bont Primary,Bridgend,Primary schools,"Nursery, Infants & Juniors",Community,English medium school / provision,340,45,3.5
6722227,Pil Primary,Bridgend,Primary schools,"Nursery, Infants & Juniors",Community,English medium school / provision,194,49,
6722232,Plasnewydd Primary School,Bridgend,Primary schools,"Nursery, Infants & Juniors",Community,English medium school / provision,169,52.3,4.7
6722256,Trelales Primary School,Bridgend,Primary schools,"Nursery, Infants & Juniors",Community,English medium school / provision,206,5.9,2.9
6722259,Ysgol Cynwyd Sant,Bridgend,Primary schools,"Nursery, Infants & Juniors",Community,Welsh medium school / provision (including transitional),286,24.9,5.9
6722275,Tynyrheol Primary School,Bridgend,Primary schools,"Nursery, Infants & Juniors",Community,English medium school / provision,47,55,
6722279,CROESTY PRIMARY SCHOOL,Bridgend,Primary schools,"Nursery, Infants & Juniors",Community,English medium school / provision,185,17.9,3.8
6722288,CORNELI PRIMARY,Bridgend,Primary schools,"Nursery, Infants & Juniors",Community,English medium school / provision,240,51.4,7.5
6722292,LLANGEWYDD JUNIOR SCHOOL,Bridgend,Primary schools,Juniors,Community,English medium school / provision,343,42.9,12.8
6722296,Porthcawl Primary School,Bridgend,Primary schools,"Nursery, Infants & Juniors",Community,English medium school / provision,181,19.6,3.9
6722298,YSGOL GYMRAEG BRO OGWR,Bridgend,Primary schools,"Nursery, Infants & Juniors",Community,Welsh medium school / provision (including transitional),377,13.7,
6722300,CEFN GLAS INFANTS,Bridgend,Primary schools,Nursery & Infants,Community,English medium school / provision,185,23.8,
6722301,WEST PARK PRIMARY,Bridgend,Primary schools,"Nursery, Infants & Juniors",Community,English medium school / provision,403,5,
6722304,Afon y Felin Primary School,Bridgend,Primary schools,"Nursery, Infants & Juniors",Community,English medium school / provision,129,66.7,6.2
6722342,Tondu Primary School,Bridgend,Primary schools,"Nursery, Infants & Juniors",Community,English medium school / provision,207,29.3,10.1
6722358,YSGOL Y FERCH O'R SGER,Bridgend,Primary schools,"Nursery, Infants & Juniors",Community,Welsh medium school / provision (including transitional),142,16.7,13.4
6722363,Ysgol Gynradd Gymraeg Calon Y Cymoedd,Bridgend,Primary schools,"Nursery, Infants & Juniors",Community,Welsh medium school / provision (including transitional),198,26.1,7.6
6722367,Maes Yr Haul Broadlands,Bridgend,Primary schools,"Nursery, Infants & Juniors",Community,English medium school / provision,455,9.7,3.1
6722368,BRYNCETHIN PRIMARY,Bridgend,Primary schools,"Nursery, Infants & Juniors",Community,English medium school / provision,222,38.6,7.2
6722369,Ogmore Vale Primary School,Bridgend,Primary schools,"Nursery, Infants & Juniors",Community,English medium school / provision,284,44.7,13
6722370,Pencoed Primary School,Bridgend,Primary schools,"Nursery, Infants & Juniors",Community,English medium school / provision,544,25.9,9.2
6722371,Oldcastle Primary School,Bridgend,Primary schools,"Nursery, Infants & Juniors",Community,English medium school / provision,418,10.6,3.3
6722372,Brackla Primary School,Bridgend,Primary schools,"Nursery, Infants & Juniors",Community,English medium school / provision,336,30.6,1.8
6722373,Caerau Primary School,Bridgend,Primary schools,"Nursery, Infants & Juniors",Community,English medium school / provision,400,60,17.5
6722374,Litchard Primary,Bridgend,Primary schools,"Nursery, Infants & Juniors",Community,English medium school / provision,460,31,7.4
6722375,Tremains Primary School,Bridgend,Primary schools,"Nursery, Infants & Juniors",Community,English medium school / provision,448,21.3,7.8
6722376,Mynydd Cynffig Primary,Bridgend,Primary schools,"Nursery, Infants & Juniors",Community,English medium school / provision,423,27.9,4.7
6723013,Penyfai Church in Wales,Bridgend,Primary schools,"Nursery, Infants & Juniors",Voluntary controlled,English medium school / provision,241,4,
6723311,ST. MARY`S & ST. PATRICK`S,Bridgend,Primary schools,"Nursery, Infants & Juniors",Voluntary aided,English medium school / provision,200,33.8,2.5
6723315,St. Robert's RC Primary,Bridgend,Primary schools,"Nursery, Infants & Juniors",Voluntary aided,English medium school / provision,169,14.2,3
6723322,St Mary's R C Primary School,Bridgend,Primary schools,"Nursery, Infants & Juniors",Voluntary aided,English medium school / provision,238,9.9,3.4
6723323,Archdeacon John Lewis C in W,Bridgend,Primary schools,"Nursery, Infants & Juniors",Voluntary aided,English medium school / provision,128,30.4,
6724059,Cynffig Comprehensive,Bridgend,Secondary schools,Secondary (ages 11-19),Community,English medium school / provision,768,37.9,8.6
6724068,Bryntirion Comprehensive.,Bridgend,Secondary schools,Secondary (ages 11-19),Community,English medium school / provision,1236,22.7,3.4
6724071,Maesteg Comprehensive School,Bridgend,Secondary schools,Secondary (ages 11-19),Community,English medium school / provision,1015,39.8,8.8
6724076,PENCOED COMPREHENSIVE,Bridgend,Secondary schools,Secondary (ages 11-19),Community,English medium school / provision,906,25.4,9.2
6724078,Brynteg  School,Bridgend,Secondary schools,Secondary (ages 11-19),Community,English medium school / provision,1668,22.5,2.6
6724080,PORTHCAWL COMPREHENSIVE SCHOOL,Bridgend,Secondary schools,Secondary (ages 11-19),Community,English medium school / provision,1169,17.2,2.7
6724085,Ysgol Gyfun Gymraeg Llangynwyd,Bridgend,Secondary schools,Secondary (ages 11-19),Community,Welsh medium school / provision (including transitional),701,21.6,2.7
6724086,Coleg Cymunedol Y Dderwen,Bridgend,Secondary schools,Secondary (ages 11-19),Community,English medium school / provision,1257,36.4,6.4
6724601,Archbishop McGrath Catholic High School,Bridgend,Secondary schools,Secondary (ages 11-19),Voluntary aided,English medium school / provision,853,18.3,2.1
6727003,Heronsbridge Special School,Bridgend,Special schools,Special (with post-16 provision),Special school,Not applicable,282,47.2,100
6727012,Ysgol Bryn Castell,Bridgend,Special schools,Special (with post-16 provision),Special school,Not applicable,183,74.4,100
6732109,Albert Primary School,Vale of Glamorgan,Primary schools,"Nursery, Infants & Juniors",Community,English medium school / provision,423,7.2,4.7
6732111,Barry Island Primary School,Vale of Glamorgan,Primary schools,"Nursery, Infants & Juniors",Community,English medium school / provision,233,24.3,9
6732114,Cogan Primary School,Vale of Glamorgan,Primary schools,"Nursery, Infants & Juniors",Community,English medium school / provision,212,28.1,6.6
6732115,Colcot Primary School,Vale of Glamorgan,Primary schools,"Nursery, Infants & Juniors",Community,English medium school / provision,267,43.9,13.9
6732117,Fairfield Primary School,Vale of Glamorgan,Primary schools,"Nursery, Infants & Juniors",Community,English medium school / provision,236,23.4,7.2
6732118,Gladstone Primary School,Vale of Glamorgan,Primary schools,"Nursery, Infants & Juniors",Community,English medium school / provision,415,38,10.6
6732120,High Street Primary School,Vale of Glamorgan,Primary schools,"Nursery, Infants & Juniors",Community,English medium school / provision,206,24.4,7.3
6732122,Holton Primary School,Vale of Glamorgan,Primary schools,"Nursery, Infants & Juniors",Community,English medium school / provision,359,44.5,9.5
6732124,Jenner Park Primary,Vale of Glamorgan,Primary schools,"Nursery, Infants & Juniors",Community,English medium school / provision,203,50.3,26.6
6732126,South Point Primary School,Vale of Glamorgan,Primary schools,"Nursery, Infants & Juniors",Voluntary aided,English medium school / provision,131,30.9,6.1
6732127,Llanfair C.P. School,Vale of Glamorgan,Primary schools,"Nursery, Infants & Juniors",Community,English medium school / provision,141,10.8,
6732128,Llangan C.P. School,Vale of Glamorgan,Primary schools,"Nursery, Infants & Juniors",Community,English medium school / provision,139,6.4,5
6732131,Palmerston Primary School,Vale of Glamorgan,Primary schools,"Nursery, Infants & Juniors",Community,English medium school / provision,215,35.4,17.7
6732133,Rhws Primary School,Vale of Glamorgan,Primary schools,"Nursery, Infants & Juniors",Community,English medium school / provision,372,16.5,6.2
6732136,Sully Primary School,Vale of Glamorgan,Primary schools,"Nursery, Infants & Juniors",Community,English medium school / provision,385,14.1,5.2
6732138,Victoria Primary School,Vale of Glamorgan,Primary schools,"Nursery, Infants & Juniors",Community,English medium school / provision,441,9.9,7
6732144,St Athan Primary School,Vale of Glamorgan,Primary schools,"Nursery, Infants & Juniors",Community,English medium school / provision,212,33.3,5.2
6732146,St Illtyd Primary School,Vale of Glamorgan,Primary schools,"Nursery, Infants & Juniors",Community,English medium school / provision,354,27,9.9
6732148,Evenlode Primary School,Vale of Glamorgan,Primary schools,"Nursery, Infants & Juniors",Community,English medium school / provision,487,3.1,3.7
6732149,Llandough Primary School,Vale of Glamorgan,Primary schools,"Nursery, Infants & Juniors",Community,English medium school / provision,184,17.6,4.3
6732151,Y Bontfaen Primary,Vale of Glamorgan,Primary schools,"Nursery, Infants & Juniors",Community,English medium school / provision,287,3,2.1
6732152,Ysgol Pen Y Garth,Vale of Glamorgan,Primary schools,"Nursery, Infants & Juniors",Community,Welsh medium school / provision (including transitional),307,3.7,5.2
6732156,Ysgol Sant Baruc,Vale of Glamorgan,Primary schools,"Nursery, Infants & Juniors",Community,Welsh medium school / provision (including transitional),366,8.4,1.9
6732163,Oakfield Primary School,Vale of Glamorgan,Primary schools,"Nursery, Infants & Juniors",Community,Dual language school / provision (Welsh and English) (including transitional),149,74.4,22.8
6732165,Ysgol Gymraeg Iolo Morganwg,Vale of Glamorgan,Primary schools,"Nursery, Infants & Juniors",Community,Welsh medium school / provision (including transitional),199,,5.5
6732178,Ysgol Sant Curig,Vale of Glamorgan,Primary schools,"Nursery, Infants & Juniors",Community,Welsh medium school / provision (including transitional),430,27,4
6732179,Ysgol Gynradd Gwaun Y Nant,Vale of Glamorgan,Primary schools,"Nursery, Infants & Juniors",Community,Welsh medium school / provision (including transitional),214,34,4.7
6732181,Cadoxton Community Primary,Vale of Glamorgan,Primary schools,"Nursery, Infants & Juniors",Community,Dual language school / provision (Welsh and English) (including transitional),436,39.9,15.8
6732182,Romilly Community Primary School,Vale of Glamorgan,Primary schools,"Nursery, Infants & Juniors",Community,English medium school / provision,647,18,6
6732184,Ysgol Gymraeg Dewi Sant,Vale of Glamorgan,Primary schools,"Nursery, Infants & Juniors",Community,Welsh medium school / provision (including transitional),239,7.5,6.7
6732185,Dinas Powys Primary School,Vale of Glamorgan,Primary schools,"Nursery, Infants & Juniors",Community,English medium school / provision,448,19.8,3.3
6732186,Ysgol y Ddraig,Vale of Glamorgan,Primary schools,"Nursery, Infants & Juniors",Community,English medium school / provision,218,33.9,21.6
6733037,St Nicholas C.I.W. Primary,Vale of Glamorgan,Primary schools,"Nursery, Infants & Juniors",Voluntary controlled,English medium school / provision,154,26.1,5.8
6733047,Peterston super Ely C.I.W. Primary,Vale of Glamorgan,Primary schools,"Nursery, Infants & Juniors",Voluntary controlled,English medium school / provision,123,21,
6733057,Gwenfo C.I.W. Primary,Vale of Glamorgan,Primary schools,"Nursery, Infants & Juniors",Voluntary controlled,English medium school / provision,227,13.6,11
6733320,St Brides C.I.W. Primary School,Vale of Glamorgan,Primary schools,"Nursery, Infants & Juniors",Community,English medium school / provision,215,3.6,2.3
6733321,Wick Marcross C.I.W. Primary School,Vale of Glamorgan,Primary schools,"Nursery, Infants & Juniors",Voluntary aided,English medium school / provision,141,18,5.7
6733363,Pendoylan C.I.W. Primary School,Vale of Glamorgan,Primary schools,"Nursery, Infants & Juniors",Voluntary aided,English medium school / provision,221,,2.3
6733364,St Andrews Major C.I.W. Primary School,Vale of Glamorgan,Primary schools,"Nursery, Infants & Juniors",Voluntary aided,English medium school / provision,237,7.3,2.1
6733365,Llansannor & Llanharry  C.I.W. Primary School,Vale of Glamorgan,Primary schools,"Nursery, Infants & Juniors",Voluntary aided,English medium school / provision,214,6,2.8
6733367,St David's C.I.W. Primary School,Vale of Glamorgan,Primary schools,"Nursery, Infants & Juniors",Voluntary aided,English medium school / provision,178,7,5.1
6733368,St Joseph's R.C. Primary School,Vale of Glamorgan,Primary schools,"Nursery, Infants & Juniors",Voluntary aided,English medium school / provision,199,18,5
6733372,All Saints C.I.W. Primary School,Vale of Glamorgan,Primary schools,"Nursery, Infants & Juniors",Voluntary aided,English medium school / provision,200,9.8,5.5
6733373,St Helen's Catholic Primary School,Vale of Glamorgan,Primary schools,"Nursery, Infants & Juniors",Voluntary aided,Dual language school / provision (Welsh and English) (including transitional),330,15,3
6734060,Llantwit Major School,Vale of Glamorgan,Secondary schools,Secondary (ages 11-19),Community,English medium school / provision,915,27.8,9.6
6734067,St Cyres School,Vale of Glamorgan,Secondary schools,Secondary (ages 11-19),Community,English medium school / provision,1246,20.9,7
6734068,Whitmore High School,Vale of Glamorgan,Secondary schools,Secondary (ages 11-19),Community,English medium school / provision,1084,25,9
6734069,Pencoedtre High School,Vale of Glamorgan,Secondary schools,Secondary (ages 11-19),Community,English medium school / provision,991,49.8,15.3
6734612,St Richard Gwyn Catholic High School,Vale of Glamorgan,Secondary schools,Secondary (ages 11-16),Voluntary aided,English medium school / provision,840,26.7,7.5
6735400,Stanwell School,Vale of Glamorgan,Secondary schools,Secondary (ages 11-19),Foundation,English medium school / provision,1957,10.6,3.3
6735500,Ysgol Gymraeg Bro Morgannwg,Vale of Glamorgan,Middle schools,Middle (ages 3-19),Community,Welsh medium school / provision (including transitional),1394,14.9,2.8
6735501,Cowbridge School,Vale of Glamorgan,Middle schools,Middle (ages 3-19),Community,English medium school / provision,1575,8.9,3.3
6737024,Ysgol Y Deri,Vale of Glamorgan,Special schools,Special (with post-16 provision),Special school,Not applicable,564,47.5,98.6
6742044,Penderyn Primary School,Rhondda Cynon Taf,Primary schools,"Nursery, Infants & Juniors",Community,Welsh medium school / provision (including transitional),188,25.4,
6742045,OAKLANDS PRIMARY SCHOOL,Rhondda Cynon Taf,Primary schools,"Nursery, Infants & Juniors",Community,English medium school / provision,203,34.2,7.4
6742052,Alaw Primary School,Rhondda Cynon Taf,Primary schools,"Nursery, Infants & Juniors",Community,English medium school / provision,148,20.2,4.7
6742053,ABERNANT COUNTY PRIMARY,Rhondda Cynon Taf,Primary schools,"Nursery, Infants & Juniors",Community,English medium school / provision,108,35.9,
6742061,Brynnau Primary School,Rhondda Cynon Taf,Primary schools,"Nursery, Infants & Juniors",Community,English medium school / provision,237,17.7,5.1
6742066,Coedpenmaen Primary School,Rhondda Cynon Taf,Primary schools,"Nursery, Infants & Juniors",Community,English medium school / provision,183,19.6,8.7
6742069,Bodringallt Primary School,Rhondda Cynon Taf,Primary schools,Infants & Juniors,Community,English medium school / provision,74,48.2,9.5
6742070,BLAENGWAWR PRIMARY,Rhondda Cynon Taf,Primary schools,"Nursery, Infants & Juniors",Community,English medium school / provision,227,40,4.4
6742072,Coedylan Primary School,Rhondda Cynon Taf,Primary schools,"Nursery, Infants & Juniors",Community,English medium school / provision,149,12.9,4.7
6742077,Caegarw Primary School,Rhondda Cynon Taf,Primary schools,"Nursery, Infants & Juniors",Community,English medium school / provision,162,25.2,3.7
6742079,Cwmlai Primary School,Rhondda Cynon Taf,Primary schools,"Nursery, Infants & Juniors",Community,English medium school / provision,403,18,4
6742083,Dolau Primary School,Rhondda Cynon Taf,Primary schools,"Nursery, Infants & Juniors",Community,Dual language school / provision (Welsh and English) (including transitional),520,9.6,2.7
6742084,Capcoch Primary School,Rhondda Cynon Taf,Primary schools,"Nursery, Infants & Juniors",Community,English medium school / provision,162,49.5,3.7
6742093,Caradog Primary School,Rhondda Cynon Taf,Primary schools,"Nursery, Infants & Juniors",Community,English medium school / provision,178,50,5.1
6742102,Ffynnon Taf Primary School,Rhondda Cynon Taf,Primary schools,"Nursery, Infants & Juniors",Community,English medium school / provision,136,23.8,5.9
6742112,Darran Park Primary School,Rhondda Cynon Taf,Primary schools,"Nursery, Infants & Juniors",Community,English medium school / provision,310,31.3,5.2
6742118,Llanilltud Faerdref Primary School,Rhondda Cynon Taf,Primary schools,"Nursery, Infants & Juniors",Community,English medium school / provision,192,18.2,3.6
6742119,Gelli Primary School,Rhondda Cynon Taf,Primary schools,"Nursery, Infants & Juniors",Community,English medium school / provision,196,30.6,3.6
6742124,Llantrisant Primary School,Rhondda Cynon Taf,Primary schools,"Nursery, Infants & Juniors",Community,English medium school / provision,115,20.2,11.3
6742127,Hafod Primary School,Rhondda Cynon Taf,Primary schools,"Nursery, Infants & Juniors",Community,English medium school / provision,107,26.8,16.8
6742130,Maes-Y-Coed Primary School,Rhondda Cynon Taf,Primary schools,"Nursery, Infants & Juniors",Community,English medium school / provision,229,21.1,3.9
6742134,Cwmdar County Primary School,Rhondda Cynon Taf,Primary schools,"Nursery, Infants & Juniors",Community,English medium school / provision,265,21.5,4.5
6742137,Parc Lewis Primary School,Rhondda Cynon Taf,Primary schools,"Nursery, Infants & Juniors",Community,English medium school / provision,242,20.7,5
6742142,Llanharan Primary School,Rhondda Cynon Taf,Primary schools,"Nursery, Infants & Juniors",Community,English medium school / provision,148,40.4,6.1
6742143,Llwynypia Primary School,Rhondda Cynon Taf,Primary schools,"Nursery, Infants & Juniors",Community,English medium school / provision,179,48.9,6.1
6742144,DARRENLAS PRIMARY SCHOOL,Rhondda Cynon Taf,Primary schools,"Nursery, Infants & Juniors",Community,English medium school / provision,210,39.2,2.9
6742151,Llanhari Primary School,Rhondda Cynon Taf,Primary schools,"Nursery, Infants & Juniors",Community,English medium school / provision,152,43.8,8.6
6742160,Pontyclun Primary School,Rhondda Cynon Taf,Primary schools,"Nursery, Infants & Juniors",Community,English medium school / provision,370,15.2,3
6742161,Parc Primary School,Rhondda Cynon Taf,Primary schools,"Nursery, Infants & Juniors",Community,English medium school / provision,246,38.9,4.5
6742170,Hirwaun Primary School,Rhondda Cynon Taf,Primary schools,"Nursery, Infants & Juniors",Community,English medium school / provision,292,36.4,6.8
6742180,LLWYDCOED PRIMARY SCHOOL,Rhondda Cynon Taf,Primary schools,"Nursery, Infants & Juniors",Community,English medium school / provision,142,31.3,3.5
6742182,Trallwng Infants School,Rhondda Cynon Taf,Primary schools,Nursery & Infants,Community,English medium school / provision,66,17.1,
6742192,PENGEULAN PRIMARY,Rhondda Cynon Taf,Primary schools,"Nursery, Infants & Juniors",Community,English medium school / provision,130,49,7.7
6742196,Pontrhondda Primary School,Rhondda Cynon Taf,Primary schools,"Nursery, Infants & Juniors",Community,English medium school / provision,112,48.3,
6742199,Trehopcyn Primary,Rhondda Cynon Taf,Primary schools,"Nursery, Infants & Juniors",Community,English medium school / provision,112,37,8.9
6742200,Pontygwaith Primary School,Rhondda Cynon Taf,Primary schools,"Nursery, Infants & Juniors",Community,English medium school / provision,139,50,
6742206,Trerobart Primary School,Rhondda Cynon Taf,Primary schools,"Nursery, Infants & Juniors",Community,English medium school / provision,166,46.4,4.8
6742218,Perthcelyn Community Primary School,Rhondda Cynon Taf,Primary schools,"Nursery, Infants & Juniors",Community,English medium school / provision,120,58.9,20.8
6742222,Ton Pentre Junior School,Rhondda Cynon Taf,Primary schools,Juniors,Community,English medium school / provision,144,20.8,4.2
6742225,Craig Yr Hesg Primary School,Rhondda Cynon Taf,Primary schools,"Nursery, Infants & Juniors",Community,English medium school / provision,161,54.7,9.3
6742228,Llwyncrwn Primary School,Rhondda Cynon Taf,Primary schools,"Nursery, Infants & Juniors",Community,English medium school / provision,247,29.3,11.7
6742229,Ton Pentre Infants School,Rhondda Cynon Taf,Primary schools,Nursery & Infants,Voluntary aided,English medium school / provision,155,13.2,3.9
6742235,Ysgol Gynradd Gymraeg Aberdar,Rhondda Cynon Taf,Primary schools,"Nursery, Infants & Juniors",Community,Welsh medium school / provision (including transitional),417,13,2.2
6742243,Trealaw County Primary School,Rhondda Cynon Taf,Primary schools,"Nursery, Infants & Juniors",Community,English medium school / provision,117,39.1,6
6742244,Glenboi Community Primary School,Rhondda Cynon Taf,Primary schools,"Nursery, Infants & Juniors",Community,English medium school / provision,141,72.2,9.9
6742247,Cefn Primary School,Rhondda Cynon Taf,Primary schools,"Nursery, Infants & Juniors",Community,English medium school / provision,115,55.3,21.7
6742251,Treorchy Primary School,Rhondda Cynon Taf,Primary schools,"Nursery, Infants & Juniors",Community,English medium school / provision,393,31.7,3.1
6742258,WILLIAMSTOWN PRIMARY,Rhondda Cynon Taf,Primary schools,"Nursery, Infants & Juniors",Community,English medium school / provision,302,33.6,11.3
6742263,Maesybryn Primary School,Rhondda Cynon Taf,Primary schools,"Nursery, Infants & Juniors",Community,English medium school / provision,301,15.5,8.3
6742264,Tylorstown Primary School,Rhondda Cynon Taf,Primary schools,"Nursery, Infants & Juniors",Community,English medium school / provision,111,49.4,
6742269,Tref-Y-Rhyg Primary School,Rhondda Cynon Taf,Primary schools,"Nursery, Infants & Juniors",Community,English medium school / provision,67,61.1,14.9
6742272,Ysgol Gynradd Gymraeg Tonyrefail,Rhondda Cynon Taf,Primary schools,"Nursery, Infants & Juniors",Community,Welsh medium school / provision (including transitional),190,23.4,2.6
6742276,Penygawsi Primary School,Rhondda Cynon Taf,Primary schools,"Nursery, Infants & Juniors",Community,English medium school / provision,206,11.1,4.9
6742284,Ysgol Gynradd Gymraeg Llwyncelyn,Rhondda Cynon Taf,Primary schools,"Nursery, Infants & Juniors",Community,Welsh medium school / provision (including transitional),356,16.9,1.7
6742287,Ysgol Gynradd Gymraeg Ynyswen,Rhondda Cynon Taf,Primary schools,"Nursery, Infants & Juniors",Community,Welsh medium school / provision (including transitional),226,25.3,2.7
6742306,Tonysguboriau Primary School,Rhondda Cynon Taf,Primary schools,"Nursery, Infants & Juniors",Community,English medium school / provision,234,25.4,3
6742351,Y. G. G. G. Llantrisant,Rhondda Cynon Taf,Primary schools,"Nursery, Infants & Juniors",Community,Welsh medium school / provision (including transitional),214,,2.3
6742356,Ysgol Gynradd Gymraeg Bodringallt,Rhondda Cynon Taf,Primary schools,"Nursery, Infants & Juniors",Community,Welsh medium school / provision (including transitional),137,32.6,
6742359,Ysgol Gynradd Gymraeg Castellau,Rhondda Cynon Taf,Primary schools,"Nursery, Infants & Juniors",Community,Welsh medium school / provision (including transitional),248,7.6,2.4
6742361,Ysgol Gynradd Gymraeg Llyn Y Forwyn,Rhondda Cynon Taf,Primary schools,"Nursery, Infants & Juniors",Community,Welsh medium school / provision (including transitional),170,40.3,
6742362,Ysgol Gynradd Gymraeg Evan James,Rhondda Cynon Taf,Primary schools,"Nursery, Infants & Juniors",Community,Welsh medium school / provision (including transitional),318,14.4,2.2
6742364,Ysgol Gynradd Gymraeg Abercynon,Rhondda Cynon Taf,Primary schools,"Nursery, Infants & Juniors",Community,Welsh medium school / provision (including transitional),273,30.6,2.9
6742365,Ysgol Gynradd Gymraeg Bronllwyn,Rhondda Cynon Taf,Primary schools,"Nursery, Infants & Juniors",Community,Welsh medium school / provision (including transitional),248,20.8,
6742367,MISKIN PRIMARY,Rhondda Cynon Taf,Primary schools,"Nursery, Infants & Juniors",Community,English medium school / provision,84,49.2,10.7
6742369,Penpych Community Primary School,Rhondda Cynon Taf,Primary schools,"Nursery, Infants & Juniors",Community,English medium school / provision,160,40.7,
6742370,Hendreforgan Primary School,Rhondda Cynon Taf,Primary schools,"Nursery, Infants & Juniors",Community,English medium school / provision,221,37.7,4.5
6742371,Penyrenglyn Community Primary School,Rhondda Cynon Taf,Primary schools,"Nursery, Infants & Juniors",Community,English medium school / provision,197,47.7,10.7
6742372,Penywaun Community School,Rhondda Cynon Taf,Primary schools,"Nursery, Infants & Juniors",Community,English medium school / provision,168,68.7,4.8
6742373,Penrhys Community Primary School,Rhondda Cynon Taf,Primary schools,"Nursery, Infants & Juniors",Community,English medium school / provision,78,75.4,25.6
6742374,Gwaunmeisgyn Primary School,Rhondda Cynon Taf,Primary schools,"Nursery, Infants & Juniors",Community,English medium school / provision,345,27.7,8.1
6742375,Gwauncelyn Primary School,Rhondda Cynon Taf,Primary schools,"Nursery, Infants & Juniors",Community,English medium school / provision,341,14.2,
6742376,Penrhiwceibr Primary School,Rhondda Cynon Taf,Primary schools,"Nursery, Infants & Juniors",Community,English medium school / provision,116,40.9,6.9
6742378,Ynyshir Community Primary School,Rhondda Cynon Taf,Primary schools,"Nursery, Infants & Juniors",Community,English medium school / provision,234,35.2,2.6
6742380,Cwmclydach Community Primary School,Rhondda Cynon Taf,Primary schools,"Nursery, Infants & Juniors",Community,English medium school / provision,183,40.5,4.9
6742381,Aberdare Park Primary,Rhondda Cynon Taf,Primary schools,"Nursery, Infants & Juniors",Community,English medium school / provision,245,39.7,4.1
6742382,Maerdy Primary School,Rhondda Cynon Taf,Primary schools,"Nursery, Infants & Juniors",Community,English medium school / provision,295,63.4,10.5
6742383,Cwmbach Community Primary,Rhondda Cynon Taf,Primary schools,"Nursery, Infants & Juniors",Community,English medium school / provision,252,32.5,9.9
6742384,Ynysboeth Community Primary,Rhondda Cynon Taf,Primary schools,"Nursery, Infants & Juniors",Community,English medium school / provision,118,60.5,5.9
6742385,Abercynon Primary,Rhondda Cynon Taf,Primary schools,"Nursery, Infants & Juniors",Community,English medium school / provision,307,32.6,8.8
6742386,Cymmer Primary,Rhondda Cynon Taf,Primary schools,"Nursery, Infants & Juniors",Community,English medium school / provision,205,47.7,6.3
6742387,Cwmaman Primary School,Rhondda Cynon Taf,Primary schools,"Nursery, Infants & Juniors",Community,English medium school / provision,209,36.1,10.5
6742388,Ysgol Gynradd Gymraeg Awel Taf,Rhondda Cynon Taf,Primary schools,"Nursery, Infants & Juniors",Community,Welsh medium school / provision (including transitional),357,13.2,5.9
6743309,Our Lady's R.C.,Rhondda Cynon Taf,Primary schools,"Nursery, Infants & Juniors",Voluntary aided,English medium school / provision,115,39.5,6.1
6743312,St Michael's RC Primary School,Rhondda Cynon Taf,Primary schools,"Nursery, Infants & Juniors",Voluntary aided,English medium school / provision,231,11.2,2.2
6743313,SS Gabriel & Raphael RC Primary School,Rhondda Cynon Taf,Primary schools,"Nursery, Infants & Juniors",Voluntary aided,English medium school / provision,160,18.4,3.8
6743314,St. Margaret's RC Primary School,Rhondda Cynon Taf,Primary schools,"Nursery, Infants & Juniors",Voluntary aided,English medium school / provision,93,41.5,6.5
6743317,ABERDARE TOWN C IN W PRIMARY,Rhondda Cynon Taf,Primary schools,"Nursery, Infants & Juniors",Voluntary aided,English medium school / provision,276,10.6,1.8
6743319,CWMBACH CHURCH IN WALES,Rhondda Cynon Taf,Primary schools,"Nursery, Infants & Juniors",Voluntary aided,English medium school / provision,104,65.7,10.6
6744019,Bryncelynnog Comprehensive School,Rhondda Cynon Taf,Secondary schools,Secondary (ages 11-19),Community,English medium school / provision,1343,20.2,4
6744053,Mountain Ash Comprehensive School,Rhondda Cynon Taf,Secondary schools,Secondary (ages 11-19),Community,English medium school / provision,835,39.1,7.2
6744081,Treorchy Comprehensive School,Rhondda Cynon Taf,Secondary schools,Secondary (ages 11-19),Community,English medium school / provision,1419,31.8,3.3
6744083,Ferndale Community School,Rhondda Cynon Taf,Secondary schools,Secondary (ages 11-16),Community,English medium school / provision,628,40.8,8.8
6744096,Y Pant Comprehensive,Rhondda Cynon Taf,Secondary schools,Secondary (ages 11-19),Community,English medium school / provision,1463,12.3,1.8
6744097,Ysgol Gyfun Cwm Rhondda,Rhondda Cynon Taf,Secondary schools,Secondary (ages 11-19),Community,Welsh medium school / provision (including transitional),648,19.6,4.3
6744105,Ysgol Gyfun Rhydywaun,Rhondda Cynon Taf,Secondary schools,Secondary (ages 11-19),Community,Welsh medium school / provision (including transitional),1047,16.9,2
6744106,Aberdare Community School,Rhondda Cynon Taf,Secondary schools,Secondary (ages 11-19),Community,English medium school / provision,1291,37.7,4.6
6744602,Cardinal Newman RC Comprehensive School,Rhondda Cynon Taf,Secondary schools,Secondary (ages 11-16),Voluntary aided,English medium school / provision,938,14.3,4.5
6744604,St John Baptist CIW High School,Rhondda Cynon Taf,Secondary schools,Secondary (ages 11-19),Community,English medium school / provision,936,17.3,3
6745500,Ysgol Llanhari,Rhondda Cynon Taf,Middle schools,Middle (ages 3-19),Community,Welsh medium school / provision (including transitional),649,9.3,3.1
6745501,Porth Community School,Rhondda Cynon Taf,Middle schools,Middle (ages 3-16),Community,English medium school / provision,876,36.6,9.4
6745502,Ysgol Nantgwyn,Rhondda Cynon Taf,Middle schools,Middle (ages 3-16),Community,English medium school / provision,982,35.1,4.9
6745503,Tonyrefail Community School,Rhondda Cynon Taf,Middle schools,Middle (ages 3-19),Community,English medium school / provision,1769,25.6,4.1
6745504,Ysgol Garth Olwg,Rhondda Cynon Taf,Middle schools,Middle (ages 3-19),Community,Welsh medium school / provision (including transitional),1202,10.9,3.5
6745505,Ysgol Afon Wen,Rhondda Cynon Taf,Middle schools,Middle (ages 3-16),Community,English medium school / provision,1141,34.2,7.9
6745506,Ysgol Bro Taf,Rhondda Cynon Taf,Middle schools,Middle (ages 3-16),Community,English medium school / provision,919,27.7,9.7
6747006,MAESGWYN,Rhondda Cynon Taf,Special schools,Special (with post-16 provision),Special school,Not applicable,139,59.8,100
6747008,Park Lane Special School,Rhondda Cynon Taf,Special schools,Special (with post-16 provision),Special school,Not applicable,158,56,100
6747011,Ysgol Hen Felin,Rhondda Cynon Taf,Special schools,Special (with post-16 provision),Special school,Not applicable,272,50.2,100
6747015,Ysgol Ty Coch,Rhondda Cynon Taf,Special schools,Special (with post-16 provision),Special school,Not applicable,244,40.9,100
6752000,Abercanaid Community,Merthyr Tydfil,Primary schools,"Nursery, Infants & Juniors",Community,English medium school / provision,159,25.4,8.8
6752002,Cyfarthfa Park Primary School,Merthyr Tydfil,Primary schools,"Nursery, Infants & Juniors",Community,English medium school / provision,428,25.4,4.7
6752006,Caedraw Primary,Merthyr Tydfil,Primary schools,"Nursery, Infants & Juniors",Community,English medium school / provision,231,41.1,15.6
6752010,Gellifaelog Primary School,Merthyr Tydfil,Primary schools,"Nursery, Infants & Juniors",Community,English medium school / provision,213,49.1,10.8
6752015,PANTYSGALLOG PRIMARY SCHOOL,Merthyr Tydfil,Primary schools,"Nursery, Infants & Juniors",Community,English medium school / provision,411,35,7.3
6752020,Gwaunfarren Primary,Merthyr Tydfil,Primary schools,"Nursery, Infants & Juniors",Community,English medium school / provision,277,27.3,4
6752022,Heolgerrig Community School,Merthyr Tydfil,Primary schools,"Nursery, Infants & Juniors",Community,English medium school / provision,214,7.7,3.3
6752039,YNYSOWEN PRIMARY,Merthyr Tydfil,Primary schools,"Nursery, Infants & Juniors",Community,English medium school / provision,295,31.6,12.9
6752042,YSGOL SANTES TUDFUL,Merthyr Tydfil,Primary schools,"Nursery, Infants & Juniors",Community,Welsh medium school / provision (including transitional),391,13.5,2.3
6752054,Bedlinog Community Primary School,Merthyr Tydfil,Primary schools,"Nursery, Infants & Juniors",Community,English medium school / provision,99,21.8,8.1
6752231,TRELEWIS PRIMARY SCHOOL,Merthyr Tydfil,Primary schools,"Nursery, Infants & Juniors",Community,English medium school / provision,235,25.7,5.1
6752330,YSGOL-Y-GRAIG,Merthyr Tydfil,Primary schools,"Nursery, Infants & Juniors",Community,English medium school / provision,212,29.9,8.5
6752346,Ysgol Gymraeg Rhyd-y-grug,Merthyr Tydfil,Primary schools,"Nursery, Infants & Juniors",Community,Welsh medium school / provision (including transitional),272,18.2,3.3
6752351,COED Y DDERWEN PRIMARY SCHOOL,Merthyr Tydfil,Primary schools,"Nursery, Infants & Juniors",Community,English medium school / provision,207,73.3,15
6752352,Twynyrodyn Community School,Merthyr Tydfil,Primary schools,"Nursery, Infants & Juniors",Community,English medium school / provision,282,28.6,2.8
6752353,Edwardsville Primary School,Merthyr Tydfil,Primary schools,"Nursery, Infants & Juniors",Community,English medium school / provision,343,23,13.4
6752354,Troedyrhiw  Commmunity Primary School,Merthyr Tydfil,Primary schools,"Nursery, Infants & Juniors",Community,English medium school / provision,199,37.7,6.5
6752355,Dowlais Primary School,Merthyr Tydfil,Primary schools,"Nursery, Infants & Juniors",Community,English medium school / provision,194,42.9,14.4
6752356,Goetre Primary School,Merthyr Tydfil,Primary schools,"Nursery, Infants & Juniors",Community,English medium school / provision,414,65.5,18.1
6754011,Afon Taf High School,Merthyr Tydfil,Secondary schools,Secondary (ages 11-16),Community,English medium school / provision,837,26.2,9.3
6754012,PEN-Y-DRE HIGH SCHOOL,Merthyr Tydfil,Secondary schools,Secondary (ages 11-16),Community,English medium school / provision,884,43.4,14.7
6754013,Cyfarthfa High School,Merthyr Tydfil,Secondary schools,Secondary (ages 11-16),Community,English medium school / provision,746,25.5,4
6755900,Blessed Carlo Acutis Catholic School,Merthyr Tydfil,Middle schools,Middle (ages 3-16),Voluntary aided,English medium school / provision,974,27.2,2.3
6757013,Greenfield School,Merthyr Tydfil,Special schools,Special (with post-16 provision),Special school,Not applicable,219,46.7,100
6762058,Pengam Primary,Caerphilly,Primary schools,"Nursery, Infants & Juniors",Community,English medium school / provision,194,32,9.8
6762061,Fleur-de-Lys Primary,Caerphilly,Primary schools,"Nursery, Infants & Juniors",Community,English medium school / provision,93,18.7,6.5
6762071,COED-Y-BRAIN PRIMARY,Caerphilly,Primary schools,"Nursery, Infants & Juniors",Community,English medium school / provision,213,30.7,8.5
6762078,Markham Primary,Caerphilly,Primary schools,"Nursery, Infants & Juniors",Community,English medium school / provision,196,59,5.1
6762081,CWMABER JUNIOR SCHOOL,Caerphilly,Primary schools,Juniors,Community,English medium school / provision,115,42.6,7.8
6762084,Libanus Primary,Caerphilly,Primary schools,"Nursery, Infants & Juniors",Community,English medium school / provision,345,14.7,3.2
6762086,Pontllanfraith Primary School,Caerphilly,Primary schools,"Nursery, Infants & Juniors",Community,English medium school / provision,171,31.7,6.4
6762089,Deri Primary School,Caerphilly,Primary schools,"Nursery, Infants & Juniors",Community,English medium school / provision,61,22.6,8.2
6762093,Crumlin High Level Primary,Caerphilly,Primary schools,"Nursery, Infants & Juniors",Community,English medium school / provision,118,16.3,
6762095,PENTWYNMAWR PRIMARY SCHOOL,Caerphilly,Primary schools,"Nursery, Infants & Juniors",Community,English medium school / provision,123,23.5,5.7
6762097,DERWENDEG PRIMARY SCHOOL,Caerphilly,Primary schools,"Nursery, Infants & Juniors",Community,English medium school / provision,183,39.3,9.3
6762098,Tynewydd Primary School,Caerphilly,Primary schools,"Nursery, Infants & Juniors",Community,English medium school / provision,248,19.7,3.2
6762100,Cwmcarn Primary School,Caerphilly,Primary schools,"Nursery, Infants & Juniors",Community,English medium school / provision,211,37.1,14.7
6762103,Waunfawr Primary,Caerphilly,Primary schools,"Nursery, Infants & Juniors",Community,English medium school / provision,170,20.8,6.5
6762105,Risca Primary,Caerphilly,Primary schools,"Nursery, Infants & Juniors",Community,English medium school / provision,330,21.5,2.4
6762108,Fochriw Primary,Caerphilly,Primary schools,"Nursery, Infants & Juniors",Community,English medium school / provision,91,50.7,14.3
6762121,GILFACH FARGOED PRIMARY,Caerphilly,Primary schools,"Nursery, Infants & Juniors",Community,English medium school / provision,174,29.5,5.2
6762148,Hengoed Primary,Caerphilly,Primary schools,"Nursery, Infants & Juniors",Community,English medium school / provision,138,45.5,3.6
6762158,Llancaeach Junior School,Caerphilly,Primary schools,Juniors,Community,English medium school / provision,120,38.3,4.2
6762171,Llanfabon Infants School,Caerphilly,Primary schools,Nursery & Infants,Community,English medium school / provision,95,30,5.3
6762197,NANT Y PARC PRIMARY SCHOOL,Caerphilly,Primary schools,"Nursery, Infants & Juniors",Community,English medium school / provision,207,50,4.3
6762207,Pantside Primary,Caerphilly,Primary schools,"Nursery, Infants & Juniors",Community,English medium school / provision,206,45.9,19.9
6762224,Tiryberth Primary,Caerphilly,Primary schools,"Nursery, Infants & Juniors",Community,English medium school / provision,139,30.4,18
6762227,Ty Isaf Infants School,Caerphilly,Primary schools,Nursery & Infants,Community,English medium school / provision,116,30,7.8
6762252,CWM  IFOR  PRIMARY SCHOOL,Caerphilly,Primary schools,"Nursery, Infants & Juniors",Community,English medium school / provision,192,51.7,10.9
6762256,BRYN PRIMARY,Caerphilly,Primary schools,"Nursery, Infants & Juniors",Community,English medium school / provision,201,27.7,7
6762262,YSGOL IFOR BACH,Caerphilly,Primary schools,"Nursery, Infants & Juniors",Community,Welsh medium school / provision (including transitional),223,34.3,2.7
6762264,Abercarn Primary school,Caerphilly,Primary schools,"Nursery, Infants & Juniors",Community,English medium school / provision,242,19.5,3.7
6762278,Greenhill Primary,Caerphilly,Primary schools,"Nursery, Infants & Juniors",Community,English medium school / provision,168,48.9,24.4
6762282,YSGOL GYMRAEG CAERFFILI,Caerphilly,Primary schools,"Nursery, Infants & Juniors",Community,Welsh medium school / provision (including transitional),436,14.1,3.4
6762285,YSGOL GYMRAEG GILFACH FARGOD,Caerphilly,Primary schools,"Nursery, Infants & Juniors",Foundation,Welsh medium school / provision (including transitional),107,31.3,
6762296,YNYSDDU PRIMARY SCHOOL,Caerphilly,Primary schools,"Nursery, Infants & Juniors",Community,English medium school / provision,103,19.3,
6762307,UPPER RHYMNEY PRIMARY SCHOOL,Caerphilly,Primary schools,"Nursery, Infants & Juniors",Community,English medium school / provision,124,59.8,
6762309,Ysgol Y Lawnt,Caerphilly,Primary schools,"Nursery, Infants & Juniors",Community,Welsh medium school / provision (including transitional),198,21.7,5.1
6762310,Bryn Awel Primary School,Caerphilly,Primary schools,"Nursery, Infants & Juniors",Community,English medium school / provision,130,62,13.1
6762313,Ysgol Gymraeg Trelyn,Caerphilly,Primary schools,"Nursery, Infants & Juniors",Foundation,Welsh medium school / provision (including transitional),212,14.2,
6762316,PHILLIPSTOWN PRIMARY SCHOOL,Caerphilly,Primary schools,"Nursery, Infants & Juniors",Community,English medium school / provision,132,68.4,3.8
6762322,MAESYCWMMER PRIMARY SCHOOL,Caerphilly,Primary schools,"Nursery, Infants & Juniors",Community,English medium school / provision,118,21.5,10.2
6762323,Bedwas Junior,Caerphilly,Primary schools,Juniors,Community,English medium school / provision,169,18.9,11.2
6762326,Machen Primary School,Caerphilly,Primary schools,"Nursery, Infants & Juniors",Community,English medium school / provision,161,11.8,4.3
6762328,Graig-y-Rhacca Primary and Nursery Community,Caerphilly,Primary schools,"Nursery, Infants & Juniors",Community,English medium school / provision,90,76.8,6.7
6762335,Bedwas Infants,Caerphilly,Primary schools,Nursery & Infants,Community,English medium school / provision,165,18.8,8.5
6762338,HENDREDENNY PARK PRIMARY,Caerphilly,Primary schools,"Nursery, Infants & Juniors",Community,English medium school / provision,270,12,
6762347,CWMABER INFANTS SCHOOL,Caerphilly,Primary schools,Nursery & Infants,Community,English medium school / provision,94,31.5,9.6
6762368,YSGOL GYMRAEG BRO ALLTA,Caerphilly,Primary schools,"Nursery, Infants & Juniors",Community,Welsh medium school / provision (including transitional),269,6.5,3
6762370,Cwmfelinfach Primary,Caerphilly,Primary schools,"Nursery, Infants & Juniors",Community,English medium school / provision,184,27.4,4.3
6762373,YSGOL GYMRAEG CWM GWYDDON,Caerphilly,Primary schools,"Nursery, Infants & Juniors",Community,Welsh medium school / provision (including transitional),292,18.2,4.5
6762374,Y G G  Y Castell,Caerphilly,Primary schools,"Nursery, Infants & Juniors",Community,Welsh medium school / provision (including transitional),419,18,1.9
6762376,Cwrt Rawlin Primary School,Caerphilly,Primary schools,"Nursery, Infants & Juniors",Community,English medium school / provision,360,6.2,2.2
6762377,Cefn Fforest Primary,Caerphilly,Primary schools,"Nursery, Infants & Juniors",Community,English medium school / provision,272,39.4,12.1
6762378,PENLLWYN PRIMARY,Caerphilly,Primary schools,"Nursery, Infants & Juniors",Community,English medium school / provision,139,65.7,8.6
6762379,Blackwood Primary,Caerphilly,Primary schools,"Nursery, Infants & Juniors",Community,English medium school / provision,360,38.4,6.4
6762380,GLYN-GAER PRIMARY SCHOOL,Caerphilly,Primary schools,"Nursery, Infants & Juniors",Community,English medium school / provision,211,15.5,2.4
6762381,Park Primary,Caerphilly,Primary schools,"Nursery, Infants & Juniors",Community,English medium school / provision,131,72.7,6.9
6762382,Aberbargoed Primary School,Caerphilly,Primary schools,"Nursery, Infants & Juniors",Community,English medium school / provision,207,45.8,10.1
6762383,Trinant Primary,Caerphilly,Primary schools,"Nursery, Infants & Juniors",Community,English medium school / provision,167,63.6,6
6762384,Ty Sign Primary School,Caerphilly,Primary schools,"Nursery, Infants & Juniors",Community,English medium school / provision,411,36.5,7.3
6762385,Tyn-Y-Wern Primary,Caerphilly,Primary schools,"Nursery, Infants & Juniors",Community,English medium school / provision,245,36.5,7.3
6762386,Twyn Primary,Caerphilly,Primary schools,"Nursery, Infants & Juniors",Community,English medium school / provision,410,21.5,2.9
6762387,White Rose Primary School,Caerphilly,Primary schools,"Nursery, Infants & Juniors",Community,English medium school / provision,225,36.9,5.3
6762388,Ysgol Bro Sannan,Caerphilly,Primary schools,"Nursery, Infants & Juniors",Community,Welsh medium school / provision (including transitional),116,53.1,5.2
6762389,Plasyfelin Primary School,Caerphilly,Primary schools,"Nursery, Infants & Juniors",Community,English medium school / provision,265,30,4.2
6762390,St James Primary School,Caerphilly,Primary schools,"Nursery, Infants & Juniors",Community,English medium school / provision,247,72.9,13
6762391,St Gwladys Bargoed School,Caerphilly,Primary schools,"Nursery, Infants & Juniors",Community,English medium school / provision,416,35.9,3.6
6762392,Rhiw syr Dafydd Primary School,Caerphilly,Primary schools,"Nursery, Infants & Juniors",Community,English medium school / provision,599,20.4,3
6762393,Ystrad Mynach Primary,Caerphilly,Primary schools,"Nursery, Infants & Juniors",Community,English medium school / provision,435,13.8,
6762394,Ysgol Gynradd Gymraeg Cwm Derwen,Caerphilly,Primary schools,"Nursery, Infants & Juniors",Community,Welsh medium school / provision (including transitional),160,19.1,6.9
6762395,Ysgol Penalltau,Caerphilly,Primary schools,"Nursery, Infants & Juniors",Community,Welsh medium school / provision (including transitional),233,17.3,3
6762396,Hendre Primary School,Caerphilly,Primary schools,"Nursery, Infants & Juniors",Community,English medium school / provision,260,36.4,7.3
6763310,St Helens RC Primary,Caerphilly,Primary schools,"Nursery, Infants & Juniors",Voluntary aided,English medium school / provision,228,20.3,3.9
6764031,Newbridge School,Caerphilly,Secondary schools,Secondary (ages 11-16),Community,English medium school / provision,1037,24.9,1.8
6764046,Blackwood Comprehensive School,Caerphilly,Secondary schools,Secondary (ages 11-16),Community,English medium school / provision,951,28.6,3.7
6764065,St Cenydd School,Caerphilly,Secondary schools,Secondary (ages 11-19),Community,English medium school / provision,952,36.7,10.3
6764068,Risca Community Comprehensive,Caerphilly,Secondary schools,Secondary (ages 11-16),Community,English medium school / provision,599,29.8,10.9
6764070,St Martin's School,Caerphilly,Secondary schools,Secondary (ages 11-19),Community,English medium school / provision,950,23.6,2.7
6764073,HEOLDDU COMPREHENSIVE SCHOOL,Caerphilly,Secondary schools,Secondary (ages 11-19),Community,English medium school / provision,736,39.6,5.8
6764075,The Lewis School,Caerphilly,Secondary schools,Secondary (ages 11-19),Community,English medium school / provision,1295,24.8,4.6
6764093,Bedwas High School,Caerphilly,Secondary schools,Secondary (ages 11-19),Community,English medium school / provision,667,31.7,5.7
6764103,Ysgol Gyfun Cwm Rhymni,Caerphilly,Secondary schools,Secondary (ages 11-19),Community,Welsh medium school / provision (including transitional),1804,18.1,5.7
6764104,Islwyn High School,Caerphilly,Secondary schools,Secondary (ages 11-16),Community,English medium school / provision,1065,25.9,10.2
6765500,Idris Davies School 3 to 18,Caerphilly,Middle schools,Middle (ages 3-19),Community,English medium school / provision,805,44.7,7.2
6767011,Trinity Fields School,Caerphilly,Special schools,Special (with post-16 provision),Special school,Not applicable,331,50.4,100
6772067,Bryn Bach Primary School,Blaenau Gwent,Primary schools,"Nursery, Infants & Juniors",Community,English medium school / provision,236,32,
6772070,Glanhowy Primary School,Blaenau Gwent,Primary schools,"Nursery, Infants & Juniors",Community,English medium school / provision,272,42.9,7.7
6772072,Deighton Junior and Infants,Blaenau Gwent,Primary schools,"Nursery, Infants & Juniors",Community,English medium school / provision,217,43.6,2.8
6772074,Georgetown Junior and Infants,Blaenau Gwent,Primary schools,"Nursery, Infants & Juniors",Community,English medium school / provision,436,20.9,1.6
6772179,SOFRYDD PRIMARY,Blaenau Gwent,Primary schools,"Nursery, Infants & Juniors",Community,English medium school / provision,130,43.8,12.3
6772253,Cwm Primary School,Blaenau Gwent,Primary schools,"Nursery, Infants & Juniors",Community,English medium school / provision,217,31.3,2.3
6772277,Beaufort Hill Primary,Blaenau Gwent,Primary schools,"Nursery, Infants & Juniors",Community,English medium school / provision,241,19.3,2.9
6772278,Willowtown Primary School,Blaenau Gwent,Primary schools,"Nursery, Infants & Juniors",Community,English medium school / provision,468,33.7,4.5
6772306,Blaen-y-Cwm Primary School,Blaenau Gwent,Primary schools,"Nursery, Infants & Juniors",Community,English medium school / provision,250,41.5,2.4
6772307,Ysgol Gymraeg Brohelyg,Blaenau Gwent,Primary schools,"Nursery, Infants & Juniors",Community,Welsh medium school / provision (including transitional),374,26.4,4.3
6772309,GLYNCOED PRIMARY,Blaenau Gwent,Primary schools,"Nursery, Infants & Juniors",Community,English medium school / provision,367,35.2,1.6
6772310,Rhos y Fedwen,Blaenau Gwent,Primary schools,"Nursery, Infants & Juniors",Community,English medium school / provision,126,62.5,
6772311,Ystruth Primary,Blaenau Gwent,Primary schools,"Nursery, Infants & Juniors",Community,English medium school / provision,307,23.4,5.5
6772312,St. Illtyd's Primary School,Blaenau Gwent,Primary schools,"Nursery, Infants & Juniors",Community,English medium school / provision,172,35.2,4.7
6772313,Coed y Garn Primary School,Blaenau Gwent,Primary schools,"Nursery, Infants & Juniors",Community,English medium school / provision,167,47.9,8.4
6773308,ST MARY'S ROMAN CATHOLIC,Blaenau Gwent,Primary schools,"Nursery, Infants & Juniors",Community,English medium school / provision,194,32.9,6.2
6773309,St. MARY'S CHURCH SCHOOL,Blaenau Gwent,Primary schools,"Nursery, Infants & Juniors",Voluntary aided,English medium school / provision,230,21.9,3
6773315,All Saints R.C. Primary School,Blaenau Gwent,Primary schools,"Nursery, Infants & Juniors",Community,English medium school / provision,189,54.8,3.2
6773316,St. Joseph's R.C. Primary,Blaenau Gwent,Primary schools,"Nursery, Infants & Juniors",Community,English medium school / provision,89,47.9,
6774061,Tredegar Comprehensive School,Blaenau Gwent,Secondary schools,Secondary (ages 11-16),Community,English medium school / provision,746,31.2,1.9
6775401,Brynmawr Foundation School,Blaenau Gwent,Secondary schools,Secondary (ages 11-16),Foundation,English medium school / provision,569,30.9,4.7
6775500,Ebbw Fawr Learning Community,Blaenau Gwent,Middle schools,Middle (ages 3-16),Community,English medium school / provision,1467,32.4,4
6775501,Abertillery Learning Community,Blaenau Gwent,Middle schools,Middle (ages 3-16),Community,English medium school / provision,1508,32.9,5.2
6777011,Pen-y-Cwm Special School,Blaenau Gwent,Special schools,Special (with post-16 provision),Special school,Not applicable,193,47.1,100
6777012,The River Centre 3-16 Learning Community,Blaenau Gwent,Special schools,Special (without post-16 provision),Special school,Not applicable,66,53.8,98.5
6782203,Llanyrafon Primary School,Torfaen,Primary schools,Infants & Juniors,Community,English medium school / provision,374,13.3,3.5
6782204,Maendy Junior and Infants,Torfaen,Primary schools,"Nursery, Infants & Juniors",Community,English medium school / provision,257,53.8,15.6
6782205,Llantarnam Community Primary School,Torfaen,Primary schools,"Nursery, Infants & Juniors",Community,English medium school / provision,361,21.5,4.7
6782211,Pontnewydd Primary & Nursery,Torfaen,Primary schools,"Nursery, Infants & Juniors",Community,English medium school / provision,356,37.4,13.8
6782249,Greenmeadow Primary,Torfaen,Primary schools,Infants & Juniors,Community,English medium school / provision,207,32.3,18.8
6782298,Cwmffrwdoer Primary,Torfaen,Primary schools,"Nursery, Infants & Juniors",Community,English medium school / provision,224,28.5,6.3
6782308,George Street Primary School,Torfaen,Primary schools,"Nursery, Infants & Juniors",Community,English medium school / provision,407,37.5,6.1
6782312,Ysgol Gymraeg Cwmbran Primary,Torfaen,Primary schools,"Nursery, Infants & Juniors",Community,Welsh medium school / provision (including transitional),276,37.1,7.6
6782315,Garnteg Primary,Torfaen,Primary schools,"Nursery, Infants & Juniors",Community,English medium school / provision,382,47.3,5.2
6782318,YSGOL BRYN ONNEN,Torfaen,Primary schools,Infants & Juniors,Community,Welsh medium school / provision (including transitional),162,27.9,8
6782319,Woodlands Community Primary School,Torfaen,Primary schools,"Nursery, Infants & Juniors",Community,English medium school / provision,323,37.8,15.2
6782320,New Inn Primary School,Torfaen,Primary schools,"Nursery, Infants & Juniors",Community,English medium school / provision,567,14.3,8.3
6782321,Griffithstown Primary School,Torfaen,Primary schools,"Nursery, Infants & Juniors",Community,English medium school / provision,360,24.6,6.9
6782322,Penygarn Community Primary School,Torfaen,Primary schools,"Nursery, Infants & Juniors",Community,English medium school / provision,351,64.7,13.7
6782323,Blenheim Road Community Primary School,Torfaen,Primary schools,"Nursery, Infants & Juniors",Community,English medium school / provision,246,49.7,16.3
6782324,Coed Eva Primary School,Torfaen,Primary schools,"Nursery, Infants & Juniors",Community,English medium school / provision,415,30.2,8.9
6782325,Croesyceiliog Primary School,Torfaen,Primary schools,"Nursery, Infants & Juniors",Community,English medium school / provision,368,24.6,5.2
6782326,Nant Celyn Primary School,Torfaen,Primary schools,"Nursery, Infants & Juniors",Community,English medium school / provision,416,45.3,15.1
6782327,Ysgol Panteg,Torfaen,Primary schools,"Nursery, Infants & Juniors",Community,Welsh medium school / provision (including transitional),410,22,2.7
6783028,Blaenavon Heritage VC Primary School,Torfaen,Primary schools,"Nursery, Infants & Juniors",Voluntary controlled,English medium school / provision,440,40.7,6.1
6783321,Cwmbran R.C. Jnr. & Infts.,Torfaen,Primary schools,"Nursery, Infants & Juniors",Voluntary aided,English medium school / provision,216,20.1,2.3
6783324,St. Davids Cwmbran R.C. School,Torfaen,Primary schools,"Nursery, Infants & Juniors",Voluntary aided,English medium school / provision,214,22.4,6.1
6783330,Henllys Church in Wales,Torfaen,Primary schools,Infants & Juniors,Voluntary aided,English medium school / provision,178,10.8,
6783331,Padre Pio RC Primary School,Torfaen,Primary schools,Infants & Juniors,Voluntary aided,English medium school / provision,175,29.9,
6783332,PONTHIR CHURCH IN WALES SCHOOL,Torfaen,Primary schools,Infants & Juniors,Voluntary aided,English medium school / provision,101,,5.9
6784051,Croesyceiliog School,Torfaen,Secondary schools,Secondary (ages 11-16),Community,English medium school / provision,1178,27.4,6.5
6784070,Abersychan Comprehensive,Torfaen,Secondary schools,Secondary (ages 11-16),Community,English medium school / provision,700,41.2,15.1
6784072,West Monmouth School,Torfaen,Secondary schools,Secondary (ages 11-16),Community,English medium school / provision,1130,28.1,9
6784076,Cwmbran High School,Torfaen,Secondary schools,Secondary (ages 11-16),Community,English medium school / provision,1124,37,11
6784603,St. Albans R.C. High School,Torfaen,Secondary schools,Secondary (ages 11-16),Voluntary aided,English medium school / provision,827,15.6,5
6785500,Ysgol Gymraeg Gwynllyw,Torfaen,Middle schools,Middle (ages 3-19),Community,Welsh medium school / provision (including transitional),805,24.8,11.1
6787012,Crownbridge Special School,Torfaen,Special schools,Special (with post-16 provision),Special school,Not applicable,163,43.8,100
6792057,Gilwern Primary School,Monmouthshire,Primary schools,Infants & Juniors,Community,English medium school / provision,215,12.9,4.7
6792134,Goytre Fawr Primary,Monmouthshire,Primary schools,Infants & Juniors,Community,English medium school / provision,167,5.3,6
6792163,Undy Primary School,Monmouthshire,Primary schools,"Nursery, Infants & Juniors",Community,English medium school / provision,432,6.9,4.9
6792164,ROGIET COUNTY PRIMARY,Monmouthshire,Primary schools,Infants & Juniors,Community,English medium school / provision,190,13,4.7
6792228,Pembroke Primary,Monmouthshire,Primary schools,"Nursery, Infants & Juniors",Community,English medium school / provision,257,23.5,19.1
6792243,LLANVIHANGEL CRUCORNEY COUNTY PRIMARY SCHOOL,Monmouthshire,Primary schools,Infants & Juniors,Community,English medium school / provision,65,,0
6792246,Thornwell Primary School,Monmouthshire,Primary schools,"Nursery, Infants & Juniors",Community,English medium school / provision,269,27.6,4.5
6792261,Durand Primary School,Monmouthshire,Primary schools,"Nursery, Infants & Juniors",Community,English medium school / provision,220,24.1,6.8
6792263,Llandogo Primary,Monmouthshire,Primary schools,Infants & Juniors,Community,English medium school / provision,70,13.3,
6792299,Shirenewton Primary School,Monmouthshire,Primary schools,Infants & Juniors,Community,English medium school / provision,185,5,
6792301,Trellech Junior & Infants,Monmouthshire,Primary schools,Infants & Juniors,Community,English medium school / provision,166,4.1,
6792303,The Dell Primary,Monmouthshire,Primary schools,Infants & Juniors,Community,English medium school / provision,400,7,1.3
6792304,Overmonnow Primary School,Monmouthshire,Primary schools,"Nursery, Infants & Juniors",Community,English medium school / provision,347,27.9,9.2
6792305,Cross Ash County Primary School,Monmouthshire,Primary schools,Infants & Juniors,Community,English medium school / provision,183,10.3,2.7
6792317,Ysgol Gymraeg Y Fenni,Monmouthshire,Primary schools,"Nursery, Infants & Juniors",Community,Welsh medium school / provision (including transitional),293,15.5,4.4
6792318,YSGOL GYMRAEG Y FFIN,Monmouthshire,Primary schools,"Nursery, Infants & Juniors",Voluntary controlled,Welsh medium school / provision (including transitional),157,24.5,
6792319,Cantref Primary,Monmouthshire,Primary schools,"Nursery, Infants & Juniors",Community,English medium school / provision,229,7.8,4.8
6792321,KYMIN VIEW PRIMARY SCHOOL,Monmouthshire,Primary schools,"Nursery, Infants & Juniors",Community,English medium school / provision,114,43.3,10.5
6792322,Castle Park Primary School,Monmouthshire,Primary schools,Infants & Juniors,Community,English medium school / provision,186,18.6,9.7
6792323,Llanfoist Fawr Primary,Monmouthshire,Primary schools,Infants & Juniors,Community,English medium school / provision,206,19.4,
6792324,Dewstow,Monmouthshire,Primary schools,"Nursery, Infants & Juniors",Community,English medium school / provision,216,32.5,4.2
6792325,Ysgol Gymraeg Trefynwy,Monmouthshire,Primary schools,"Nursery, Infants & Juniors",Community,Welsh medium school / provision (including transitional),33,,0
6793004,Llantilio Pertholey CV Primary,Monmouthshire,Primary schools,Infants & Juniors,Voluntary controlled,English medium school / provision,206,21.1,5.3
6793022,Usk Primary School,Monmouthshire,Primary schools,Infants & Juniors,Voluntary controlled,English medium school / provision,253,6.3,4.3
6793031,Raglan Primary,Monmouthshire,Primary schools,Infants & Juniors,Voluntary controlled,English medium school / provision,175,9.3,3.4
6793032,Osbaston Church in Wales School,Monmouthshire,Primary schools,Infants & Juniors,Voluntary controlled,English medium school / provision,185,8.3,
6793310,Magor V A Primary School,Monmouthshire,Primary schools,"Nursery, Infants & Juniors",Voluntary aided,English medium school / provision,284,14,4.6
6793317,Our Lady & St Michael's RC,Monmouthshire,Primary schools,Infants & Juniors,Voluntary aided,English medium school / provision,196,20.8,6.6
6793326,ST MARY'S R.C.P.SCHOOL,Monmouthshire,Primary schools,Infants & Juniors,Voluntary aided,English medium school / provision,127,12.4,10.2
6793327,ARCHBISHOP ROWAN WILLIAMS VA,Monmouthshire,Primary schools,Infants & Juniors,Voluntary aided,English medium school / provision,200,13.5,6
6794060,Monmouth Comprehensive School,Monmouthshire,Secondary schools,Secondary (ages 11-19),Community,English medium school / provision,1653,15.2,6.9
6794065,Chepstow Comprehensive School,Monmouthshire,Secondary schools,Secondary (ages 11-19),Voluntary aided,English medium school / provision,916,14.1,3.4
6794066,Caldicot School,Monmouthshire,Secondary schools,Secondary (ages 11-19),Community,English medium school / provision,1210,18.5,8.7
6795500,King Henry VIII 319,Monmouthshire,Middle schools,Middle (ages 3-19),Community,English medium school / provision,1296,24.2,4.4
6801019,Newport Nursery School,Newport,Nursery schools,Nursery,Nursery school,Not applicable,54,,24.1
6802003,Clytha Primary School,Newport,Primary schools,"Nursery, Infants & Juniors",Community,English medium school / provision,233,6.1,6
6802004,Crindau Primary School,Newport,Primary schools,"Nursery, Infants & Juniors",Community,English medium school / provision,333,49.6,7.8
6802009,Eveswell Primary School,Newport,Primary schools,"Nursery, Infants & Juniors",Community,English medium school / provision,458,20.3,6.8
6802017,Maesglas Primary & Nursery,Newport,Primary schools,"Nursery, Infants & Juniors",Community,English medium school / provision,295,55.1,5.1
6802019,Maindee Primary,Newport,Primary schools,"Nursery, Infants & Juniors",Community,English medium school / provision,544,33.7,6.3
6802022,Malpas Court Primary,Newport,Primary schools,"Nursery, Infants & Juniors",Community,English medium school / provision,239,49.1,16.3
6802027,St. Woolos Primary,Newport,Primary schools,"Nursery, Infants & Juniors",Community,English medium school / provision,347,30.2,4.9
6802030,Somerton Primary,Newport,Primary schools,"Nursery, Infants & Juniors",Community,English medium school / provision,170,40,14.7
6802039,Glasllwch Primary School,Newport,Primary schools,"Nursery, Infants & Juniors",Community,English medium school / provision,243,,3.7
6802043,Malpas Park Jnr & Infts.,Newport,Primary schools,"Nursery, Infants & Juniors",Community,English medium school / provision,220,13.7,2.7
6802209,Langstone Primary School,Newport,Primary schools,"Nursery, Infants & Juniors",Community,English medium school / provision,340,5.7,3.5
6802224,Llanmartin Junior & Infants,Newport,Primary schools,"Nursery, Infants & Juniors",Community,English medium school / provision,132,36.4,11.4
6802236,Marshfield Primary School,Newport,Primary schools,"Nursery, Infants & Juniors",Community,English medium school / provision,439,5.3,2.3
6802258,Mount Pleasant Primary,Newport,Primary schools,"Nursery, Infants & Juniors",Community,English medium school / provision,261,4.8,
6802276,Rogerstone Primary,Newport,Primary schools,"Nursery, Infants & Juniors",Community,English medium school / provision,478,14.5,10.3
6802295,HIGH CROSS PRIMARY SCHOOL,Newport,Primary schools,"Nursery, Infants & Juniors",Community,English medium school / provision,256,17.6,2.3
6802300,Pentrepoeth Primary,Newport,Primary schools,"Nursery, Infants & Juniors",Community,English medium school / provision,449,6.6,2.7
6802302,Pillgwenlly Primary School,Newport,Primary schools,"Nursery, Infants & Juniors",Community,English medium school / provision,724,45.2,8.7
6802314,Ysgol Gymraeg Casnewydd,Newport,Primary schools,"Nursery, Infants & Juniors",Community,Welsh medium school / provision (including transitional),353,25.9,2.8
6802315,Alway Primary School,Newport,Primary schools,"Nursery, Infants & Juniors",Community,English medium school / provision,395,61.1,13.2
6802316,RINGLAND PRIMARY,Newport,Primary schools,"Nursery, Infants & Juniors",Community,English medium school / provision,214,53.3,18.2
6802317,Millbrook Primary,Newport,Primary schools,"Nursery, Infants & Juniors",Community,English medium school / provision,243,37.7,7.4
6802318,Monnow Primary,Newport,Primary schools,"Nursery, Infants & Juniors",Community,English medium school / provision,379,61.6,23.5
6802319,Glan Usk Primary,Newport,Primary schools,"Nursery, Infants & Juniors",Community,English medium school / provision,680,22,4.6
6802320,Ysgol Gymraeg Ifor Hael,Newport,Primary schools,"Nursery, Infants & Juniors",Community,Welsh medium school / provision (including transitional),197,31.9,2.5
6802321,Lliswerry Primary School,Newport,Primary schools,"Nursery, Infants & Juniors",Community,English medium school / provision,591,37.4,6.1
6802322,St. Julians Primary School,Newport,Primary schools,"Nursery, Infants & Juniors",Community,English medium school / provision,673,33.5,3.3
6802323,Ysgol Gymraeg Bro Teyrnon,Newport,Primary schools,"Nursery, Infants & Juniors",Community,Welsh medium school / provision (including transitional),202,14.7,3.5
6802324,Caerleon Lodge Hill Primary,Newport,Primary schools,"Nursery, Infants & Juniors",Community,English medium school / provision,305,25.4,6.9
6802325,St Andrews Primary School,Newport,Primary schools,"Nursery, Infants & Juniors",Community,English medium school / provision,727,35,10.7
6802326,Gaer Primary School,Newport,Primary schools,"Nursery, Infants & Juniors",Community,English medium school / provision,467,31.4,6.6
6802327,Tredegar Park Primary,Newport,Primary schools,"Nursery, Infants & Juniors",Community,English medium school / provision,426,49.4,5.4
6802328,Jubilee Park Primary School,Newport,Primary schools,"Nursery, Infants & Juniors",Community,English medium school / provision,367,5.7,5.4
6802329,Milton Primary School,Newport,Primary schools,"Nursery, Infants & Juniors",Community,English medium school / provision,471,54.3,4.9
6802330,Glan Llyn Primary School,Newport,Primary schools,"Nursery, Infants & Juniors",Community,English medium school / provision,478,21.6,7.3
6802331,Ysgol Gymraeg Nant Gwenlli,Newport,Primary schools,"Nursery, Infants & Juniors",Community,Welsh medium school / provision (including transitional),72,34.9,
6803002,Malpas Church in Wales Primary School,Newport,Primary schools,"Nursery, Infants & Juniors",Voluntary controlled,English medium school / provision,269,14.1,5.9
6803300,St. Davids Primary,Newport,Primary schools,Infants & Juniors,Voluntary aided,English medium school / provision,202,12.9,3.5
6803301,St Josephs R.C. Jnr. & Infts,Newport,Primary schools,Infants & Juniors,Voluntary aided,English medium school / provision,208,11.2,2.9
6803302,St Marys Primary School,Newport,Primary schools,Infants & Juniors,Voluntary aided,English medium school / provision,406,14.9,1.7
6803304,St Michael's RC Primary School,Newport,Primary schools,"Nursery, Infants & Juniors",Voluntary aided,English medium school / provision,246,29.1,2
6803305,St Patricks R.C. Primary,Newport,Primary schools,"Nursery, Infants & Juniors",Voluntary aided,English medium school / provision,240,22.3,
6803306,St. Gabriel's R.C.,Newport,Primary schools,Infants & Juniors,Voluntary aided,English medium school / provision,206,21.6,3.9
6803313,Charles Williams Church In Wales Primary School,Newport,Primary schools,"Nursery, Infants & Juniors",Voluntary aided,English medium school / provision,498,9.7,1.6
6804003,St Julian's School,Newport,Secondary schools,Secondary (ages 11-19),Community,English medium school / provision,1433,26.3,11
6804020,The John Frost School,Newport,Secondary schools,Secondary (ages 11-19),Community,English medium school / provision,1409,35.3,8
6804021,Llanwern High School,Newport,Secondary schools,Secondary (ages 11-19),Community,English medium school / provision,1129,45.6,10.7
6804025,Newport High School,Newport,Secondary schools,Secondary (ages 11-19),Community,English medium school / provision,1106,36.5,6.6
6804026,Lliswerry High School,Newport,Secondary schools,Secondary (ages 11-19),Community,English medium school / provision,1001,38.3,5.1
6804030,Bassaleg School,Newport,Secondary schools,Secondary (ages 11-19),Community,English medium school / provision,1908,9.7,3.5
6804059,Caerleon Comprehensive School,Newport,Secondary schools,Secondary (ages 11-19),Community,English medium school / provision,1494,14.5,3.5
6804060,Ysgol Gyfun Gwent Is Coed,Newport,Secondary schools,Secondary (ages 11-19),Community,Welsh medium school / provision (including transitional),526,22.2,5.3
6804602,St Joseph's RC High School,Newport,Secondary schools,Secondary (ages 11-19),Voluntary aided,English medium school / provision,1444,16.9,3.3
6807002,MAES EBBW SCHOOL,Newport,Special schools,Special (with post-16 provision),Special school,Not applicable,158,47.9,100
6807004,Ysgol Bryn Derw,Newport,Special schools,Special (with post-16 provision),Special school,Not applicable,123,47.6,100
6811003,Grangetown Nursery School,Cardiff,Nursery schools,Nursery,Nursery school,Not applicable,118,,8.5
6811017,Tremorfa Nursery School,Cardiff,Nursery schools,Nursery,Nursery school,Not applicable,53,,17
6811018,Ely and Caerau Children's Centre,Cardiff,Nursery schools,Nursery,Nursery school,Not applicable,80,,
6812001,MILLBANK PRIMARY SCHOOL,Cardiff,Primary schools,"Nursery, Infants & Juniors",Community,English medium school / provision,240,38.5,8.3
6812003,Adamsdown Primary School,Cardiff,Primary schools,"Nursery, Infants & Juniors",Community,English medium school / provision,339,61,5.9
6812005,Albany Primary School,Cardiff,Primary schools,"Nursery, Infants & Juniors",Community,English medium school / provision,359,42.3,6.1
6812009,BADEN POWELL PRIMARY SCHOOL,Cardiff,Primary schools,"Nursery, Infants & Juniors",Community,English medium school / provision,276,57.2,11.2
6812011,Birchgrove Primary School,Cardiff,Primary schools,Infants & Juniors,Community,English medium school / provision,369,9.3,2.7
6812015,Trelai Primary School,Cardiff,Primary schools,"Nursery, Infants & Juniors",Community,English medium school / provision,308,71.3,12
6812017,Fairwater Primary School,Cardiff,Primary schools,Infants & Juniors,Community,English medium school / provision,144,44.9,5.6
6812019,Gabalfa Primary School,Cardiff,Primary schools,"Nursery, Infants & Juniors",Community,English medium school / provision,222,48.8,4.5
6812031,Kitchener Primary School,Cardiff,Primary schools,"Nursery, Infants & Juniors",Community,English medium school / provision,439,28.4,6.8
6812033,Lansdowne Primary School,Cardiff,Primary schools,"Nursery, Infants & Juniors",Community,English medium school / provision,272,43.3,12.1
6812037,Moorland Primary School,Cardiff,Primary schools,"Nursery, Infants & Juniors",Community,English medium school / provision,391,51.5,14.3
6812039,Radnor Primary School,Cardiff,Primary schools,Infants & Juniors,Community,English medium school / provision,214,15.3,5.1
6812041,Rhydypenau Primary School,Cardiff,Primary schools,"Nursery, Infants & Juniors",Community,English medium school / provision,474,2.2,3
6812043,Roath Park Primary School,Cardiff,Primary schools,"Nursery, Infants & Juniors",Community,English medium school / provision,449,12.8,4.9
6812045,Greenway Primary School,Cardiff,Primary schools,"Nursery, Infants & Juniors",Community,English medium school / provision,251,56.7,14.3
6812050,Stacey Primary School,Cardiff,Primary schools,"Nursery, Infants & Juniors",Community,English medium school / provision,163,44,9.2
6812052,Ton-Yr-Ywen Primary School,Cardiff,Primary schools,"Nursery, Infants & Juniors",Community,English medium school / provision,426,11.1,4.9
6812061,PETER LEA PRIMARY SCHOOL,Cardiff,Primary schools,"Nursery, Infants & Juniors",Community,English medium school / provision,289,48.5,6.2
6812065,Bryn Hafod Primary School,Cardiff,Primary schools,"Nursery, Infants & Juniors",Community,English medium school / provision,364,55.3,14
6812069,Pen-Y-Bryn Primary School,Cardiff,Primary schools,"Nursery, Infants & Juniors",Community,English medium school / provision,239,41.2,6.7
6812072,Coed Glas Primary School,Cardiff,Primary schools,"Nursery, Infants & Juniors",Community,English medium school / provision,449,38.2,16.3
6812074,Lakeside Primary School,Cardiff,Primary schools,"Nursery, Infants & Juniors",Community,English medium school / provision,493,5.5,6.1
6812075,PENTREBANE PRIMARY SCHOOL,Cardiff,Primary schools,"Nursery, Infants & Juniors",Community,English medium school / provision,200,64.3,17.5
6812084,Mount Stuart Primary,Cardiff,Primary schools,"Nursery, Infants & Juniors",Community,English medium school / provision,418,43.8,4.5
6812090,LLANISHEN FACH PRIMARY SCHOOL,Cardiff,Primary schools,"Nursery, Infants & Juniors",Community,English medium school / provision,506,11.7,10.5
6812092,RHIWBEINA PRIMARY SCHOOL,Cardiff,Primary schools,"Nursery, Infants & Juniors",Community,English medium school / provision,671,3.3,1.6
6812094,Llanedeyrn Primary School,Cardiff,Primary schools,"Nursery, Infants & Juniors",Community,English medium school / provision,224,51.9,18.3
6812096,Springwood Primary School,Cardiff,Primary schools,"Nursery, Infants & Juniors",Community,English medium school / provision,275,50.7,29.5
6812101,Ninian Park Primary School,Cardiff,Primary schools,"Nursery, Infants & Juniors",Community,English medium school / provision,541,41.4,5.5
6812104,Coryton Primary School,Cardiff,Primary schools,"Nursery, Infants & Juniors",Community,English medium school / provision,158,29.1,8.9
6812107,BRYN CELYN PRIMARY SCHOOL,Cardiff,Primary schools,"Nursery, Infants & Juniors",Community,English medium school / provision,187,71.9,8.6
6812111,Ysgol Gynradd Gwaelod-Y-Garth,Cardiff,Primary schools,"Nursery, Infants & Juniors",Community,Dual language school / provision (Welsh and English) (including transitional),232,7.8,3.9
6812132,Radyr Primary School,Cardiff,Primary schools,"Nursery, Infants & Juniors",Community,English medium school / provision,444,19.8,2.7
6812137,Tongwynlais Primary School,Cardiff,Primary schools,"Nursery, Infants & Juniors",Community,English medium school / provision,179,29.5,5.6
6812147,Llysfaen Primary School,Cardiff,Primary schools,"Nursery, Infants & Juniors",Community,English medium school / provision,455,2.2,2.6
6812153,Bryn Deri Primary School,Cardiff,Primary schools,"Nursery, Infants & Juniors",Community,English medium school / provision,213,11.1,2.3
6812164,Oakfield Primary School,Cardiff,Primary schools,"Nursery, Infants & Juniors",Community,English medium school / provision,456,57.7,9
6812166,Ysgol Gymraeg Melin Gruffydd,Cardiff,Primary schools,"Nursery, Infants & Juniors",Community,Welsh medium school / provision (including transitional),462,3.2,2.6
6812169,Ysgol Y Wern,Cardiff,Primary schools,"Nursery, Infants & Juniors",Community,Welsh medium school / provision (including transitional),663,5.3,1.7
6812170,YSGOL GYMRAEG COED Y GOF,Cardiff,Primary schools,Infants & Juniors,Community,Welsh medium school / provision (including transitional),184,47.6,13.6
6812171,Ysgol Bro Eirwg,Cardiff,Primary schools,"Nursery, Infants & Juniors",Community,Welsh medium school / provision (including transitional),350,24,5.1
6812173,Ysgol Gymraeg Treganna,Cardiff,Primary schools,"Nursery, Infants & Juniors",Community,Welsh medium school / provision (including transitional),659,6.5,2.4
6812174,Willowbrook Primary School,Cardiff,Primary schools,"Nursery, Infants & Juniors",Community,English medium school / provision,416,43.9,6.3
6812175,Pentyrch Primary School,Cardiff,Primary schools,"Nursery, Infants & Juniors",Community,English medium school / provision,184,21.4,12
6812176,Thornhill Primary School,Cardiff,Primary schools,"Nursery, Infants & Juniors",Community,English medium school / provision,412,15,5.1
6812177,Ysgol Pencae,Cardiff,Primary schools,Infants & Juniors,Community,Welsh medium school / provision (including transitional),205,5.7,4.9
6812179,Meadowlane Primary School,Cardiff,Primary schools,"Nursery, Infants & Juniors",Community,English medium school / provision,290,73.5,6.2
6812180,Ysgol Mynydd Bychan,Cardiff,Primary schools,"Nursery, Infants & Juniors",Community,Welsh medium school / provision (including transitional),281,4.3,
6812305,CREIGIAU PRIMARY SCHOOL,Cardiff,Primary schools,"Nursery, Infants & Juniors",Community,Dual language school / provision (Welsh and English) (including transitional),353,14,3.4
6812306,YSGOL GYMRAEG PWLL COCH,Cardiff,Primary schools,"Nursery, Infants & Juniors",Community,Welsh medium school / provision (including transitional),331,12.4,6.6
6812308,Ysgol Y Berllan Deg,Cardiff,Primary schools,"Nursery, Infants & Juniors",Community,Welsh medium school / provision (including transitional),403,7.4,1.7
6812310,Glan-Yr-Afon Primary,Cardiff,Primary schools,"Nursery, Infants & Juniors",Community,English medium school / provision,140,82.7,15
6812311,Grange Town Primary,Cardiff,Primary schools,Infants & Juniors,Community,English medium school / provision,364,43.2,7.4
6812312,Herbert Thompson Primary,Cardiff,Primary schools,"Nursery, Infants & Juniors",Community,English medium school / provision,407,61.9,8.8
6812313,Ysgol Glan Morfa,Cardiff,Primary schools,"Nursery, Infants & Juniors",Community,Welsh medium school / provision (including transitional),229,32.9,6.6
6812314,Ysgol Pen Y Pil,Cardiff,Primary schools,"Nursery, Infants & Juniors",Community,Welsh medium school / provision (including transitional),169,46.7,3.6
6812315,Ysgol Gymraeg Nant Caerau,Cardiff,Primary schools,"Nursery, Infants & Juniors",Community,Welsh medium school / provision (including transitional),221,53,5.4
6812317,Rumney Primary School,Cardiff,Primary schools,"Nursery, Infants & Juniors",Community,English medium school / provision,435,26.5,6.4
6812318,Windsor Clive Primary School,Cardiff,Primary schools,"Nursery, Infants & Juniors",Community,English medium school / provision,458,71.4,16.2
6812319,Severn Primary,Cardiff,Primary schools,"Nursery, Infants & Juniors",Community,English medium school / provision,422,37.9,8.8
6812320,Hawthorn Primary School,Cardiff,Primary schools,"Nursery, Infants & Juniors",Community,English medium school / provision,199,24.7,3.5
6812321,Danescourt Primary,Cardiff,Primary schools,"Nursery, Infants & Juniors",Community,English medium school / provision,413,13.8,3.6
6812322,Hywel Dda Primary School,Cardiff,Primary schools,"Nursery, Infants & Juniors",Community,English medium school / provision,373,65.9,12.1
6812323,Ysgol Gynradd Gymraeg Pen-Y-Groes,Cardiff,Primary schools,"Nursery, Infants & Juniors",Community,Welsh medium school / provision (including transitional),101,20.7,5.9
6812324,Trowbridge Primary School,Cardiff,Primary schools,"Nursery, Infants & Juniors",Community,English medium school / provision,188,66.4,10.1
6812325,Ysgol Glan Ceubal,Cardiff,Primary schools,"Nursery, Infants & Juniors",Community,Welsh medium school / provision (including transitional),194,18.8,8.2
6812326,Marlborough Primary,Cardiff,Primary schools,"Nursery, Infants & Juniors",Community,English medium school / provision,486,11.8,7.2
6812327,Pencaerau Primary school,Cardiff,Primary schools,"Nursery, Infants & Juniors",Community,English medium school / provision,248,55.9,10.5
6812328,Glyncoed Primary School,Cardiff,Primary schools,"Nursery, Infants & Juniors",Community,English medium school / provision,274,35.9,3.3
6812329,Whitchurch Primary School,Cardiff,Primary schools,"Nursery, Infants & Juniors",Community,English medium school / provision,663,12.8,2.6
6812330,Pontprennau Primary School,Cardiff,Primary schools,"Nursery, Infants & Juniors",Community,English medium school / provision,497,17.3,5.4
6812331,Howardian Primary School,Cardiff,Primary schools,"Nursery, Infants & Juniors",Community,English medium school / provision,430,16.7,3.5
6812332,Ysgol Gynradd Gymraeg Hamadryad,Cardiff,Primary schools,"Nursery, Infants & Juniors",Community,Welsh medium school / provision (including transitional),380,16.3,2.4
6812333,Ysgol Gynradd Groes-Wen Primary,Cardiff,Primary schools,"Nursery, Infants & Juniors",Community,Dual language school / provision (Welsh and English) (including transitional),180,16.4,3.3
6812334,Fairoak Primary School,Cardiff,Primary schools,"Nursery, Infants & Juniors",Community,English medium school / provision,321,31.2,6.2
6813000,St Mellons C.I.W. Primary School,Cardiff,Primary schools,"Nursery, Infants & Juniors",Voluntary aided,English medium school / provision,245,25.1,4.5
6813321,St Albans RC Primary School,Cardiff,Primary schools,"Nursery, Infants & Juniors",Community,English medium school / provision,146,65.4,8.9
6813323,St Cuthbert's R.C. Primary School,Cardiff,Primary schools,"Nursery, Infants & Juniors",Voluntary aided,English medium school / provision,107,56.8,
6813328,St. Joseph's RC School,Cardiff,Primary schools,"Nursery, Infants & Juniors",Voluntary aided,English medium school / provision,212,25.6,2.4
6813330,ST. MARY'S R.C. PRIMARY SCHOOL,Cardiff,Primary schools,"Nursery, Infants & Juniors",Voluntary aided,English medium school / provision,199,34.2,10.1
6813332,St Patrick's R.C. Primary School,Cardiff,Primary schools,Infants & Juniors,Voluntary aided,English medium school / provision,276,39.6,6.5
6813334,St Peter's RC Primary School,Cardiff,Primary schools,"Nursery, Infants & Juniors",Community,English medium school / provision,421,29.1,11.4
6813336,St Cadoc's Catholic Primary,Cardiff,Primary schools,"Nursery, Infants & Juniors",Community,English medium school / provision,332,48.2,6.9
6813341,St Monica's C.I.W. Primary School,Cardiff,Primary schools,"Nursery, Infants & Juniors",Foundation,English medium school / provision,131,32.5,9.2
6813343,ST.PAUL'S C/W PRIMARY SCHOOL,Cardiff,Primary schools,"Nursery, Infants & Juniors",Voluntary aided,English medium school / provision,221,35.9,11.3
6813344,TREDEGARVILLE C/W PRIMARY,Cardiff,Primary schools,"Nursery, Infants & Juniors",Voluntary aided,English medium school / provision,231,64.7,8.7
6813346,Llandaff City C.I.W. Primary School,Cardiff,Primary schools,Infants & Juniors,Voluntary aided,English medium school / provision,396,5.3,2.5
6813351,CHRIST THE KING PRIMARY SCHOOL,Cardiff,Primary schools,"Nursery, Infants & Juniors",Voluntary aided,English medium school / provision,238,7.3,2.5
6813353,St John Lloyd R.C. Primary School,Cardiff,Primary schools,"Nursery, Infants & Juniors",Voluntary aided,English medium school / provision,345,46.3,4.6
6813354,Holy Family R.C. Primary School,Cardiff,Primary schools,Infants & Juniors,Voluntary aided,English medium school / provision,135,39.8,4.4
6813355,St Mary The Virgin C.I.W. Primary School,Cardiff,Primary schools,"Nursery, Infants & Juniors",Voluntary aided,English medium school / provision,195,53.1,9.7
6813357,All Saints C.I.W. Primary School,Cardiff,Primary schools,"Nursery, Infants & Juniors",Voluntary aided,English medium school / provision,128,28.2,7
6813366,ST FAGANS CHURCH IN WALES,Cardiff,Primary schools,"Nursery, Infants & Juniors",Voluntary aided,English medium school / provision,193,18.1,4.1
6813370,ST BERNADETTES PRIMARY SCHOOL,Cardiff,Primary schools,"Nursery, Infants & Juniors",Voluntary aided,English medium school / provision,242,16.3,5
6813371,St David's C.I.W. Primary School,Cardiff,Primary schools,"Nursery, Infants & Juniors",Voluntary aided,English medium school / provision,195,28,2.6
6813373,BISHOP CHILDS C/W PRIMARY,Cardiff,Primary schools,Infants & Juniors,Voluntary aided,English medium school / provision,199,23.6,9
6813374,St Phillip Evans R.C. Primary School,Cardiff,Primary schools,"Nursery, Infants & Juniors",Voluntary aided,English medium school / provision,377,30.7,2.4
6813375,St Francis V.A. Primary School,Cardiff,Primary schools,"Nursery, Infants & Juniors",Voluntary aided,English medium school / provision,325,75.1,7.4
6814039,CARDIFF HIGH SCHOOL,Cardiff,Secondary schools,Secondary (ages 11-19),Community,English medium school / provision,1795,6.9,1.9
6814041,Willows High School,Cardiff,Secondary schools,Secondary (ages 11-16),Community,English medium school / provision,760,56.3,7.8
6814042,Fitzalan High School,Cardiff,Secondary schools,Secondary (ages 11-19),Community,English medium school / provision,1880,38.6,5.3
6814049,Cantonian High School,Cardiff,Secondary schools,Secondary (ages 11-19),Voluntary controlled,English medium school / provision,998,46.4,10.4
6814051,Llanishen High School,Cardiff,Secondary schools,Secondary (ages 11-19),Community,English medium school / provision,1759,24.8,10
6814054,Cathays High School,Cardiff,Secondary schools,Secondary (ages 11-19),Community,English medium school / provision,1283,38,6.3
6814070,Radyr Comprehensive School,Cardiff,Secondary schools,Secondary (ages 11-19),Community,English medium school / provision,1437,14.6,4.1
6814071,Ysgol Gyfun Gymraeg Glantaf,Cardiff,Secondary schools,Secondary (ages 11-19),Community,Welsh medium school / provision (including transitional),1528,7.8,4.8
6814072,Ysgol Gyfun Gymraeg Plasmawr,Cardiff,Secondary schools,Secondary (ages 11-19),Community,Welsh medium school / provision (including transitional),1209,15.7,6.6
6814074,Ysgol Gyfun Gymraeg Bro Edern,Cardiff,Secondary schools,Secondary (ages 11-19),Community,Welsh medium school / provision (including transitional),917,24.5,3.6
6814075,Cardiff West Community High School,Cardiff,Secondary schools,Secondary (ages 11-19),Community,English medium school / provision,954,64.7,18.7
6814076,Eastern High,Cardiff,Secondary schools,Secondary (ages 11-16),Community,English medium school / provision,1150,50.5,8.9
6814600,St Illtyd's Catholic High School,Cardiff,Secondary schools,Secondary (ages 11-16),Voluntary aided,English medium school / provision,1002,45.8,4.2
6814607,Mary Immaculate High School,Cardiff,Secondary schools,Secondary (ages 11-16),Voluntary aided,English medium school / provision,865,43.4,9.1
6814608,The Bishop of Llandaff CiW High School,Cardiff,Secondary schools,Secondary (ages 11-19),Voluntary aided,English medium school / provision,1286,12.3,7.9
6814609,St Teilo's C-in-W High School,Cardiff,Secondary schools,Secondary (ages 11-19),Voluntary aided,English medium school / provision,1397,35.3,4.9
6814611,CORPUS CHRISTI CATHOLIC HIGH SCHOOL,Cardiff,Secondary schools,Secondary (ages 11-16),Voluntary aided,English medium school / provision,1143,20.1,4.3
6815403,Whitchurch High School,Cardiff,Secondary schools,Secondary (ages 11-19),Foundation,English medium school / provision,2468,16.7,8.5
6817001,Greenhill Special School,Cardiff,Special schools,Special (with post-16 provision),Special school,Not applicable,93,82.5,100
6817005,Ysgol Cynefin,Cardiff,Special schools,Special (without post-16 provision),Special school,Not applicable,42,85.7,100
6817006,Woodlands High School,Cardiff,Special schools,Special (with post-16 provision),Special school,Not applicable,191,61.8,100
6817008,Riverbank Special School,Cardiff,Special schools,Special (without post-16 provision),Special school,Not applicable,79,86.7,100
6817011,Ty Gwyn Special School,Cardiff,Special schools,Special (with post-16 provision),Special school,Not applicable,262,52.1,100
6817019,The Hollies Special School,Cardiff,Special schools,Special (without post-16 provision),Special school,Not applicable,155,54.2,100
6817021,Meadowbank Special School,Cardiff,Special schools,Special (without post-16 provision),Special school,Not applicable,113,46.9,100
